<?xml version="1.0" encoding="UTF-8"?>
<teiCorpus xmlns="http://www.tei-c.org/ns/1.0" xml:lang="sa-Latn">
  <teiHeader>
<listWit>
<witness xml:id="A" source="06-ut-vulgate-1938-1-30.xml">
<abbr>A</abbr>
<expan>Printed edition: Ācārya 1938: Uttaratantra 1-30</expan>
</witness>
<witness xml:id="K" source="kl_699_uttaratantra-1-30.xml">
<abbr>K</abbr>
<expan>MSS Kathmandu KL 699: Uttaratantra</expan>
<listWit>
<witness xml:id="Kac" n="ac">
<abbr>Kac</abbr>
<expan>MSS Kathmandu KL 699: Uttaratantra [ante correctionem]</expan>
</witness>
<witness xml:id="Kpc" n="pc">
<abbr type="siglum">Kpc</abbr>
<expan>MSS Kathmandu KL 699: Uttaratantra [post correctionem]</expan>
</witness>
</listWit>
</witness>
<witness xml:id="H" source="nak_5-333_uttaratantra-1-30.xml">
<abbr>H</abbr>
<expan>MS Kathmandu NAK 5-333, Uttaratantra</expan>
<listWit>
<witness xml:id="Hac" n="ac">
<abbr>Hac</abbr>
<expan>MS Kathmandu NAK 5-333, Uttaratantra [ante correctionem]</expan>
</witness>
<witness xml:id="Hpc" n="pc">
<abbr type="siglum">Hpc</abbr>
<expan>MS Kathmandu NAK 5-333, Uttaratantra [post correctionem]</expan>
</witness>
</listWit>
</witness>
<witness xml:id="NE" source="provisional-edition_uttaratantra-1-30.xml">
<abbr>NE</abbr>
<expan>The Nepalese Version of the Suśrutasaṃhitā, uttaratantra 1-30, based on the
                    Nepalese MSS</expan>
</witness>
</listWit>
    <encodingDesc>
      <editorialDecl>
        <segmentation>
          <ab type="tokenization">aksara</ab>
          <ab type="blockid">SS.6.19.17cd</ab>
          <ab type="targetedition">NE</ab>
          <ab type="scoring">
            <ab type="match">1</ab>
            <ab type="mismatch">-1</ab>
            <ab type="gapopen">-2</ab>
            <ab type="gapextend">-0.25</ab>
            <ab type="recursive">true</ab>
            <ab type="realigndepth">20</ab>
            <ab type="distancefunction">ngrams</ab>
            
          </ab>
        </segmentation>
        <normalization method="markup">
<ab>ignore punctuation</ab>
<ab>candrabindu as anusvāra</ab>
<ab>geminated aspirated consonants</ab>
<ab>geminated m after h</ab>
<ab>geminated t</ab>
<ab>geminated consonants after r</ab>
<ab>final nasal variants</ab>
<ab>internal nasal variants</ab>
<ab>final anusvāra variants</ab>
<ab>visarga aḥ before voiced consonants</ab>
<ab>visarga aḥ before vowels</ab>
<ab>visarga aḥ before unvoiced consonants and space + anusvāra</ab>
<ab>visarga āḥ variants</ab>
<ab>other visarga variants</ab>
<ab>superfluous avagrahas</ab>
<ab>double avagrahas</ab>
<ab>avagrahas to short a</ab>
<ab>internal visarga variants</ab>
<ab>final au/āv</ab>
<ab>final su</ab>
<ab>final i</ab>
<ab>kcch/kś</ab>
<ab>cś/tś</ab>
<ab>cch/ch</ab>
<ab>final t + hi</ab>
<ab>final t + voiced syllable</ab>
<ab>final t + n/m</ab>
<ab>final t + c/j</ab>
<ab>i/y + vowel</ab>
<ab>bhd for bdh</ab>
<ab>remove spaces</ab>
        </normalization>
        <ab type="tagfilters">
<tag subtype="ignore">pc</tag>
<tag subtype="ignore">head</tag>
<tag subtype="ignore">label</tag>
<tag subtype="ignore">note</tag>
<tag subtype="ignore">num</tag>
<tag subtype="ignore">locus</tag>
<tag subtype="ignore">supplied</tag>
<tag subtype="ignore">surplus</tag>
        </ab>
      </editorialDecl>
    </encodingDesc>
    <xenoData>
      <stemma format="nexml" id="stemma0"><nex:nexml xmlns:nex="http://www.nexml.org/2009" version="0.9"><nex:otus id="otus1"><nex:otu id="otu0" label="A"/><nex:otu id="otu1" label="H"/><nex:otu id="otu2" label="K"/><nex:otu id="otu3" label="NE"/></nex:otus><nex:trees otus="otus1" id="trees1"><nex:tree id="guidetree" label="guidetree" xsi:type="nex:FloatTree" xmlns:xsi="http://www.w3.org/2001/XMLSchema-instance"><nex:node id="c7d45123-c653-4cac-aea1-7019d8ae5e17" root="true"/><nex:node id="4d0caf76-c2b7-44b1-98f4-523626f0173d"/><nex:node id="d199aaea-029d-41d8-8706-7e7b4df4e0b7" label="A" otu="otu2"/><nex:node id="a04527bd-abcd-472e-84af-d1025ca901fa" label="H" otu="otu3"/><nex:node id="95a15450-d92d-4d9a-9761-05484b2c08c7"/><nex:node id="54a3bb8c-3740-4642-8a72-0fe04ccf8ddf" label="K" otu="otu5"/><nex:node id="32034b67-c1b4-41f9-9600-095b5333251f" label="NE" otu="otu6"/><nex:edge source="c7d45123-c653-4cac-aea1-7019d8ae5e17" target="4d0caf76-c2b7-44b1-98f4-523626f0173d" id="edge0" length="0"/><nex:edge source="c7d45123-c653-4cac-aea1-7019d8ae5e17" target="95a15450-d92d-4d9a-9761-05484b2c08c7" id="edge1" length="0"/><nex:edge source="4d0caf76-c2b7-44b1-98f4-523626f0173d" target="d199aaea-029d-41d8-8706-7e7b4df4e0b7" id="edge2" length="0.5"/><nex:edge source="4d0caf76-c2b7-44b1-98f4-523626f0173d" target="a04527bd-abcd-472e-84af-d1025ca901fa" id="edge3" length="0.5"/><nex:edge source="95a15450-d92d-4d9a-9761-05484b2c08c7" target="54a3bb8c-3740-4642-8a72-0fe04ccf8ddf" id="edge4" length="0.5"/><nex:edge source="95a15450-d92d-4d9a-9761-05484b2c08c7" target="32034b67-c1b4-41f9-9600-095b5333251f" id="edge5" length="0.5"/></nex:tree></nex:trees></nex:nexml></stemma>
    </xenoData>
  </teiHeader>
<TEI n="A"><text><cl><w n="0" lemma="va"> va</w><w n="1" lemma="ktuṃ">ktuṃ </w></cl><cl><w n="2">ni</w><w n="3">ra</w><w n="4">va</w><w n="5">śe</w><w n="6">ṣe</w><w n="7" lemma="ṇa">ṇa </w></cl><cl><w n="8">ślo</w><w n="9">kā</w><w n="10" lemma="nāṃ">nām </w></cl><cl><w n="11">a</w><w n="12">yu</w><w n="13" lemma="taiḥ">tair </w></cl><cl><w n="14">a</w><w n="15" lemma="pi">pi || </w></cl></text></TEI><TEI n="H"><text><cl><w n="0" lemma="va"> va</w><w n="1" lemma="ktuṃ">ktuṃ </w></cl><cl><w n="2">ni</w><w n="3">ra</w><w n="4">va</w><w n="5">śe</w><w n="6">ṣe</w><w n="7" lemma="ṇa">ṇa </w></cl><cl><w n="8">ślo</w><w n="9">kā</w><w n="10" lemma="nāṃ">nām </w></cl><cl><w n="11">a</w><w n="12">yu</w><w n="13" lemma="taiḥ">tair </w></cl><cl><w n="14">a</w><w n="15" lemma="pi">pi, || </w></cl></text></TEI><TEI n="K"><text><cl><w n="0" lemma="va"> va</w><w n="1" lemma="ktuṃ">ktun </w></cl><cl><w n="2">ni</w><w n="3">ra</w><w n="4">va</w><w n="5">śe</w><w n="6">ṣe</w><w n="7" lemma="ṇa">ṇa </w></cl><cl><w n="8">ślo</w><w n="9">kā</w><w n="10" lemma="nāṃ">nāṃm </w></cl><cl><w n="11">a</w><w n="12">yu</w><w n="13" lemma="taiḥ">tair </w></cl><cl><w n="14">a</w><w n="15" lemma="pi">pi | </w></cl></text></TEI><TEI n="NE"><text><cl><w n="0" lemma="va"> va</w><w n="1" lemma="ktuṃ">ktun </w></cl><cl><w n="2">ni</w><w n="3">ra</w><w n="4">va</w><w n="5">śe</w><w n="6">ṣe</w><w n="7" lemma="ṇa">ṇa </w></cl><cl><w n="8">ślo</w><w n="9">kā</w><w n="10" lemma="nāṃ">nāṃm </w></cl><cl><w n="11">a</w><w n="12">yu</w><w n="13" lemma="taiḥ">tair </w></cl><cl><w n="14">a</w><w n="15" lemma="pi">pi | </w></cl></text></TEI></teiCorpus>