<?xml version="1.0" encoding="UTF-8"?>
<teiCorpus xmlns="http://www.tei-c.org/ns/1.0" xml:lang="sa-Latn">
  <teiHeader>
<listWit>
<witness xml:id="A" source="06-ut-vulgate-1938-1-30.xml">
<abbr>A</abbr>
<expan>Printed edition: Ācārya 1938: Uttaratantra 1-30</expan>
</witness>
<witness xml:id="K" source="kl_699_uttaratantra-1-30.xml">
<abbr>K</abbr>
<expan>MSS Kathmandu KL 699: Uttaratantra</expan>
<listWit>
<witness xml:id="Kac" n="ac">
<abbr>Kac</abbr>
<expan>MSS Kathmandu KL 699: Uttaratantra [ante correctionem]</expan>
</witness>
<witness xml:id="Kpc" n="pc">
<abbr type="siglum">Kpc</abbr>
<expan>MSS Kathmandu KL 699: Uttaratantra [post correctionem]</expan>
</witness>
</listWit>
</witness>
<witness xml:id="H" source="nak_5-333_uttaratantra-1-30.xml">
<abbr>H</abbr>
<expan>MS Kathmandu NAK 5-333, Uttaratantra</expan>
<listWit>
<witness xml:id="Hac" n="ac">
<abbr>Hac</abbr>
<expan>MS Kathmandu NAK 5-333, Uttaratantra [ante correctionem]</expan>
</witness>
<witness xml:id="Hpc" n="pc">
<abbr type="siglum">Hpc</abbr>
<expan>MS Kathmandu NAK 5-333, Uttaratantra [post correctionem]</expan>
</witness>
</listWit>
</witness>
<witness xml:id="NE" source="provisional-edition_uttaratantra-1-30.xml">
<abbr>NE</abbr>
<expan>The Nepalese Version of the Suśrutasaṃhitā, uttaratantra 1-30, based on the
                    Nepalese MSS</expan>
</witness>
</listWit>
    <encodingDesc>
      <editorialDecl>
        <segmentation>
          <ab type="tokenization">aksara</ab>
          <ab type="blockid">SS.6.2.1</ab>
          <ab type="targetedition">NE</ab>
          <ab type="scoring">
            <ab type="match">1</ab>
            <ab type="mismatch">-1</ab>
            <ab type="gapopen">-2</ab>
            <ab type="gapextend">-0.25</ab>
            <ab type="recursive">true</ab>
            <ab type="realigndepth">20</ab>
            <ab type="distancefunction">ngrams</ab>
            
          </ab>
        </segmentation>
        <normalization method="markup">
<ab>ignore punctuation</ab>
<ab>candrabindu as anusvāra</ab>
<ab>geminated aspirated consonants</ab>
<ab>geminated m after h</ab>
<ab>geminated t</ab>
<ab>geminated consonants after r</ab>
<ab>final nasal variants</ab>
<ab>internal nasal variants</ab>
<ab>final anusvāra variants</ab>
<ab>visarga aḥ before voiced consonants</ab>
<ab>visarga aḥ before vowels</ab>
<ab>visarga aḥ before unvoiced consonants and space + anusvāra</ab>
<ab>visarga āḥ variants</ab>
<ab>other visarga variants</ab>
<ab>superfluous avagrahas</ab>
<ab>double avagrahas</ab>
<ab>avagrahas to short a</ab>
<ab>internal visarga variants</ab>
<ab>final au/āv</ab>
<ab>final su</ab>
<ab>final i</ab>
<ab>kcch/kś</ab>
<ab>cś/tś</ab>
<ab>cch/ch</ab>
<ab>final t + hi</ab>
<ab>final t + voiced syllable</ab>
<ab>final t + n/m</ab>
<ab>final t + c/j</ab>
<ab>i/y + vowel</ab>
<ab>bhd for bdh</ab>
<ab>remove spaces</ab>
        </normalization>
        <ab type="tagfilters">
<tag subtype="ignore">pc</tag>
<tag subtype="ignore">head</tag>
<tag subtype="ignore">label</tag>
<tag subtype="ignore">note</tag>
<tag subtype="ignore">num</tag>
<tag subtype="ignore">locus</tag>
<tag subtype="ignore">supplied</tag>
<tag subtype="ignore">surplus</tag>
        </ab>
      </editorialDecl>
    </encodingDesc>
    <xenoData>
      <stemma format="nexml" id="stemma0"><nex:nexml xmlns:nex="http://www.nexml.org/2009" version="0.9"><nex:otus id="otus1"><nex:otu id="otu0" label="A"/><nex:otu id="otu1" label="K"/><nex:otu id="otu2" label="H"/><nex:otu id="otu3" label="NE"/></nex:otus><nex:trees otus="otus1" id="trees1"><nex:tree id="guidetree" label="guidetree" xsi:type="nex:FloatTree" xmlns:xsi="http://www.w3.org/2001/XMLSchema-instance"><nex:node id="0e9f05bf-188a-444f-bb4f-ec66957a7982" root="true"/><nex:node id="5ec6f54c-2d79-4fc3-868d-b829fde03596"/><nex:node id="76331ce2-4b22-490c-aaf0-a057b7c3bfe6" label="A" otu="otu2"/><nex:node id="c5cd9214-7a85-4d69-8170-7486e23a173e" label="K" otu="otu3"/><nex:node id="ddcf36ea-9e30-4778-87f6-4a50e2d89d01"/><nex:node id="4b9b149e-4835-454e-8a2d-c277e9b2516d" label="H" otu="otu5"/><nex:node id="0dc09c10-f857-4569-8fec-5e0108318c1b" label="NE" otu="otu6"/><nex:edge source="0e9f05bf-188a-444f-bb4f-ec66957a7982" target="5ec6f54c-2d79-4fc3-868d-b829fde03596" id="edge0" length="0.20609070117107064"/><nex:edge source="0e9f05bf-188a-444f-bb4f-ec66957a7982" target="ddcf36ea-9e30-4778-87f6-4a50e2d89d01" id="edge1" length="0.20609070117107064"/><nex:edge source="5ec6f54c-2d79-4fc3-868d-b829fde03596" target="76331ce2-4b22-490c-aaf0-a057b7c3bfe6" id="edge2" length="0.5148414248528648"/><nex:edge source="5ec6f54c-2d79-4fc3-868d-b829fde03596" target="c5cd9214-7a85-4d69-8170-7486e23a173e" id="edge3" length="0.48515857514713523"/><nex:edge source="ddcf36ea-9e30-4778-87f6-4a50e2d89d01" target="4b9b149e-4835-454e-8a2d-c277e9b2516d" id="edge4" length="0"/><nex:edge source="ddcf36ea-9e30-4778-87f6-4a50e2d89d01" target="0dc09c10-f857-4569-8fec-5e0108318c1b" id="edge5" length="2.220446049250313e-16"/></nex:tree></nex:trees></nex:nexml></stemma>
    </xenoData>
  </teiHeader>
<TEI n="A"><text><cl><w n="0" lemma="a"> a</w><w n="1">thā</w><w n="2" lemma="taḥ">taḥ </w></cl><cl><w n="3">sa</w><w n="4">ndhi</w><w n="5">ga</w><w n="6">ta</w><w n="7">ro</w><w n="8">ga</w><w n="9">vi</w><w n="10">jñā</w><w n="11">nī</w><w n="12" lemma="yaṃ">yam </w></cl><cl><w n="13">a</w><w n="14">dhyā</w><w n="15" lemma="yaṃ">yaṃ </w><w n="16">vyā</w><w n="17">khyā</w><w n="18">syā</w><w n="19" lemma="maḥ">maḥ || </w></cl></text></TEI><TEI n="K"><text><cl><w n="0" lemma="a"> a</w><w n="1">thā</w><w n="2" lemma="taḥ">taḥ </w></cl><cl><w n="3">sa</w><w n="4">ndhi</w><w n="5">ga</w><w n="6">ta</w><w n="7">ro</w><w n="8">ga</w><w n="9">vi</w><w n="10">jñā</w><w n="11">nī</w><w n="12" lemma="yaṃ">yam </w></cl><cl><w n="13"/><w n="14"/><w n="15" lemma="vyā">vyā </w><w n="16">vyā</w><w n="17">khyā</w><w n="18">syā</w><w n="19" lemma="maḥ">maḥ ||</w></cl></text></TEI><TEI n="H"><text><cl><w n="0" lemma="a"> a</w><w n="1">thā</w><w n="2" lemma="taḥ">taḥ </w></cl><cl><w n="3">sa</w><w n="4">ndhi</w><w n="5">ga</w><w n="6">ta</w><w n="7">ro</w><w n="8">ga</w><w n="9">vi</w><w n="10">jñā</w><w n="11">nī</w><w n="12" lemma="yaṃ">yam </w></cl><cl><w n="13"/><w n="14"/><w n="15"/><w n="16">vyā</w><w n="17">khyā</w><w n="18">syā</w><w n="19">maḥ</w></cl></text></TEI><TEI n="NE"><text><cl><w n="0" lemma="a"> a</w><w n="1">thā</w><w n="2" lemma="taḥ">taḥ </w></cl><cl><w n="3">sa</w><w n="4">ndhi</w><w n="5">ga</w><w n="6">ta</w><w n="7">ro</w><w n="8">ga</w><w n="9">vi</w><w n="10">jñā</w><w n="11">nī</w><w n="12" lemma="yaṃ">yam </w></cl><cl><w n="13"/><w n="14"/><w n="15"/><w n="16">vyā</w><w n="17">khyā</w><w n="18">syā</w><w n="19" lemma="maḥ">maḥ ||</w></cl></text></TEI></teiCorpus>