<?xml version="1.0" encoding="UTF-8"?>
<teiCorpus xmlns="http://www.tei-c.org/ns/1.0" xml:lang="sa-Latn">
  <teiHeader>
<listWit>
<witness xml:id="A" source="06-ut-vulgate-1938-1-30.xml">
<abbr>A</abbr>
<expan>Printed edition: Ācārya 1938: Uttaratantra 1-30</expan>
</witness>
<witness xml:id="K" source="kl_699_uttaratantra-1-30.xml">
<abbr>K</abbr>
<expan>MSS Kathmandu KL 699: Uttaratantra</expan>
<listWit>
<witness xml:id="Kac" n="ac">
<abbr>Kac</abbr>
<expan>MSS Kathmandu KL 699: Uttaratantra [ante correctionem]</expan>
</witness>
<witness xml:id="Kpc" n="pc">
<abbr type="siglum">Kpc</abbr>
<expan>MSS Kathmandu KL 699: Uttaratantra [post correctionem]</expan>
</witness>
</listWit>
</witness>
<witness xml:id="H" source="nak_5-333_uttaratantra-1-30.xml">
<abbr>H</abbr>
<expan>MS Kathmandu NAK 5-333, Uttaratantra</expan>
<listWit>
<witness xml:id="Hac" n="ac">
<abbr>Hac</abbr>
<expan>MS Kathmandu NAK 5-333, Uttaratantra [ante correctionem]</expan>
</witness>
<witness xml:id="Hpc" n="pc">
<abbr type="siglum">Hpc</abbr>
<expan>MS Kathmandu NAK 5-333, Uttaratantra [post correctionem]</expan>
</witness>
</listWit>
</witness>
<witness xml:id="NE" source="provisional-edition_uttaratantra-1-30.xml">
<abbr>NE</abbr>
<expan>The Nepalese Version of the Suśrutasaṃhitā, uttaratantra 1-30, based on the
                    Nepalese MSS</expan>
</witness>
</listWit>
    <encodingDesc>
      <editorialDecl>
        <segmentation>
          <ab type="tokenization">aksara</ab>
          <ab type="blockid">SS.6.17.5</ab>
          <ab type="targetedition">NE</ab>
          <ab type="scoring">
            <ab type="match">1</ab>
            <ab type="mismatch">-1</ab>
            <ab type="gapopen">-2</ab>
            <ab type="gapextend">-0.25</ab>
            <ab type="recursive">true</ab>
            <ab type="realigndepth">20</ab>
            <ab type="distancefunction">ngrams</ab>
            
          </ab>
        </segmentation>
        <normalization method="markup">
<ab>ignore punctuation</ab>
<ab>candrabindu as anusvāra</ab>
<ab>geminated aspirated consonants</ab>
<ab>geminated m after h</ab>
<ab>geminated t</ab>
<ab>geminated consonants after r</ab>
<ab>final nasal variants</ab>
<ab>internal nasal variants</ab>
<ab>final anusvāra variants</ab>
<ab>visarga aḥ before voiced consonants</ab>
<ab>visarga aḥ before vowels</ab>
<ab>visarga aḥ before unvoiced consonants and space + anusvāra</ab>
<ab>visarga āḥ variants</ab>
<ab>other visarga variants</ab>
<ab>superfluous avagrahas</ab>
<ab>double avagrahas</ab>
<ab>avagrahas to short a</ab>
<ab>internal visarga variants</ab>
<ab>final au/āv</ab>
<ab>final su</ab>
<ab>final i</ab>
<ab>kcch/kś</ab>
<ab>cś/tś</ab>
<ab>cch/ch</ab>
<ab>final t + hi</ab>
<ab>final t + voiced syllable</ab>
<ab>final t + n/m</ab>
<ab>final t + c/j</ab>
<ab>i/y + vowel</ab>
<ab>bhd for bdh</ab>
<ab>remove spaces</ab>
        </normalization>
        <ab type="tagfilters">
<tag subtype="ignore">pc</tag>
<tag subtype="ignore">head</tag>
<tag subtype="ignore">label</tag>
<tag subtype="ignore">note</tag>
<tag subtype="ignore">num</tag>
<tag subtype="ignore">locus</tag>
<tag subtype="ignore">supplied</tag>
<tag subtype="ignore">surplus</tag>
        </ab>
      </editorialDecl>
    </encodingDesc>
    <xenoData>
      <stemma format="nexml" id="stemma0"><nex:nexml xmlns:nex="http://www.nexml.org/2009" version="0.9"><nex:otus id="otus1"><nex:otu id="otu0" label="A"/><nex:otu id="otu1" label="K"/><nex:otu id="otu2" label="H"/><nex:otu id="otu3" label="NE"/></nex:otus><nex:trees otus="otus1" id="trees1"><nex:tree id="guidetree" label="guidetree" xsi:type="nex:FloatTree" xmlns:xsi="http://www.w3.org/2001/XMLSchema-instance"><nex:node id="948d3867-26a5-485b-94f2-e488799f9d19" root="true"/><nex:node id="5d7d5e7c-915a-426c-82b5-88f28013e319"/><nex:node id="b50e261e-865a-4cac-b3ff-c80b502a5a62" label="A" otu="otu2"/><nex:node id="8e2c4ee2-b709-4a74-8417-95c40881f37d" label="K" otu="otu3"/><nex:node id="1391b846-d855-434f-8034-62b50254212e"/><nex:node id="2b0aff40-3945-4aa4-a7fe-8722f3dd0fed" label="H" otu="otu5"/><nex:node id="8369560f-b98c-4278-8ea5-2cefda422c97" label="NE" otu="otu6"/><nex:edge source="948d3867-26a5-485b-94f2-e488799f9d19" target="5d7d5e7c-915a-426c-82b5-88f28013e319" id="edge0" length="0"/><nex:edge source="948d3867-26a5-485b-94f2-e488799f9d19" target="1391b846-d855-434f-8034-62b50254212e" id="edge1" length="0"/><nex:edge source="5d7d5e7c-915a-426c-82b5-88f28013e319" target="b50e261e-865a-4cac-b3ff-c80b502a5a62" id="edge2" length="5.551115123125783e-17"/><nex:edge source="5d7d5e7c-915a-426c-82b5-88f28013e319" target="8e2c4ee2-b709-4a74-8417-95c40881f37d" id="edge3" length="5.551115123125783e-17"/><nex:edge source="1391b846-d855-434f-8034-62b50254212e" target="2b0aff40-3945-4aa4-a7fe-8722f3dd0fed" id="edge4" length="1"/><nex:edge source="1391b846-d855-434f-8034-62b50254212e" target="8369560f-b98c-4278-8ea5-2cefda422c97" id="edge5" length="0"/></nex:tree></nex:trees></nex:nexml></stemma>
    </xenoData>
  </teiHeader>
<TEI n="A"><text><cl><w n="0" lemma="na"> na</w><w n="1">sya</w><w n="2">se</w><w n="3" lemma="kāṃ">kāñ</w><w n="4">ja</w><w n="5">nā</w><w n="6">le</w><w n="7">pa</w><w n="8">pu</w><w n="9">ṭa</w><w n="10">pā</w><w n="11" lemma="kaiḥ">kaiḥ </w></cl><cl><w n="12">sa</w><w n="13">ta</w><w n="14">rpa</w><w n="15" lemma="ṇaiḥ">ṇaiḥ | </w></cl><cl><w n="16">ā</w><w n="17" lemma="dye">dye </w><w n="18" lemma="tu">tu </w></cl><cl><w n="19">trai</w><w n="20">pha</w><w n="21" lemma="laṃ">laṃ </w></cl><cl><w n="22">pe</w><w n="23" lemma="yaṃ">yaṃ </w></cl><cl><w n="24">sa</w><w n="25" lemma="rpiḥ">rpis </w></cl><cl><w n="26">trai</w><w n="27">vṛ</w><w n="28" lemma="taṃ">tam </w></cl><cl><w n="29">u</w><w n="30">tta</w><w n="31" lemma="re">re || </w></cl></text></TEI><TEI n="K"><text><cl><w n="0" lemma="na"> na</w><w n="1">sya</w><w n="2">se</w><w n="3" lemma="kāṃ">kāñ</w><w n="4">ja</w><w n="5">nā</w><w n="6">le</w><w n="7">pa</w><w n="8">pu</w><w n="9">ṭa</w><w n="10">pā</w><w n="11" lemma="kaiḥ">kaiḥ </w></cl><cl><w n="12">sa</w><w n="13">ta</w><w n="14">rpa</w><w n="15" lemma="ṇaiḥ">ṇaiḥ || </w></cl><cl><w n="16">ā</w><w n="17" lemma="dye">dye </w><w n="18" lemma="tu">tu </w></cl><cl><w n="19">trai</w><w n="20">pha</w><w n="21" lemma="laṃ">laṃ </w></cl><cl><w n="22">pe</w><w n="23" lemma="yaṃ">yaṃ </w></cl><cl><w n="24">sa</w><w n="25" lemma="rpiḥ">rpis </w></cl><cl><w n="26">trai</w><w n="27">vṛ</w><w n="28" lemma="taṃ">tam </w></cl><cl><w n="29">u</w><w n="30">tta</w><w n="31" lemma="re">re | </w></cl></text></TEI><TEI n="H"><text><cl><w n="0" lemma="na"> na</w><w n="1">sya</w><w n="2">se</w><w n="3" lemma="kāṃ">kāñ</w><w n="4">ja</w><w n="5">nā</w><w n="6">le</w><w n="7">pa</w><w n="8">pu</w><w n="9">ṭa</w><w n="10" lemma="pā">pā </w><w n="11" lemma="kaiḥ">kaiḥ </w></cl><cl><w n="12">sa</w><w n="13">ta</w><w n="14">rpa</w><w n="15" lemma="ṇaiḥ">ṇaiḥ || </w></cl><cl><w n="16">ā</w><w n="17" lemma="dye">dye </w><w n="18" lemma="tu">tu </w></cl><cl><w n="19">trai</w><w n="20">pha</w><w n="21" lemma="lā">lā </w></cl><cl><w n="22">pe</w><w n="23" lemma="yaṃ">yaṃ </w></cl><cl><w n="24">sa</w><w n="25" lemma="rpiḥ">rppis </w></cl><cl><w n="26">trai</w><w n="27">vṛ</w><w n="28" lemma="taṃ">tam </w></cl><cl><w n="29">u</w><w n="30">tta</w><w n="31" lemma="re">re | </w></cl></text></TEI><TEI n="NE"><text><cl><w n="0" lemma="na"> na</w><w n="1">sya</w><w n="2">se</w><w n="3" lemma="kāṃ">kāñ</w><w n="4">ja</w><w n="5">nā</w><w n="6">le</w><w n="7">pa</w><w n="8">pu</w><w n="9">ṭa</w><w n="10">pā</w><w n="11" lemma="kaiḥ">kaiḥ </w></cl><cl><w n="12">sa</w><w n="13">ta</w><w n="14">rpa</w><w n="15" lemma="ṇaiḥ">ṇaiḥ | </w></cl><cl><w n="16">ā</w><w n="17" lemma="dye">dye </w><w n="18" lemma="tu">tu </w></cl><cl><w n="19">trai</w><w n="20">pha</w><w n="21" lemma="laṃ">laṃ </w></cl><cl><w n="22">pe</w><w n="23" lemma="yaṃ">yaṃ </w></cl><cl><w n="24">sa</w><w n="25" lemma="rpiḥ">rpis </w></cl><cl><w n="26">trai</w><w n="27">vṛ</w><w n="28" lemma="taṃ">tam </w></cl><cl><w n="29">u</w><w n="30">tta</w><w n="31" lemma="re">re ||</w></cl></text></TEI></teiCorpus>