<?xml version="1.0" encoding="UTF-8"?>
<teiCorpus xmlns="http://www.tei-c.org/ns/1.0" xml:lang="sa-Latn">
  <teiHeader>
<listWit>
<witness xml:id="A" source="06-ut-vulgate-1938-1-30.xml">
<abbr>A</abbr>
<expan>Printed edition: Ācārya 1938: Uttaratantra 1-30</expan>
</witness>
<witness xml:id="K" source="kl_699_uttaratantra-1-30.xml">
<abbr>K</abbr>
<expan>MSS Kathmandu KL 699: Uttaratantra</expan>
<listWit>
<witness xml:id="Kac" n="ac">
<abbr>Kac</abbr>
<expan>MSS Kathmandu KL 699: Uttaratantra [ante correctionem]</expan>
</witness>
<witness xml:id="Kpc" n="pc">
<abbr type="siglum">Kpc</abbr>
<expan>MSS Kathmandu KL 699: Uttaratantra [post correctionem]</expan>
</witness>
</listWit>
</witness>
<witness xml:id="H" source="nak_5-333_uttaratantra-1-30.xml">
<abbr>H</abbr>
<expan>MS Kathmandu NAK 5-333, Uttaratantra</expan>
<listWit>
<witness xml:id="Hac" n="ac">
<abbr>Hac</abbr>
<expan>MS Kathmandu NAK 5-333, Uttaratantra [ante correctionem]</expan>
</witness>
<witness xml:id="Hpc" n="pc">
<abbr type="siglum">Hpc</abbr>
<expan>MS Kathmandu NAK 5-333, Uttaratantra [post correctionem]</expan>
</witness>
</listWit>
</witness>
<witness xml:id="NE" source="provisional-edition_uttaratantra-1-30.xml">
<abbr>NE</abbr>
<expan>The Nepalese Version of the Suśrutasaṃhitā, uttaratantra 1-30, based on the
                    Nepalese MSS</expan>
</witness>
</listWit>
    <encodingDesc>
      <editorialDecl>
        <segmentation>
          <ab type="tokenization">aksara</ab>
          <ab type="blockid">SS.6.15.14ab</ab>
          <ab type="targetedition">NE</ab>
          <ab type="scoring">
            <ab type="match">1</ab>
            <ab type="mismatch">-1</ab>
            <ab type="gapopen">-2</ab>
            <ab type="gapextend">-0.25</ab>
            <ab type="recursive">true</ab>
            <ab type="realigndepth">20</ab>
            <ab type="distancefunction">ngrams</ab>
            
          </ab>
        </segmentation>
        <normalization method="markup">
<ab>ignore punctuation</ab>
<ab>candrabindu as anusvāra</ab>
<ab>geminated aspirated consonants</ab>
<ab>geminated m after h</ab>
<ab>geminated t</ab>
<ab>geminated consonants after r</ab>
<ab>final nasal variants</ab>
<ab>internal nasal variants</ab>
<ab>final anusvāra variants</ab>
<ab>visarga aḥ before voiced consonants</ab>
<ab>visarga aḥ before vowels</ab>
<ab>visarga aḥ before unvoiced consonants and space + anusvāra</ab>
<ab>visarga āḥ variants</ab>
<ab>other visarga variants</ab>
<ab>superfluous avagrahas</ab>
<ab>double avagrahas</ab>
<ab>avagrahas to short a</ab>
<ab>internal visarga variants</ab>
<ab>final au/āv</ab>
<ab>final su</ab>
<ab>final i</ab>
<ab>kcch/kś</ab>
<ab>cś/tś</ab>
<ab>cch/ch</ab>
<ab>final t + hi</ab>
<ab>final t + voiced syllable</ab>
<ab>final t + n/m</ab>
<ab>final t + c/j</ab>
<ab>i/y + vowel</ab>
<ab>bhd for bdh</ab>
<ab>remove spaces</ab>
        </normalization>
        <ab type="tagfilters">
<tag subtype="ignore">pc</tag>
<tag subtype="ignore">head</tag>
<tag subtype="ignore">label</tag>
<tag subtype="ignore">note</tag>
<tag subtype="ignore">num</tag>
<tag subtype="ignore">locus</tag>
<tag subtype="ignore">supplied</tag>
<tag subtype="ignore">surplus</tag>
        </ab>
      </editorialDecl>
    </encodingDesc>
    <xenoData>
      <stemma format="nexml" id="stemma0"><nex:nexml xmlns:nex="http://www.nexml.org/2009" version="0.9"><nex:otus id="otus1"><nex:otu id="otu0" label="H"/><nex:otu id="otu1" label="K"/><nex:otu id="otu2" label="NE"/></nex:otus><nex:trees otus="otus1" id="trees1"><nex:tree id="guidetree" label="guidetree" xsi:type="nex:FloatTree" xmlns:xsi="http://www.w3.org/2001/XMLSchema-instance"><nex:node id="8e1c4d22-33c9-4e1c-8ca4-cdfecd8e88ff" root="true"/><nex:node id="f4daf99b-17ae-439d-9653-866827874762"/><nex:node id="a3dc96a3-7728-4ff2-bc52-ff17b95cef36" label="H" otu="otu2"/><nex:node id="fdc36a61-fb77-4447-a4e3-60cfb383311e" label="K" otu="otu3"/><nex:node id="98ee290e-b730-4528-90c9-0858ba6016d4" label="NE" otu="otu4"/><nex:edge source="8e1c4d22-33c9-4e1c-8ca4-cdfecd8e88ff" target="f4daf99b-17ae-439d-9653-866827874762" id="edge0" length="0"/><nex:edge source="8e1c4d22-33c9-4e1c-8ca4-cdfecd8e88ff" target="98ee290e-b730-4528-90c9-0858ba6016d4" id="edge1" length="0"/><nex:edge source="f4daf99b-17ae-439d-9653-866827874762" target="a3dc96a3-7728-4ff2-bc52-ff17b95cef36" id="edge2" length="1"/><nex:edge source="f4daf99b-17ae-439d-9653-866827874762" target="fdc36a61-fb77-4447-a4e3-60cfb383311e" id="edge3" length="0"/></nex:tree></nex:trees></nex:nexml></stemma>
    </xenoData>
  </teiHeader>
<TEI n="H"><text><cl><w n="0">trya</w><w n="1">hā</w><w n="2" lemma="nmu">n mu</w><w n="3" lemma="ktvā">ktvā </w><w n="4" lemma="ca">ca </w></cl><cl><w n="5">saṃ</w><w n="6">sve</w><w n="7" lemma="dya">dya </w></cl><cl><w n="8">pa</w><w n="9">scho</w><w n="10" lemma="ccho">c cho</w><w n="11">dha</w><w n="12" lemma="naṃ">nam </w></cl><cl><w n="13">ā</w><w n="14">ca</w><w n="15">re</w><w n="16" lemma="t">t ||</w></cl></text></TEI><TEI n="K"><text><cl><w n="0">tra</w><w n="1">hā</w><w n="2" lemma="nmu">n mu</w><w n="3" lemma="ktvā">ktvā </w><w n="4" lemma="ca">ca </w></cl><cl><w n="5">saṃ</w><w n="6">sve</w><w n="7" lemma="dya">dya </w></cl><cl><w n="8">pa</w><w n="9">śco</w><w n="10" lemma="ccho">c cho</w><w n="11">dha</w><w n="12" lemma="naṃ">nam </w></cl><cl><w n="13">ā</w><w n="14">ca</w><w n="15">re</w><w n="16" lemma="t">t |</w></cl></text></TEI><TEI n="NE"><text><cl><w n="0" lemma="tra"> tra</w><w n="1">hā</w><w n="2" lemma="nmu">n mu</w><w n="3" lemma="ktvā">ktvā </w><w n="4" lemma="ca">ca </w></cl><cl><w n="5">saṃ</w><w n="6">sve</w><w n="7" lemma="dya">dya </w></cl><cl><w n="8">pa</w><w n="9">śco</w><w n="10" lemma="ccho">c cho</w><w n="11">dha</w><w n="12" lemma="naṃ">nam </w></cl><cl><w n="13">ā</w><w n="14">ca</w><w n="15">re</w><w n="16" lemma="t">t |</w></cl></text></TEI></teiCorpus>