<?xml version="1.0" encoding="UTF-8"?>
<teiCorpus xmlns="http://www.tei-c.org/ns/1.0" xml:lang="sa-Latn">
  <teiHeader>
<listWit>
<witness xml:id="A" source="06-ut-vulgate-1938-1-30.xml">
<abbr>A</abbr>
<expan>Printed edition: Ācārya 1938: Uttaratantra 1-30</expan>
</witness>
<witness xml:id="K" source="kl_699_uttaratantra-1-30.xml">
<abbr>K</abbr>
<expan>MSS Kathmandu KL 699: Uttaratantra</expan>
<listWit>
<witness xml:id="Kac" n="ac">
<abbr>Kac</abbr>
<expan>MSS Kathmandu KL 699: Uttaratantra [ante correctionem]</expan>
</witness>
<witness xml:id="Kpc" n="pc">
<abbr type="siglum">Kpc</abbr>
<expan>MSS Kathmandu KL 699: Uttaratantra [post correctionem]</expan>
</witness>
</listWit>
</witness>
<witness xml:id="H" source="nak_5-333_uttaratantra-1-30.xml">
<abbr>H</abbr>
<expan>MS Kathmandu NAK 5-333, Uttaratantra</expan>
<listWit>
<witness xml:id="Hac" n="ac">
<abbr>Hac</abbr>
<expan>MS Kathmandu NAK 5-333, Uttaratantra [ante correctionem]</expan>
</witness>
<witness xml:id="Hpc" n="pc">
<abbr type="siglum">Hpc</abbr>
<expan>MS Kathmandu NAK 5-333, Uttaratantra [post correctionem]</expan>
</witness>
</listWit>
</witness>
<witness xml:id="NE" source="provisional-edition_uttaratantra-1-30.xml">
<abbr>NE</abbr>
<expan>The Nepalese Version of the Suśrutasaṃhitā, uttaratantra 1-30, based on the
                    Nepalese MSS</expan>
</witness>
</listWit>
    <encodingDesc>
      <editorialDecl>
        <segmentation>
          <ab type="tokenization">aksara</ab>
          <ab type="blockid">SS.6.17.26ab</ab>
          <ab type="targetedition">NE</ab>
          <ab type="scoring">
            <ab type="match">1</ab>
            <ab type="mismatch">-1</ab>
            <ab type="gapopen">-2</ab>
            <ab type="gapextend">-0.25</ab>
            <ab type="recursive">true</ab>
            <ab type="realigndepth">20</ab>
            <ab type="distancefunction">ngrams</ab>
            
          </ab>
        </segmentation>
        <normalization method="markup">
<ab>ignore punctuation</ab>
<ab>candrabindu as anusvāra</ab>
<ab>geminated aspirated consonants</ab>
<ab>geminated m after h</ab>
<ab>geminated t</ab>
<ab>geminated consonants after r</ab>
<ab>final nasal variants</ab>
<ab>internal nasal variants</ab>
<ab>final anusvāra variants</ab>
<ab>visarga aḥ before voiced consonants</ab>
<ab>visarga aḥ before vowels</ab>
<ab>visarga aḥ before unvoiced consonants and space + anusvāra</ab>
<ab>visarga āḥ variants</ab>
<ab>other visarga variants</ab>
<ab>superfluous avagrahas</ab>
<ab>double avagrahas</ab>
<ab>avagrahas to short a</ab>
<ab>internal visarga variants</ab>
<ab>final au/āv</ab>
<ab>final su</ab>
<ab>final i</ab>
<ab>kcch/kś</ab>
<ab>cś/tś</ab>
<ab>cch/ch</ab>
<ab>final t + hi</ab>
<ab>final t + voiced syllable</ab>
<ab>final t + n/m</ab>
<ab>final t + c/j</ab>
<ab>i/y + vowel</ab>
<ab>bhd for bdh</ab>
<ab>remove spaces</ab>
        </normalization>
        <ab type="tagfilters">
<tag subtype="ignore">pc</tag>
<tag subtype="ignore">head</tag>
<tag subtype="ignore">label</tag>
<tag subtype="ignore">note</tag>
<tag subtype="ignore">num</tag>
<tag subtype="ignore">locus</tag>
<tag subtype="ignore">supplied</tag>
<tag subtype="ignore">surplus</tag>
        </ab>
      </editorialDecl>
    </encodingDesc>
    <xenoData>
      <stemma format="nexml" id="stemma0"><nex:nexml xmlns:nex="http://www.nexml.org/2009" version="0.9"><nex:otus id="otus1"><nex:otu id="otu0" label="A"/><nex:otu id="otu1" label="NE"/></nex:otus><nex:trees otus="otus1" id="trees1"><nex:tree id="guidetree" label="guidetree" xsi:type="nex:FloatTree" xmlns:xsi="http://www.w3.org/2001/XMLSchema-instance"><nex:node id="5bff9f5f-02ed-406d-ac42-966b39dd0827" root="true"/><nex:node id="e39d85e3-e9d1-4e17-85b5-a5d2d009e7bb" label="A" otu="otu1"/><nex:node id="45b78b0a-dafa-4b72-87d9-24181bdc8f1e" label="NE" otu="otu2"/><nex:edge source="5bff9f5f-02ed-406d-ac42-966b39dd0827" target="e39d85e3-e9d1-4e17-85b5-a5d2d009e7bb" id="edge0" length="0.5"/><nex:edge source="5bff9f5f-02ed-406d-ac42-966b39dd0827" target="45b78b0a-dafa-4b72-87d9-24181bdc8f1e" id="edge1" length="0.5"/></nex:tree></nex:trees></nex:nexml></stemma>
    </xenoData>
  </teiHeader>
<TEI n="A"><text><cl><w n="0" lemma="plī"> plī</w><w n="1" lemma="hā">hā </w></cl><cl><w n="2">ya</w><w n="3">kṛ</w><w n="4" lemma="tcā">c cā</w><w n="5" lemma="pi">py </w></cl><cl><w n="6">u</w><w n="7">pa</w><w n="8">bhā</w><w n="9">kṣi</w><w n="10" lemma="te">te </w><w n="11">u</w><w n="12" lemma="bhe">bhe </w></cl><cl><w n="13">pra</w><w n="14">ka</w><w n="15" lemma="lpya">lpya </w></cl><cl><w n="16">śū</w><w n="17" lemma="lye">lye </w></cl><cl><w n="18">ghṛ</w><w n="19">ta</w><w n="20">tai</w><w n="21">la</w><w n="22">saṃ</w><w n="23">yu</w><w n="24" lemma="te">te | </w></cl><cl><w n="25"/><w n="26"/><w n="27"/></cl><cl><w n="28"/><w n="29"/></cl><cl><w n="30"/><w n="31"/><w n="32"/></cl><cl><w n="33"/><w n="34"/><w n="35"/><w n="36"/></cl><cl><w n="37"/><w n="38"/><w n="39"/></cl><cl><w n="40"/><w n="41"/></cl><cl><w n="42"/><w n="43"/><w n="44"/></cl><cl><w n="45"/><w n="46"/><w n="47"/><w n="48"/><w n="49" lemma="te">te </w></cl><cl><w n="50">sā</w><w n="51">rṣa</w><w n="52">pa</w><w n="53">sne</w><w n="54">ha</w><w n="55">sa</w><w n="56">mā</w><w n="57">yu</w><w n="58" lemma="te">te </w><w n="59" lemma="aṃ">'ñ</w><w n="60">ja</w><w n="61" lemma="naṃ">naṃ </w><w n="62">na</w><w n="63">ktā</w><w n="64" lemma="ndhyaṃ">ndhyam </w><w n="65">ā</w><w n="66">śve</w><w n="67" lemma="va">va </w><w n="68">ha</w><w n="69" lemma="taḥ">taḥ </w><w n="70">pra</w><w n="71">yo</w><w n="72">ji</w><w n="73" lemma="te">te || </w></cl></text></TEI><TEI n="NE"><text><cl><w n="0" lemma="plī"> plī</w><w n="1" lemma="hā">hā </w></cl><cl><w n="2">ya</w><w n="3">kṛ</w><w n="4" lemma="tcā">c cā</w><w n="5" lemma="pi">py </w></cl><cl><w n="6">u</w><w n="7">pa</w><w n="8">bha</w><w n="9">kṣa</w><w n="10">ye</w><w n="11" lemma="tu">d u</w><w n="12" lemma="bhe">bhe </w></cl><cl><w n="13">pra</w><w n="14">ka</w><w n="15" lemma="lpya">lpya </w></cl><cl><w n="16">śū</w><w n="17" lemma="lye">lye </w></cl><cl><w n="18">ghṛ</w><w n="19">ta</w><w n="20">tai</w><w n="21">la</w><w n="22">saṃ</w><w n="23">yu</w><w n="24" lemma="te">te | </w></cl><cl><w n="25">bha</w><w n="26" lemma="vaṃ">van</w><w n="27" lemma="ti">ti </w></cl><cl><w n="28">yā</w><w n="29" lemma="pyāḥ">pyāḥ </w></cl><cl><w n="30">kha</w><w n="31" lemma="lu">lu </w><w n="32" lemma="ye">ye </w></cl><cl><w n="33">ṣa</w><w n="34">ḍā</w><w n="35">ma</w><w n="36" lemma="yā">yā </w></cl><cl><w n="37">ha</w><w n="38">re</w><w n="39" lemma="thi">d dhi </w></cl><cl><w n="40">ta</w><w n="41" lemma="tra">tra </w></cl><cl><w n="42">kṣa</w><w n="43">ta</w><w n="44" lemma="jaṃ">jaṃ </w></cl><cl><w n="45">si</w><w n="46">rā</w><w n="47">vya</w><w n="48" lemma="dhaiḥ">dhaiḥ || </w><w n="49"/></cl><cl><w n="50"/><w n="51"/><w n="52"/><w n="53"/><w n="54"/><w n="55"/><w n="56"/><w n="57"/><w n="58"/><w n="59"/><w n="60"/><w n="61"/><w n="62"/><w n="63"/><w n="64"/><w n="65"/><w n="66"/><w n="67"/><w n="68"/><w n="69"/><w n="70"/><w n="71"/><w n="72"/><w n="73"/></cl></text></TEI></teiCorpus>