<?xml version="1.0" encoding="UTF-8"?>
<teiCorpus xmlns="http://www.tei-c.org/ns/1.0" xml:lang="sa-Latn">
  <teiHeader>
<listWit>
<witness xml:id="A" source="06-ut-vulgate-1938-1-30.xml">
<abbr>A</abbr>
<expan>Printed edition: Ācārya 1938: Uttaratantra 1-30</expan>
</witness>
<witness xml:id="K" source="kl_699_uttaratantra-1-30.xml">
<abbr>K</abbr>
<expan>MSS Kathmandu KL 699: Uttaratantra</expan>
<listWit>
<witness xml:id="Kac" n="ac">
<abbr>Kac</abbr>
<expan>MSS Kathmandu KL 699: Uttaratantra [ante correctionem]</expan>
</witness>
<witness xml:id="Kpc" n="pc">
<abbr type="siglum">Kpc</abbr>
<expan>MSS Kathmandu KL 699: Uttaratantra [post correctionem]</expan>
</witness>
</listWit>
</witness>
<witness xml:id="H" source="nak_5-333_uttaratantra-1-30.xml">
<abbr>H</abbr>
<expan>MS Kathmandu NAK 5-333, Uttaratantra</expan>
<listWit>
<witness xml:id="Hac" n="ac">
<abbr>Hac</abbr>
<expan>MS Kathmandu NAK 5-333, Uttaratantra [ante correctionem]</expan>
</witness>
<witness xml:id="Hpc" n="pc">
<abbr type="siglum">Hpc</abbr>
<expan>MS Kathmandu NAK 5-333, Uttaratantra [post correctionem]</expan>
</witness>
</listWit>
</witness>
<witness xml:id="NE" source="provisional-edition_uttaratantra-1-30.xml">
<abbr>NE</abbr>
<expan>The Nepalese Version of the Suśrutasaṃhitā, uttaratantra 1-30, based on the
                    Nepalese MSS</expan>
</witness>
</listWit>
    <encodingDesc>
      <editorialDecl>
        <segmentation>
          <ab type="tokenization">aksara</ab>
          <ab type="blockid">SS.6.15.18</ab>
          <ab type="targetedition">NE</ab>
          <ab type="scoring">
            <ab type="match">1</ab>
            <ab type="mismatch">-1</ab>
            <ab type="gapopen">-2</ab>
            <ab type="gapextend">-0.25</ab>
            <ab type="recursive">true</ab>
            <ab type="realigndepth">20</ab>
            <ab type="distancefunction">ngrams</ab>
            
          </ab>
        </segmentation>
        <normalization method="markup">
<ab>ignore punctuation</ab>
<ab>candrabindu as anusvāra</ab>
<ab>geminated aspirated consonants</ab>
<ab>geminated m after h</ab>
<ab>geminated t</ab>
<ab>geminated consonants after r</ab>
<ab>final nasal variants</ab>
<ab>internal nasal variants</ab>
<ab>final anusvāra variants</ab>
<ab>visarga aḥ before voiced consonants</ab>
<ab>visarga aḥ before vowels</ab>
<ab>visarga aḥ before unvoiced consonants and space + anusvāra</ab>
<ab>visarga āḥ variants</ab>
<ab>other visarga variants</ab>
<ab>superfluous avagrahas</ab>
<ab>double avagrahas</ab>
<ab>avagrahas to short a</ab>
<ab>internal visarga variants</ab>
<ab>final au/āv</ab>
<ab>final su</ab>
<ab>final i</ab>
<ab>kcch/kś</ab>
<ab>cś/tś</ab>
<ab>cch/ch</ab>
<ab>final t + hi</ab>
<ab>final t + voiced syllable</ab>
<ab>final t + n/m</ab>
<ab>final t + c/j</ab>
<ab>i/y + vowel</ab>
<ab>bhd for bdh</ab>
<ab>remove spaces</ab>
        </normalization>
        <ab type="tagfilters">
<tag subtype="ignore">pc</tag>
<tag subtype="ignore">head</tag>
<tag subtype="ignore">label</tag>
<tag subtype="ignore">note</tag>
<tag subtype="ignore">num</tag>
<tag subtype="ignore">locus</tag>
<tag subtype="ignore">supplied</tag>
<tag subtype="ignore">surplus</tag>
        </ab>
      </editorialDecl>
    </encodingDesc>
    <xenoData>
      <stemma format="nexml" id="stemma0"><nex:nexml xmlns:nex="http://www.nexml.org/2009" version="0.9"><nex:otus id="otus1"><nex:otu id="otu0" label="K"/><nex:otu id="otu1" label="NE"/><nex:otu id="otu2" label="A"/><nex:otu id="otu3" label="Hac"/><nex:otu id="otu4" label="Hpc"/></nex:otus><nex:trees otus="otus1" id="trees1"><nex:tree id="guidetree" label="guidetree" xsi:type="nex:FloatTree" xmlns:xsi="http://www.w3.org/2001/XMLSchema-instance"><nex:node id="828458b8-eb9c-46a7-8f4f-30e5b53f133c" root="true"/><nex:node id="5ecdb227-cf81-4ded-81a5-0f15d91c7e8e"/><nex:node id="1cc5e191-64da-4de5-a9e9-40628fad7752"/><nex:node id="eafeb945-0154-44f5-827b-230495522e0a" label="K" otu="otu3"/><nex:node id="d880e131-84d3-4823-977e-2514ef568403" label="NE" otu="otu4"/><nex:node id="b5ba4d94-8c1f-4b5a-878e-274be74175d7" label="A" otu="otu5"/><nex:node id="79efb877-fe5a-4b40-81af-038d1b0af284"/><nex:node id="3a66fddc-5947-4a92-b3f8-cb065187a2ce" label="Hac" otu="otu7"/><nex:node id="9bb48641-9e17-458b-ad0c-24b01c02cad5" label="Hpc" otu="otu8"/><nex:edge source="828458b8-eb9c-46a7-8f4f-30e5b53f133c" target="5ecdb227-cf81-4ded-81a5-0f15d91c7e8e" id="edge0" length="0.12514781805634156"/><nex:edge source="828458b8-eb9c-46a7-8f4f-30e5b53f133c" target="79efb877-fe5a-4b40-81af-038d1b0af284" id="edge1" length="0.12514781805634156"/><nex:edge source="5ecdb227-cf81-4ded-81a5-0f15d91c7e8e" target="1cc5e191-64da-4de5-a9e9-40628fad7752" id="edge2" length="0.07937974948998616"/><nex:edge source="5ecdb227-cf81-4ded-81a5-0f15d91c7e8e" target="b5ba4d94-8c1f-4b5a-878e-274be74175d7" id="edge3" length="0.7241840291607624"/><nex:edge source="79efb877-fe5a-4b40-81af-038d1b0af284" target="3a66fddc-5947-4a92-b3f8-cb065187a2ce" id="edge4" length="0.26871650967328553"/><nex:edge source="79efb877-fe5a-4b40-81af-038d1b0af284" target="9bb48641-9e17-458b-ad0c-24b01c02cad5" id="edge5" length="0.28232415977982384"/><nex:edge source="1cc5e191-64da-4de5-a9e9-40628fad7752" target="eafeb945-0154-44f5-827b-230495522e0a" id="edge6" length="0"/><nex:edge source="1cc5e191-64da-4de5-a9e9-40628fad7752" target="d880e131-84d3-4823-977e-2514ef568403" id="edge7" length="0"/></nex:tree></nex:trees></nex:nexml></stemma>
    </xenoData>
  </teiHeader>
<TEI n="K"><text><cl><w n="0">ca</w><w n="1">rmā</w><w n="2" lemma="bhaṃ">bhaṃ </w></cl><cl><w n="3">va</w><w n="4">ha</w><w n="5" lemma="laṃ">laṃ </w><w n="7" lemma="tu">tu </w></cl><w n="6" lemma="yaḥ">yas </w><cl><w n="8">snā</w><w n="9">yu</w><w n="10">māṃ</w><w n="11">sa</w><w n="12">sa</w><w n="13">mā</w><w n="14">vṛ</w><w n="15" lemma="taṃ">taṃ | </w></cl><cl><w n="16">che</w><w n="17" lemma="dyaṃ">dyam </w></cl><cl><w n="18">e</w><w n="19" lemma="va">va </w></cl><cl><w n="20">ta</w><w n="21">da</w><w n="22">rma</w><w n="23">syā</w><w n="24" lemma="tkṛ">t kṛ</w><w n="25">ṣṇa</w><w n="26" lemma="maṃ">maṇ</w><w n="27">ḍa</w><w n="28">la</w><w n="29" lemma="gaṃ">gañ </w><w n="30" lemma="ca">ca </w></cl><cl><w n="31">ya</w><w n="32" lemma="t">t |</w></cl></text></TEI><TEI n="NE"><text><cl><w n="0" lemma="ca"> ca</w><w n="1">rmā</w><w n="2" lemma="bhaṃ">bhaṃ </w></cl><cl><w n="3">va</w><w n="4">ha</w><w n="5" lemma="laṃ">laṃ </w><w n="7" lemma="tu">tu </w></cl><w n="6" lemma="yaḥ">yas </w><cl><w n="8">snā</w><w n="9">yu</w><w n="10">māṃ</w><w n="11">sa</w><w n="12">sa</w><w n="13">mā</w><w n="14">vṛ</w><w n="15" lemma="taṃ">taṃ | </w></cl><cl><w n="16">che</w><w n="17" lemma="dyaṃ">dyam </w></cl><cl><w n="18">e</w><w n="19" lemma="va">va </w></cl><cl><w n="20">ta</w><w n="21">da</w><w n="22">rma</w><w n="23">syā</w><w n="24" lemma="tkṛ">t kṛ</w><w n="25">ṣṇa</w><w n="26" lemma="maṃ">maṇ</w><w n="27">ḍa</w><w n="28">la</w><w n="29" lemma="gaṃ">gañ </w><w n="30" lemma="ca">ca </w></cl><cl><w n="31">ya</w><w n="32" lemma="t">t |</w></cl></text></TEI><TEI n="A"><text><cl><w n="0" lemma="ca"> ca</w><w n="1">rmā</w><w n="2" lemma="bhaṃ">bhaṃ </w></cl><cl><w n="3">ba</w><w n="4">hu</w><w n="5" lemma="laṃ">laṃ </w><w n="7" lemma="ttu">ttu </w></cl><w n="6">ya</w><cl><w n="8">snā</w><w n="9">yu</w><w n="10">māṃ</w><w n="11">sa</w><w n="12">gha</w><w n="13">nā</w><w n="14">vṛ</w><w n="15" lemma="taṃ">tam | </w></cl><cl><w n="16">che</w><w n="17" lemma="dyaṃ">dyam </w></cl><cl><w n="18">e</w><w n="19" lemma="va">va </w></cl><cl><w n="20">ta</w><w n="21">da</w><w n="22" lemma="rma">rma </w><w n="23">syā</w><w n="24" lemma="tkṛ">t kṛ</w><w n="25">ṣṇa</w><w n="26" lemma="maṃ">maṇ</w><w n="27">ḍa</w><w n="28">la</w><w n="29" lemma="gaṃ">gaṃ </w><w n="30" lemma="ca">ca </w></cl><cl><w n="31">ya</w><w n="32" lemma="t">t || </w></cl></text></TEI><TEI n="Hac"><text><cl><w n="0">ca</w><w n="1" lemma="rmā">rmmā</w><w n="2" lemma="bhaṃ">bhaṃ </w></cl><cl><w n="3">va</w><w n="4">ha</w><w n="5" lemma="laṃ">laṃ </w><w n="7" lemma="tu">tu </w></cl><w n="6" lemma="yaḥ">yas </w><cl><w n="8">snā</w><w n="9">yu</w><w n="10" lemma="māṃ">mān</w><w n="11">sa</w><w n="12">sa</w><w n="13">mā</w><w n="14">vṛ</w><w n="15" lemma="taṃ">taṃ || </w></cl><cl><w n="16">che</w><w n="17" lemma="dyaṃ">dyam </w></cl><cl><w n="18">e</w><w n="19" lemma="va">va </w></cl><cl><w n="20">ta</w><w n="21"/><w n="22" lemma="rma">rmma </w><w n="23">syā</w><w n="24" lemma="tkṛ">t kṛ</w><w n="25">ṣṇa</w><w n="26" lemma="maṃ">maṇ</w><w n="27">ḍa</w><w n="28"/><w n="29" lemma="laṃ">lañ </w><w n="30" lemma="ca">ca </w></cl><cl><w n="31">ya</w><w n="32" lemma="t">t |</w></cl></text></TEI><TEI n="Hpc"><text><cl><w n="0">ca</w><w n="1" lemma="rmā">rmmā</w><w n="2" lemma="bhaṃ">bhaṃ </w></cl><cl><w n="3">va</w><w n="4">ha</w><w n="5" lemma="laṃ">laṃ </w><w n="7" lemma="tu">tu </w></cl><w n="6" lemma="yaḥ">yas </w><cl><w n="8">snā</w><w n="9">yu</w><w n="10" lemma="māṃ">mān</w><w n="11">sa</w><w n="12">sa</w><w n="13">mā</w><w n="14">vṛ</w><w n="15" lemma="taṃ">taṃ || </w></cl><cl><w n="16">che</w><w n="17" lemma="dyaṃ">dyam </w></cl><cl><w n="18">e</w><w n="19" lemma="va">va </w></cl><cl><w n="20">ta</w><w n="21" lemma="ta">d a</w><w n="22" lemma="rma">rmma </w><w n="23">syā</w><w n="24" lemma="tkṛ">t kṛ</w><w n="25">ṣṇa</w><w n="26" lemma="maṃ">maṇ</w><w n="27">ḍa</w><w n="28"/><w n="29" lemma="laṃ">lañ </w><w n="30" lemma="ca">ca </w></cl><cl><w n="31">ya</w><w n="32" lemma="t">t |</w></cl></text></TEI></teiCorpus>