<?xml version="1.0" encoding="UTF-8"?>
<teiCorpus xmlns="http://www.tei-c.org/ns/1.0" xml:lang="sa-Latn">
  <teiHeader>
<listWit>
<witness xml:id="A" source="06-ut-vulgate-1938-1-30.xml">
<abbr>A</abbr>
<expan>Printed edition: Ācārya 1938: Uttaratantra 1-30</expan>
</witness>
<witness xml:id="K" source="kl_699_uttaratantra-1-30.xml">
<abbr>K</abbr>
<expan>MSS Kathmandu KL 699: Uttaratantra</expan>
<listWit>
<witness xml:id="Kac" n="ac">
<abbr>Kac</abbr>
<expan>MSS Kathmandu KL 699: Uttaratantra [ante correctionem]</expan>
</witness>
<witness xml:id="Kpc" n="pc">
<abbr type="siglum">Kpc</abbr>
<expan>MSS Kathmandu KL 699: Uttaratantra [post correctionem]</expan>
</witness>
</listWit>
</witness>
<witness xml:id="H" source="nak_5-333_uttaratantra-1-30.xml">
<abbr>H</abbr>
<expan>MS Kathmandu NAK 5-333, Uttaratantra</expan>
<listWit>
<witness xml:id="Hac" n="ac">
<abbr>Hac</abbr>
<expan>MS Kathmandu NAK 5-333, Uttaratantra [ante correctionem]</expan>
</witness>
<witness xml:id="Hpc" n="pc">
<abbr type="siglum">Hpc</abbr>
<expan>MS Kathmandu NAK 5-333, Uttaratantra [post correctionem]</expan>
</witness>
</listWit>
</witness>
<witness xml:id="NE" source="provisional-edition_uttaratantra-1-30.xml">
<abbr>NE</abbr>
<expan>The Nepalese Version of the Suśrutasaṃhitā, uttaratantra 1-30, based on the
                    Nepalese MSS</expan>
</witness>
</listWit>
    <encodingDesc>
      <editorialDecl>
        <segmentation>
          <ab type="tokenization">aksara</ab>
          <ab type="blockid">SS.6.1.12</ab>
          <ab type="targetedition">NE</ab>
          <ab type="scoring">
            <ab type="match">1</ab>
            <ab type="mismatch">-1</ab>
            <ab type="gapopen">-2</ab>
            <ab type="gapextend">-0.25</ab>
            <ab type="recursive">true</ab>
            <ab type="realigndepth">20</ab>
            <ab type="distancefunction">ngrams</ab>
            
          </ab>
        </segmentation>
        <normalization method="markup">
<ab>ignore punctuation</ab>
<ab>candrabindu as anusvāra</ab>
<ab>geminated aspirated consonants</ab>
<ab>geminated m after h</ab>
<ab>geminated t</ab>
<ab>geminated consonants after r</ab>
<ab>final nasal variants</ab>
<ab>internal nasal variants</ab>
<ab>final anusvāra variants</ab>
<ab>visarga aḥ before voiced consonants</ab>
<ab>visarga aḥ before vowels</ab>
<ab>visarga aḥ before unvoiced consonants and space + anusvāra</ab>
<ab>visarga āḥ variants</ab>
<ab>other visarga variants</ab>
<ab>superfluous avagrahas</ab>
<ab>double avagrahas</ab>
<ab>avagrahas to short a</ab>
<ab>internal visarga variants</ab>
<ab>final au/āv</ab>
<ab>final su</ab>
<ab>final i</ab>
<ab>kcch/kś</ab>
<ab>cś/tś</ab>
<ab>cch/ch</ab>
<ab>final t + hi</ab>
<ab>final t + voiced syllable</ab>
<ab>final t + n/m</ab>
<ab>final t + c/j</ab>
<ab>i/y + vowel</ab>
<ab>bhd for bdh</ab>
<ab>remove spaces</ab>
        </normalization>
        <ab type="tagfilters">
<tag subtype="ignore">pc</tag>
<tag subtype="ignore">head</tag>
<tag subtype="ignore">label</tag>
<tag subtype="ignore">note</tag>
<tag subtype="ignore">num</tag>
<tag subtype="ignore">locus</tag>
<tag subtype="ignore">supplied</tag>
<tag subtype="ignore">surplus</tag>
        </ab>
      </editorialDecl>
    </encodingDesc>
    <xenoData>
      <stemma format="nexml" id="stemma0"><nex:nexml xmlns:nex="http://www.nexml.org/2009" version="0.9"><nex:otus id="otus1"><nex:otu id="otu0" label="A"/><nex:otu id="otu1" label="H"/><nex:otu id="otu2" label="K"/><nex:otu id="otu3" label="NE"/></nex:otus><nex:trees otus="otus1" id="trees1"><nex:tree id="guidetree" label="guidetree" xsi:type="nex:FloatTree" xmlns:xsi="http://www.w3.org/2001/XMLSchema-instance"><nex:node id="16163140-e8b8-4cb6-96aa-2fece26d921c" root="true"/><nex:node id="b2116468-308e-4675-b081-14f796cfeae4"/><nex:node id="d6e50c14-5e84-428c-81b0-a7db4b096c6d" label="A" otu="otu2"/><nex:node id="570d7320-e0ea-4b48-bb8b-e9796b3a6bb7" label="H" otu="otu3"/><nex:node id="56265f85-f96f-4b8a-9a23-1f3258841e1a"/><nex:node id="c0e6ba25-abc7-4b91-93e9-7c45aa1d698e" label="K" otu="otu5"/><nex:node id="1fdd55aa-b02f-424f-ab70-b5b73149e69b" label="NE" otu="otu6"/><nex:edge source="16163140-e8b8-4cb6-96aa-2fece26d921c" target="b2116468-308e-4675-b081-14f796cfeae4" id="edge0" length="0.21529249608376663"/><nex:edge source="16163140-e8b8-4cb6-96aa-2fece26d921c" target="56265f85-f96f-4b8a-9a23-1f3258841e1a" id="edge1" length="0.21529249608376663"/><nex:edge source="b2116468-308e-4675-b081-14f796cfeae4" target="d6e50c14-5e84-428c-81b0-a7db4b096c6d" id="edge2" length="0.5310150917056358"/><nex:edge source="b2116468-308e-4675-b081-14f796cfeae4" target="570d7320-e0ea-4b48-bb8b-e9796b3a6bb7" id="edge3" length="0.46898490829436423"/><nex:edge source="56265f85-f96f-4b8a-9a23-1f3258841e1a" target="c0e6ba25-abc7-4b91-93e9-7c45aa1d698e" id="edge4" length="5.551115123125783e-17"/><nex:edge source="56265f85-f96f-4b8a-9a23-1f3258841e1a" target="1fdd55aa-b02f-424f-ab70-b5b73149e69b" id="edge5" length="5.551115123125783e-17"/></nex:tree></nex:trees></nex:nexml></stemma>
    </xenoData>
  </teiHeader>
<TEI n="A"><text><cl><w n="0" lemma="ā"> ā</w><w n="1">kā</w><w n="2">śā</w><w n="3" lemma="ta">d a</w><w n="4">śru</w><w n="5">mā</w><w n="6" lemma="rgāḥ">rgāś </w><w n="7" lemma="ca">ca </w></cl><cl><w n="8">jā</w><w n="9" lemma="yaṃ">yan</w><w n="10" lemma="te">te </w></cl><cl><w n="11">ne</w><w n="12">tra</w></cl><cl><w n="13">bu</w><w n="14">dbu</w><w n="15" lemma="de">de | </w></cl><cl><w n="16">dṛ</w><w n="17" lemma="ṣṭiṃ">ṣṭiṃ </w></cl><cl><w n="18">cā</w><w n="19" lemma="tra">tra </w></cl><cl><w n="20">ta</w><w n="21" lemma="thā">thā </w></cl><cl><w n="22">va</w><w n="23" lemma="kṣye">kṣye </w><w n="24"/></cl><cl><w n="25">ya</w><w n="26" lemma="thā">thā </w></cl><cl><w n="27">brū</w><w n="28">yā</w><w n="29" lemma="tvi">d vi</w><w n="30">śā</w><w n="31">ra</w><w n="32" lemma="daḥ">daḥ || </w></cl></text></TEI><TEI n="H"><text><cl><w n="0">ā</w><w n="1">kā</w><w n="2">śā</w><w n="3" lemma="ta">d a</w><w n="4">śru</w><w n="5">mā</w><w n="6" lemma="rgaḥ">rggas </w><w n="7" lemma="tu">tu </w></cl><cl><w n="8">jā</w><w n="9" lemma="yaṃ">yan</w><w n="10" lemma="te">te </w></cl><cl><w n="11">ne</w><w n="12">tra</w></cl><cl><w n="13">vu</w><w n="14">dvu</w><w n="15" lemma="de">de | </w></cl><cl><w n="16">dṛ</w><w n="17" lemma="ṣṭi">ṣṭi </w></cl><cl><w n="18">cā</w><w n="19" lemma="tra">tra </w></cl><cl><w n="20">ya</w><w n="21" lemma="thā">thā </w></cl><cl><w n="22">va</w><w n="23" lemma="kṣyaḥ">kṣyo </w><w n="24" lemma="a"/></cl><cl><w n="25">ta</w><w n="26" lemma="thā">thā </w></cl><cl><w n="27">vi</w><w n="28">dyā</w><w n="29" lemma="tvi">d vi</w><w n="30">ca</w><w n="31">kṣa</w><w n="32" lemma="ṇaḥ">ṇaḥ ||</w></cl></text></TEI><TEI n="K"><text><cl><w n="0">ā</w><w n="1">kā</w><w n="2">śā</w><w n="3" lemma="ta">d a</w><w n="4">śru</w><w n="5">mā</w><w n="6" lemma="rgaḥ">rgas </w><w n="7" lemma="tu">tu </w></cl><cl><w n="8">jā</w><w n="9" lemma="yaṃ">yan</w><w n="10" lemma="te">te </w></cl><cl><w n="11">ne</w><w n="12" lemma="tra">tra </w></cl><cl><w n="13">bu</w><w n="14">dbu</w><w n="15" lemma="de">de | </w></cl><cl><w n="16">dṛ</w><w n="17" lemma="ṣṭiḥ">ṣṭiś </w></cl><cl><w n="18">cā</w><w n="19" lemma="tra">tra </w></cl><cl><w n="20">ya</w><w n="21" lemma="thā">thā </w></cl><cl><w n="22">va</w><w n="23" lemma="kṣye">kṣye </w><w n="24"/></cl><cl><w n="25">ta</w><w n="26" lemma="thā">thā </w></cl><cl><w n="27">vi</w><w n="28">dyā</w><w n="29" lemma="tvi">d vi</w><w n="30">ca</w><w n="31">kṣa</w><w n="32" lemma="ṇaḥ">ṇaḥ |</w></cl></text></TEI><TEI n="NE"><text><cl><w n="0" lemma="ā"> ā</w><w n="1">kā</w><w n="2">śā</w><w n="3" lemma="ta">d a</w><w n="4">śru</w><w n="5">mā</w><w n="6" lemma="rgaḥ">rgas </w><w n="7" lemma="tu">tu </w></cl><cl><w n="8">jā</w><w n="9" lemma="yaṃ">yan</w><w n="10" lemma="te">te </w></cl><cl><w n="11">ne</w><w n="12" lemma="tra">tra </w></cl><cl><w n="13">bu</w><w n="14">dbu</w><w n="15" lemma="de">de | </w></cl><cl><w n="16">dṛ</w><w n="17" lemma="ṣṭiḥ">ṣṭiś </w></cl><cl><w n="18">cā</w><w n="19" lemma="tra">tra </w></cl><cl><w n="20">ya</w><w n="21" lemma="thā">thā </w></cl><cl><w n="22">va</w><w n="23" lemma="kṣye">kṣye </w><w n="24"/></cl><cl><w n="25">ta</w><w n="26" lemma="thā">thā </w></cl><cl><w n="27">vi</w><w n="28">dyā</w><w n="29" lemma="tvi">d vi</w><w n="30">ca</w><w n="31">kṣa</w><w n="32" lemma="ṇaḥ">ṇaḥ |</w></cl></text></TEI></teiCorpus>