<?xml version="1.0" encoding="UTF-8"?>
<teiCorpus xmlns="http://www.tei-c.org/ns/1.0" xml:lang="sa-Latn">
  <teiHeader>
<listWit>
<witness xml:id="A" source="06-ut-vulgate-1938-1-30.xml">
<abbr>A</abbr>
<expan>Printed edition: Ācārya 1938: Uttaratantra 1-30</expan>
</witness>
<witness xml:id="K" source="kl_699_uttaratantra-1-30.xml">
<abbr>K</abbr>
<expan>MSS Kathmandu KL 699: Uttaratantra</expan>
<listWit>
<witness xml:id="Kac" n="ac">
<abbr>Kac</abbr>
<expan>MSS Kathmandu KL 699: Uttaratantra [ante correctionem]</expan>
</witness>
<witness xml:id="Kpc" n="pc">
<abbr type="siglum">Kpc</abbr>
<expan>MSS Kathmandu KL 699: Uttaratantra [post correctionem]</expan>
</witness>
</listWit>
</witness>
<witness xml:id="H" source="nak_5-333_uttaratantra-1-30.xml">
<abbr>H</abbr>
<expan>MS Kathmandu NAK 5-333, Uttaratantra</expan>
<listWit>
<witness xml:id="Hac" n="ac">
<abbr>Hac</abbr>
<expan>MS Kathmandu NAK 5-333, Uttaratantra [ante correctionem]</expan>
</witness>
<witness xml:id="Hpc" n="pc">
<abbr type="siglum">Hpc</abbr>
<expan>MS Kathmandu NAK 5-333, Uttaratantra [post correctionem]</expan>
</witness>
</listWit>
</witness>
<witness xml:id="NE" source="provisional-edition_uttaratantra-1-30.xml">
<abbr>NE</abbr>
<expan>The Nepalese Version of the Suśrutasaṃhitā, uttaratantra 1-30, based on the
                    Nepalese MSS</expan>
</witness>
</listWit>
    <encodingDesc>
      <editorialDecl>
        <segmentation>
          <ab type="tokenization">aksara</ab>
          <ab type="blockid">SS.6.18.72</ab>
          <ab type="targetedition">NE</ab>
          <ab type="scoring">
            <ab type="match">1</ab>
            <ab type="mismatch">-1</ab>
            <ab type="gapopen">-2</ab>
            <ab type="gapextend">-0.25</ab>
            <ab type="recursive">true</ab>
            <ab type="realigndepth">20</ab>
            <ab type="distancefunction">ngrams</ab>
            
          </ab>
        </segmentation>
        <normalization method="markup">
<ab>ignore punctuation</ab>
<ab>candrabindu as anusvāra</ab>
<ab>geminated aspirated consonants</ab>
<ab>geminated m after h</ab>
<ab>geminated t</ab>
<ab>geminated consonants after r</ab>
<ab>final nasal variants</ab>
<ab>internal nasal variants</ab>
<ab>final anusvāra variants</ab>
<ab>visarga aḥ before voiced consonants</ab>
<ab>visarga aḥ before vowels</ab>
<ab>visarga aḥ before unvoiced consonants and space + anusvāra</ab>
<ab>visarga āḥ variants</ab>
<ab>other visarga variants</ab>
<ab>superfluous avagrahas</ab>
<ab>double avagrahas</ab>
<ab>avagrahas to short a</ab>
<ab>internal visarga variants</ab>
<ab>final au/āv</ab>
<ab>final su</ab>
<ab>final i</ab>
<ab>kcch/kś</ab>
<ab>cś/tś</ab>
<ab>cch/ch</ab>
<ab>final t + hi</ab>
<ab>final t + voiced syllable</ab>
<ab>final t + n/m</ab>
<ab>final t + c/j</ab>
<ab>i/y + vowel</ab>
<ab>bhd for bdh</ab>
<ab>remove spaces</ab>
        </normalization>
        <ab type="tagfilters">
<tag subtype="ignore">pc</tag>
<tag subtype="ignore">head</tag>
<tag subtype="ignore">label</tag>
<tag subtype="ignore">note</tag>
<tag subtype="ignore">num</tag>
<tag subtype="ignore">locus</tag>
<tag subtype="ignore">supplied</tag>
<tag subtype="ignore">surplus</tag>
        </ab>
      </editorialDecl>
    </encodingDesc>
    <xenoData>
      <stemma format="nexml" id="stemma0"><nex:nexml xmlns:nex="http://www.nexml.org/2009" version="0.9"><nex:otus id="otus1"><nex:otu id="otu0" label="A"/><nex:otu id="otu1" label="H"/><nex:otu id="otu2" label="K"/><nex:otu id="otu3" label="NE"/></nex:otus><nex:trees otus="otus1" id="trees1"><nex:tree id="guidetree" label="guidetree" xsi:type="nex:FloatTree" xmlns:xsi="http://www.w3.org/2001/XMLSchema-instance"><nex:node id="887d1a82-e37c-421a-8aad-4e05152fe2de" root="true"/><nex:node id="d53ca297-6df8-4f65-a1a0-166a18b7feb1"/><nex:node id="2a28b97a-124b-4ff0-b529-91130fc2ac29" label="A" otu="otu2"/><nex:node id="2d93d0e2-5a59-4a22-8a8f-0914dbb2b643" label="H" otu="otu3"/><nex:node id="bf42c58f-ba85-491e-9f50-251a50301a67"/><nex:node id="eb1c1100-d3e8-4ebd-bc62-0a82bff39961" label="K" otu="otu5"/><nex:node id="e9f8a1f3-f68b-4fe4-80dc-8a0d1b3fdef6" label="NE" otu="otu6"/><nex:edge source="887d1a82-e37c-421a-8aad-4e05152fe2de" target="d53ca297-6df8-4f65-a1a0-166a18b7feb1" id="edge0" length="0.2069140374259532"/><nex:edge source="887d1a82-e37c-421a-8aad-4e05152fe2de" target="bf42c58f-ba85-491e-9f50-251a50301a67" id="edge1" length="0.2069140374259532"/><nex:edge source="d53ca297-6df8-4f65-a1a0-166a18b7feb1" target="2a28b97a-124b-4ff0-b529-91130fc2ac29" id="edge2" length="0.5672464046503694"/><nex:edge source="d53ca297-6df8-4f65-a1a0-166a18b7feb1" target="2d93d0e2-5a59-4a22-8a8f-0914dbb2b643" id="edge3" length="0.32572545619832605"/><nex:edge source="bf42c58f-ba85-491e-9f50-251a50301a67" target="eb1c1100-d3e8-4ebd-bc62-0a82bff39961" id="edge4" length="0"/><nex:edge source="bf42c58f-ba85-491e-9f50-251a50301a67" target="e9f8a1f3-f68b-4fe4-80dc-8a0d1b3fdef6" id="edge5" length="0"/></nex:tree></nex:trees></nex:nexml></stemma>
    </xenoData>
  </teiHeader>
<TEI n="A"><text><cl><w n="0" lemma="do"> do</w><w n="1">ṣa</w><w n="2">sthai</w><w n="3">ryā</w><w n="4" lemma="ta">d a</w><w n="5">pā</w><w n="6" lemma="rthaṃ">rthaṃ </w></cl><cl><w n="7">syā</w><w n="8" lemma="tdo">d do</w><w n="9">ṣo</w><w n="10">tkle</w><w n="11" lemma="śaṃ">śaṃ </w></cl><cl><w n="12">ka</w><w n="13">ro</w><w n="14" lemma="ti">ti </w><w n="15" lemma="ca">ca | </w></cl><cl><w n="16">a</w><w n="17">jī</w><w n="18" lemma="rṇe">rṇe </w></cl><cl><w n="19" lemma="a">'</w><w n="20" lemma="pi">py </w></cl><cl><w n="21">e</w><w n="22" lemma="vaṃ">vam </w></cl><cl><w n="23">e</w><w n="24" lemma="va">va </w><w n="25">syā</w><w n="26" lemma="tsro">t sro</w><w n="27">to</w><w n="28">mā</w><w n="29">rgā</w><w n="30">va</w><w n="31">ro</w><w n="32">dha</w><w n="33">nā</w><w n="34" lemma="t">t || </w></cl></text></TEI><TEI n="H"><text><cl><w n="0" lemma="do"> do</w><w n="1" lemma="ṣaṃ">ṣaṃ </w><w n="2">sthai</w><w n="3">ryā</w><w n="4" lemma="ta">d a</w><w n="5">pā</w><w n="6" lemma="rthaṃ">rthaṃ </w></cl><cl><w n="7">syā</w><w n="8" lemma="tdo">d do</w><w n="9">ṣo</w><w n="10">tkle</w><w n="11" lemma="śaṃ">śaṅ </w></cl><cl><w n="12">ka</w><w n="13">ro</w><w n="14" lemma="ti">ti </w><w n="15" lemma="vā">vā ,| </w></cl><cl><w n="16">a</w><w n="17">jī</w><w n="18" lemma="rṇe">rṇṇe </w></cl><cl><w n="19"/><w n="20" lemma="pi">py </w></cl><cl><w n="21">e</w><w n="22" lemma="vaṃ">vam </w></cl><cl><w n="23">e</w><w n="24">ta</w><w n="25" lemma="tsyā">t syā</w><w n="26" lemma="tsro">t sro</w><w n="27">to</w><w n="28">mā</w><w n="29" lemma="rga">rgga</w><w n="30">ni</w><w n="31">ro</w><w n="32">dha</w><w n="33">nā</w><w n="34" lemma="t">t || </w></cl></text></TEI><TEI n="K"><text><cl><w n="0" lemma="do"> do</w><w n="1">ṣa</w><w n="2">sthai</w><w n="3">ryā</w><w n="4" lemma="ta">d a</w><w n="5">pā</w><w n="6" lemma="rtha">rtha </w></cl><cl><w n="7">syā</w><w n="8" lemma="tdo">d do</w><w n="9">ṣo</w><w n="10">tkle</w><w n="11" lemma="śaṃ">śaṃ </w></cl><cl><w n="12">ka</w><w n="13">ro</w><w n="14" lemma="ti">ti </w><w n="15" lemma="vā">vā | </w></cl><cl><w n="16">a</w><w n="17">jī</w><w n="18" lemma="rṇe">rṇṇe </w></cl><cl><w n="19"/><w n="20" lemma="pi">py </w></cl><cl><w n="21">e</w><w n="22" lemma="vaṃ">vam </w></cl><cl><w n="23">e</w><w n="24">ta</w><w n="25" lemma="tsyā">t syā</w><w n="26" lemma="tsro">t sro</w><w n="27">to</w><w n="28">mā</w><w n="29">rga</w><w n="30">ni</w><w n="31">ro</w><w n="32">dha</w><w n="33">nā</w><w n="34" lemma="t">t | </w></cl></text></TEI><TEI n="NE"><text><cl><w n="0" lemma="do"> do</w><w n="1">ṣa</w><w n="2">sthai</w><w n="3">ryā</w><w n="4" lemma="ta">d a</w><w n="5">pā</w><w n="6" lemma="rtha">rtha </w></cl><cl><w n="7">syā</w><w n="8" lemma="tdo">d do</w><w n="9">ṣo</w><w n="10">tkle</w><w n="11" lemma="śaṃ">śaṃ </w></cl><cl><w n="12">ka</w><w n="13">ro</w><w n="14" lemma="ti">ti </w><w n="15" lemma="vā">vā | </w></cl><cl><w n="16">a</w><w n="17">jī</w><w n="18" lemma="rṇe">rṇṇe </w></cl><cl><w n="19"/><w n="20" lemma="pi">py </w></cl><cl><w n="21">e</w><w n="22" lemma="vaṃ">vam </w></cl><cl><w n="23">e</w><w n="24">ta</w><w n="25" lemma="tsyā">t syā</w><w n="26" lemma="tsro">t sro</w><w n="27">to</w><w n="28">mā</w><w n="29">rga</w><w n="30">ni</w><w n="31">ro</w><w n="32">dha</w><w n="33">nā</w><w n="34" lemma="t">t | </w></cl></text></TEI></teiCorpus>