<?xml version="1.0" encoding="UTF-8"?>
<teiCorpus xmlns="http://www.tei-c.org/ns/1.0" xml:lang="sa-Latn">
  <teiHeader>
<listWit>
<witness xml:id="A" source="06-ut-vulgate-1938-1-30.xml">
<abbr>A</abbr>
<expan>Printed edition: Ācārya 1938: Uttaratantra 1-30</expan>
</witness>
<witness xml:id="K" source="kl_699_uttaratantra-1-30.xml">
<abbr>K</abbr>
<expan>MSS Kathmandu KL 699: Uttaratantra</expan>
<listWit>
<witness xml:id="Kac" n="ac">
<abbr>Kac</abbr>
<expan>MSS Kathmandu KL 699: Uttaratantra [ante correctionem]</expan>
</witness>
<witness xml:id="Kpc" n="pc">
<abbr type="siglum">Kpc</abbr>
<expan>MSS Kathmandu KL 699: Uttaratantra [post correctionem]</expan>
</witness>
</listWit>
</witness>
<witness xml:id="H" source="nak_5-333_uttaratantra-1-30.xml">
<abbr>H</abbr>
<expan>MS Kathmandu NAK 5-333, Uttaratantra</expan>
<listWit>
<witness xml:id="Hac" n="ac">
<abbr>Hac</abbr>
<expan>MS Kathmandu NAK 5-333, Uttaratantra [ante correctionem]</expan>
</witness>
<witness xml:id="Hpc" n="pc">
<abbr type="siglum">Hpc</abbr>
<expan>MS Kathmandu NAK 5-333, Uttaratantra [post correctionem]</expan>
</witness>
</listWit>
</witness>
<witness xml:id="NE" source="provisional-edition_uttaratantra-1-30.xml">
<abbr>NE</abbr>
<expan>The Nepalese Version of the Suśrutasaṃhitā, uttaratantra 1-30, based on the
                    Nepalese MSS</expan>
</witness>
</listWit>
    <encodingDesc>
      <editorialDecl>
        <segmentation>
          <ab type="tokenization">aksara</ab>
          <ab type="blockid">SS.6.20.5</ab>
          <ab type="targetedition">NE</ab>
          <ab type="scoring">
            <ab type="match">1</ab>
            <ab type="mismatch">-1</ab>
            <ab type="gapopen">-2</ab>
            <ab type="gapextend">-0.25</ab>
            <ab type="recursive">true</ab>
            <ab type="realigndepth">20</ab>
            <ab type="distancefunction">ngrams</ab>
            
          </ab>
        </segmentation>
        <normalization method="markup">
<ab>ignore punctuation</ab>
<ab>candrabindu as anusvāra</ab>
<ab>geminated aspirated consonants</ab>
<ab>geminated m after h</ab>
<ab>geminated t</ab>
<ab>geminated consonants after r</ab>
<ab>final nasal variants</ab>
<ab>internal nasal variants</ab>
<ab>final anusvāra variants</ab>
<ab>visarga aḥ before voiced consonants</ab>
<ab>visarga aḥ before vowels</ab>
<ab>visarga aḥ before unvoiced consonants and space + anusvāra</ab>
<ab>visarga āḥ variants</ab>
<ab>other visarga variants</ab>
<ab>superfluous avagrahas</ab>
<ab>double avagrahas</ab>
<ab>avagrahas to short a</ab>
<ab>internal visarga variants</ab>
<ab>final au/āv</ab>
<ab>final su</ab>
<ab>final i</ab>
<ab>kcch/kś</ab>
<ab>cś/tś</ab>
<ab>cch/ch</ab>
<ab>final t + hi</ab>
<ab>final t + voiced syllable</ab>
<ab>final t + n/m</ab>
<ab>final t + c/j</ab>
<ab>i/y + vowel</ab>
<ab>bhd for bdh</ab>
<ab>remove spaces</ab>
        </normalization>
        <ab type="tagfilters">
<tag subtype="ignore">pc</tag>
<tag subtype="ignore">head</tag>
<tag subtype="ignore">label</tag>
<tag subtype="ignore">note</tag>
<tag subtype="ignore">num</tag>
<tag subtype="ignore">locus</tag>
<tag subtype="ignore">supplied</tag>
<tag subtype="ignore">surplus</tag>
        </ab>
      </editorialDecl>
    </encodingDesc>
    <xenoData>
      <stemma format="nexml" id="stemma0"><nex:nexml xmlns:nex="http://www.nexml.org/2009" version="0.9"><nex:otus id="otus1"><nex:otu id="otu0" label="A"/><nex:otu id="otu1" label="H"/><nex:otu id="otu2" label="K"/><nex:otu id="otu3" label="NE"/></nex:otus><nex:trees otus="otus1" id="trees1"><nex:tree id="guidetree" label="guidetree" xsi:type="nex:FloatTree" xmlns:xsi="http://www.w3.org/2001/XMLSchema-instance"><nex:node id="895288f2-8d39-4376-ba0b-c2b8447ced48" root="true"/><nex:node id="5a2abba5-367c-44b2-b35e-c978d59dd427"/><nex:node id="fa3fba4c-03cc-4488-8042-c6bd5bf9d5a5" label="A" otu="otu2"/><nex:node id="065cfc59-5346-4fcc-a84b-012f6c79dc66" label="H" otu="otu3"/><nex:node id="08b35bcc-825a-4f88-ac42-3bac98b226b0"/><nex:node id="3e64f380-81da-45f5-9044-523c512b982d" label="K" otu="otu5"/><nex:node id="d1ca9988-6171-4390-b7d8-1e395085314e" label="NE" otu="otu6"/><nex:edge source="895288f2-8d39-4376-ba0b-c2b8447ced48" target="5a2abba5-367c-44b2-b35e-c978d59dd427" id="edge0" length="0.09703814985372261"/><nex:edge source="895288f2-8d39-4376-ba0b-c2b8447ced48" target="08b35bcc-825a-4f88-ac42-3bac98b226b0" id="edge1" length="0.09703814985372261"/><nex:edge source="5a2abba5-367c-44b2-b35e-c978d59dd427" target="fa3fba4c-03cc-4488-8042-c6bd5bf9d5a5" id="edge2" length="0.6297477836163794"/><nex:edge source="5a2abba5-367c-44b2-b35e-c978d59dd427" target="065cfc59-5346-4fcc-a84b-012f6c79dc66" id="edge3" length="0.3702522163836206"/><nex:edge source="08b35bcc-825a-4f88-ac42-3bac98b226b0" target="3e64f380-81da-45f5-9044-523c512b982d" id="edge4" length="0"/><nex:edge source="08b35bcc-825a-4f88-ac42-3bac98b226b0" target="d1ca9988-6171-4390-b7d8-1e395085314e" id="edge5" length="0"/></nex:tree></nex:trees></nex:nexml></stemma>
    </xenoData>
  </teiHeader>
<TEI n="A"><text><cl><w n="0" lemma="ka"> ka</w><w n="1">rṇā</w><w n="2">rbu</w><w n="3" lemma="daṃ">daṃ </w></cl><cl><w n="4">sa</w><w n="5">pta</w><w n="6">vi</w><w n="7" lemma="dhaṃ">dhaṃ </w></cl><cl><w n="8">śo</w><w n="9" lemma="phaḥ">phaś </w></cl><cl><w n="10">cā</w><w n="11" lemma="pi">pi </w></cl><cl><w n="12">ca</w><w n="13">tu</w><w n="14">rvi</w><w n="15" lemma="dha">dhaḥ | </w></cl><cl><w n="16">e</w><w n="17" lemma="te">te </w></cl><cl><w n="18">ka</w><w n="19">rṇa</w><w n="20">ga</w><w n="21" lemma="tā">tā </w></cl><cl><w n="22">ro</w><w n="23" lemma="gā">gā </w></cl><cl><w n="24">a</w><w n="25">ṣṭā</w><w n="26">viṃ</w><w n="27">śa</w><w n="28">ti</w><w n="29"/><w n="30"/></cl><cl><w n="31">rī</w><w n="32">ri</w><w n="33" lemma="tāḥ">tāḥ || </w></cl></text></TEI><TEI n="H"><text><cl><w n="0" lemma=""> </w><w n="1"/><w n="2"/><w n="3"/></cl><cl><w n="4"/><w n="5"/><w n="6"/><w n="7"/></cl><cl><w n="8"/><w n="9"/></cl><cl><w n="10"/><w n="11"/></cl><cl><w n="12"/><w n="13"/><w n="14"/><w n="15"/></cl><cl><w n="16">e</w><w n="17" lemma="te">te </w></cl><cl><w n="18">ka</w><w n="19" lemma="rṇa">rṇṇa</w><w n="20">ga</w><w n="21" lemma="tā">tā </w></cl><cl><w n="22">ro</w><w n="23" lemma="gā">gā, </w></cl><cl><w n="24"/><w n="25"/><w n="26">viṃ</w><w n="27">śa</w><w n="28" lemma="ta">d a</w><w n="29" lemma="ṣṭau">ṣṭau </w><w n="30" lemma="ca">ca </w></cl><cl><w n="31">kī</w><w n="32" lemma="rti">rtti</w><w n="33" lemma="tāḥ">tāḥ || </w></cl></text></TEI><TEI n="K"><text><cl><w n="0" lemma="ta"> ta</w><w n="1">thā</w><w n="2">rbu</w><w n="3" lemma="daṃ">daṃ </w></cl><cl><w n="4">sa</w><w n="5">pta</w><w n="6">vi</w><w n="7" lemma="dhaṃ">dhaṃ </w></cl><cl><w n="8">śo</w><w n="9" lemma="phaḥ">phaś </w></cl><cl><w n="10">cā</w><w n="11" lemma="pi">pi </w></cl><cl><w n="12">ca</w><w n="13">tu</w><w n="14">rvi</w><w n="15" lemma="dha">dhaḥ | </w></cl><cl><w n="16">e</w><w n="17" lemma="te">te </w></cl><cl><w n="18">ka</w><w n="19" lemma="rṇa">rṇṇa</w><w n="20">ga</w><w n="21" lemma="tā">tā </w></cl><cl><w n="22">ro</w><w n="23" lemma="gā">gā </w></cl><cl><w n="24"/><w n="25"/><w n="26">viṃ</w><w n="27">śa</w><w n="28" lemma="ta">d a</w><w n="29" lemma="ṣṭau">ṣṭau </w><w n="30" lemma="ca">ca </w></cl><cl><w n="31">kī</w><w n="32" lemma="rti">rtti</w><w n="33" lemma="tāḥ">tāḥ | </w></cl></text></TEI><TEI n="NE"><text><cl><w n="0" lemma="ta"> ta</w><w n="1">thā</w><w n="2">rbu</w><w n="3" lemma="daṃ">daṃ </w></cl><cl><w n="4">sa</w><w n="5">pta</w><w n="6">vi</w><w n="7" lemma="dhaṃ">dhaṃ </w></cl><cl><w n="8">śo</w><w n="9" lemma="phaḥ">phaś </w></cl><cl><w n="10">cā</w><w n="11" lemma="pi">pi </w></cl><cl><w n="12">ca</w><w n="13">tu</w><w n="14">rvi</w><w n="15" lemma="dha">dhaḥ | </w></cl><cl><w n="16">e</w><w n="17" lemma="te">te </w></cl><cl><w n="18">ka</w><w n="19" lemma="rṇa">rṇṇa</w><w n="20">ga</w><w n="21" lemma="tā">tā </w></cl><cl><w n="22">ro</w><w n="23" lemma="gā">gā </w></cl><cl><w n="24"/><w n="25"/><w n="26">viṃ</w><w n="27">śa</w><w n="28" lemma="ta">d a</w><w n="29" lemma="ṣṭau">ṣṭau </w><w n="30" lemma="ca">ca </w></cl><cl><w n="31">kī</w><w n="32" lemma="rti">rtti</w><w n="33" lemma="tāḥ">tāḥ | </w></cl></text></TEI></teiCorpus>