<?xml version="1.0" encoding="UTF-8"?>
<teiCorpus xmlns="http://www.tei-c.org/ns/1.0" xml:lang="sa-Latn">
  <teiHeader>
<listWit>
<witness xml:id="A" source="06-ut-vulgate-1938-1-30.xml">
<abbr>A</abbr>
<expan>Printed edition: Ācārya 1938: Uttaratantra 1-30</expan>
</witness>
<witness xml:id="K" source="kl_699_uttaratantra-1-30.xml">
<abbr>K</abbr>
<expan>MSS Kathmandu KL 699: Uttaratantra</expan>
<listWit>
<witness xml:id="Kac" n="ac">
<abbr>Kac</abbr>
<expan>MSS Kathmandu KL 699: Uttaratantra [ante correctionem]</expan>
</witness>
<witness xml:id="Kpc" n="pc">
<abbr type="siglum">Kpc</abbr>
<expan>MSS Kathmandu KL 699: Uttaratantra [post correctionem]</expan>
</witness>
</listWit>
</witness>
<witness xml:id="H" source="nak_5-333_uttaratantra-1-30.xml">
<abbr>H</abbr>
<expan>MS Kathmandu NAK 5-333, Uttaratantra</expan>
<listWit>
<witness xml:id="Hac" n="ac">
<abbr>Hac</abbr>
<expan>MS Kathmandu NAK 5-333, Uttaratantra [ante correctionem]</expan>
</witness>
<witness xml:id="Hpc" n="pc">
<abbr type="siglum">Hpc</abbr>
<expan>MS Kathmandu NAK 5-333, Uttaratantra [post correctionem]</expan>
</witness>
</listWit>
</witness>
<witness xml:id="NE" source="provisional-edition_uttaratantra-1-30.xml">
<abbr>NE</abbr>
<expan>The Nepalese Version of the Suśrutasaṃhitā, uttaratantra 1-30, based on the
                    Nepalese MSS</expan>
</witness>
</listWit>
    <encodingDesc>
      <editorialDecl>
        <segmentation>
          <ab type="tokenization">aksara</ab>
          <ab type="blockid">SS.6.20.12</ab>
          <ab type="targetedition">NE</ab>
          <ab type="scoring">
            <ab type="match">1</ab>
            <ab type="mismatch">-1</ab>
            <ab type="gapopen">-2</ab>
            <ab type="gapextend">-0.25</ab>
            <ab type="recursive">true</ab>
            <ab type="realigndepth">20</ab>
            <ab type="distancefunction">ngrams</ab>
            
          </ab>
        </segmentation>
        <normalization method="markup">
<ab>ignore punctuation</ab>
<ab>candrabindu as anusvāra</ab>
<ab>geminated aspirated consonants</ab>
<ab>geminated m after h</ab>
<ab>geminated t</ab>
<ab>geminated consonants after r</ab>
<ab>final nasal variants</ab>
<ab>internal nasal variants</ab>
<ab>final anusvāra variants</ab>
<ab>visarga aḥ before voiced consonants</ab>
<ab>visarga aḥ before vowels</ab>
<ab>visarga aḥ before unvoiced consonants and space + anusvāra</ab>
<ab>visarga āḥ variants</ab>
<ab>other visarga variants</ab>
<ab>superfluous avagrahas</ab>
<ab>double avagrahas</ab>
<ab>avagrahas to short a</ab>
<ab>internal visarga variants</ab>
<ab>final au/āv</ab>
<ab>final su</ab>
<ab>final i</ab>
<ab>kcch/kś</ab>
<ab>cś/tś</ab>
<ab>cch/ch</ab>
<ab>final t + hi</ab>
<ab>final t + voiced syllable</ab>
<ab>final t + n/m</ab>
<ab>final t + c/j</ab>
<ab>i/y + vowel</ab>
<ab>bhd for bdh</ab>
<ab>remove spaces</ab>
        </normalization>
        <ab type="tagfilters">
<tag subtype="ignore">pc</tag>
<tag subtype="ignore">head</tag>
<tag subtype="ignore">label</tag>
<tag subtype="ignore">note</tag>
<tag subtype="ignore">num</tag>
<tag subtype="ignore">locus</tag>
<tag subtype="ignore">supplied</tag>
<tag subtype="ignore">surplus</tag>
        </ab>
      </editorialDecl>
    </encodingDesc>
    <xenoData>
      <stemma format="nexml" id="stemma0"><nex:nexml xmlns:nex="http://www.nexml.org/2009" version="0.9"><nex:otus id="otus1"><nex:otu id="otu0" label="A"/><nex:otu id="otu1" label="H"/><nex:otu id="otu2" label="K"/><nex:otu id="otu3" label="NE"/></nex:otus><nex:trees otus="otus1" id="trees1"><nex:tree id="guidetree" label="guidetree" xsi:type="nex:FloatTree" xmlns:xsi="http://www.w3.org/2001/XMLSchema-instance"><nex:node id="159f68b1-146d-4f66-81e0-600d56b141d9" root="true"/><nex:node id="6e970867-4a64-44b7-b125-11e53f2c1cee"/><nex:node id="e3a8b857-bbd6-46c2-a625-464899091860" label="A" otu="otu2"/><nex:node id="a22d01bb-4963-47ce-824a-403e2818a195" label="H" otu="otu3"/><nex:node id="dff3b6cd-36bf-4a3d-b36e-94ccc99b75e9"/><nex:node id="e5aefd40-6d20-4b79-8712-906aba2afb1e" label="K" otu="otu5"/><nex:node id="4b09f897-7632-4f2c-bb9c-9c58a98b0370" label="NE" otu="otu6"/><nex:edge source="159f68b1-146d-4f66-81e0-600d56b141d9" target="6e970867-4a64-44b7-b125-11e53f2c1cee" id="edge0" length="0.18810012262185466"/><nex:edge source="159f68b1-146d-4f66-81e0-600d56b141d9" target="dff3b6cd-36bf-4a3d-b36e-94ccc99b75e9" id="edge1" length="0.18810012262185466"/><nex:edge source="6e970867-4a64-44b7-b125-11e53f2c1cee" target="e3a8b857-bbd6-46c2-a625-464899091860" id="edge2" length="0.6237997547562907"/><nex:edge source="6e970867-4a64-44b7-b125-11e53f2c1cee" target="a22d01bb-4963-47ce-824a-403e2818a195" id="edge3" length="0.33291977383577287"/><nex:edge source="dff3b6cd-36bf-4a3d-b36e-94ccc99b75e9" target="e5aefd40-6d20-4b79-8712-906aba2afb1e" id="edge4" length="0"/><nex:edge source="dff3b6cd-36bf-4a3d-b36e-94ccc99b75e9" target="4b09f897-7632-4f2c-bb9c-9c58a98b0370" id="edge5" length="0"/></nex:tree></nex:trees></nex:nexml></stemma>
    </xenoData>
  </teiHeader>
<TEI n="A"><text><w n="0" lemma="sa"> sa </w><cl><w n="1">ka</w><w n="2">rṇa</w><w n="3">vi</w><w n="4" lemma="ṭkaḥ">ṭko </w></cl><cl><w n="5">dra</w><w n="6">va</w><w n="7" lemma="tāṃ">tāṃ </w></cl><cl><w n="8">ya</w><w n="9" lemma="dā">dā </w></cl><cl><w n="10">ga</w><w n="11" lemma="taḥ">to </w></cl><cl><w n="12">vi</w><w n="13">lā</w><w n="14">yi</w><w n="15" lemma="taḥ">to </w></cl><cl><w n="16">ghrā</w><w n="17">ṇa</w><w n="18">mu</w><w n="19" lemma="khaṃ">khaṃ </w></cl><cl><w n="20">pra</w><w n="21">pa</w><w n="22">dya</w><w n="23" lemma="te">te | </w></cl><cl><w n="24">ta</w><w n="25" lemma="dā">dā </w><w n="26" lemma="sa">sa </w></cl><cl><w n="27">ka</w><w n="28">rṇa</w><w n="29">pra</w><w n="30">ti</w><w n="31">nā</w><w n="32">ha</w><w n="33">saṃ</w><w n="34">jñi</w><w n="35" lemma="taḥ">to </w></cl><cl><w n="36">bha</w><w n="37">ve</w><w n="38" lemma="tvi">d vi</w><w n="39">kā</w><w n="40" lemma="raḥ">raḥ </w></cl><cl><w n="41">śi</w><w n="42">ra</w><w n="43" lemma="saḥ">so </w></cl><cl><w n="44" lemma="a">'</w><w n="45">bhi</w><w n="46">tā</w><w n="47">pa</w><w n="48" lemma="naḥ">naḥ || </w><w n="49"/></cl></text></TEI><TEI n="H"><text><w n="0" lemma="sa"> sa </w><cl><w n="1">ka</w><w n="2" lemma="rṇa">rṇṇa</w><w n="3">gū</w><w n="4" lemma="thaḥ">tho </w></cl><cl><w n="5">dra</w><w n="6">va</w><w n="7" lemma="tāṃ">tāṃ </w></cl><cl><w n="8">ya</w><w n="9" lemma="dā">dā </w></cl><cl><w n="10">ga</w><w n="11" lemma="taḥ">to </w></cl><cl><w n="12">vi</w><w n="13">lā</w><w n="14">pi</w><w n="15" lemma="taḥ">to </w></cl><cl><w n="16">ghrā</w><w n="17">ṇa</w><w n="18">su</w><w n="19" lemma="khaṃ">khaṃ </w></cl><cl><w n="20">pra</w><w n="21">pa</w><w n="22">dya</w><w n="23" lemma="te">te | </w></cl><cl><w n="24">ta</w><w n="25" lemma="dā">dā </w><w n="26" lemma="sa">sa </w></cl><cl><w n="27">ka</w><w n="28" lemma="rṇa">rṇṇa</w><w n="29">pra</w><w n="30">ti</w><w n="31">nā</w><w n="32">ha</w><w n="33">saṃ</w><w n="34">jñi</w><w n="35" lemma="taḥ">to </w></cl><cl><w n="36">bha</w><w n="37">ve</w><w n="38" lemma="tvi">d vi</w><w n="39">kā</w><w n="40" lemma="raḥ">raḥ </w></cl><cl><w n="41">śi</w><w n="42">ra</w><w n="43" lemma="saḥ">so </w></cl><cl><w n="44" lemma="a">'</w><w n="45">nu</w><w n="46">ve</w><w n="47">da</w><w n="48">kṛ</w><w n="49" lemma="t">t || </w></cl></text></TEI><TEI n="K"><text><w n="0" lemma="sa"> sa </w><cl><w n="1">ka</w><w n="2" lemma="rṇa">rṇṇa</w><w n="3">gū</w><w n="4" lemma="thaḥ">tho </w></cl><cl><w n="5">dra</w><w n="6">va</w><w n="7" lemma="tāṃ">tāṃ </w></cl><cl><w n="8">ya</w><w n="9" lemma="dā">dā </w></cl><cl><w n="10">ga</w><w n="11" lemma="taḥ">to </w></cl><cl><w n="12">vi</w><w n="13">lā</w><w n="14">pi</w><w n="15" lemma="taḥ">to </w></cl><cl><w n="16">ghrā</w><w n="17">ṇa</w><w n="18">su</w><w n="19" lemma="khaṃ">khaṃ </w></cl><cl><w n="20">pra</w><w n="21">pa</w><w n="22">dya</w><w n="23" lemma="te">te | </w></cl><cl><w n="24">ta</w><w n="25" lemma="dā">dā </w><w n="26" lemma="sa">sa </w></cl><cl><w n="27">ka</w><w n="28" lemma="rṇa">rṇṇa</w><w n="29">pra</w><w n="30">ti</w><w n="31">nā</w><w n="32">ha</w><w n="33">saṃ</w><w n="34">jñi</w><w n="35" lemma="taḥ">to </w></cl><cl><w n="36">bha</w><w n="37">ve</w><w n="38" lemma="tvi">d vi</w><w n="39">kā</w><w n="40" lemma="raḥ">raḥ </w></cl><cl><w n="41">śi</w><w n="42">ra</w><w n="43" lemma="saḥ">so </w></cl><cl><w n="44"/><w n="45">nu</w><w n="46">ve</w><w n="47">da</w><w n="48">kṛ</w><w n="49" lemma="t">t | </w></cl></text></TEI><TEI n="NE"><text><w n="0" lemma="sa"> sa </w><cl><w n="1">ka</w><w n="2" lemma="rṇa">rṇṇa</w><w n="3">gū</w><w n="4" lemma="thaḥ">tho </w></cl><cl><w n="5">dra</w><w n="6">va</w><w n="7" lemma="tāṃ">tāṃ </w></cl><cl><w n="8">ya</w><w n="9" lemma="dā">dā </w></cl><cl><w n="10">ga</w><w n="11" lemma="taḥ">to </w></cl><cl><w n="12">vi</w><w n="13">lā</w><w n="14">pi</w><w n="15" lemma="taḥ">to </w></cl><cl><w n="16">ghrā</w><w n="17">ṇa</w><w n="18">su</w><w n="19" lemma="khaṃ">khaṃ </w></cl><cl><w n="20">pra</w><w n="21">pa</w><w n="22">dya</w><w n="23" lemma="te">te | </w></cl><cl><w n="24">ta</w><w n="25" lemma="dā">dā </w><w n="26" lemma="sa">sa </w></cl><cl><w n="27">ka</w><w n="28" lemma="rṇa">rṇṇa</w><w n="29">pra</w><w n="30">ti</w><w n="31">nā</w><w n="32">ha</w><w n="33">saṃ</w><w n="34">jñi</w><w n="35" lemma="taḥ">to </w></cl><cl><w n="36">bha</w><w n="37">ve</w><w n="38" lemma="tvi">d vi</w><w n="39">kā</w><w n="40" lemma="raḥ">raḥ </w></cl><cl><w n="41">śi</w><w n="42">ra</w><w n="43" lemma="saḥ">so </w></cl><cl><w n="44"/><w n="45">nu</w><w n="46">ve</w><w n="47">da</w><w n="48">kṛ</w><w n="49" lemma="t">t | </w></cl></text></TEI></teiCorpus>