<?xml version="1.0" encoding="UTF-8"?>
<teiCorpus xmlns="http://www.tei-c.org/ns/1.0" xml:lang="sa-Latn">
  <teiHeader>
<listWit>
<witness xml:id="A" source="06-ut-vulgate-1938-1-30.xml">
<abbr>A</abbr>
<expan>Printed edition: Ācārya 1938: Uttaratantra 1-30</expan>
</witness>
<witness xml:id="K" source="kl_699_uttaratantra-1-30.xml">
<abbr>K</abbr>
<expan>MSS Kathmandu KL 699: Uttaratantra</expan>
<listWit>
<witness xml:id="Kac" n="ac">
<abbr>Kac</abbr>
<expan>MSS Kathmandu KL 699: Uttaratantra [ante correctionem]</expan>
</witness>
<witness xml:id="Kpc" n="pc">
<abbr type="siglum">Kpc</abbr>
<expan>MSS Kathmandu KL 699: Uttaratantra [post correctionem]</expan>
</witness>
</listWit>
</witness>
<witness xml:id="H" source="nak_5-333_uttaratantra-1-30.xml">
<abbr>H</abbr>
<expan>MS Kathmandu NAK 5-333, Uttaratantra</expan>
<listWit>
<witness xml:id="Hac" n="ac">
<abbr>Hac</abbr>
<expan>MS Kathmandu NAK 5-333, Uttaratantra [ante correctionem]</expan>
</witness>
<witness xml:id="Hpc" n="pc">
<abbr type="siglum">Hpc</abbr>
<expan>MS Kathmandu NAK 5-333, Uttaratantra [post correctionem]</expan>
</witness>
</listWit>
</witness>
<witness xml:id="NE" source="provisional-edition_uttaratantra-1-30.xml">
<abbr>NE</abbr>
<expan>The Nepalese Version of the Suśrutasaṃhitā, uttaratantra 1-30, based on the
                    Nepalese MSS</expan>
</witness>
</listWit>
    <encodingDesc>
      <editorialDecl>
        <segmentation>
          <ab type="tokenization">aksara</ab>
          <ab type="blockid">SS.6.18.76</ab>
          <ab type="targetedition">NE</ab>
          <ab type="scoring">
            <ab type="match">1</ab>
            <ab type="mismatch">-1</ab>
            <ab type="gapopen">-2</ab>
            <ab type="gapextend">-0.25</ab>
            <ab type="recursive">true</ab>
            <ab type="realigndepth">20</ab>
            <ab type="distancefunction">ngrams</ab>
            
          </ab>
        </segmentation>
        <normalization method="markup">
<ab>ignore punctuation</ab>
<ab>candrabindu as anusvāra</ab>
<ab>geminated aspirated consonants</ab>
<ab>geminated m after h</ab>
<ab>geminated t</ab>
<ab>geminated consonants after r</ab>
<ab>final nasal variants</ab>
<ab>internal nasal variants</ab>
<ab>final anusvāra variants</ab>
<ab>visarga aḥ before voiced consonants</ab>
<ab>visarga aḥ before vowels</ab>
<ab>visarga aḥ before unvoiced consonants and space + anusvāra</ab>
<ab>visarga āḥ variants</ab>
<ab>other visarga variants</ab>
<ab>superfluous avagrahas</ab>
<ab>double avagrahas</ab>
<ab>avagrahas to short a</ab>
<ab>internal visarga variants</ab>
<ab>final au/āv</ab>
<ab>final su</ab>
<ab>final i</ab>
<ab>kcch/kś</ab>
<ab>cś/tś</ab>
<ab>cch/ch</ab>
<ab>final t + hi</ab>
<ab>final t + voiced syllable</ab>
<ab>final t + n/m</ab>
<ab>final t + c/j</ab>
<ab>i/y + vowel</ab>
<ab>bhd for bdh</ab>
<ab>remove spaces</ab>
        </normalization>
        <ab type="tagfilters">
<tag subtype="ignore">pc</tag>
<tag subtype="ignore">head</tag>
<tag subtype="ignore">label</tag>
<tag subtype="ignore">note</tag>
<tag subtype="ignore">num</tag>
<tag subtype="ignore">locus</tag>
<tag subtype="ignore">supplied</tag>
<tag subtype="ignore">surplus</tag>
        </ab>
      </editorialDecl>
    </encodingDesc>
    <xenoData>
      <stemma format="nexml" id="stemma0"><nex:nexml xmlns:nex="http://www.nexml.org/2009" version="0.9"><nex:otus id="otus1"><nex:otu id="otu0" label="A"/><nex:otu id="otu1" label="H"/><nex:otu id="otu2" label="K"/><nex:otu id="otu3" label="NE"/></nex:otus><nex:trees otus="otus1" id="trees1"><nex:tree id="guidetree" label="guidetree" xsi:type="nex:FloatTree" xmlns:xsi="http://www.w3.org/2001/XMLSchema-instance"><nex:node id="3461ed3e-8bdf-4fb9-b3fc-85f9a014d852" root="true"/><nex:node id="06b52a77-1dc3-4ab4-80b8-58e89d592920"/><nex:node id="2efd9ad9-0b30-4a55-b859-ab78c511c281" label="A" otu="otu2"/><nex:node id="18ff74d4-61fe-4f3c-bf1b-8f35e389ae85" label="H" otu="otu3"/><nex:node id="5b11f257-cba1-4abb-a930-a3adf0b6bbfd"/><nex:node id="1c4e209f-08ee-420b-ac9e-199a02b0687e" label="K" otu="otu5"/><nex:node id="73ab1a83-da2a-4c03-abc8-7545dd52f181" label="NE" otu="otu6"/><nex:edge source="3461ed3e-8bdf-4fb9-b3fc-85f9a014d852" target="06b52a77-1dc3-4ab4-80b8-58e89d592920" id="edge0" length="0.14089852333639802"/><nex:edge source="3461ed3e-8bdf-4fb9-b3fc-85f9a014d852" target="5b11f257-cba1-4abb-a930-a3adf0b6bbfd" id="edge1" length="0.14089852333639802"/><nex:edge source="06b52a77-1dc3-4ab4-80b8-58e89d592920" target="2efd9ad9-0b30-4a55-b859-ab78c511c281" id="edge2" length="0.7182029533272041"/><nex:edge source="06b52a77-1dc3-4ab4-80b8-58e89d592920" target="18ff74d4-61fe-4f3c-bf1b-8f35e389ae85" id="edge3" length="0.2817970466727959"/><nex:edge source="5b11f257-cba1-4abb-a930-a3adf0b6bbfd" target="1c4e209f-08ee-420b-ac9e-199a02b0687e" id="edge4" length="0"/><nex:edge source="5b11f257-cba1-4abb-a930-a3adf0b6bbfd" target="73ab1a83-da2a-4c03-abc8-7545dd52f181" id="edge5" length="0"/></nex:tree></nex:trees></nex:nexml></stemma>
    </xenoData>
  </teiHeader>
<TEI n="A"><text><cl><w n="0" lemma="saṃ"> saṃ</w><w n="1" lemma="śāṃ">śān</w><w n="2">to</w><w n="3">pa</w><w n="4">dra</w></cl><cl><w n="5" lemma="vaṃ">vaṃ </w><w n="6">ne</w><w n="7" lemma="traṃ">traṃ </w></cl><cl><w n="8">vi</w><w n="9">ri</w><w n="10" lemma="ktaṃ">ktaṃ </w></cl><cl><w n="11">sa</w><w n="12">mya</w><w n="13" lemma="gā">g ā</w><w n="14">di</w><w n="15">śe</w><w n="16" lemma="tji">t | ji</w><w n="17" lemma="hmaṃ">hmaṃ </w></cl><cl><w n="18">dā</w><w n="19">ru</w><w n="20">ṇa</w><w n="21">du</w><w n="22">rva</w><w n="23" lemma="rṇaṃ">rṇaṃ </w></cl><cl><w n="24">sra</w><w n="25" lemma="staṃ">staṃ </w><w n="26">rū</w><w n="27" lemma="kṣaṃ">kṣam </w></cl><cl><w n="28">a</w><w n="29">tī</w><w n="30" lemma="va">va </w></cl><cl><w n="31" lemma="ca">ca || </w></cl></text></TEI><TEI n="H"><text><cl><w n="0" lemma="saṃ"> saṃ</w><w n="1" lemma="śāṃ">śān</w><w n="2">ta</w><w n="3">do</w><w n="4" lemma="ṣaṃ">ṣaṃ </w></cl><cl><w n="5">na</w><w n="6">ya</w><w n="7" lemma="naṃ">naṃ , </w></cl><cl><w n="8">vi</w><w n="9">ri</w><w n="10" lemma="ktaṃ">ktaṃ </w></cl><cl><w n="11">sa</w><w n="12">mya</w><w n="13" lemma="gā">g ā</w><w n="14">di</w><w n="15">śe</w><w n="16" lemma="tji">t || ji</w><w n="17" lemma="hmaṃ">hman </w></cl><cl><w n="18">dā</w><w n="19">ru</w><w n="20">ṇa</w><w n="21">du</w><w n="22" lemma="rva">rvva</w><w n="23" lemma="rṇaṃ">rṇṇaṃ , </w></cl><cl><w n="24">sra</w><w n="25">sta</w><w n="26">rū</w><w n="27" lemma="kṣaṃ">kṣam </w></cl><cl><w n="28">a</w><w n="29">tī</w><w n="30" lemma="va">va </w></cl><cl><w n="31" lemma="ca">ca | </w></cl></text></TEI><TEI n="K"><text><cl><w n="0" lemma="pra"> pra</w><w n="1" lemma="śāṃ">śān</w><w n="2">ta</w><w n="3">do</w><w n="4" lemma="ṣaṃ">ṣan </w></cl><cl><w n="5">na</w><w n="6">ya</w><w n="7" lemma="naṃ">naṃ </w></cl><cl><w n="8">vi</w><w n="9">ri</w><w n="10" lemma="ktaṃ">ktaṃ </w></cl><cl><w n="11">sa</w><w n="12">mya</w><w n="13" lemma="gā">g ā</w><w n="14">di</w><w n="15">śe</w><w n="16" lemma="tji">t | ji</w><w n="17" lemma="hmaṃ">hmaṃ </w></cl><cl><w n="18">dā</w><w n="19">ru</w><w n="20">ṇa</w><w n="21">du</w><w n="22">rva</w><w n="23" lemma="rṇaṃ">rṇaṃ </w></cl><cl><w n="24">sra</w><w n="25">sta</w><w n="26">rū</w><w n="27" lemma="kṣaṃ">kṣam </w></cl><cl><w n="28">a</w><w n="29">tī</w><w n="30" lemma="va">va </w></cl><cl><w n="31" lemma="ca">ca | </w></cl></text></TEI><TEI n="NE"><text><cl><w n="0" lemma="pra"> pra</w><w n="1" lemma="śāṃ">śān</w><w n="2">ta</w><w n="3">do</w><w n="4" lemma="ṣaṃ">ṣan </w></cl><cl><w n="5">na</w><w n="6">ya</w><w n="7" lemma="naṃ">naṃ </w></cl><cl><w n="8">vi</w><w n="9">ri</w><w n="10" lemma="ktaṃ">ktaṃ </w></cl><cl><w n="11">sa</w><w n="12">mya</w><w n="13" lemma="gā">g ā</w><w n="14">di</w><w n="15">śe</w><w n="16" lemma="tji">t | ji</w><w n="17" lemma="hmaṃ">hmaṃ </w></cl><cl><w n="18">dā</w><w n="19">ru</w><w n="20">ṇa</w><w n="21">du</w><w n="22">rva</w><w n="23" lemma="rṇaṃ">rṇaṃ </w></cl><cl><w n="24">sra</w><w n="25">sta</w><w n="26">rū</w><w n="27" lemma="kṣaṃ">kṣam </w></cl><cl><w n="28">a</w><w n="29">tī</w><w n="30" lemma="va">va </w></cl><cl><w n="31" lemma="ca">ca | </w></cl></text></TEI></teiCorpus>