<?xml version="1.0" encoding="UTF-8"?>
<teiCorpus xmlns="http://www.tei-c.org/ns/1.0" xml:lang="sa-Latn">
  <teiHeader>
<listWit>
<witness xml:id="A" source="06-ut-vulgate-1938-1-30.xml">
<abbr>A</abbr>
<expan>Printed edition: Ācārya 1938: Uttaratantra 1-30</expan>
</witness>
<witness xml:id="K" source="kl_699_uttaratantra-1-30.xml">
<abbr>K</abbr>
<expan>MSS Kathmandu KL 699: Uttaratantra</expan>
<listWit>
<witness xml:id="Kac" n="ac">
<abbr>Kac</abbr>
<expan>MSS Kathmandu KL 699: Uttaratantra [ante correctionem]</expan>
</witness>
<witness xml:id="Kpc" n="pc">
<abbr type="siglum">Kpc</abbr>
<expan>MSS Kathmandu KL 699: Uttaratantra [post correctionem]</expan>
</witness>
</listWit>
</witness>
<witness xml:id="H" source="nak_5-333_uttaratantra-1-30.xml">
<abbr>H</abbr>
<expan>MS Kathmandu NAK 5-333, Uttaratantra</expan>
<listWit>
<witness xml:id="Hac" n="ac">
<abbr>Hac</abbr>
<expan>MS Kathmandu NAK 5-333, Uttaratantra [ante correctionem]</expan>
</witness>
<witness xml:id="Hpc" n="pc">
<abbr type="siglum">Hpc</abbr>
<expan>MS Kathmandu NAK 5-333, Uttaratantra [post correctionem]</expan>
</witness>
</listWit>
</witness>
<witness xml:id="NE" source="provisional-edition_uttaratantra-1-30.xml">
<abbr>NE</abbr>
<expan>The Nepalese Version of the Suśrutasaṃhitā, uttaratantra 1-30, based on the
                    Nepalese MSS</expan>
</witness>
</listWit>
    <encodingDesc>
      <editorialDecl>
        <segmentation>
          <ab type="tokenization">aksara</ab>
          <ab type="blockid">SS.6.11.13</ab>
          <ab type="targetedition">NE</ab>
          <ab type="scoring">
            <ab type="match">1</ab>
            <ab type="mismatch">-1</ab>
            <ab type="gapopen">-2</ab>
            <ab type="gapextend">-0.25</ab>
            <ab type="recursive">true</ab>
            <ab type="realigndepth">20</ab>
            <ab type="distancefunction">ngrams</ab>
            
          </ab>
        </segmentation>
        <normalization method="markup">
<ab>ignore punctuation</ab>
<ab>candrabindu as anusvāra</ab>
<ab>geminated aspirated consonants</ab>
<ab>geminated m after h</ab>
<ab>geminated t</ab>
<ab>geminated consonants after r</ab>
<ab>final nasal variants</ab>
<ab>internal nasal variants</ab>
<ab>final anusvāra variants</ab>
<ab>visarga aḥ before voiced consonants</ab>
<ab>visarga aḥ before vowels</ab>
<ab>visarga aḥ before unvoiced consonants and space + anusvāra</ab>
<ab>visarga āḥ variants</ab>
<ab>other visarga variants</ab>
<ab>superfluous avagrahas</ab>
<ab>double avagrahas</ab>
<ab>avagrahas to short a</ab>
<ab>internal visarga variants</ab>
<ab>final au/āv</ab>
<ab>final su</ab>
<ab>final i</ab>
<ab>kcch/kś</ab>
<ab>cś/tś</ab>
<ab>cch/ch</ab>
<ab>final t + hi</ab>
<ab>final t + voiced syllable</ab>
<ab>final t + n/m</ab>
<ab>final t + c/j</ab>
<ab>i/y + vowel</ab>
<ab>bhd for bdh</ab>
<ab>remove spaces</ab>
        </normalization>
        <ab type="tagfilters">
<tag subtype="ignore">pc</tag>
<tag subtype="ignore">head</tag>
<tag subtype="ignore">label</tag>
<tag subtype="ignore">note</tag>
<tag subtype="ignore">num</tag>
<tag subtype="ignore">locus</tag>
<tag subtype="ignore">supplied</tag>
<tag subtype="ignore">surplus</tag>
        </ab>
      </editorialDecl>
    </encodingDesc>
    <xenoData>
      <stemma format="nexml" id="stemma0"><nex:nexml xmlns:nex="http://www.nexml.org/2009" version="0.9"><nex:otus id="otus1"><nex:otu id="otu0" label="A"/><nex:otu id="otu1" label="H"/><nex:otu id="otu2" label="K"/><nex:otu id="otu3" label="NE"/></nex:otus><nex:trees otus="otus1" id="trees1"><nex:tree id="guidetree" label="guidetree" xsi:type="nex:FloatTree" xmlns:xsi="http://www.w3.org/2001/XMLSchema-instance"><nex:node id="c3d0b11c-b494-4636-b170-929147edc85f" root="true"/><nex:node id="bf9858d1-ab7d-4dc2-9211-b773b5957c0a"/><nex:node id="4752ffb4-9d71-481e-a625-702ceb8546e3" label="A" otu="otu2"/><nex:node id="1249115b-a78c-48b2-917c-ddd78857eed8" label="H" otu="otu3"/><nex:node id="d9239e28-18a2-4887-b347-0badc3dd6ada"/><nex:node id="fd338d2f-0c87-4e3f-8973-7622549802e7" label="K" otu="otu5"/><nex:node id="fc8c149b-ff1f-43c9-814d-66095e0c2933" label="NE" otu="otu6"/><nex:edge source="c3d0b11c-b494-4636-b170-929147edc85f" target="bf9858d1-ab7d-4dc2-9211-b773b5957c0a" id="edge0" length="0.2006414496846211"/><nex:edge source="c3d0b11c-b494-4636-b170-929147edc85f" target="d9239e28-18a2-4887-b347-0badc3dd6ada" id="edge1" length="0.2006414496846211"/><nex:edge source="bf9858d1-ab7d-4dc2-9211-b773b5957c0a" target="4752ffb4-9d71-481e-a625-702ceb8546e3" id="edge2" length="0.5987171006307579"/><nex:edge source="bf9858d1-ab7d-4dc2-9211-b773b5957c0a" target="1249115b-a78c-48b2-917c-ddd78857eed8" id="edge3" length="0.4012828993692421"/><nex:edge source="d9239e28-18a2-4887-b347-0badc3dd6ada" target="fd338d2f-0c87-4e3f-8973-7622549802e7" id="edge4" length="0"/><nex:edge source="d9239e28-18a2-4887-b347-0badc3dd6ada" target="fc8c149b-ff1f-43c9-814d-66095e0c2933" id="edge5" length="0"/></nex:tree></nex:trees></nex:nexml></stemma>
    </xenoData>
  </teiHeader>
<TEI n="A"><text><cl><w n="0" lemma="ma"> ma</w><w n="1">hau</w><w n="2">ṣa</w><w n="3" lemma="dhaṃ">dhaṃ </w></cl><cl><w n="4">mā</w><w n="5">ga</w><w n="6">dhi</w><w n="7" lemma="kāṃ">kāṃ </w><w n="8" lemma="ca">ca </w></cl><cl><w n="9">mu</w><w n="10" lemma="stāṃ">stāṃ </w></cl><cl><w n="11">sa</w><w n="12">sai</w><w n="13">ndha</w><w n="14" lemma="vaṃ">vaṃ </w></cl><cl><w n="15" lemma="yaṃ">yan</w><w n="16">ma</w><w n="17">ri</w><w n="18" lemma="caṃ">caṃ </w><w n="19" lemma="ca">ca </w></cl><cl><w n="20">śu</w><w n="21" lemma="klaṃ">klam | </w></cl><cl><w n="22" lemma="taṃ">tan</w><w n="23">mā</w><w n="24">tu</w><w n="25" lemma="luṃ">luṅ</w><w n="26">ga</w><w n="27">sva</w></cl><cl><w n="28">ra</w><w n="29">se</w><w n="30" lemma="na">na </w></cl><cl><w n="31">pi</w><w n="32" lemma="ṣṭaṃ">ṣṭaṃ </w></cl><cl><w n="33">ne</w><w n="34" lemma="trāṃ">trāñ</w><w n="35">ja</w><w n="36" lemma="naṃ">naṃ </w></cl><cl><w n="37">pi</w><w n="38">ṣṭa</w><w n="39">ka</w><w n="40">mā</w><w n="41" lemma="śu">śu </w></cl><cl><w n="42">ha</w><w n="43">nyā</w><w n="44" lemma="t">t || </w></cl></text></TEI><TEI n="H"><text><cl><w n="0" lemma="ma"> ma</w><w n="1">hau</w><w n="2">ṣa</w><w n="3" lemma="dhaṃ">dhaṃ </w></cl><cl><w n="4">mā</w><w n="5">ga</w><w n="6">dhi</w><w n="7" lemma="kāḥ">kāś </w><w n="8" lemma="ca">ca </w></cl><cl><w n="9">mu</w><w n="10" lemma="khyā">khyā </w></cl><cl><w n="11">saṃ</w><w n="12">si</w><w n="13">ndha</w><w n="14" lemma="vaṃ">vaṃ </w></cl><cl><w n="15">ya</w><w n="16" lemma="tma">t ma</w><w n="17">ri</w><w n="18" lemma="caṃ">cañ </w><w n="19" lemma="ca">ca </w></cl><cl><w n="20">śu</w><w n="21" lemma="ṣkaṃ">ṣkaṃ || </w></cl><cl><w n="22">ta</w><w n="23">tmā</w><w n="24">tu</w><w n="25">luṃ</w><w n="26">ga</w><w n="27" lemma="sya">sya </w></cl><cl><w n="28">ra</w><w n="29">se</w><w n="30" lemma="na">na </w></cl><cl><w n="31">pi</w><w n="32" lemma="ṣṭaṃ">ṣṭaṃ </w></cl><cl><w n="33">ne</w><w n="34" lemma="trāṃ">trāñ</w><w n="35">ja</w><w n="36" lemma="naṃ">naṃ </w></cl><cl><w n="37">pi</w><w n="38">ṣṭa</w><w n="39">ka</w><w n="40">mā</w><w n="41" lemma="śu">śu </w></cl><cl><w n="42">ha</w><w n="43">nyā</w><w n="44" lemma="t">t | </w></cl></text></TEI><TEI n="K"><text><cl><w n="0" lemma="ma"> ma</w><w n="1">hau</w><w n="2">ṣa</w><w n="3" lemma="dhaṃ">dhaṃ </w></cl><cl><w n="4">mā</w><w n="5">ga</w><w n="6">dhi</w><w n="7" lemma="kāḥ">kāś </w><w n="8" lemma="ca">ca </w></cl><cl><w n="9">mu</w><w n="10" lemma="khyāṃ">khyāṃ </w></cl><cl><w n="11">sa</w><w n="12">sa</w><w n="13">ndha</w><w n="14" lemma="vaṃ">vaṃ </w></cl><cl><w n="15">ya</w><w n="16" lemma="tma">t ma</w><w n="17">ri</w><w n="18" lemma="caṃ">cañ </w><w n="19" lemma="ca">ca </w></cl><cl><w n="20">śu</w><w n="21" lemma="ṣkaṃ">ṣkaṃ | </w></cl><cl><w n="22">ta</w><w n="23">tmā</w><w n="24">tu</w><w n="25" lemma="luṃ">luṅ</w><w n="26">ga</w><w n="27" lemma="sya">sya </w></cl><cl><w n="28">ra</w><w n="29">se</w><w n="30" lemma="na">na </w></cl><cl><w n="31">pi</w><w n="32" lemma="ṣṭaṃ">ṣṭaṃ </w></cl><cl><w n="33">ne</w><w n="34" lemma="trāṃ">trāñ</w><w n="35">ja</w><w n="36" lemma="naṃ">naṃ </w></cl><cl><w n="37">pi</w><w n="38">ṣṭa</w><w n="39">ka</w><w n="40">mā</w><w n="41" lemma="śu">śu </w></cl><cl><w n="42">ha</w><w n="43">nyā</w><w n="44" lemma="t">t | </w></cl></text></TEI><TEI n="NE"><text><cl><w n="0" lemma="ma"> ma</w><w n="1">hau</w><w n="2">ṣa</w><w n="3" lemma="dhaṃ">dhaṃ </w></cl><cl><w n="4">mā</w><w n="5">ga</w><w n="6">dhi</w><w n="7" lemma="kāḥ">kāś </w><w n="8" lemma="ca">ca </w></cl><cl><w n="9">mu</w><w n="10" lemma="khyāṃ">khyāṃ </w></cl><cl><w n="11">sa</w><w n="12">sa</w><w n="13">ndha</w><w n="14" lemma="vaṃ">vaṃ </w></cl><cl><w n="15">ya</w><w n="16" lemma="tma">t ma</w><w n="17">ri</w><w n="18" lemma="caṃ">cañ </w><w n="19" lemma="ca">ca </w></cl><cl><w n="20">śu</w><w n="21" lemma="ṣkaṃ">ṣkaṃ | </w></cl><cl><w n="22">ta</w><w n="23">tmā</w><w n="24">tu</w><w n="25" lemma="luṃ">luṅ</w><w n="26">ga</w><w n="27" lemma="sya">sya </w></cl><cl><w n="28">ra</w><w n="29">se</w><w n="30" lemma="na">na </w></cl><cl><w n="31">pi</w><w n="32" lemma="ṣṭaṃ">ṣṭaṃ </w></cl><cl><w n="33">ne</w><w n="34" lemma="trāṃ">trāñ</w><w n="35">ja</w><w n="36" lemma="naṃ">naṃ </w></cl><cl><w n="37">pi</w><w n="38">ṣṭa</w><w n="39">ka</w><w n="40">mā</w><w n="41" lemma="śu">śu </w></cl><cl><w n="42">ha</w><w n="43">nyā</w><w n="44" lemma="t">t | </w></cl></text></TEI></teiCorpus>