<?xml version="1.0" encoding="UTF-8"?>
<teiCorpus xmlns="http://www.tei-c.org/ns/1.0" xml:lang="sa-Latn">
  <teiHeader>
<listWit>
<witness xml:id="A" source="06-ut-vulgate-1938-1-30.xml">
<abbr>A</abbr>
<expan>Printed edition: Ācārya 1938: Uttaratantra 1-30</expan>
</witness>
<witness xml:id="K" source="kl_699_uttaratantra-1-30.xml">
<abbr>K</abbr>
<expan>MSS Kathmandu KL 699: Uttaratantra</expan>
<listWit>
<witness xml:id="Kac" n="ac">
<abbr>Kac</abbr>
<expan>MSS Kathmandu KL 699: Uttaratantra [ante correctionem]</expan>
</witness>
<witness xml:id="Kpc" n="pc">
<abbr type="siglum">Kpc</abbr>
<expan>MSS Kathmandu KL 699: Uttaratantra [post correctionem]</expan>
</witness>
</listWit>
</witness>
<witness xml:id="H" source="nak_5-333_uttaratantra-1-30.xml">
<abbr>H</abbr>
<expan>MS Kathmandu NAK 5-333, Uttaratantra</expan>
<listWit>
<witness xml:id="Hac" n="ac">
<abbr>Hac</abbr>
<expan>MS Kathmandu NAK 5-333, Uttaratantra [ante correctionem]</expan>
</witness>
<witness xml:id="Hpc" n="pc">
<abbr type="siglum">Hpc</abbr>
<expan>MS Kathmandu NAK 5-333, Uttaratantra [post correctionem]</expan>
</witness>
</listWit>
</witness>
<witness xml:id="NE" source="provisional-edition_uttaratantra-1-30.xml">
<abbr>NE</abbr>
<expan>The Nepalese Version of the Suśrutasaṃhitā, uttaratantra 1-30, based on the
                    Nepalese MSS</expan>
</witness>
</listWit>
    <encodingDesc>
      <editorialDecl>
        <segmentation>
          <ab type="tokenization">aksara</ab>
          <ab type="blockid">SS.6.18.53</ab>
          <ab type="targetedition">NE</ab>
          <ab type="scoring">
            <ab type="match">1</ab>
            <ab type="mismatch">-1</ab>
            <ab type="gapopen">-2</ab>
            <ab type="gapextend">-0.25</ab>
            <ab type="recursive">true</ab>
            <ab type="realigndepth">20</ab>
            <ab type="distancefunction">ngrams</ab>
            
          </ab>
        </segmentation>
        <normalization method="markup">
<ab>ignore punctuation</ab>
<ab>candrabindu as anusvāra</ab>
<ab>geminated aspirated consonants</ab>
<ab>geminated m after h</ab>
<ab>geminated t</ab>
<ab>geminated consonants after r</ab>
<ab>final nasal variants</ab>
<ab>internal nasal variants</ab>
<ab>final anusvāra variants</ab>
<ab>visarga aḥ before voiced consonants</ab>
<ab>visarga aḥ before vowels</ab>
<ab>visarga aḥ before unvoiced consonants and space + anusvāra</ab>
<ab>visarga āḥ variants</ab>
<ab>other visarga variants</ab>
<ab>superfluous avagrahas</ab>
<ab>double avagrahas</ab>
<ab>avagrahas to short a</ab>
<ab>internal visarga variants</ab>
<ab>final au/āv</ab>
<ab>final su</ab>
<ab>final i</ab>
<ab>kcch/kś</ab>
<ab>cś/tś</ab>
<ab>cch/ch</ab>
<ab>final t + hi</ab>
<ab>final t + voiced syllable</ab>
<ab>final t + n/m</ab>
<ab>final t + c/j</ab>
<ab>i/y + vowel</ab>
<ab>bhd for bdh</ab>
<ab>remove spaces</ab>
        </normalization>
        <ab type="tagfilters">
<tag subtype="ignore">pc</tag>
<tag subtype="ignore">head</tag>
<tag subtype="ignore">label</tag>
<tag subtype="ignore">note</tag>
<tag subtype="ignore">num</tag>
<tag subtype="ignore">locus</tag>
<tag subtype="ignore">supplied</tag>
<tag subtype="ignore">surplus</tag>
        </ab>
      </editorialDecl>
    </encodingDesc>
    <xenoData>
      <stemma format="nexml" id="stemma0"><nex:nexml xmlns:nex="http://www.nexml.org/2009" version="0.9"><nex:otus id="otus1"><nex:otu id="otu0" label="A"/><nex:otu id="otu1" label="H"/><nex:otu id="otu2" label="K"/><nex:otu id="otu3" label="NE"/></nex:otus><nex:trees otus="otus1" id="trees1"><nex:tree id="guidetree" label="guidetree" xsi:type="nex:FloatTree" xmlns:xsi="http://www.w3.org/2001/XMLSchema-instance"><nex:node id="64e3b84e-921d-462c-bc30-9321fd394fa9" root="true"/><nex:node id="d86282ce-07c6-4010-b4b7-2ce9593fa6d0"/><nex:node id="46077200-6b54-4fb3-8900-d39e634dbf3c" label="A" otu="otu2"/><nex:node id="c6e29524-4c9f-47f8-b3cd-860412fb5025" label="H" otu="otu3"/><nex:node id="e58310ac-9a1b-4606-b9a6-b188bfef68bb"/><nex:node id="81f7e6c5-8956-40f5-ac1d-305fb5a9ab24" label="K" otu="otu5"/><nex:node id="da338176-ae3f-4c67-a4e3-5b4eeb8b436f" label="NE" otu="otu6"/><nex:edge source="64e3b84e-921d-462c-bc30-9321fd394fa9" target="d86282ce-07c6-4010-b4b7-2ce9593fa6d0" id="edge0" length="0.4172399132754303"/><nex:edge source="64e3b84e-921d-462c-bc30-9321fd394fa9" target="e58310ac-9a1b-4606-b9a6-b188bfef68bb" id="edge1" length="0.4172399132754303"/><nex:edge source="d86282ce-07c6-4010-b4b7-2ce9593fa6d0" target="46077200-6b54-4fb3-8900-d39e634dbf3c" id="edge2" length="0.1655201734491396"/><nex:edge source="d86282ce-07c6-4010-b4b7-2ce9593fa6d0" target="c6e29524-4c9f-47f8-b3cd-860412fb5025" id="edge3" length="0.1272885219927109"/><nex:edge source="e58310ac-9a1b-4606-b9a6-b188bfef68bb" target="81f7e6c5-8956-40f5-ac1d-305fb5a9ab24" id="edge4" length="0"/><nex:edge source="e58310ac-9a1b-4606-b9a6-b188bfef68bb" target="da338176-ae3f-4c67-a4e3-5b4eeb8b436f" id="edge5" length="0"/></nex:tree></nex:trees></nex:nexml></stemma>
    </xenoData>
  </teiHeader>
<TEI n="A"><text><cl><w n="0" lemma="ta"> ta</w><w n="1" lemma="tra">tra </w></cl><cl><w n="2" lemma="paṃ">pañ</w><w n="3" lemma="ca">ca </w></cl><cl><w n="4">ra</w><w n="5">sā</w></cl><cl><w n="6" lemma="nvya">n vya</w><w n="7">stā</w></cl><cl><w n="8">nā</w><w n="9">dyai</w><w n="10">ka</w><w n="11">ra</w><w n="12">sa</w><w n="13">va</w><w n="14">rji</w><w n="15">tā</w></cl><cl><w n="16" lemma="npaṃ">n | pañ</w><w n="17">ca</w><w n="18" lemma="dhā">dhā </w></cl><cl><w n="19">le</w><w n="20">kha</w><w n="21" lemma="naṃ">naṃ </w></cl><cl><w n="22" lemma="yuṃ">yuñ</w><w n="23">jyā</w><w n="24" lemma="tya">d ya</w><w n="25">thā</w><w n="26">do</w><w n="27" lemma="ṣaṃ">ṣam </w></cl><cl><w n="28">a</w><w n="29" lemma="taṃ">tan</w><w n="30">dri</w><w n="31" lemma="taḥ">taḥ || </w></cl></text></TEI><TEI n="H"><text><cl><w n="0" lemma="ta"> ta</w><w n="1" lemma="tra">tra </w></cl><cl><w n="2" lemma="paṃ">pañ</w><w n="3" lemma="ca">ca </w></cl><cl><w n="4">ra</w><w n="5">sā</w></cl><cl><w n="6" lemma="nvya">n vya</w><w n="7" lemma="stā">stā,</w></cl><cl><w n="8" lemma="nā">n ā</w><w n="9">dyai</w><w n="10">ka</w><w n="11">ra</w><w n="12">sa</w><w n="13">va</w><w n="14" lemma="rji">rjji</w><w n="15">tā</w></cl><cl><w n="16" lemma="npaṃ">n || pañ</w><w n="17">ca</w><w n="18" lemma="dhā">dhā </w></cl><cl><w n="19">le</w><w n="20">kha</w><w n="21" lemma="naṃ">naṃ </w></cl><cl><w n="22">yuṃ</w><w n="23" lemma="jya">jya,</w><w n="24" lemma="tya">d ya</w><w n="25">thā</w><w n="26">do</w><w n="27" lemma="ṣaṃ">ṣam </w></cl><cl><w n="28">a</w><w n="29" lemma="taṃ">tan</w><w n="30">dri</w><w n="31" lemma="taḥ">taḥ | </w></cl></text></TEI><TEI n="K"><text><cl><w n="0" lemma="ta"> ta</w><w n="1" lemma="tra">tra </w></cl><cl><w n="2" lemma="paṃ">pañ</w><w n="3" lemma="ca">ca </w></cl><cl><w n="4">ra</w><w n="5" lemma="sā">sā </w></cl><cl><w n="6">va</w><w n="7" lemma="rjyā">rjyāḥ </w></cl><cl><w n="8">ma</w><w n="9">dhu</w><w n="10">rai</w><w n="11">ka</w><w n="12">vi</w><w n="13">va</w><w n="14">rji</w><w n="15" lemma="tāṃ">tāṃ | </w></cl><cl><w n="16" lemma="paṃ">pañ</w><w n="17">ca</w><w n="18" lemma="dhā">dhā </w></cl><cl><w n="19">le</w><w n="20">kha</w><w n="21" lemma="naṃ">naṃ </w></cl><cl><w n="22" lemma="yuṃ">yuñ</w><w n="23">jya</w><w n="24" lemma="tya">d ya</w><w n="25">thā</w><w n="26">do</w><w n="27" lemma="ṣaṃ">ṣam </w></cl><cl><w n="28">a</w><w n="29" lemma="taṃ">tan</w><w n="30">dri</w><w n="31" lemma="taḥ">taḥ | </w></cl></text></TEI><TEI n="NE"><text><cl><w n="0" lemma="ta"> ta</w><w n="1" lemma="tra">tra </w></cl><cl><w n="2" lemma="paṃ">pañ</w><w n="3" lemma="ca">ca </w></cl><cl><w n="4">ra</w><w n="5" lemma="sā">sā </w></cl><cl><w n="6">va</w><w n="7" lemma="rjyā">rjyāḥ </w></cl><cl><w n="8">ma</w><w n="9">dhu</w><w n="10">rai</w><w n="11">ka</w><w n="12">vi</w><w n="13">va</w><w n="14">rji</w><w n="15" lemma="tāṃ">tāṃ | </w></cl><cl><w n="16" lemma="paṃ">pañ</w><w n="17">ca</w><w n="18" lemma="dhā">dhā </w></cl><cl><w n="19">le</w><w n="20">kha</w><w n="21" lemma="naṃ">naṃ </w></cl><cl><w n="22" lemma="yuṃ">yuñ</w><w n="23">jya</w><w n="24" lemma="tya">d ya</w><w n="25">thā</w><w n="26">do</w><w n="27" lemma="ṣaṃ">ṣam </w></cl><cl><w n="28">a</w><w n="29" lemma="taṃ">tan</w><w n="30">dri</w><w n="31" lemma="taḥ">taḥ | </w></cl></text></TEI></teiCorpus>