<?xml version="1.0" encoding="UTF-8"?>
<teiCorpus xmlns="http://www.tei-c.org/ns/1.0" xml:lang="sa-Latn">
  <teiHeader>
<listWit>
<witness xml:id="A" source="06-ut-vulgate-1938-1-30.xml">
<abbr>A</abbr>
<expan>Printed edition: Ācārya 1938: Uttaratantra 1-30</expan>
</witness>
<witness xml:id="K" source="kl_699_uttaratantra-1-30.xml">
<abbr>K</abbr>
<expan>MSS Kathmandu KL 699: Uttaratantra</expan>
<listWit>
<witness xml:id="Kac" n="ac">
<abbr>Kac</abbr>
<expan>MSS Kathmandu KL 699: Uttaratantra [ante correctionem]</expan>
</witness>
<witness xml:id="Kpc" n="pc">
<abbr type="siglum">Kpc</abbr>
<expan>MSS Kathmandu KL 699: Uttaratantra [post correctionem]</expan>
</witness>
</listWit>
</witness>
<witness xml:id="H" source="nak_5-333_uttaratantra-1-30.xml">
<abbr>H</abbr>
<expan>MS Kathmandu NAK 5-333, Uttaratantra</expan>
<listWit>
<witness xml:id="Hac" n="ac">
<abbr>Hac</abbr>
<expan>MS Kathmandu NAK 5-333, Uttaratantra [ante correctionem]</expan>
</witness>
<witness xml:id="Hpc" n="pc">
<abbr type="siglum">Hpc</abbr>
<expan>MS Kathmandu NAK 5-333, Uttaratantra [post correctionem]</expan>
</witness>
</listWit>
</witness>
<witness xml:id="NE" source="provisional-edition_uttaratantra-1-30.xml">
<abbr>NE</abbr>
<expan>The Nepalese Version of the Suśrutasaṃhitā, uttaratantra 1-30, based on the
                    Nepalese MSS</expan>
</witness>
</listWit>
    <encodingDesc>
      <editorialDecl>
        <segmentation>
          <ab type="tokenization">aksara</ab>
          <ab type="blockid">SS.6.1.5</ab>
          <ab type="targetedition">NE</ab>
          <ab type="scoring">
            <ab type="match">1</ab>
            <ab type="mismatch">-1</ab>
            <ab type="gapopen">-2</ab>
            <ab type="gapextend">-0.25</ab>
            <ab type="recursive">true</ab>
            <ab type="realigndepth">20</ab>
            <ab type="distancefunction">ngrams</ab>
            
          </ab>
        </segmentation>
        <normalization method="markup">
<ab>ignore punctuation</ab>
<ab>candrabindu as anusvāra</ab>
<ab>geminated aspirated consonants</ab>
<ab>geminated m after h</ab>
<ab>geminated t</ab>
<ab>geminated consonants after r</ab>
<ab>final nasal variants</ab>
<ab>internal nasal variants</ab>
<ab>final anusvāra variants</ab>
<ab>visarga aḥ before voiced consonants</ab>
<ab>visarga aḥ before vowels</ab>
<ab>visarga aḥ before unvoiced consonants and space + anusvāra</ab>
<ab>visarga āḥ variants</ab>
<ab>other visarga variants</ab>
<ab>superfluous avagrahas</ab>
<ab>double avagrahas</ab>
<ab>avagrahas to short a</ab>
<ab>internal visarga variants</ab>
<ab>final au/āv</ab>
<ab>final su</ab>
<ab>final i</ab>
<ab>kcch/kś</ab>
<ab>cś/tś</ab>
<ab>cch/ch</ab>
<ab>final t + hi</ab>
<ab>final t + voiced syllable</ab>
<ab>final t + n/m</ab>
<ab>final t + c/j</ab>
<ab>i/y + vowel</ab>
<ab>bhd for bdh</ab>
<ab>remove spaces</ab>
        </normalization>
        <ab type="tagfilters">
<tag subtype="ignore">pc</tag>
<tag subtype="ignore">head</tag>
<tag subtype="ignore">label</tag>
<tag subtype="ignore">note</tag>
<tag subtype="ignore">num</tag>
<tag subtype="ignore">locus</tag>
<tag subtype="ignore">supplied</tag>
<tag subtype="ignore">surplus</tag>
        </ab>
      </editorialDecl>
    </encodingDesc>
    <xenoData>
      <stemma format="nexml" id="stemma0"><nex:nexml xmlns:nex="http://www.nexml.org/2009" version="0.9"><nex:otus id="otus1"><nex:otu id="otu0" label="A"/><nex:otu id="otu1" label="H"/><nex:otu id="otu2" label="Kpc"/><nex:otu id="otu3" label="NE"/><nex:otu id="otu4" label="Kac"/></nex:otus><nex:trees otus="otus1" id="trees1"><nex:tree id="guidetree" label="guidetree" xsi:type="nex:FloatTree" xmlns:xsi="http://www.w3.org/2001/XMLSchema-instance"><nex:node id="29715f4d-ad6a-4cea-86b0-bbe6b4d36798" root="true"/><nex:node id="09274608-8436-46d4-8ba0-5bbab3326783"/><nex:node id="d86d8807-7673-4555-9682-0720b0b34462" label="A" otu="otu2"/><nex:node id="ee01949b-c1df-487a-ab1e-502ee5bd16c0" label="H" otu="otu3"/><nex:node id="5b0a82a8-727c-4d6b-9b5e-15e76b5e890f"/><nex:node id="bf8d46f5-c06d-4783-b372-a25643161001"/><nex:node id="f9eb29a7-f55e-4046-9f0f-3a9a9a383b34" label="Kpc" otu="otu6"/><nex:node id="2a43bb22-152c-4128-b0f8-f6f0117cdb05" label="NE" otu="otu7"/><nex:node id="78091b70-1b09-4236-8630-48482a52f60a" label="Kac" otu="otu8"/><nex:edge source="29715f4d-ad6a-4cea-86b0-bbe6b4d36798" target="09274608-8436-46d4-8ba0-5bbab3326783" id="edge0" length="0.12592818812268575"/><nex:edge source="29715f4d-ad6a-4cea-86b0-bbe6b4d36798" target="5b0a82a8-727c-4d6b-9b5e-15e76b5e890f" id="edge1" length="0.12592818812268575"/><nex:edge source="09274608-8436-46d4-8ba0-5bbab3326783" target="d86d8807-7673-4555-9682-0720b0b34462" id="edge2" length="0.44442135399664656"/><nex:edge source="09274608-8436-46d4-8ba0-5bbab3326783" target="ee01949b-c1df-487a-ab1e-502ee5bd16c0" id="edge3" length="0.42966573964248406"/><nex:edge source="5b0a82a8-727c-4d6b-9b5e-15e76b5e890f" target="bf8d46f5-c06d-4783-b372-a25643161001" id="edge4" length="0.01494513403380715"/><nex:edge source="5b0a82a8-727c-4d6b-9b5e-15e76b5e890f" target="78091b70-1b09-4236-8630-48482a52f60a" id="edge5" length="0.5468621022281264"/><nex:edge source="bf8d46f5-c06d-4783-b372-a25643161001" target="f9eb29a7-f55e-4046-9f0f-3a9a9a383b34" id="edge6" length="5.551115123125783e-17"/><nex:edge source="bf8d46f5-c06d-4783-b372-a25643161001" target="2a43bb22-152c-4128-b0f8-f6f0117cdb05" id="edge7" length="5.551115123125783e-17"/></nex:tree></nex:trees></nex:nexml></stemma>
    </xenoData>
  </teiHeader>
<TEI n="A"><text><cl><w n="0" lemma="śā"> śā</w><w n="1">lā</w><w n="2">kya</w><w n="3" lemma="taṃ">tan</w><w n="4">trā</w><w n="5">bhi</w><w n="6">hi</w><w n="7" lemma="tā">tā </w></cl><cl><w n="8">vi</w><w n="9">de</w><w n="10">hā</w><w n="11">dhi</w><w n="12">pa</w><w n="13">kī</w><w n="14">rti</w><w n="15" lemma="tā">tāḥ | </w><w n="16" lemma="ye">ye </w><w n="17" lemma="ca">ca </w></cl><cl><w n="18">vi</w><w n="19"/><w n="20">sta</w><w n="21">ra</w><w n="22" lemma="taḥ">to </w></cl><cl><w n="23">dṛ</w><w n="24" lemma="ṣṭāḥ">ṣṭāḥ </w></cl><cl><w n="25">ku</w><w n="26">mā</w><w n="27">rā</w><w n="28">bā</w><w n="29">dha</w><w n="30">he</w><w n="31">ta</w><w n="32" lemma="vaḥ">vaḥ || </w></cl></text></TEI><TEI n="H"><text><cl><w n="0">śā</w><w n="1">lā</w><w n="2">kya</w><w n="3">śā</w><w n="4">strā</w><w n="5">rbhi</w><w n="6">hi</w><w n="7" lemma="tā">tā </w></cl><cl><w n="8">vi</w><w n="9">de</w><w n="10">hā</w><w n="11">dhi</w><w n="12">pa</w><w n="13">kī</w><w n="14" lemma="rti">rtti</w><w n="15" lemma="tā">tāḥ | </w><w n="16" lemma="ye">ye </w><w n="17" lemma="ca">ca </w></cl><cl><w n="18">vi</w><w n="19"/><w n="20">sta</w><w n="21">ra</w><w n="22" lemma="śaḥ">śo </w></cl><cl><w n="23">dṛ</w><w n="24" lemma="ṣṭāḥ">ṣṭāḥ </w></cl><cl><w n="25">ku</w><w n="26">mā</w><w n="27">rā</w><w n="28">vā</w><w n="29">dha</w><w n="30">he</w><w n="31">ta</w><w n="32" lemma="vaḥ">vaḥ ||</w></cl></text></TEI><TEI n="Kpc"><text><cl><w n="0">śā</w><w n="1">lā</w><w n="2">kya</w><w n="3">śā</w><w n="4">strā</w><w n="5">vi</w><w n="6">hi</w><w n="7" lemma="tā">tā </w></cl><cl><w n="8">vi</w><w n="9">de</w><w n="10">hā</w><w n="11">dhi</w><w n="12">ya</w><w n="13">kī</w><w n="14" lemma="rti">rtti</w><w n="15" lemma="tā">tā | </w><w n="16" lemma="ye">ye </w><w n="17" lemma="ca">ca </w></cl><cl><w n="18">vi</w><w n="19"/><w n="20">sta</w><w n="21">ra</w><w n="22" lemma="śaḥ">śo </w></cl><cl><w n="23">dṛ</w><w n="24" lemma="ṣṭāḥ">ṣṭāḥ </w></cl><cl><w n="25">ku</w><w n="26">mā</w><w n="27">rā</w><w n="28">bā</w><w n="29">dha</w><w n="30">he</w><w n="31">ta</w><w n="32" lemma="vaḥ">vaḥ |</w></cl></text></TEI><TEI n="NE"><text><cl><w n="0" lemma="śā"> śā</w><w n="1">lā</w><w n="2">kya</w><w n="3">śā</w><w n="4" lemma="strā">strā </w><w n="5">vi</w><w n="6">hi</w><w n="7" lemma="tā">tā </w></cl><cl><w n="8">vi</w><w n="9">de</w><w n="10">hā</w><w n="11">dhi</w><w n="12">ya</w><w n="13">kī</w><w n="14" lemma="rti">rtti</w><w n="15" lemma="tā">tā | </w><w n="16" lemma="ye">ye </w><w n="17" lemma="ca">ca </w></cl><cl><w n="18">vi</w><w n="19"/><w n="20">sta</w><w n="21">ra</w><w n="22" lemma="śaḥ">śo </w></cl><cl><w n="23">dṛ</w><w n="24" lemma="ṣṭāḥ">ṣṭāḥ </w></cl><cl><w n="25">ku</w><w n="26">mā</w><w n="27">rā</w><w n="28">bā</w><w n="29">dha</w><w n="30">he</w><w n="31">ta</w><w n="32" lemma="vaḥ">vaḥ |</w></cl></text></TEI><TEI n="Kac"><text><cl><w n="0">śā</w><w n="1">lā</w><w n="2">kya</w><w n="3">śā</w><w n="4">strā</w><w n="5">vi</w><w n="6">hi</w><w n="7" lemma="tā">tā </w></cl><cl><w n="8">vi</w><w n="9">de</w><w n="10">hā</w><w n="11">dhi</w><w n="12">ya</w><w n="13">kī</w><w n="14" lemma="rti">rtti</w><w n="15" lemma="tā">tā | </w><w n="16" lemma="ye">ye </w><w n="17" lemma="ca">ca </w></cl><cl><w n="18">vi</w><w n="19">ra</w><w n="20">sta</w><w n="21">ra</w><w n="22" lemma="śaḥ">śo </w></cl><cl><w n="23">dṛ</w><w n="24" lemma="ṣṭāḥ">ṣṭāḥ </w></cl><cl><w n="25">ku</w><w n="26">mā</w><w n="27">rā</w><w n="28">bā</w><w n="29">dha</w><w n="30">he</w><w n="31">ta</w><w n="32" lemma="vaḥ">vaḥ |</w></cl></text></TEI></teiCorpus>