<?xml version="1.0" encoding="UTF-8"?>
<teiCorpus xmlns="http://www.tei-c.org/ns/1.0" xml:lang="sa-Latn">
  <teiHeader>
<listWit>
<witness xml:id="A" source="06-ut-vulgate-1938-1-30.xml">
<abbr>A</abbr>
<expan>Printed edition: Ācārya 1938: Uttaratantra 1-30</expan>
</witness>
<witness xml:id="K" source="kl_699_uttaratantra-1-30.xml">
<abbr>K</abbr>
<expan>MSS Kathmandu KL 699: Uttaratantra</expan>
<listWit>
<witness xml:id="Kac" n="ac">
<abbr>Kac</abbr>
<expan>MSS Kathmandu KL 699: Uttaratantra [ante correctionem]</expan>
</witness>
<witness xml:id="Kpc" n="pc">
<abbr type="siglum">Kpc</abbr>
<expan>MSS Kathmandu KL 699: Uttaratantra [post correctionem]</expan>
</witness>
</listWit>
</witness>
<witness xml:id="H" source="nak_5-333_uttaratantra-1-30.xml">
<abbr>H</abbr>
<expan>MS Kathmandu NAK 5-333, Uttaratantra</expan>
<listWit>
<witness xml:id="Hac" n="ac">
<abbr>Hac</abbr>
<expan>MS Kathmandu NAK 5-333, Uttaratantra [ante correctionem]</expan>
</witness>
<witness xml:id="Hpc" n="pc">
<abbr type="siglum">Hpc</abbr>
<expan>MS Kathmandu NAK 5-333, Uttaratantra [post correctionem]</expan>
</witness>
</listWit>
</witness>
<witness xml:id="NE" source="provisional-edition_uttaratantra-1-30.xml">
<abbr>NE</abbr>
<expan>The Nepalese Version of the Suśrutasaṃhitā, uttaratantra 1-30, based on the
                    Nepalese MSS</expan>
</witness>
</listWit>
    <encodingDesc>
      <editorialDecl>
        <segmentation>
          <ab type="tokenization">aksara</ab>
          <ab type="blockid">SS.6.18.48</ab>
          <ab type="targetedition">NE</ab>
          <ab type="scoring">
            <ab type="match">1</ab>
            <ab type="mismatch">-1</ab>
            <ab type="gapopen">-2</ab>
            <ab type="gapextend">-0.25</ab>
            <ab type="recursive">true</ab>
            <ab type="realigndepth">20</ab>
            <ab type="distancefunction">ngrams</ab>
            
          </ab>
        </segmentation>
        <normalization method="markup">
<ab>ignore punctuation</ab>
<ab>candrabindu as anusvāra</ab>
<ab>geminated aspirated consonants</ab>
<ab>geminated m after h</ab>
<ab>geminated t</ab>
<ab>geminated consonants after r</ab>
<ab>final nasal variants</ab>
<ab>internal nasal variants</ab>
<ab>final anusvāra variants</ab>
<ab>visarga aḥ before voiced consonants</ab>
<ab>visarga aḥ before vowels</ab>
<ab>visarga aḥ before unvoiced consonants and space + anusvāra</ab>
<ab>visarga āḥ variants</ab>
<ab>other visarga variants</ab>
<ab>superfluous avagrahas</ab>
<ab>double avagrahas</ab>
<ab>avagrahas to short a</ab>
<ab>internal visarga variants</ab>
<ab>final au/āv</ab>
<ab>final su</ab>
<ab>final i</ab>
<ab>kcch/kś</ab>
<ab>cś/tś</ab>
<ab>cch/ch</ab>
<ab>final t + hi</ab>
<ab>final t + voiced syllable</ab>
<ab>final t + n/m</ab>
<ab>final t + c/j</ab>
<ab>i/y + vowel</ab>
<ab>bhd for bdh</ab>
<ab>remove spaces</ab>
        </normalization>
        <ab type="tagfilters">
<tag subtype="ignore">pc</tag>
<tag subtype="ignore">head</tag>
<tag subtype="ignore">label</tag>
<tag subtype="ignore">note</tag>
<tag subtype="ignore">num</tag>
<tag subtype="ignore">locus</tag>
<tag subtype="ignore">supplied</tag>
<tag subtype="ignore">surplus</tag>
        </ab>
      </editorialDecl>
    </encodingDesc>
    <xenoData>
      <stemma format="nexml" id="stemma0"><nex:nexml xmlns:nex="http://www.nexml.org/2009" version="0.9"><nex:otus id="otus1"><nex:otu id="otu0" label="A"/><nex:otu id="otu1" label="Hac"/><nex:otu id="otu2" label="Hpc"/><nex:otu id="otu3" label="K"/><nex:otu id="otu4" label="NE"/></nex:otus><nex:trees otus="otus1" id="trees1"><nex:tree id="guidetree" label="guidetree" xsi:type="nex:FloatTree" xmlns:xsi="http://www.w3.org/2001/XMLSchema-instance"><nex:node id="7810c864-d9d6-47e7-9759-5a230db8c892" root="true"/><nex:node id="37a43f26-d745-4dea-9c26-fbe06161c961"/><nex:node id="a51a13a8-033d-48b6-b42b-72a5932a6677" label="A" otu="otu2"/><nex:node id="809f9eb0-9966-4b2e-beb8-08e0f6927e65"/><nex:node id="8859ac79-f676-4b4a-a90f-ac6df9f03a4e" label="Hac" otu="otu4"/><nex:node id="219b4609-1962-4273-885b-69718af658d2" label="Hpc" otu="otu5"/><nex:node id="574f7977-d67e-403d-a9c5-d7503723d3f3"/><nex:node id="90497d87-8d09-4ba1-bc61-910ef044df70" label="K" otu="otu7"/><nex:node id="0616e84b-077c-4b0a-a013-e2db12274cf6" label="NE" otu="otu8"/><nex:edge source="7810c864-d9d6-47e7-9759-5a230db8c892" target="37a43f26-d745-4dea-9c26-fbe06161c961" id="edge0" length="0.16615902278683828"/><nex:edge source="7810c864-d9d6-47e7-9759-5a230db8c892" target="574f7977-d67e-403d-a9c5-d7503723d3f3" id="edge1" length="0.16615902278683828"/><nex:edge source="37a43f26-d745-4dea-9c26-fbe06161c961" target="a51a13a8-033d-48b6-b42b-72a5932a6677" id="edge2" length="0.6801952084560449"/><nex:edge source="37a43f26-d745-4dea-9c26-fbe06161c961" target="809f9eb0-9966-4b2e-beb8-08e0f6927e65" id="edge3" length="0"/><nex:edge source="574f7977-d67e-403d-a9c5-d7503723d3f3" target="90497d87-8d09-4ba1-bc61-910ef044df70" id="edge4" length="0.18202213959588473"/><nex:edge source="574f7977-d67e-403d-a9c5-d7503723d3f3" target="0616e84b-077c-4b0a-a013-e2db12274cf6" id="edge5" length="0.1627129337696607"/><nex:edge source="809f9eb0-9966-4b2e-beb8-08e0f6927e65" target="8859ac79-f676-4b4a-a90f-ac6df9f03a4e" id="edge6" length="0.23833432818578748"/><nex:edge source="809f9eb0-9966-4b2e-beb8-08e0f6927e65" target="219b4609-1962-4273-885b-69718af658d2" id="edge7" length="0.1646200683969825"/></nex:tree></nex:trees></nex:nexml></stemma>
    </xenoData>
  </teiHeader>
<TEI n="A"><text><cl><w n="0" lemma="yo"> yo</w><w n="1">gā</w><w n="2">yo</w><w n="3">gā</w><w n="4" lemma="tsne">t sne</w><w n="5">ha</w><w n="6">se</w><w n="7" lemma="ke">ke </w></cl><cl><w n="8">ta</w><w n="9">rpa</w><w n="10">ṇo</w><w n="11">ktā</w></cl><cl><w n="12" lemma="npra">n pra</w><w n="13">ca</w><w n="14">kṣa</w><w n="15" lemma="te">te | </w></cl><cl><w n="16">ro</w><w n="17" lemma="gāṃ">gāñ </w></cl><cl><w n="18"/><w n="19">chi</w><w n="20">ra</w><w n="21" lemma="si">si </w></cl><cl><w n="22">saṃ</w><w n="23">bhū</w><w n="24">tā</w></cl><cl><w n="25" lemma="nha">n ha</w><w n="26">tvā</w><w n="27">ti</w><w n="28">pra</w><w n="29">ba</w><w n="30">lā</w><w n="31" lemma="ngu">n gu</w><w n="32">ṇā</w><w n="33" lemma="n">n || </w></cl></text></TEI><TEI n="Hac"><text><cl><w n="0" lemma="yo"> yo</w><w n="1">gā</w><w n="2">yo</w><w n="3">gā</w><w n="4" lemma="tsne">t sne</w><w n="5">ha</w><w n="6">se</w><w n="7" lemma="kā">kā, </w></cl><cl><w n="8">ta</w><w n="9" lemma="rpa">rppa</w><w n="10">ṇo</w><w n="11" lemma="ktāṃ">ktām </w></cl><cl><w n="12">pra</w><w n="13">va</w><w n="14">kṣya</w><w n="15" lemma="te">te || </w></cl><cl><w n="16">ro</w><w n="17">gā</w></cl><cl><w n="18" lemma="nṃ">nñ </w><w n="19">chi</w><w n="20">ra</w><w n="21" lemma="si">si </w></cl><cl><w n="22">sa</w><w n="23">mbhū</w><w n="24" lemma="tāṃ">tāṃ </w></cl><cl><w n="25">ha</w><w n="26">tvā</w><w n="27">ti</w><w n="28">pra</w><w n="29">ba</w><w n="30">lā</w><w n="31" lemma="ngu">n gu</w><w n="32">ṇā</w><w n="33" lemma="n">n | </w></cl></text></TEI><TEI n="Hpc"><text><cl><w n="0" lemma="yo"> yo</w><w n="1">gā</w><w n="2">yo</w><w n="3">gā</w><w n="4" lemma="tsne">t sne</w><w n="5">ha</w><w n="6">se</w><w n="7" lemma="kā">kā, </w></cl><cl><w n="8">ta</w><w n="9" lemma="rpa">rppa</w><w n="10">ṇo</w><w n="11" lemma="ktāṃ">ktām </w></cl><cl><w n="12">pra</w><w n="13">va</w><w n="14">kṣya</w><w n="15" lemma="te">te || </w></cl><cl><w n="16">ro</w><w n="17" lemma="gāṃ">gāñ </w></cl><cl><w n="18"/><w n="19">chi</w><w n="20">ra</w><w n="21" lemma="si">si </w></cl><cl><w n="22">sa</w><w n="23">mbhū</w><w n="24" lemma="tāṃ">tāṃ </w></cl><cl><w n="25">ha</w><w n="26">tvā</w><w n="27">ti</w><w n="28">pra</w><w n="29">ba</w><w n="30">lā</w><w n="31" lemma="ngu">n gu</w><w n="32">ṇā</w><w n="33" lemma="n">n | </w></cl></text></TEI><TEI n="K"><text><cl><w n="0" lemma="yo"> yo</w><w n="1">gā</w><w n="2">yo</w><w n="3" lemma="gāṃ">gāṃ </w><w n="4">sne</w><w n="5">ha</w><w n="6">se</w><w n="7" lemma="ke">ke </w></cl><cl><w n="8">ta</w><w n="9">rpa</w><w n="10">ṇo</w><w n="11" lemma="ktāṃ">ktām </w></cl><cl><w n="12">pra</w><w n="13">va</w><w n="14">kṣya</w><w n="15" lemma="te">te | </w></cl><cl><w n="16">ro</w><w n="17" lemma="gāṃ">gāṃ </w></cl><cl><w n="18">śi</w><w n="19"/><w n="20">ra</w><w n="21" lemma="si">si </w></cl><cl><w n="22">saṃ</w><w n="23">bhū</w><w n="24" lemma="tāṃ">tāṃ </w></cl><cl><w n="25">hi</w><w n="26">tvā</w><w n="27">ti</w><w n="28">pra</w><w n="29">ba</w><w n="30" lemma="lāṃ">lāṃ </w><w n="31">gu</w><w n="32" lemma="ṇāṃ">ṇāṃ | </w><w n="33"/></cl></text></TEI><TEI n="NE"><text><cl><w n="0" lemma="yo"> yo</w><w n="1">gā</w><w n="2">yo</w><w n="3" lemma="gāṃ">gāṃ </w><w n="4">sne</w><w n="5">ha</w><w n="6">se</w><w n="7" lemma="ke">ke </w></cl><cl><w n="8">ta</w><w n="9">rpa</w><w n="10">ṇo</w><w n="11" lemma="ktāṃ">ktām </w></cl><cl><w n="12">pra</w><w n="13">va</w><w n="14">kṣya</w><w n="15" lemma="te">te | </w></cl><cl><w n="16">ro</w><w n="17" lemma="gāṃ">gāṃ </w></cl><cl><w n="18">śi</w><w n="19"/><w n="20">ra</w><w n="21" lemma="si">si </w></cl><cl><w n="22">sa</w><w n="23">mbhū</w><w n="24" lemma="tāṃ">tāṃ </w></cl><cl><w n="25">hi</w><w n="26">tvā</w><w n="27">ti</w><w n="28">pra</w><w n="29">ba</w><w n="30" lemma="lāṃ">lāṃ </w><w n="31">gu</w><w n="32" lemma="ṇāṃ">ṇāṃ | </w><w n="33"/></cl></text></TEI></teiCorpus>