<?xml version="1.0" encoding="UTF-8"?>
<teiCorpus xmlns="http://www.tei-c.org/ns/1.0" xml:lang="sa-Latn">
  <teiHeader>
<listWit>
<witness xml:id="A" source="06-ut-vulgate-1938-1-30.xml">
<abbr>A</abbr>
<expan>Printed edition: Ācārya 1938: Uttaratantra 1-30</expan>
</witness>
<witness xml:id="K" source="kl_699_uttaratantra-1-30.xml">
<abbr>K</abbr>
<expan>MSS Kathmandu KL 699: Uttaratantra</expan>
<listWit>
<witness xml:id="Kac" n="ac">
<abbr>Kac</abbr>
<expan>MSS Kathmandu KL 699: Uttaratantra [ante correctionem]</expan>
</witness>
<witness xml:id="Kpc" n="pc">
<abbr type="siglum">Kpc</abbr>
<expan>MSS Kathmandu KL 699: Uttaratantra [post correctionem]</expan>
</witness>
</listWit>
</witness>
<witness xml:id="H" source="nak_5-333_uttaratantra-1-30.xml">
<abbr>H</abbr>
<expan>MS Kathmandu NAK 5-333, Uttaratantra</expan>
<listWit>
<witness xml:id="Hac" n="ac">
<abbr>Hac</abbr>
<expan>MS Kathmandu NAK 5-333, Uttaratantra [ante correctionem]</expan>
</witness>
<witness xml:id="Hpc" n="pc">
<abbr type="siglum">Hpc</abbr>
<expan>MS Kathmandu NAK 5-333, Uttaratantra [post correctionem]</expan>
</witness>
</listWit>
</witness>
<witness xml:id="NE" source="provisional-edition_uttaratantra-1-30.xml">
<abbr>NE</abbr>
<expan>The Nepalese Version of the Suśrutasaṃhitā, uttaratantra 1-30, based on the
                    Nepalese MSS</expan>
</witness>
</listWit>
    <encodingDesc>
      <editorialDecl>
        <segmentation>
          <ab type="tokenization">aksara</ab>
          <ab type="blockid">SS.6.19.9cd</ab>
          <ab type="targetedition">NE</ab>
          <ab type="scoring">
            <ab type="match">1</ab>
            <ab type="mismatch">-1</ab>
            <ab type="gapopen">-2</ab>
            <ab type="gapextend">-0.25</ab>
            <ab type="recursive">true</ab>
            <ab type="realigndepth">20</ab>
            <ab type="distancefunction">ngrams</ab>
            
          </ab>
        </segmentation>
        <normalization method="markup">
<ab>ignore punctuation</ab>
<ab>candrabindu as anusvāra</ab>
<ab>geminated aspirated consonants</ab>
<ab>geminated m after h</ab>
<ab>geminated t</ab>
<ab>geminated consonants after r</ab>
<ab>final nasal variants</ab>
<ab>internal nasal variants</ab>
<ab>final anusvāra variants</ab>
<ab>visarga aḥ before voiced consonants</ab>
<ab>visarga aḥ before vowels</ab>
<ab>visarga aḥ before unvoiced consonants and space + anusvāra</ab>
<ab>visarga āḥ variants</ab>
<ab>other visarga variants</ab>
<ab>superfluous avagrahas</ab>
<ab>double avagrahas</ab>
<ab>avagrahas to short a</ab>
<ab>internal visarga variants</ab>
<ab>final au/āv</ab>
<ab>final su</ab>
<ab>final i</ab>
<ab>kcch/kś</ab>
<ab>cś/tś</ab>
<ab>cch/ch</ab>
<ab>final t + hi</ab>
<ab>final t + voiced syllable</ab>
<ab>final t + n/m</ab>
<ab>final t + c/j</ab>
<ab>i/y + vowel</ab>
<ab>bhd for bdh</ab>
<ab>remove spaces</ab>
        </normalization>
        <ab type="tagfilters">
<tag subtype="ignore">pc</tag>
<tag subtype="ignore">head</tag>
<tag subtype="ignore">label</tag>
<tag subtype="ignore">note</tag>
<tag subtype="ignore">num</tag>
<tag subtype="ignore">locus</tag>
<tag subtype="ignore">supplied</tag>
<tag subtype="ignore">surplus</tag>
        </ab>
      </editorialDecl>
    </encodingDesc>
    <xenoData>
      <stemma format="nexml" id="stemma0"><nex:nexml xmlns:nex="http://www.nexml.org/2009" version="0.9"><nex:otus id="otus1"><nex:otu id="otu0" label="A"/><nex:otu id="otu1" label="H"/><nex:otu id="otu2" label="K"/><nex:otu id="otu3" label="NE"/></nex:otus><nex:trees otus="otus1" id="trees1"><nex:tree id="guidetree" label="guidetree" xsi:type="nex:FloatTree" xmlns:xsi="http://www.w3.org/2001/XMLSchema-instance"><nex:node id="d4e0fc20-c4e3-46f0-839c-52a42c964b60" root="true"/><nex:node id="90b4e901-8a7d-49a6-b493-db39dff70800"/><nex:node id="fe73e027-e81e-4ed9-9256-ec4c99d89b66" label="A" otu="otu2"/><nex:node id="4b7f06d4-73e6-42e5-91b7-d5fcb17a7230" label="H" otu="otu3"/><nex:node id="0eafbf3a-7d1f-4f07-8819-9c9c3e78b4b6"/><nex:node id="53355cb6-08b5-4179-9a0f-6c27ee896af4" label="K" otu="otu5"/><nex:node id="da761b55-095a-487f-bc1f-e367b2f00d35" label="NE" otu="otu6"/><nex:edge source="d4e0fc20-c4e3-46f0-839c-52a42c964b60" target="90b4e901-8a7d-49a6-b493-db39dff70800" id="edge0" length="0"/><nex:edge source="d4e0fc20-c4e3-46f0-839c-52a42c964b60" target="0eafbf3a-7d1f-4f07-8819-9c9c3e78b4b6" id="edge1" length="0"/><nex:edge source="90b4e901-8a7d-49a6-b493-db39dff70800" target="fe73e027-e81e-4ed9-9256-ec4c99d89b66" id="edge2" length="1"/><nex:edge source="90b4e901-8a7d-49a6-b493-db39dff70800" target="4b7f06d4-73e6-42e5-91b7-d5fcb17a7230" id="edge3" length="0"/><nex:edge source="0eafbf3a-7d1f-4f07-8819-9c9c3e78b4b6" target="53355cb6-08b5-4179-9a0f-6c27ee896af4" id="edge4" length="0"/><nex:edge source="0eafbf3a-7d1f-4f07-8819-9c9c3e78b4b6" target="da761b55-095a-487f-bc1f-e367b2f00d35" id="edge5" length="0"/></nex:tree></nex:trees></nex:nexml></stemma>
    </xenoData>
  </teiHeader>
<TEI n="A"><text><w n="0" lemma="mṛ"> mṛ</w><cl><w n="1">dnā</w><w n="2" lemma="ti">ti </w><w n="3">ne</w><w n="4"/><w n="5"/><w n="6"/></cl><cl><w n="7"/><w n="8"/></cl><cl><w n="9">tra</w><w n="10">ma</w><w n="11">ti</w></cl><cl><w n="12" lemma="kaṃ">kaṇ</w><w n="13">ḍu</w><w n="14">ma</w><w n="15">thā</w><w n="16">kṣi</w><w n="17">kū</w><w n="18" lemma="ṭaṃ">ṭaṃ </w></cl><cl><w n="19">nā</w><w n="20">sā</w><w n="21">la</w><w n="22">lā</w><w n="23" lemma="ṭaṃ">ṭam </w></cl><cl><w n="24">a</w><w n="25" lemma="pi">pi </w></cl><cl><w n="26">te</w><w n="27" lemma="na">na </w></cl><cl><w n="28">śi</w><w n="29" lemma="śuḥ">śuḥ </w><w n="30" lemma="sa">sa </w></cl><cl><w n="31">ni</w><w n="32" lemma="tyaṃ">tyam || </w></cl></text></TEI><TEI n="H"><text><w n="0" lemma=""> </w><cl><w n="1"/><w n="2">te</w><w n="3">nā</w><w n="4">kṣi</w><w n="5" lemma="kaṃ">kaṇ</w><w n="6" lemma="ḍūḥ">ḍūr </w></cl><cl><w n="7">a</w><w n="8" lemma="tha">tha </w></cl><cl><w n="9">ma</w><w n="10" lemma="rda">rdda</w><w n="11" lemma="ti">ti </w></cl><cl><w n="12"/><w n="13"/><w n="14"/><w n="15">cā</w><w n="16">kṣi</w><w n="17">kū</w><w n="18" lemma="ṭaḥ">ṭo </w></cl><cl><w n="19">nā</w><w n="20">sā</w><w n="21">la</w><w n="22">lā</w><w n="23" lemma="ṭaṃ">ṭam </w></cl><cl><w n="24">a</w><w n="25" lemma="pi">pi </w></cl><cl><w n="26">cā</w><w n="27" lemma="tha">tha </w></cl><cl><w n="28">śi</w><w n="29" lemma="śuḥ">śuḥ </w><w n="30" lemma="sa">sa </w></cl><cl><w n="31">ni</w><w n="32" lemma="tyaṃ">tyaṃ | </w></cl></text></TEI><TEI n="K"><text><w n="0" lemma=""> </w><cl><w n="1"/><w n="2">te</w><w n="3">nā</w><w n="4">kṣi</w><w n="5" lemma="kaṃ">kaṇ</w><w n="6" lemma="ḍūḥ">ḍūr </w></cl><cl><w n="7">a</w><w n="8" lemma="tha">tha </w></cl><cl><w n="9">ma</w><w n="10">rda</w><w n="11" lemma="ti">ti </w></cl><cl><w n="12"/><w n="13"/><w n="14"/><w n="15">cā</w><w n="16">kṣi</w><w n="17">kū</w><w n="18" lemma="ṭaḥ">ṭo | </w></cl><cl><w n="19">nā</w><w n="20">sā</w><w n="21">la</w><w n="22">lā</w><w n="23" lemma="ṭaṃ">ṭam </w></cl><cl><w n="24">a</w><w n="25" lemma="pi">pi </w></cl><cl><w n="26">cā</w><w n="27" lemma="tha">tha </w></cl><cl><w n="28">śi</w><w n="29" lemma="śuḥ">śuḥ </w><w n="30" lemma="sa">sa </w></cl><cl><w n="31">ni</w><w n="32" lemma="tyaṃ">tyaṃ </w></cl></text></TEI><TEI n="NE"><text><w n="0" lemma=""> </w><cl><w n="1"/><w n="2">te</w><w n="3">nā</w><w n="4">kṣi</w><w n="5" lemma="kaṃ">kaṇ</w><w n="6" lemma="ḍūḥ">ḍūr </w></cl><cl><w n="7">a</w><w n="8" lemma="tha">tha </w></cl><cl><w n="9">ma</w><w n="10">rda</w><w n="11" lemma="ti">ti </w></cl><cl><w n="12"/><w n="13"/><w n="14"/><w n="15">cā</w><w n="16">kṣi</w><w n="17">kū</w><w n="18" lemma="ṭaḥ">ṭo | </w></cl><cl><w n="19">nā</w><w n="20">sā</w><w n="21">la</w><w n="22">lā</w><w n="23" lemma="ṭaṃ">ṭam </w></cl><cl><w n="24">a</w><w n="25" lemma="pi">pi </w></cl><cl><w n="26">cā</w><w n="27" lemma="tha">tha </w></cl><cl><w n="28">śi</w><w n="29" lemma="śuḥ">śuḥ </w><w n="30" lemma="sa">sa </w></cl><cl><w n="31">ni</w><w n="32" lemma="tyaṃ">tyaṃ </w></cl></text></TEI></teiCorpus>