<?xml version="1.0" encoding="UTF-8"?>
<teiCorpus xmlns="http://www.tei-c.org/ns/1.0" xml:lang="sa-Latn">
  <teiHeader>
<listWit>
<witness xml:id="A" source="06-ut-vulgate-1938-1-30.xml">
<abbr>A</abbr>
<expan>Printed edition: Ācārya 1938: Uttaratantra 1-30</expan>
</witness>
<witness xml:id="K" source="kl_699_uttaratantra-1-30.xml">
<abbr>K</abbr>
<expan>MSS Kathmandu KL 699: Uttaratantra</expan>
<listWit>
<witness xml:id="Kac" n="ac">
<abbr>Kac</abbr>
<expan>MSS Kathmandu KL 699: Uttaratantra [ante correctionem]</expan>
</witness>
<witness xml:id="Kpc" n="pc">
<abbr type="siglum">Kpc</abbr>
<expan>MSS Kathmandu KL 699: Uttaratantra [post correctionem]</expan>
</witness>
</listWit>
</witness>
<witness xml:id="H" source="nak_5-333_uttaratantra-1-30.xml">
<abbr>H</abbr>
<expan>MS Kathmandu NAK 5-333, Uttaratantra</expan>
<listWit>
<witness xml:id="Hac" n="ac">
<abbr>Hac</abbr>
<expan>MS Kathmandu NAK 5-333, Uttaratantra [ante correctionem]</expan>
</witness>
<witness xml:id="Hpc" n="pc">
<abbr type="siglum">Hpc</abbr>
<expan>MS Kathmandu NAK 5-333, Uttaratantra [post correctionem]</expan>
</witness>
</listWit>
</witness>
<witness xml:id="NE" source="provisional-edition_uttaratantra-1-30.xml">
<abbr>NE</abbr>
<expan>The Nepalese Version of the Suśrutasaṃhitā, uttaratantra 1-30, based on the
                    Nepalese MSS</expan>
</witness>
</listWit>
    <encodingDesc>
      <editorialDecl>
        <segmentation>
          <ab type="tokenization">aksara</ab>
          <ab type="blockid">SS.6.18.85</ab>
          <ab type="targetedition">NE</ab>
          <ab type="scoring">
            <ab type="match">1</ab>
            <ab type="mismatch">-1</ab>
            <ab type="gapopen">-2</ab>
            <ab type="gapextend">-0.25</ab>
            <ab type="recursive">true</ab>
            <ab type="realigndepth">20</ab>
            <ab type="distancefunction">ngrams</ab>
            
          </ab>
        </segmentation>
        <normalization method="markup">
<ab>ignore punctuation</ab>
<ab>candrabindu as anusvāra</ab>
<ab>geminated aspirated consonants</ab>
<ab>geminated m after h</ab>
<ab>geminated t</ab>
<ab>geminated consonants after r</ab>
<ab>final nasal variants</ab>
<ab>internal nasal variants</ab>
<ab>final anusvāra variants</ab>
<ab>visarga aḥ before voiced consonants</ab>
<ab>visarga aḥ before vowels</ab>
<ab>visarga aḥ before unvoiced consonants and space + anusvāra</ab>
<ab>visarga āḥ variants</ab>
<ab>other visarga variants</ab>
<ab>superfluous avagrahas</ab>
<ab>double avagrahas</ab>
<ab>avagrahas to short a</ab>
<ab>internal visarga variants</ab>
<ab>final au/āv</ab>
<ab>final su</ab>
<ab>final i</ab>
<ab>kcch/kś</ab>
<ab>cś/tś</ab>
<ab>cch/ch</ab>
<ab>final t + hi</ab>
<ab>final t + voiced syllable</ab>
<ab>final t + n/m</ab>
<ab>final t + c/j</ab>
<ab>i/y + vowel</ab>
<ab>bhd for bdh</ab>
<ab>remove spaces</ab>
        </normalization>
        <ab type="tagfilters">
<tag subtype="ignore">pc</tag>
<tag subtype="ignore">head</tag>
<tag subtype="ignore">label</tag>
<tag subtype="ignore">note</tag>
<tag subtype="ignore">num</tag>
<tag subtype="ignore">locus</tag>
<tag subtype="ignore">supplied</tag>
<tag subtype="ignore">surplus</tag>
        </ab>
      </editorialDecl>
    </encodingDesc>
    <xenoData>
      <stemma format="nexml" id="stemma0"><nex:nexml xmlns:nex="http://www.nexml.org/2009" version="0.9"><nex:otus id="otus1"><nex:otu id="otu0" label="A"/><nex:otu id="otu1" label="H"/><nex:otu id="otu2" label="K"/><nex:otu id="otu3" label="NE"/></nex:otus><nex:trees otus="otus1" id="trees1"><nex:tree id="guidetree" label="guidetree" xsi:type="nex:FloatTree" xmlns:xsi="http://www.w3.org/2001/XMLSchema-instance"><nex:node id="136146cd-220b-4416-aae2-6d7bfb3df58f" root="true"/><nex:node id="9cae40f5-36f9-48c3-87ca-f010b22d566a"/><nex:node id="5d0e067c-9968-4ebe-a261-74055e0d5832" label="A" otu="otu2"/><nex:node id="e3798c33-5374-4f1e-a5e6-1f73f60db05e" label="H" otu="otu3"/><nex:node id="c3d591bc-a925-4d86-974f-4365c33a24c2"/><nex:node id="fdb9bf66-344b-4921-93fa-a027cecc64c9" label="K" otu="otu5"/><nex:node id="e2c68e79-4fcc-4b3d-8f27-36013502f778" label="NE" otu="otu6"/><nex:edge source="136146cd-220b-4416-aae2-6d7bfb3df58f" target="9cae40f5-36f9-48c3-87ca-f010b22d566a" id="edge0" length="0"/><nex:edge source="136146cd-220b-4416-aae2-6d7bfb3df58f" target="c3d591bc-a925-4d86-974f-4365c33a24c2" id="edge1" length="0"/><nex:edge source="9cae40f5-36f9-48c3-87ca-f010b22d566a" target="5d0e067c-9968-4ebe-a261-74055e0d5832" id="edge2" length="1"/><nex:edge source="9cae40f5-36f9-48c3-87ca-f010b22d566a" target="e3798c33-5374-4f1e-a5e6-1f73f60db05e" id="edge3" length="0"/><nex:edge source="c3d591bc-a925-4d86-974f-4365c33a24c2" target="fdb9bf66-344b-4921-93fa-a027cecc64c9" id="edge4" length="0"/><nex:edge source="c3d591bc-a925-4d86-974f-4365c33a24c2" target="e2c68e79-4fcc-4b3d-8f27-36013502f778" id="edge5" length="0"/></nex:tree></nex:trees></nex:nexml></stemma>
    </xenoData>
  </teiHeader>
<TEI n="A"><text><w n="0" lemma="a"> a</w><cl><w n="1" lemma="ṣṭau">ṣṭau </w><w n="2">bhā</w><w n="3">gā</w><w n="4"/><w n="5"/></cl><cl><w n="6" lemma="naṃ">n añ</w><w n="7">ja</w><w n="8">na</w><w n="9" lemma="sya">sya </w></cl><cl><w n="10">nī</w><w n="11">lo</w><w n="12">tpa</w><w n="13">la</w><w n="14">sa</w><w n="15">ma</w><w n="16">tvi</w><w n="17" lemma="ṣaḥ">ṣaḥ | </w></cl><cl><w n="18"/><w n="19">au</w></cl><cl><w n="20" lemma="ḍuṃ">ḍum</w><w n="21">ba</w><w n="22" lemma="raṃ">raṃ </w></cl><w n="23">śā</w><cl><w n="24">ta</w><w n="25">ku</w><w n="26" lemma="mbhaṃ">mbhaṃ </w><w n="27">rā</w><w n="28">ja</w><w n="29" lemma="taṃ">taṃ </w><w n="30" lemma="ca">ca </w></cl><cl><w n="31">sa</w><w n="32">mā</w><w n="33">sa</w><w n="34" lemma="taḥ">taḥ || </w></cl></text></TEI><TEI n="H"><text><w n="0" lemma=""> </w><cl><w n="1"/><w n="2">bhā</w><w n="3">gā</w><w n="4" lemma="na">n a</w><w n="5" lemma="ṣṭau">ṣṭāv </w></cl><cl><w n="6" lemma="aṃ">añ</w><w n="7">ja</w><w n="8">na</w><w n="9" lemma="sya">sya , </w></cl><cl><w n="10">nī</w><w n="11">lo</w><w n="12">tpa</w><w n="13">la</w><w n="14">su</w><w n="15">ga</w><w n="16">ndhi</w><w n="17" lemma="naḥ">naḥ | </w></cl><cl><w n="18">tā</w><w n="19" lemma="mraṃ">mraṃ </w></cl><cl><w n="20">su</w><w n="21">va</w><w n="22" lemma="rṇaṃ">rṇṇañ </w></cl><w n="23" lemma="ca">ca </w><cl><w n="24">bha</w><w n="25"/><w n="26">ve</w><w n="27" lemma="tra">d ra</w><w n="28">ja</w><w n="29" lemma="taṃ">tañ </w><w n="30" lemma="ca">ca </w></cl><cl><w n="31">sa</w><w n="32">māṃ</w><w n="33">sa</w><w n="34" lemma="taḥ">taḥ || </w></cl></text></TEI><TEI n="K"><text><w n="0" lemma=""> </w><cl><w n="1"/><w n="2">bhā</w><w n="3">gā</w><w n="4" lemma="na">n a</w><w n="5" lemma="ṣṭau">ṣṭāv </w></cl><cl><w n="6" lemma="aṃ">añ</w><w n="7">ja</w><w n="8" lemma="na">na-</w><w n="9" lemma="sya">sya </w></cl><cl><w n="10">nī</w><w n="11">lo</w><w n="12">tpa</w><w n="13">la</w><w n="14">su</w><w n="15">ga</w><w n="16">ndhi</w><w n="17" lemma="naḥ">naḥ | </w></cl><cl><w n="18">tā</w><w n="19" lemma="mraṃ">mraṃ </w></cl><cl><w n="20">su</w><w n="21">va</w><w n="22" lemma="rṇaṃ">rṇṇañ </w></cl><w n="23" lemma="ca">ca </w><cl><w n="24">bha</w><w n="25"/><w n="26">ve</w><w n="27" lemma="tra">d ra</w><w n="28">ja</w><w n="29" lemma="taṃ">tañ </w><w n="30" lemma="ca">ca </w></cl><cl><w n="31">sa</w><w n="32">māṃ</w><w n="33">śa</w><w n="34" lemma="taḥ">taḥ | </w></cl></text></TEI><TEI n="NE"><text><w n="0" lemma=""> </w><cl><w n="1"/><w n="2">bhā</w><w n="3">gā</w><w n="4" lemma="na">n a</w><w n="5" lemma="ṣṭau">ṣṭāv </w></cl><cl><w n="6" lemma="aṃ">añ</w><w n="7">ja</w><w n="8" lemma="na">na-</w><w n="9" lemma="sya">sya </w></cl><cl><w n="10">nī</w><w n="11">lo</w><w n="12">tpa</w><w n="13">la</w><w n="14">su</w><w n="15">ga</w><w n="16">ndhi</w><w n="17" lemma="naḥ">naḥ | </w></cl><cl><w n="18">tā</w><w n="19" lemma="mraṃ">mraṃ </w></cl><cl><w n="20">su</w><w n="21">va</w><w n="22" lemma="rṇaṃ">rṇṇañ </w></cl><w n="23" lemma="ca">ca </w><cl><w n="24">bha</w><w n="25"/><w n="26">ve</w><w n="27" lemma="tra">d ra</w><w n="28">ja</w><w n="29" lemma="taṃ">tañ </w><w n="30" lemma="ca">ca </w></cl><cl><w n="31">sa</w><w n="32">māṃ</w><w n="33">śa</w><w n="34" lemma="taḥ">taḥ | </w></cl></text></TEI></teiCorpus>