<?xml version="1.0" encoding="UTF-8"?>
<teiCorpus xmlns="http://www.tei-c.org/ns/1.0" xml:lang="sa-Latn">
  <teiHeader>
<listWit>
<witness xml:id="A" source="06-ut-vulgate-1938-1-30.xml">
<abbr>A</abbr>
<expan>Printed edition: Ācārya 1938: Uttaratantra 1-30</expan>
</witness>
<witness xml:id="K" source="kl_699_uttaratantra-1-30.xml">
<abbr>K</abbr>
<expan>MSS Kathmandu KL 699: Uttaratantra</expan>
<listWit>
<witness xml:id="Kac" n="ac">
<abbr>Kac</abbr>
<expan>MSS Kathmandu KL 699: Uttaratantra [ante correctionem]</expan>
</witness>
<witness xml:id="Kpc" n="pc">
<abbr type="siglum">Kpc</abbr>
<expan>MSS Kathmandu KL 699: Uttaratantra [post correctionem]</expan>
</witness>
</listWit>
</witness>
<witness xml:id="H" source="nak_5-333_uttaratantra-1-30.xml">
<abbr>H</abbr>
<expan>MS Kathmandu NAK 5-333, Uttaratantra</expan>
<listWit>
<witness xml:id="Hac" n="ac">
<abbr>Hac</abbr>
<expan>MS Kathmandu NAK 5-333, Uttaratantra [ante correctionem]</expan>
</witness>
<witness xml:id="Hpc" n="pc">
<abbr type="siglum">Hpc</abbr>
<expan>MS Kathmandu NAK 5-333, Uttaratantra [post correctionem]</expan>
</witness>
</listWit>
</witness>
<witness xml:id="NE" source="provisional-edition_uttaratantra-1-30.xml">
<abbr>NE</abbr>
<expan>The Nepalese Version of the Suśrutasaṃhitā, uttaratantra 1-30, based on the
                    Nepalese MSS</expan>
</witness>
</listWit>
    <encodingDesc>
      <editorialDecl>
        <segmentation>
          <ab type="tokenization">aksara</ab>
          <ab type="blockid">SS.6.17.96</ab>
          <ab type="targetedition">NE</ab>
          <ab type="scoring">
            <ab type="match">1</ab>
            <ab type="mismatch">-1</ab>
            <ab type="gapopen">-2</ab>
            <ab type="gapextend">-0.25</ab>
            <ab type="recursive">true</ab>
            <ab type="realigndepth">20</ab>
            <ab type="distancefunction">ngrams</ab>
            
          </ab>
        </segmentation>
        <normalization method="markup">
<ab>ignore punctuation</ab>
<ab>candrabindu as anusvāra</ab>
<ab>geminated aspirated consonants</ab>
<ab>geminated m after h</ab>
<ab>geminated t</ab>
<ab>geminated consonants after r</ab>
<ab>final nasal variants</ab>
<ab>internal nasal variants</ab>
<ab>final anusvāra variants</ab>
<ab>visarga aḥ before voiced consonants</ab>
<ab>visarga aḥ before vowels</ab>
<ab>visarga aḥ before unvoiced consonants and space + anusvāra</ab>
<ab>visarga āḥ variants</ab>
<ab>other visarga variants</ab>
<ab>superfluous avagrahas</ab>
<ab>double avagrahas</ab>
<ab>avagrahas to short a</ab>
<ab>internal visarga variants</ab>
<ab>final au/āv</ab>
<ab>final su</ab>
<ab>final i</ab>
<ab>kcch/kś</ab>
<ab>cś/tś</ab>
<ab>cch/ch</ab>
<ab>final t + hi</ab>
<ab>final t + voiced syllable</ab>
<ab>final t + n/m</ab>
<ab>final t + c/j</ab>
<ab>i/y + vowel</ab>
<ab>bhd for bdh</ab>
<ab>remove spaces</ab>
        </normalization>
        <ab type="tagfilters">
<tag subtype="ignore">pc</tag>
<tag subtype="ignore">head</tag>
<tag subtype="ignore">label</tag>
<tag subtype="ignore">note</tag>
<tag subtype="ignore">num</tag>
<tag subtype="ignore">locus</tag>
<tag subtype="ignore">supplied</tag>
<tag subtype="ignore">surplus</tag>
        </ab>
      </editorialDecl>
    </encodingDesc>
    <xenoData>
      <stemma format="nexml" id="stemma0"><nex:nexml xmlns:nex="http://www.nexml.org/2009" version="0.9"><nex:otus id="otus1"><nex:otu id="otu0" label="H"/><nex:otu id="otu1" label="K"/><nex:otu id="otu2" label="A"/><nex:otu id="otu3" label="NE"/></nex:otus><nex:trees otus="otus1" id="trees1"><nex:tree id="guidetree" label="guidetree" xsi:type="nex:FloatTree" xmlns:xsi="http://www.w3.org/2001/XMLSchema-instance"><nex:node id="0f812727-4b26-4296-8594-0db6ca320a4d" root="true"/><nex:node id="c5348d56-28e2-4271-a5ea-72b3d3c43626"/><nex:node id="8eea1d02-ed1a-466e-b351-f5525aa91ac9" label="H" otu="otu2"/><nex:node id="d0eacda8-dafa-4202-afd3-9d25a61292e8" label="K" otu="otu3"/><nex:node id="cf71f56e-c16f-4c60-96bd-44dbd542286e"/><nex:node id="75ee9d24-a714-4ddd-a212-d952b47fdde4" label="A" otu="otu5"/><nex:node id="f528c85c-2e0d-4eb9-8150-a9cf5c156699" label="NE" otu="otu6"/><nex:edge source="0f812727-4b26-4296-8594-0db6ca320a4d" target="c5348d56-28e2-4271-a5ea-72b3d3c43626" id="edge0" length="0.046022910785859655"/><nex:edge source="0f812727-4b26-4296-8594-0db6ca320a4d" target="cf71f56e-c16f-4c60-96bd-44dbd542286e" id="edge1" length="0.046022910785859655"/><nex:edge source="c5348d56-28e2-4271-a5ea-72b3d3c43626" target="8eea1d02-ed1a-466e-b351-f5525aa91ac9" id="edge2" length="0.39693741891167184"/><nex:edge source="c5348d56-28e2-4271-a5ea-72b3d3c43626" target="d0eacda8-dafa-4202-afd3-9d25a61292e8" id="edge3" length="0.5549054320810329"/><nex:edge source="cf71f56e-c16f-4c60-96bd-44dbd542286e" target="75ee9d24-a714-4ddd-a212-d952b47fdde4" id="edge4" length="0.3882983997862426"/><nex:edge source="cf71f56e-c16f-4c60-96bd-44dbd542286e" target="f528c85c-2e0d-4eb9-8150-a9cf5c156699" id="edge5" length="0.24104154191495675"/></nex:tree></nex:trees></nex:nexml></stemma>
    </xenoData>
  </teiHeader>
<TEI n="H"><text><cl><w n="0">dṛ</w><w n="1" lemma="ṣṭaiḥ">ṣṭair </w></cl><cl><w n="2">a</w><w n="3" lemma="taḥ">taḥ </w></cl><cl><w n="4">pra</w><w n="5">sā</w><w n="6">dā</w><w n="7" lemma="rthaṃ">rtham </w></cl><cl><w n="8" lemma="aṃ">añ</w><w n="9">ja</w><w n="10" lemma="ne">ne </w></cl><cl><w n="11">śṛ</w><w n="12" lemma="ṇu">ṇu </w><w n="13" lemma="me">me </w></cl><cl><w n="14">śu</w><w n="15" lemma="bhe">bhe | </w></cl><cl><w n="16">me</w><w n="17">ṣa</w><w n="18" lemma="śṛṃ">śṛṅ</w><w n="19" lemma="gyāḥ">gyās </w><w n="20" lemma="tu">tu </w></cl><cl><w n="21">pu</w><w n="22">ṣpā</w><w n="23" lemma="ṇi">ṇi </w></cl><cl><w n="24">śi</w><w n="25">rī</w><w n="26">ṣa</w><w n="27">dha</w><w n="28">va</w><w n="29" lemma="yoḥ">yor </w></cl><cl><w n="30">a</w><w n="31" lemma="pi">pi || </w></cl></text></TEI><TEI n="K"><text><cl><w n="0">dṛ</w><w n="1" lemma="ṣṭeḥ">ṣṭeḥ </w></cl><cl><w n="2"/><w n="3"/></cl><cl><w n="4">pra</w><w n="5">sā</w><w n="6" lemma="de">de </w><w n="7"/></cl><cl><w n="8"/><w n="9">ja</w><w n="10" lemma="ne">ne </w></cl><cl><w n="11">śṛ</w><w n="12" lemma="ṇu">ṇu </w><w n="13" lemma="me">me </w></cl><cl><w n="14">śu</w><w n="15" lemma="bhe">bhe | </w></cl><cl><w n="16">me</w><w n="17">ṣa</w><w n="18" lemma="śṛṃ">śṛṅ</w><w n="19" lemma="gyāḥ">gyās </w><w n="20" lemma="tu">tu </w></cl><cl><w n="21">pu</w><w n="22">ṣpā</w><w n="23" lemma="ṇi">ṇi </w></cl><cl><w n="24">śi</w><w n="25">rī</w><w n="26">ṣa</w><w n="27">dha</w><w n="28">va</w><w n="29" lemma="yoḥ">yor </w></cl><cl><w n="30">a</w><w n="31" lemma="pi">pi </w></cl></text></TEI><TEI n="A"><text><cl><w n="0" lemma="dṛ"> dṛ</w><w n="1" lemma="ṣṭeḥ">ṣṭer </w></cl><cl><w n="2">a</w><w n="3" lemma="taḥ">taḥ </w></cl><cl><w n="4">pra</w><w n="5">sā</w><w n="6">dā</w><w n="7" lemma="rthaṃ">rtham </w></cl><cl><w n="8" lemma="aṃ">añ</w><w n="9">ja</w><w n="10" lemma="ne">ne </w></cl><cl><w n="11">śṛ</w><w n="12" lemma="ṇu">ṇu </w><w n="13" lemma="me">me </w></cl><cl><w n="14">śu</w><w n="15" lemma="bhe">bhe | </w></cl><cl><w n="16">me</w><w n="17">ṣa</w><w n="18" lemma="śṛṃ">śṛṅ</w><w n="19">ga</w><w n="20" lemma="sya">sya </w></cl><cl><w n="21">pu</w><w n="22">ṣpā</w><w n="23" lemma="ṇi">ṇi </w></cl><cl><w n="24">śi</w><w n="25">rī</w><w n="26">ṣa</w><w n="27">dha</w><w n="28">va</w><w n="29" lemma="yoḥ">yor </w></cl><cl><w n="30">a</w><w n="31" lemma="pi">pi || </w></cl></text></TEI><TEI n="NE"><text><cl><w n="0" lemma="dṛ"> dṛ</w><w n="1" lemma="ṣṭeḥ">ṣṭer </w></cl><cl><w n="2">a</w><w n="3" lemma="taḥ">taḥ </w></cl><cl><w n="4">pra</w><w n="5">sā</w><w n="6">dā</w><w n="7" lemma="rthaṃ">rtham </w></cl><cl><w n="8" lemma="aṃ">añ</w><w n="9">ja</w><w n="10" lemma="ne">ne </w></cl><cl><w n="11">śṛ</w><w n="12" lemma="ṇu">ṇu </w><w n="13" lemma="me">me </w></cl><cl><w n="14">śu</w><w n="15" lemma="bhe">bhe ||78|| </w></cl><cl><w n="16">me</w><w n="17">ṣa</w><w n="18" lemma="śṛṃ">śṛṅ</w><w n="19" lemma="gyāḥ">gyās </w><w n="20" lemma="tu">tu </w></cl><cl><w n="21">pu</w><w n="22">ṣpā</w><w n="23" lemma="ṇi">ṇi </w></cl><cl><w n="24">śi</w><w n="25">rī</w><w n="26">ṣa</w><w n="27">dha</w><w n="28">va</w><w n="29" lemma="yoḥ">yor </w></cl><cl><w n="30">a</w><w n="31" lemma="pi">pi | </w></cl></text></TEI></teiCorpus>