<?xml version="1.0" encoding="UTF-8"?>
<teiCorpus xmlns="http://www.tei-c.org/ns/1.0" xml:lang="sa-Latn">
  <teiHeader>
<listWit>
<witness xml:id="A" source="06-ut-vulgate-1938-1-30.xml">
<abbr>A</abbr>
<expan>Printed edition: Ācārya 1938: Uttaratantra 1-30</expan>
</witness>
<witness xml:id="K" source="kl_699_uttaratantra-1-30.xml">
<abbr>K</abbr>
<expan>MSS Kathmandu KL 699: Uttaratantra</expan>
<listWit>
<witness xml:id="Kac" n="ac">
<abbr>Kac</abbr>
<expan>MSS Kathmandu KL 699: Uttaratantra [ante correctionem]</expan>
</witness>
<witness xml:id="Kpc" n="pc">
<abbr type="siglum">Kpc</abbr>
<expan>MSS Kathmandu KL 699: Uttaratantra [post correctionem]</expan>
</witness>
</listWit>
</witness>
<witness xml:id="H" source="nak_5-333_uttaratantra-1-30.xml">
<abbr>H</abbr>
<expan>MS Kathmandu NAK 5-333, Uttaratantra</expan>
<listWit>
<witness xml:id="Hac" n="ac">
<abbr>Hac</abbr>
<expan>MS Kathmandu NAK 5-333, Uttaratantra [ante correctionem]</expan>
</witness>
<witness xml:id="Hpc" n="pc">
<abbr type="siglum">Hpc</abbr>
<expan>MS Kathmandu NAK 5-333, Uttaratantra [post correctionem]</expan>
</witness>
</listWit>
</witness>
<witness xml:id="NE" source="provisional-edition_uttaratantra-1-30.xml">
<abbr>NE</abbr>
<expan>The Nepalese Version of the Suśrutasaṃhitā, uttaratantra 1-30, based on the
                    Nepalese MSS</expan>
</witness>
</listWit>
    <encodingDesc>
      <editorialDecl>
        <segmentation>
          <ab type="tokenization">aksara</ab>
          <ab type="blockid">SS.6.20.16</ab>
          <ab type="targetedition">NE</ab>
          <ab type="scoring">
            <ab type="match">1</ab>
            <ab type="mismatch">-1</ab>
            <ab type="gapopen">-2</ab>
            <ab type="gapextend">-0.25</ab>
            <ab type="recursive">true</ab>
            <ab type="realigndepth">20</ab>
            <ab type="distancefunction">ngrams</ab>
            
          </ab>
        </segmentation>
        <normalization method="markup">
<ab>ignore punctuation</ab>
<ab>candrabindu as anusvāra</ab>
<ab>geminated aspirated consonants</ab>
<ab>geminated m after h</ab>
<ab>geminated t</ab>
<ab>geminated consonants after r</ab>
<ab>final nasal variants</ab>
<ab>internal nasal variants</ab>
<ab>final anusvāra variants</ab>
<ab>visarga aḥ before voiced consonants</ab>
<ab>visarga aḥ before vowels</ab>
<ab>visarga aḥ before unvoiced consonants and space + anusvāra</ab>
<ab>visarga āḥ variants</ab>
<ab>other visarga variants</ab>
<ab>superfluous avagrahas</ab>
<ab>double avagrahas</ab>
<ab>avagrahas to short a</ab>
<ab>internal visarga variants</ab>
<ab>final au/āv</ab>
<ab>final su</ab>
<ab>final i</ab>
<ab>kcch/kś</ab>
<ab>cś/tś</ab>
<ab>cch/ch</ab>
<ab>final t + hi</ab>
<ab>final t + voiced syllable</ab>
<ab>final t + n/m</ab>
<ab>final t + c/j</ab>
<ab>i/y + vowel</ab>
<ab>bhd for bdh</ab>
<ab>remove spaces</ab>
        </normalization>
        <ab type="tagfilters">
<tag subtype="ignore">pc</tag>
<tag subtype="ignore">head</tag>
<tag subtype="ignore">label</tag>
<tag subtype="ignore">note</tag>
<tag subtype="ignore">num</tag>
<tag subtype="ignore">locus</tag>
<tag subtype="ignore">supplied</tag>
<tag subtype="ignore">surplus</tag>
        </ab>
      </editorialDecl>
    </encodingDesc>
    <xenoData>
      <stemma format="nexml" id="stemma0"><nex:nexml xmlns:nex="http://www.nexml.org/2009" version="0.9"><nex:otus id="otus1"><nex:otu id="otu0" label="A"/><nex:otu id="otu1" label="Hac"/><nex:otu id="otu2" label="Hpc"/><nex:otu id="otu3" label="K"/><nex:otu id="otu4" label="NE"/></nex:otus><nex:trees otus="otus1" id="trees1"><nex:tree id="guidetree" label="guidetree" xsi:type="nex:FloatTree" xmlns:xsi="http://www.w3.org/2001/XMLSchema-instance"><nex:node id="8f500c53-d53f-4fc6-b04b-e05760b66e31" root="true"/><nex:node id="553af6da-595c-4a45-b7a2-31f6309ace1d"/><nex:node id="36e60185-d72d-4a5c-85d2-8a2e657b6846" label="A" otu="otu2"/><nex:node id="a2973747-b5a5-40c9-991e-2786770b9467"/><nex:node id="e2344eba-45cb-4cfc-8d5e-ec5c63b4b45a" label="Hac" otu="otu4"/><nex:node id="eb7589fb-7f93-4d3a-88b4-1f50cbff5b93" label="Hpc" otu="otu5"/><nex:node id="6aeee444-16fb-4e04-ab23-532978bd6dbd"/><nex:node id="b27a44ad-e0c3-4fef-b999-f3a5dfd85271" label="K" otu="otu7"/><nex:node id="ed7f4dae-409a-45d1-81dc-9423a29f844b" label="NE" otu="otu8"/><nex:edge source="8f500c53-d53f-4fc6-b04b-e05760b66e31" target="553af6da-595c-4a45-b7a2-31f6309ace1d" id="edge0" length="0.19496001844178906"/><nex:edge source="8f500c53-d53f-4fc6-b04b-e05760b66e31" target="6aeee444-16fb-4e04-ab23-532978bd6dbd" id="edge1" length="0.19496001844178906"/><nex:edge source="553af6da-595c-4a45-b7a2-31f6309ace1d" target="36e60185-d72d-4a5c-85d2-8a2e657b6846" id="edge2" length="0.8385058719538929"/><nex:edge source="553af6da-595c-4a45-b7a2-31f6309ace1d" target="a2973747-b5a5-40c9-991e-2786770b9467" id="edge3" length="0.13992003688357824"/><nex:edge source="6aeee444-16fb-4e04-ab23-532978bd6dbd" target="b27a44ad-e0c3-4fef-b999-f3a5dfd85271" id="edge4" length="0"/><nex:edge source="6aeee444-16fb-4e04-ab23-532978bd6dbd" target="ed7f4dae-409a-45d1-81dc-9423a29f844b" id="edge5" length="0"/><nex:edge source="a2973747-b5a5-40c9-991e-2786770b9467" target="e2344eba-45cb-4cfc-8d5e-ec5c63b4b45a" id="edge6" length="0"/><nex:edge source="a2973747-b5a5-40c9-991e-2786770b9467" target="eb7589fb-7f93-4d3a-88b4-1f50cbff5b93" id="edge7" length="0"/></nex:tree></nex:trees></nex:nexml></stemma>
    </xenoData>
  </teiHeader>
<TEI n="A"><text><cl><w n="0" lemma="a"> a</w><w n="1">ve</w><w n="2">da</w><w n="3" lemma="naḥ">no </w></cl><cl><w n="4">vā</w><w n="5" lemma="pi">py </w></cl><cl><w n="6">a</w><w n="7">tha</w><w n="8" lemma="vā">vā </w></cl><cl><w n="9">sa</w><w n="10">ve</w><w n="11">da</w><w n="12" lemma="naḥ">no </w></cl><cl><w n="13">gha</w><w n="14" lemma="naṃ">naṃ </w></cl><cl><w n="15">sra</w><w n="16">ve</w><w n="17" lemma="tpū">t pū</w><w n="18" lemma="ti">ti </w><w n="19" lemma="ca">ca </w><w n="20">pū</w><w n="21">ti</w><w n="22">ka</w><w n="23">rṇa</w><w n="24" lemma="kaḥ">kaḥ | </w></cl><cl><w n="25">pra</w><w n="26">di</w><w n="27">ṣṭa</w><w n="28" lemma="liṃ">liṅ</w><w n="29">gā</w><w n="30">nya</w></cl><cl><w n="31">ra</w><w n="32">śāṃ</w><w n="33" lemma="si">si </w></cl><cl><w n="34">ta</w><w n="35" lemma="tva">ttva</w><w n="36" lemma="taḥ">tas </w></cl><cl><w n="37">ta</w><w n="38">thai</w><w n="39" lemma="va">va </w></cl><cl><w n="40">śo</w><w n="41">phā</w><w n="42">rbu</w><w n="43">da</w><w n="44" lemma="liṃ">liṅ</w><w n="45">ga</w></cl><cl><w n="46">mī</w><w n="47">ri</w><w n="48" lemma="taṃ">tam | </w></cl><cl><w n="49">ma</w><w n="50" lemma="yā">yā </w></cl><cl><w n="51">pu</w><w n="52">ra</w><w n="53">stā</w><w n="54" lemma="tpra">t pra</w><w n="55">sa</w><w n="56">mī</w><w n="57" lemma="kṣya">kṣya </w><w n="58">yo</w><w n="59">ja</w><w n="60">ye</w><w n="61" lemma="ti">d i</w><w n="62">hai</w><w n="63" lemma="va">va </w><w n="64">tā</w><w n="65">va</w><w n="66" lemma="tpra">t pra</w><w n="67">ya</w><w n="68" lemma="taḥ">to </w><w n="69">bhi</w><w n="70">ṣa</w><w n="71">gva</w><w n="72" lemma="raḥ">raḥ ||</w></cl></text></TEI><TEI n="Hac"><text><cl><w n="0" lemma="a"> a</w><w n="1">ve</w><w n="2">da</w><w n="3" lemma="naḥ">no </w></cl><cl><w n="4">vā</w><w n="5" lemma="pi">py </w></cl><cl><w n="6">a</w><w n="7">tha</w><w n="8" lemma="vā">vā </w></cl><cl><w n="9">ru</w><w n="10" lemma="jāṃ">jān</w><w n="11">vi</w><w n="12" lemma="taḥ">to </w></cl><cl><w n="13">gha</w><w n="14" lemma="naṃ">naṃ </w></cl><cl><w n="15">sra</w><w n="16">ve</w><w n="17" lemma="tpū">t pū</w><w n="18">ti</w><w n="19">ka</w><w n="20">pū</w><w n="21">ti</w><w n="22">ka</w><w n="23" lemma="rṇa">rṇṇa</w><w n="24" lemma="taḥ">taḥ | </w></cl><cl><w n="25">pra</w><w n="26">ti</w><w n="27">ṣṭa</w><w n="28">liṃ</w><w n="29">gā</w><w n="30" lemma="ni">ny </w></cl><cl><w n="31">a</w><w n="32">rśāṃ</w><w n="33" lemma="si">si </w></cl><cl><w n="34">ya</w><w n="35">tna</w><w n="36" lemma="taḥ">taḥs </w></cl><cl><w n="37">ta</w><w n="38">thai</w><w n="39" lemma="va">va </w></cl><cl><w n="40">śo</w><w n="41">phā</w><w n="42" lemma="rbu">rbbu</w><w n="43">da</w><w n="44">liṃ</w><w n="45" lemma="gaṃ">gam </w></cl><cl><w n="46">ī</w><w n="47">ri</w><w n="48" lemma="taṃ">tam </w></cl><cl><w n="49">i</w><w n="50" lemma="ti❈">ti || ❈ ||</w></cl><cl><w n="51"/><w n="52"/><w n="53"/><w n="54"/><w n="55"/><w n="56"/><w n="57"/><w n="58"/><w n="59"/><w n="60"/><w n="61"/><w n="62"/><w n="63"/><w n="64"/><w n="65"/><w n="66"/><w n="67"/><w n="68"/><w n="69"/><w n="70"/><w n="71"/><w n="72"/></cl></text></TEI><TEI n="Hpc"><text><cl><w n="0" lemma="a"> a</w><w n="1">ve</w><w n="2">da</w><w n="3" lemma="naḥ">no </w></cl><cl><w n="4">vā</w><w n="5" lemma="pi">py </w></cl><cl><w n="6">a</w><w n="7">tha</w><w n="8" lemma="vā">vā </w></cl><cl><w n="9">ru</w><w n="10" lemma="jāṃ">jān</w><w n="11">vi</w><w n="12" lemma="taḥ">to </w></cl><cl><w n="13">gha</w><w n="14" lemma="naṃ">naṃ </w></cl><cl><w n="15">sra</w><w n="16">ve</w><w n="17" lemma="tpū">t pū</w><w n="18">ti</w><w n="19">ka</w><w n="20">pū</w><w n="21">ti</w><w n="22">ka</w><w n="23" lemma="rṇa">rṇṇa</w><w n="24" lemma="taḥ">taḥ | </w></cl><cl><w n="25">pra</w><w n="26">ti</w><w n="27">ṣṭa</w><w n="28">liṃ</w><w n="29">gā</w><w n="30" lemma="ni">ny </w></cl><cl><w n="31">a</w><w n="32">rśāṃ</w><w n="33" lemma="si">si </w></cl><cl><w n="34">ya</w><w n="35">tna</w><w n="36" lemma="taḥ">tas </w></cl><cl><w n="37">ta</w><w n="38">thai</w><w n="39" lemma="va">va </w></cl><cl><w n="40">śo</w><w n="41">phā</w><w n="42" lemma="rbu">rbbu</w><w n="43">da</w><w n="44">liṃ</w><w n="45" lemma="gaṃ">gam </w></cl><cl><w n="46">ī</w><w n="47">ri</w><w n="48" lemma="taṃ">tam </w></cl><cl><w n="49">i</w><w n="50" lemma="ti❈">ti || ❈ ||</w></cl><cl><w n="51"/><w n="52"/><w n="53"/><w n="54"/><w n="55"/><w n="56"/><w n="57"/><w n="58"/><w n="59"/><w n="60"/><w n="61"/><w n="62"/><w n="63"/><w n="64"/><w n="65"/><w n="66"/><w n="67"/><w n="68"/><w n="69"/><w n="70"/><w n="71"/><w n="72"/></cl></text></TEI><TEI n="K"><text><cl><w n="0" lemma="a"> a</w><w n="1">ve</w><w n="2">da</w><w n="3" lemma="naḥ">no </w></cl><cl><w n="4">vā</w><w n="5" lemma="pi">py </w></cl><cl><w n="6">a</w><w n="7">tha</w><w n="8" lemma="vā">vā </w></cl><cl><w n="9">ru</w><w n="10" lemma="jāṃ">jān</w><w n="11">vi</w><w n="12" lemma="taḥ">to </w></cl><cl><w n="13">gha</w><w n="14" lemma="ṇaṃ">ṇaṃ </w></cl><cl><w n="15">sra</w><w n="16">ve</w><w n="17" lemma="tpū">t pū</w><w n="18">ti</w><w n="19">ka</w><w n="20">pū</w><w n="21">ti</w><w n="22">ka</w><w n="23" lemma="rṇa">rṇṇa</w><w n="24" lemma="taḥ">taḥ | </w></cl><cl><w n="25">pra</w><w n="26">di</w><w n="27">ṣṭa</w><w n="28" lemma="liṃ">liṅ</w><w n="29">gā</w><w n="30" lemma="ni">ny </w></cl><cl><w n="31">a</w><w n="32">rśāṃ</w><w n="33" lemma="si">si </w></cl><cl><w n="34">ya</w><w n="35">tna</w><w n="36" lemma="taḥ">tas </w></cl><cl><w n="37">ta</w><w n="38">thai</w><w n="39" lemma="va">va </w></cl><cl><w n="40">śo</w><w n="41">phā</w><w n="42">rbu</w><w n="43">da</w><w n="44" lemma="liṃ">liṅ</w><w n="45" lemma="gaṃ">gam </w></cl><cl><w n="46">ī</w><w n="47">ri</w><w n="48" lemma="taṃ">tam </w></cl><cl><w n="49">i</w><w n="50" lemma="ti">ti || </w></cl><cl><w n="51"/><w n="52"/><w n="53"/><w n="54"/><w n="55"/><w n="56"/><w n="57"/><w n="58"/><w n="59"/><w n="60"/><w n="61"/><w n="62"/><w n="63"/><w n="64"/><w n="65"/><w n="66"/><w n="67"/><w n="68"/><w n="69"/><w n="70"/><w n="71"/><w n="72"/></cl></text></TEI><TEI n="NE"><text><cl><w n="0" lemma="a"> a</w><w n="1">ve</w><w n="2">da</w><w n="3" lemma="naḥ">no </w></cl><cl><w n="4">vā</w><w n="5" lemma="pi">py </w></cl><cl><w n="6">a</w><w n="7">tha</w><w n="8" lemma="vā">vā </w></cl><cl><w n="9">ru</w><w n="10" lemma="jāṃ">jān</w><w n="11">vi</w><w n="12" lemma="taḥ">to </w></cl><cl><w n="13">gha</w><w n="14" lemma="ṇaṃ">ṇaṃ </w></cl><cl><w n="15">sra</w><w n="16">ve</w><w n="17" lemma="tpū">t pū</w><w n="18">ti</w><w n="19">ka</w><w n="20">pū</w><w n="21">ti</w><w n="22">ka</w><w n="23" lemma="rṇa">rṇṇa</w><w n="24" lemma="taḥ">taḥ | </w></cl><cl><w n="25">pra</w><w n="26">di</w><w n="27">ṣṭa</w><w n="28" lemma="liṃ">liṅ</w><w n="29">gā</w><w n="30" lemma="ni">ny </w></cl><cl><w n="31">a</w><w n="32">rśāṃ</w><w n="33" lemma="si">si </w></cl><cl><w n="34">ya</w><w n="35">tna</w><w n="36" lemma="taḥ">tas </w></cl><cl><w n="37">ta</w><w n="38">thai</w><w n="39" lemma="va">va </w></cl><cl><w n="40">śo</w><w n="41">phā</w><w n="42">rbu</w><w n="43">da</w><w n="44" lemma="liṃ">liṅ</w><w n="45" lemma="gaṃ">gam </w></cl><cl><w n="46">ī</w><w n="47">ri</w><w n="48" lemma="taṃ">tam </w></cl><cl><w n="49">i</w><w n="50" lemma="ti">ti || </w></cl><cl><w n="51"/><w n="52"/><w n="53"/><w n="54"/><w n="55"/><w n="56"/><w n="57"/><w n="58"/><w n="59"/><w n="60"/><w n="61"/><w n="62"/><w n="63"/><w n="64"/><w n="65"/><w n="66"/><w n="67"/><w n="68"/><w n="69"/><w n="70"/><w n="71"/><w n="72"/></cl></text></TEI></teiCorpus>