<?xml version="1.0" encoding="UTF-8"?>
<teiCorpus xmlns="http://www.tei-c.org/ns/1.0" xml:lang="sa-Latn">
  <teiHeader>
<listWit>
<witness xml:id="A" source="06-ut-vulgate-1938-1-30.xml">
<abbr>A</abbr>
<expan>Printed edition: Ācārya 1938: Uttaratantra 1-30</expan>
</witness>
<witness xml:id="K" source="kl_699_uttaratantra-1-30.xml">
<abbr>K</abbr>
<expan>MSS Kathmandu KL 699: Uttaratantra</expan>
<listWit>
<witness xml:id="Kac" n="ac">
<abbr>Kac</abbr>
<expan>MSS Kathmandu KL 699: Uttaratantra [ante correctionem]</expan>
</witness>
<witness xml:id="Kpc" n="pc">
<abbr type="siglum">Kpc</abbr>
<expan>MSS Kathmandu KL 699: Uttaratantra [post correctionem]</expan>
</witness>
</listWit>
</witness>
<witness xml:id="H" source="nak_5-333_uttaratantra-1-30.xml">
<abbr>H</abbr>
<expan>MS Kathmandu NAK 5-333, Uttaratantra</expan>
<listWit>
<witness xml:id="Hac" n="ac">
<abbr>Hac</abbr>
<expan>MS Kathmandu NAK 5-333, Uttaratantra [ante correctionem]</expan>
</witness>
<witness xml:id="Hpc" n="pc">
<abbr type="siglum">Hpc</abbr>
<expan>MS Kathmandu NAK 5-333, Uttaratantra [post correctionem]</expan>
</witness>
</listWit>
</witness>
<witness xml:id="NE" source="provisional-edition_uttaratantra-1-30.xml">
<abbr>NE</abbr>
<expan>The Nepalese Version of the Suśrutasaṃhitā, uttaratantra 1-30, based on the
                    Nepalese MSS</expan>
</witness>
</listWit>
    <encodingDesc>
      <editorialDecl>
        <segmentation>
          <ab type="tokenization">aksara</ab>
          <ab type="blockid">SS.6.17.82</ab>
          <ab type="targetedition">NE</ab>
          <ab type="scoring">
            <ab type="match">1</ab>
            <ab type="mismatch">-1</ab>
            <ab type="gapopen">-2</ab>
            <ab type="gapextend">-0.25</ab>
            <ab type="recursive">true</ab>
            <ab type="realigndepth">20</ab>
            <ab type="distancefunction">ngrams</ab>
            
          </ab>
        </segmentation>
        <normalization method="markup">
<ab>ignore punctuation</ab>
<ab>candrabindu as anusvāra</ab>
<ab>geminated aspirated consonants</ab>
<ab>geminated m after h</ab>
<ab>geminated t</ab>
<ab>geminated consonants after r</ab>
<ab>final nasal variants</ab>
<ab>internal nasal variants</ab>
<ab>final anusvāra variants</ab>
<ab>visarga aḥ before voiced consonants</ab>
<ab>visarga aḥ before vowels</ab>
<ab>visarga aḥ before unvoiced consonants and space + anusvāra</ab>
<ab>visarga āḥ variants</ab>
<ab>other visarga variants</ab>
<ab>superfluous avagrahas</ab>
<ab>double avagrahas</ab>
<ab>avagrahas to short a</ab>
<ab>internal visarga variants</ab>
<ab>final au/āv</ab>
<ab>final su</ab>
<ab>final i</ab>
<ab>kcch/kś</ab>
<ab>cś/tś</ab>
<ab>cch/ch</ab>
<ab>final t + hi</ab>
<ab>final t + voiced syllable</ab>
<ab>final t + n/m</ab>
<ab>final t + c/j</ab>
<ab>i/y + vowel</ab>
<ab>bhd for bdh</ab>
<ab>remove spaces</ab>
        </normalization>
        <ab type="tagfilters">
<tag subtype="ignore">pc</tag>
<tag subtype="ignore">head</tag>
<tag subtype="ignore">label</tag>
<tag subtype="ignore">note</tag>
<tag subtype="ignore">num</tag>
<tag subtype="ignore">locus</tag>
<tag subtype="ignore">supplied</tag>
<tag subtype="ignore">surplus</tag>
        </ab>
      </editorialDecl>
    </encodingDesc>
    <xenoData>
      <stemma format="nexml" id="stemma0"><nex:nexml xmlns:nex="http://www.nexml.org/2009" version="0.9"><nex:otus id="otus1"><nex:otu id="otu0" label="A"/><nex:otu id="otu1" label="H"/><nex:otu id="otu2" label="K"/><nex:otu id="otu3" label="NE"/></nex:otus><nex:trees otus="otus1" id="trees1"><nex:tree id="guidetree" label="guidetree" xsi:type="nex:FloatTree" xmlns:xsi="http://www.w3.org/2001/XMLSchema-instance"><nex:node id="48f64e21-b910-4a37-89e9-948d49b8bfde" root="true"/><nex:node id="51e47a49-dcd5-4675-89a2-9d47c9d6155a"/><nex:node id="84903640-4849-46d5-84f9-4dcc900c4178" label="A" otu="otu2"/><nex:node id="5ae4278a-f2fd-4bae-9d54-462c949aa1b5" label="H" otu="otu3"/><nex:node id="38389019-e057-4321-9be1-3702cdf160f2"/><nex:node id="46b31e97-d887-4d50-957b-110d3d6b32c5" label="K" otu="otu5"/><nex:node id="8ca11b38-b2f6-41dd-9f01-7c161ac6ba2e" label="NE" otu="otu6"/><nex:edge source="48f64e21-b910-4a37-89e9-948d49b8bfde" target="51e47a49-dcd5-4675-89a2-9d47c9d6155a" id="edge0" length="0.21192536668781953"/><nex:edge source="48f64e21-b910-4a37-89e9-948d49b8bfde" target="38389019-e057-4321-9be1-3702cdf160f2" id="edge1" length="0.21192536668781953"/><nex:edge source="51e47a49-dcd5-4675-89a2-9d47c9d6155a" target="84903640-4849-46d5-84f9-4dcc900c4178" id="edge2" length="0.5761492666243611"/><nex:edge source="51e47a49-dcd5-4675-89a2-9d47c9d6155a" target="5ae4278a-f2fd-4bae-9d54-462c949aa1b5" id="edge3" length="0.42385073337563894"/><nex:edge source="38389019-e057-4321-9be1-3702cdf160f2" target="46b31e97-d887-4d50-957b-110d3d6b32c5" id="edge4" length="0"/><nex:edge source="38389019-e057-4321-9be1-3702cdf160f2" target="8ca11b38-b2f6-41dd-9f01-7c161ac6ba2e" id="edge5" length="0"/></nex:tree></nex:trees></nex:nexml></stemma>
    </xenoData>
  </teiHeader>
<TEI n="A"><text><cl><w n="0" lemma="śa"> śa</w><w n="1">lā</w><w n="2" lemma="kā">kā </w><w n="3">ka</w><w n="4">rka</w><w n="5" lemma="śā">śā </w><w n="6">śū</w><w n="7" lemma="laṃ">laṃ </w></cl><cl><w n="8">kha</w><w n="9" lemma="rā">rā </w><w n="10">do</w><w n="11">ṣa</w><w n="12">pa</w><w n="13">ri</w><w n="14">plu</w><w n="15" lemma="tiṃ">tim | </w></cl><cl><w n="16">vra</w><w n="17" lemma="ṇaṃ">ṇaṃ </w></cl><cl><w n="18">vi</w><w n="19">śā</w><w n="20" lemma="laṃ">laṃ </w></cl><cl><w n="21">sthū</w><w n="22">lā</w><w n="23" lemma="grā">grā </w></cl><cl><w n="24">tī</w><w n="25" lemma="kṣṇā">kṣṇā </w></cl><cl><w n="26">hiṃ</w><w n="27">syā</w><w n="28" lemma="ta">d a</w><w n="29">ne</w><w n="30">ka</w><w n="31" lemma="dhā">dhā || </w></cl></text></TEI><TEI n="H"><text><cl><w n="0" lemma="śa"> śa</w><w n="1">lā</w><w n="2">kā</w><w n="3" lemma="tka">t ka</w><w n="4" lemma="rka">rkka</w><w n="5">śā</w><w n="6" lemma="thū">tthū</w><w n="7" lemma="laṃ">laṃ </w></cl><cl><w n="8">kṛ</w><w n="9">śo</w><w n="10" lemma="tdo">d do</w><w n="11">ṣa</w><w n="12">pa</w><w n="13">ri</w><w n="14">pla</w><w n="15" lemma="vaṃ">vaṃ || </w></cl><cl><w n="16">vra</w><w n="17" lemma="ṇaṃ">ṇam </w></cl><cl><w n="18">vi</w><w n="19">śā</w><w n="20" lemma="laṃ">laṃ </w></cl><cl><w n="21">sthū</w><w n="22">lā</w><w n="23" lemma="grāṃ">grān </w></cl><cl><w n="24">tī</w><w n="25" lemma="kṣṇaṃ">kṣṇaṃ </w></cl><cl><w n="26">hiṃ</w><w n="27">syā</w><w n="28" lemma="ta">d a</w><w n="29">ne</w><w n="30">ka</w><w n="31" lemma="dhā">dhā || </w></cl></text></TEI><TEI n="K"><text><cl><w n="0" lemma="śa"> śa</w><w n="1">lā</w><w n="2">kā</w><w n="3" lemma="tka">t ka</w><w n="4">rka</w><w n="5">śā</w><w n="6" lemma="cchū">c chū</w><w n="7" lemma="laṃ">laṃ </w></cl><cl><w n="8">kṛ</w><w n="9">śā</w><w n="10" lemma="tdo">d do</w><w n="11">ṣa</w><w n="12">pa</w><w n="13">ri</w><w n="14">pla</w><w n="15" lemma="vaṃ">vaṃ || </w></cl><cl><w n="16">vra</w><w n="17" lemma="ṇaṃ">ṇaṃ </w></cl><cl><w n="18">vi</w><w n="19">śā</w><w n="20" lemma="laṃ">laṃ </w></cl><cl><w n="21">sthū</w><w n="22">lā</w><w n="23" lemma="grāṃ">grān </w></cl><cl><w n="24">tī</w><w n="25" lemma="kṣṇaṃ">kṣṇaṃ </w></cl><cl><w n="26">hiṃ</w><w n="27">syā</w><w n="28" lemma="ta">d a</w><w n="29">ne</w><w n="30">ka</w><w n="31" lemma="dhā">dhā || </w></cl></text></TEI><TEI n="NE"><text><cl><w n="0" lemma="śa"> śa</w><w n="1">lā</w><w n="2">kā</w><w n="3" lemma="tka">t ka</w><w n="4">rka</w><w n="5">śā</w><w n="6" lemma="cchū">c chū</w><w n="7" lemma="laṃ">laṃ </w></cl><cl><w n="8">kṛ</w><w n="9">śā</w><w n="10" lemma="tdo">d do</w><w n="11">ṣa</w><w n="12">pa</w><w n="13">ri</w><w n="14">pla</w><w n="15" lemma="vaṃ">vaṃ ||64|| </w></cl><cl><w n="16">vra</w><w n="17" lemma="ṇaṃ">ṇaṃ </w></cl><cl><w n="18">vi</w><w n="19">śā</w><w n="20" lemma="laṃ">laṃ </w></cl><cl><w n="21">sthū</w><w n="22">lā</w><w n="23" lemma="grāṃ">grān </w></cl><cl><w n="24">tī</w><w n="25" lemma="kṣṇaṃ">kṣṇaṃ </w></cl><cl><w n="26">hiṃ</w><w n="27">syā</w><w n="28" lemma="ta">d a</w><w n="29">ne</w><w n="30">ka</w><w n="31" lemma="dhā">dhā | </w></cl></text></TEI></teiCorpus>