<?xml version="1.0" encoding="UTF-8"?>
<teiCorpus xmlns="http://www.tei-c.org/ns/1.0" xml:lang="sa-Latn">
  <teiHeader>
<listWit>
<witness xml:id="A" source="06-ut-vulgate-1938-1-30.xml">
<abbr>A</abbr>
<expan>Printed edition: Ācārya 1938: Uttaratantra 1-30</expan>
</witness>
<witness xml:id="K" source="kl_699_uttaratantra-1-30.xml">
<abbr>K</abbr>
<expan>MSS Kathmandu KL 699: Uttaratantra</expan>
<listWit>
<witness xml:id="Kac" n="ac">
<abbr>Kac</abbr>
<expan>MSS Kathmandu KL 699: Uttaratantra [ante correctionem]</expan>
</witness>
<witness xml:id="Kpc" n="pc">
<abbr type="siglum">Kpc</abbr>
<expan>MSS Kathmandu KL 699: Uttaratantra [post correctionem]</expan>
</witness>
</listWit>
</witness>
<witness xml:id="H" source="nak_5-333_uttaratantra-1-30.xml">
<abbr>H</abbr>
<expan>MS Kathmandu NAK 5-333, Uttaratantra</expan>
<listWit>
<witness xml:id="Hac" n="ac">
<abbr>Hac</abbr>
<expan>MS Kathmandu NAK 5-333, Uttaratantra [ante correctionem]</expan>
</witness>
<witness xml:id="Hpc" n="pc">
<abbr type="siglum">Hpc</abbr>
<expan>MS Kathmandu NAK 5-333, Uttaratantra [post correctionem]</expan>
</witness>
</listWit>
</witness>
<witness xml:id="NE" source="provisional-edition_uttaratantra-1-30.xml">
<abbr>NE</abbr>
<expan>The Nepalese Version of the Suśrutasaṃhitā, uttaratantra 1-30, based on the
                    Nepalese MSS</expan>
</witness>
</listWit>
    <encodingDesc>
      <editorialDecl>
        <segmentation>
          <ab type="tokenization">aksara</ab>
          <ab type="blockid">SS.6.17.3</ab>
          <ab type="targetedition">NE</ab>
          <ab type="scoring">
            <ab type="match">1</ab>
            <ab type="mismatch">-1</ab>
            <ab type="gapopen">-2</ab>
            <ab type="gapextend">-0.25</ab>
            <ab type="recursive">true</ab>
            <ab type="realigndepth">20</ab>
            <ab type="distancefunction">ngrams</ab>
            
          </ab>
        </segmentation>
        <normalization method="markup">
<ab>ignore punctuation</ab>
<ab>candrabindu as anusvāra</ab>
<ab>geminated aspirated consonants</ab>
<ab>geminated m after h</ab>
<ab>geminated t</ab>
<ab>geminated consonants after r</ab>
<ab>final nasal variants</ab>
<ab>internal nasal variants</ab>
<ab>final anusvāra variants</ab>
<ab>visarga aḥ before voiced consonants</ab>
<ab>visarga aḥ before vowels</ab>
<ab>visarga aḥ before unvoiced consonants and space + anusvāra</ab>
<ab>visarga āḥ variants</ab>
<ab>other visarga variants</ab>
<ab>superfluous avagrahas</ab>
<ab>double avagrahas</ab>
<ab>avagrahas to short a</ab>
<ab>internal visarga variants</ab>
<ab>final au/āv</ab>
<ab>final su</ab>
<ab>final i</ab>
<ab>kcch/kś</ab>
<ab>cś/tś</ab>
<ab>cch/ch</ab>
<ab>final t + hi</ab>
<ab>final t + voiced syllable</ab>
<ab>final t + n/m</ab>
<ab>final t + c/j</ab>
<ab>i/y + vowel</ab>
<ab>bhd for bdh</ab>
<ab>remove spaces</ab>
        </normalization>
        <ab type="tagfilters">
<tag subtype="ignore">pc</tag>
<tag subtype="ignore">head</tag>
<tag subtype="ignore">label</tag>
<tag subtype="ignore">note</tag>
<tag subtype="ignore">num</tag>
<tag subtype="ignore">locus</tag>
<tag subtype="ignore">supplied</tag>
<tag subtype="ignore">surplus</tag>
        </ab>
      </editorialDecl>
    </encodingDesc>
    <xenoData>
      <stemma format="nexml" id="stemma0"><nex:nexml xmlns:nex="http://www.nexml.org/2009" version="0.9"><nex:otus id="otus1"><nex:otu id="otu0" label="H"/><nex:otu id="otu1" label="K"/><nex:otu id="otu2" label="A"/><nex:otu id="otu3" label="NE"/></nex:otus><nex:trees otus="otus1" id="trees1"><nex:tree id="guidetree" label="guidetree" xsi:type="nex:FloatTree" xmlns:xsi="http://www.w3.org/2001/XMLSchema-instance"><nex:node id="6eef21b8-8422-44e1-92e0-40848a490783" root="true"/><nex:node id="31047d55-fcac-43c8-b426-daefe21dd472"/><nex:node id="b58efde5-a5ff-4015-a216-b1fde587d95a" label="H" otu="otu2"/><nex:node id="72b43ad3-a273-473d-b914-e32586f41e59" label="K" otu="otu3"/><nex:node id="3f05d7e4-919f-4ead-bca7-40c44d728553"/><nex:node id="7e97777e-b818-4d54-8c7f-07096e8954db" label="A" otu="otu5"/><nex:node id="61e7ba1e-9497-4905-be18-23502953f4f0" label="NE" otu="otu6"/><nex:edge source="6eef21b8-8422-44e1-92e0-40848a490783" target="31047d55-fcac-43c8-b426-daefe21dd472" id="edge0" length="0.008957923825121394"/><nex:edge source="6eef21b8-8422-44e1-92e0-40848a490783" target="3f05d7e4-919f-4ead-bca7-40c44d728553" id="edge1" length="0.008957923825121394"/><nex:edge source="31047d55-fcac-43c8-b426-daefe21dd472" target="b58efde5-a5ff-4015-a216-b1fde587d95a" id="edge2" length="0.3186768124950979"/><nex:edge source="31047d55-fcac-43c8-b426-daefe21dd472" target="72b43ad3-a273-473d-b914-e32586f41e59" id="edge3" length="0.35450850779558346"/><nex:edge source="3f05d7e4-919f-4ead-bca7-40c44d728553" target="7e97777e-b818-4d54-8c7f-07096e8954db" id="edge4" length="0.6454914922044166"/><nex:edge source="3f05d7e4-919f-4ead-bca7-40c44d728553" target="61e7ba1e-9497-4905-be18-23502953f4f0" id="edge5" length="0.3545085077955834"/></nex:tree></nex:trees></nex:nexml></stemma>
    </xenoData>
  </teiHeader>
<TEI n="H"><text><cl><w n="0" lemma="tra"> tra</w><w n="1" lemma="yaḥ">yaḥ </w></cl><cl><w n="2">sā</w><w n="3" lemma="dhyāḥ">dhyās </w></cl><cl><w n="4">tra</w><w n="5" lemma="yaḥ">yo </w></cl><cl><w n="6" lemma="a">'</w><w n="7">sā</w><w n="8"/><w n="9"/><w n="10" lemma="dhyāḥ">dhyāḥ </w></cl><cl><w n="11">ṣa</w><w n="12" lemma="ṭca">ṭ ca </w></cl><cl><w n="13">yā</w><w n="14" lemma="pyā">pyā </w></cl><cl><w n="15">bha</w><w n="16" lemma="vaṃ">van</w><w n="17" lemma="ti">ti </w><w n="18" lemma="ha">ha | </w></cl><cl><w n="19">ro</w><w n="20" lemma="gā">gā </w></cl><cl><w n="21">dṛ</w><w n="22">ṣṭi</w><w n="23">ga</w><w n="24" lemma="tā">tā </w></cl><cl><w n="25">nṝ</w><w n="26" lemma="ṇāṃ">ṇān </w></cl><cl><w n="27">te</w><w n="28" lemma="ṣu">ṣu </w></cl><cl><w n="29">sā</w><w n="30" lemma="rdhyaḥ">rdhyas </w></cl><cl><w n="31">tra</w><w n="32" lemma="yaḥ">yas </w></cl><cl><w n="33">tra</w><w n="34" lemma="ye">ye | </w></cl><cl><w n="35">ta</w><w n="36">trai</w><w n="37">ka</w><w n="38" lemma="sya">sya </w></cl><cl><w n="39">pra</w><w n="40">tī</w><w n="41">kā</w><w n="42" lemma="raḥ">raḥ </w></cl><cl><w n="43">kī</w><w n="44">rti</w><w n="45" lemma="taḥ">to </w></cl><cl><w n="46">dhū</w><w n="47">ma</w><w n="48">da</w><w n="49">rśi</w><w n="50" lemma="naḥ">naḥ ||</w></cl></text></TEI><TEI n="K"><text><cl><w n="0" lemma="tra"> tra</w><w n="1" lemma="yaḥ">yaḥ </w></cl><cl><w n="2">sā</w><w n="3" lemma="dhyāḥ">dhyās </w></cl><cl><w n="4">tra</w><w n="5" lemma="yaḥ">yo </w></cl><cl><w n="6" lemma="a"/><w n="7">sā</w><w n="8"/><w n="9"/><w n="10" lemma="dhyāḥ">dhyāḥ </w></cl><cl><w n="11">ṣa</w><w n="12" lemma="ṭca">ṭ ca </w></cl><cl><w n="13">yā</w><w n="14" lemma="pyā">pyā </w></cl><cl><w n="15">bha</w><w n="16" lemma="vaṃ">van</w><w n="17" lemma="ti">ti </w><w n="18" lemma="ha">ha | </w></cl><cl><w n="19">ro</w><w n="20">ga</w></cl><cl><w n="21">dṛ</w><w n="22">ṣṭi</w><w n="23">ga</w><w n="24" lemma="tā">tā </w></cl><cl><w n="25">nṝ</w><w n="26" lemma="ṇāṃ">ṇāṃ </w></cl><cl><w n="27">te</w><w n="28" lemma="ṣu">ṣu </w></cl><cl><w n="29">sā</w><w n="30" lemma="dhyāḥ">dhyās </w></cl><cl><w n="31">tra</w><w n="32" lemma="yaḥ">yas </w></cl><cl><w n="33">tra</w><w n="34" lemma="ye">ye | </w></cl><cl><w n="35">ta</w><w n="36">trai</w><w n="37">ka</w><w n="38" lemma="sya">sya </w></cl><cl><w n="39">pra</w><w n="40">tī</w><w n="41">kā</w><w n="42" lemma="raḥ">raḥ </w></cl><cl><w n="43">kī</w><w n="44">rti</w><w n="45" lemma="taḥ">to </w></cl><cl><w n="46">dhū</w><w n="47">ma</w><w n="48">da</w><w n="49">rśi</w><w n="50" lemma="naḥ">naḥ |</w></cl></text></TEI><TEI n="A"><text><cl><w n="0" lemma="tra"> tra</w><w n="1" lemma="yaḥ">yaḥ </w></cl><cl><w n="2">sā</w><w n="3">dhyā</w></cl><cl><w n="4">stra</w><w n="5" lemma="yaḥ">yo </w></cl><cl><w n="6" lemma="a">'</w><w n="7">sā</w><w n="8" lemma="dhyā">dhyā </w><w n="9">yā</w><w n="10" lemma="pyāḥ">pyāḥ </w></cl><cl><w n="11">ṣa</w><w n="12" lemma="ṭca">ṭ ca </w></cl><cl><w n="13"/><w n="14"/></cl><cl><w n="15">bha</w><w n="16" lemma="vaṃ">van</w><w n="17" lemma="ti">ti </w><w n="18" lemma="hi">hi | </w></cl><cl><w n="19"/><w n="20"/></cl><cl><w n="21"/><w n="22"/><w n="23"/><w n="24"/></cl><cl><w n="25"/><w n="26"/></cl><cl><w n="27"/><w n="28"/></cl><cl><w n="29"/><w n="30"/></cl><cl><w n="31"/><w n="32"/></cl><cl><w n="33"/><w n="34"/></cl><cl><w n="35">ta</w><w n="36">trai</w><w n="37">ka</w><w n="38" lemma="sya">sya </w></cl><cl><w n="39">pra</w><w n="40">tī</w><w n="41">kā</w><w n="42" lemma="raḥ">raḥ </w></cl><cl><w n="43">kī</w><w n="44">rti</w><w n="45" lemma="taḥ">to </w></cl><cl><w n="46">dhū</w><w n="47">ma</w><w n="48">da</w><w n="49">rśi</w><w n="50" lemma="naḥ">naḥ || </w></cl></text></TEI><TEI n="NE"><text><cl><w n="0" lemma="tra"> tra</w><w n="1" lemma="yaḥ">yaḥ </w></cl><cl><w n="2">sā</w><w n="3" lemma="dhyāḥ">dhyās </w></cl><cl><w n="4">tra</w><w n="5" lemma="yaḥ">yo </w></cl><cl><w n="6" lemma="a">'</w><w n="7">sā</w><w n="8"/><w n="9"/><w n="10" lemma="dhyāḥ">dhyāḥ </w></cl><cl><w n="11">ṣa</w><w n="12" lemma="ṭca">ṭ ca </w></cl><cl><w n="13">yā</w><w n="14" lemma="pyā">pyā </w></cl><cl><w n="15">bha</w><w n="16" lemma="vaṃ">van</w><w n="17" lemma="ti">ti </w><w n="18" lemma="ha">ha | </w></cl><cl><w n="19">ro</w><w n="20" lemma="gā">gā </w></cl><cl><w n="21">dṛ</w><w n="22">ṣṭi</w><w n="23">ga</w><w n="24" lemma="tā">tā </w></cl><cl><w n="25">nṝ</w><w n="26" lemma="ṇāṃ">ṇāṃ </w></cl><cl><w n="27">te</w><w n="28" lemma="ṣu">ṣu </w></cl><cl><w n="29">sā</w><w n="30" lemma="dhyāḥ">dhyās </w></cl><cl><w n="31">tra</w><w n="32" lemma="yaḥ">yas </w></cl><cl><w n="33">tra</w><w n="34" lemma="ye">ye || </w></cl><cl><w n="35">ta</w><w n="36">trai</w><w n="37">ka</w><w n="38" lemma="sya">sya </w></cl><cl><w n="39">pra</w><w n="40">tī</w><w n="41">kā</w><w n="42" lemma="raḥ">raḥ </w></cl><cl><w n="43">kī</w><w n="44">rti</w><w n="45" lemma="taḥ">to </w></cl><cl><w n="46">dhū</w><w n="47">ma</w><w n="48">da</w><w n="49">rśi</w><w n="50" lemma="naḥ">naḥ | </w></cl></text></TEI></teiCorpus>