<?xml version="1.0" encoding="UTF-8"?>
<teiCorpus xmlns="http://www.tei-c.org/ns/1.0" xml:lang="sa-Latn">
  <teiHeader>
<listWit>
<witness xml:id="A" source="06-ut-vulgate-1938-1-30.xml">
<abbr>A</abbr>
<expan>Printed edition: Ācārya 1938: Uttaratantra 1-30</expan>
</witness>
<witness xml:id="K" source="kl_699_uttaratantra-1-30.xml">
<abbr>K</abbr>
<expan>MSS Kathmandu KL 699: Uttaratantra</expan>
<listWit>
<witness xml:id="Kac" n="ac">
<abbr>Kac</abbr>
<expan>MSS Kathmandu KL 699: Uttaratantra [ante correctionem]</expan>
</witness>
<witness xml:id="Kpc" n="pc">
<abbr type="siglum">Kpc</abbr>
<expan>MSS Kathmandu KL 699: Uttaratantra [post correctionem]</expan>
</witness>
</listWit>
</witness>
<witness xml:id="H" source="nak_5-333_uttaratantra-1-30.xml">
<abbr>H</abbr>
<expan>MS Kathmandu NAK 5-333, Uttaratantra</expan>
<listWit>
<witness xml:id="Hac" n="ac">
<abbr>Hac</abbr>
<expan>MS Kathmandu NAK 5-333, Uttaratantra [ante correctionem]</expan>
</witness>
<witness xml:id="Hpc" n="pc">
<abbr type="siglum">Hpc</abbr>
<expan>MS Kathmandu NAK 5-333, Uttaratantra [post correctionem]</expan>
</witness>
</listWit>
</witness>
<witness xml:id="NE" source="provisional-edition_uttaratantra-1-30.xml">
<abbr>NE</abbr>
<expan>The Nepalese Version of the Suśrutasaṃhitā, uttaratantra 1-30, based on the
                    Nepalese MSS</expan>
</witness>
</listWit>
    <encodingDesc>
      <editorialDecl>
        <segmentation>
          <ab type="tokenization">aksara</ab>
          <ab type="blockid">SS.6.19.5cd</ab>
          <ab type="targetedition">NE</ab>
          <ab type="scoring">
            <ab type="match">1</ab>
            <ab type="mismatch">-1</ab>
            <ab type="gapopen">-2</ab>
            <ab type="gapextend">-0.25</ab>
            <ab type="recursive">true</ab>
            <ab type="realigndepth">20</ab>
            <ab type="distancefunction">ngrams</ab>
            
          </ab>
        </segmentation>
        <normalization method="markup">
<ab>ignore punctuation</ab>
<ab>candrabindu as anusvāra</ab>
<ab>geminated aspirated consonants</ab>
<ab>geminated m after h</ab>
<ab>geminated t</ab>
<ab>geminated consonants after r</ab>
<ab>final nasal variants</ab>
<ab>internal nasal variants</ab>
<ab>final anusvāra variants</ab>
<ab>visarga aḥ before voiced consonants</ab>
<ab>visarga aḥ before vowels</ab>
<ab>visarga aḥ before unvoiced consonants and space + anusvāra</ab>
<ab>visarga āḥ variants</ab>
<ab>other visarga variants</ab>
<ab>superfluous avagrahas</ab>
<ab>double avagrahas</ab>
<ab>avagrahas to short a</ab>
<ab>internal visarga variants</ab>
<ab>final au/āv</ab>
<ab>final su</ab>
<ab>final i</ab>
<ab>kcch/kś</ab>
<ab>cś/tś</ab>
<ab>cch/ch</ab>
<ab>final t + hi</ab>
<ab>final t + voiced syllable</ab>
<ab>final t + n/m</ab>
<ab>final t + c/j</ab>
<ab>i/y + vowel</ab>
<ab>bhd for bdh</ab>
<ab>remove spaces</ab>
        </normalization>
        <ab type="tagfilters">
<tag subtype="ignore">pc</tag>
<tag subtype="ignore">head</tag>
<tag subtype="ignore">label</tag>
<tag subtype="ignore">note</tag>
<tag subtype="ignore">num</tag>
<tag subtype="ignore">locus</tag>
<tag subtype="ignore">supplied</tag>
<tag subtype="ignore">surplus</tag>
        </ab>
      </editorialDecl>
    </encodingDesc>
    <xenoData>
      <stemma format="nexml" id="stemma0"><nex:nexml xmlns:nex="http://www.nexml.org/2009" version="0.9"><nex:otus id="otus1"><nex:otu id="otu0" label="A"/><nex:otu id="otu1" label="K"/><nex:otu id="otu2" label="NE"/></nex:otus><nex:trees otus="otus1" id="trees1"><nex:tree id="guidetree" label="guidetree" xsi:type="nex:FloatTree" xmlns:xsi="http://www.w3.org/2001/XMLSchema-instance"><nex:node id="c0a94e6b-4314-473c-94c7-f4bde4178a9e" root="true"/><nex:node id="abc43af9-69b7-4ac5-88e6-dcb0b7c3047d"/><nex:node id="98e6e462-369f-4ab9-b6b6-412f8bf3ad3a" label="A" otu="otu2"/><nex:node id="4a5a79e6-e0f4-446a-9503-86a27317ef5c" label="K" otu="otu3"/><nex:node id="c35920b9-3768-47ff-ba7e-9cabe2b717c2" label="NE" otu="otu4"/><nex:edge source="c0a94e6b-4314-473c-94c7-f4bde4178a9e" target="abc43af9-69b7-4ac5-88e6-dcb0b7c3047d" id="edge0" length="0"/><nex:edge source="c0a94e6b-4314-473c-94c7-f4bde4178a9e" target="c35920b9-3768-47ff-ba7e-9cabe2b717c2" id="edge1" length="0"/><nex:edge source="abc43af9-69b7-4ac5-88e6-dcb0b7c3047d" target="98e6e462-369f-4ab9-b6b6-412f8bf3ad3a" id="edge2" length="1"/><nex:edge source="abc43af9-69b7-4ac5-88e6-dcb0b7c3047d" target="4a5a79e6-e0f4-446a-9503-86a27317ef5c" id="edge3" length="0"/></nex:tree></nex:trees></nex:nexml></stemma>
    </xenoData>
  </teiHeader>
<TEI n="A"><text><w n="0" lemma="a"> a</w><cl><w n="1">bhyā</w><w n="2">ha</w><w n="3" lemma="taṃ">taṃ </w><w n="4">na</w><w n="5">ya</w><w n="6">na</w><w n="7">mī</w><w n="8">ṣa</w><w n="9">da</w><w n="10">thā</w><w n="11">sya</w><w n="12">bā</w><w n="13">ṣpa</w><w n="14">saṃ</w><w n="15">sve</w><w n="16">di</w><w n="17" lemma="taṃ">taṃ </w><w n="18">bha</w><w n="19">va</w><w n="20" lemma="ti">ti </w><w n="21" lemma="taṃ">tan</w><w n="22">ni</w><w n="23">ru</w><w n="24" lemma="jaṃ">jaṃ </w><w n="25">kṣa</w><w n="26">ṇe</w><w n="27" lemma="na">na || </w><w n="28"/><w n="29"/></cl><cl><w n="30"/><w n="31"/><w n="32"/><w n="33"/><w n="34"/><w n="35"/><w n="36"/><w n="37"/><w n="38"/><w n="39"/><w n="40"/></cl></text></TEI><TEI n="K"><text><w n="0" lemma=""> </w><cl><w n="1"/><w n="2"/><w n="3"/><w n="4"/><w n="5"/><w n="6"/><w n="7"/><w n="8"/><w n="9"/><w n="10"/><w n="11"/><w n="12"/><w n="13"/><w n="14"/><w n="15"/><w n="16"/><w n="17"/><w n="18"/><w n="19"/><w n="20"/><w n="21"/><w n="22"/><w n="23"/><w n="24"/><w n="25"/><w n="26"/><w n="27">ma</w><w n="28">sti</w><w n="29" lemma="ṣkaṃ">ṣkam </w></cl><cl><w n="30">ū</w><w n="31">rdha</w><w n="32">pa</w><w n="33">ri</w><w n="34">ṣe</w><w n="35">ca</w><w n="36">na</w><w n="37">ta</w><w n="38">rpa</w><w n="39">nā</w><w n="40" lemma="dyaiḥ">dyaiḥ |</w></cl></text></TEI><TEI n="NE"><text><w n="0" lemma=""> </w><cl><w n="1"/><w n="2"/><w n="3"/><w n="4"/><w n="5"/><w n="6"/><w n="7"/><w n="8"/><w n="9"/><w n="10"/><w n="11"/><w n="12"/><w n="13"/><w n="14"/><w n="15"/><w n="16"/><w n="17"/><w n="18"/><w n="19"/><w n="20"/><w n="21"/><w n="22"/><w n="23"/><w n="24"/><w n="25"/><w n="26"/><w n="27">ma</w><w n="28">sti</w><w n="29" lemma="ṣkaṃ">ṣkam </w></cl><cl><w n="30">ū</w><w n="31">rdha</w><w n="32">pa</w><w n="33">ri</w><w n="34">ṣe</w><w n="35">ca</w><w n="36">na</w><w n="37">ta</w><w n="38">rpa</w><w n="39">nā</w><w n="40" lemma="dyaiḥ">dyaiḥ |</w></cl></text></TEI></teiCorpus>