<?xml version="1.0" encoding="UTF-8"?>
<teiCorpus xmlns="http://www.tei-c.org/ns/1.0" xml:lang="sa-Latn">
  <teiHeader>
<listWit>
<witness xml:id="A" source="06-ut-vulgate-1938-1-30.xml">
<abbr>A</abbr>
<expan>Printed edition: Ācārya 1938: Uttaratantra 1-30</expan>
</witness>
<witness xml:id="K" source="kl_699_uttaratantra-1-30.xml">
<abbr>K</abbr>
<expan>MSS Kathmandu KL 699: Uttaratantra</expan>
<listWit>
<witness xml:id="Kac" n="ac">
<abbr>Kac</abbr>
<expan>MSS Kathmandu KL 699: Uttaratantra [ante correctionem]</expan>
</witness>
<witness xml:id="Kpc" n="pc">
<abbr type="siglum">Kpc</abbr>
<expan>MSS Kathmandu KL 699: Uttaratantra [post correctionem]</expan>
</witness>
</listWit>
</witness>
<witness xml:id="H" source="nak_5-333_uttaratantra-1-30.xml">
<abbr>H</abbr>
<expan>MS Kathmandu NAK 5-333, Uttaratantra</expan>
<listWit>
<witness xml:id="Hac" n="ac">
<abbr>Hac</abbr>
<expan>MS Kathmandu NAK 5-333, Uttaratantra [ante correctionem]</expan>
</witness>
<witness xml:id="Hpc" n="pc">
<abbr type="siglum">Hpc</abbr>
<expan>MS Kathmandu NAK 5-333, Uttaratantra [post correctionem]</expan>
</witness>
</listWit>
</witness>
<witness xml:id="NE" source="provisional-edition_uttaratantra-1-30.xml">
<abbr>NE</abbr>
<expan>The Nepalese Version of the Suśrutasaṃhitā, uttaratantra 1-30, based on the
                    Nepalese MSS</expan>
</witness>
</listWit>
    <encodingDesc>
      <editorialDecl>
        <segmentation>
          <ab type="tokenization">aksara</ab>
          <ab type="blockid">SS.6.1.8</ab>
          <ab type="targetedition">NE</ab>
          <ab type="scoring">
            <ab type="match">1</ab>
            <ab type="mismatch">-1</ab>
            <ab type="gapopen">-2</ab>
            <ab type="gapextend">-0.25</ab>
            <ab type="recursive">true</ab>
            <ab type="realigndepth">20</ab>
            <ab type="distancefunction">ngrams</ab>
            
          </ab>
        </segmentation>
        <normalization method="markup">
<ab>ignore punctuation</ab>
<ab>candrabindu as anusvāra</ab>
<ab>geminated aspirated consonants</ab>
<ab>geminated m after h</ab>
<ab>geminated t</ab>
<ab>geminated consonants after r</ab>
<ab>final nasal variants</ab>
<ab>internal nasal variants</ab>
<ab>final anusvāra variants</ab>
<ab>visarga aḥ before voiced consonants</ab>
<ab>visarga aḥ before vowels</ab>
<ab>visarga aḥ before unvoiced consonants and space + anusvāra</ab>
<ab>visarga āḥ variants</ab>
<ab>other visarga variants</ab>
<ab>superfluous avagrahas</ab>
<ab>double avagrahas</ab>
<ab>avagrahas to short a</ab>
<ab>internal visarga variants</ab>
<ab>final au/āv</ab>
<ab>final su</ab>
<ab>final i</ab>
<ab>kcch/kś</ab>
<ab>cś/tś</ab>
<ab>cch/ch</ab>
<ab>final t + hi</ab>
<ab>final t + voiced syllable</ab>
<ab>final t + n/m</ab>
<ab>final t + c/j</ab>
<ab>i/y + vowel</ab>
<ab>bhd for bdh</ab>
<ab>remove spaces</ab>
        </normalization>
        <ab type="tagfilters">
<tag subtype="ignore">pc</tag>
<tag subtype="ignore">head</tag>
<tag subtype="ignore">label</tag>
<tag subtype="ignore">note</tag>
<tag subtype="ignore">num</tag>
<tag subtype="ignore">locus</tag>
<tag subtype="ignore">supplied</tag>
<tag subtype="ignore">surplus</tag>
        </ab>
      </editorialDecl>
    </encodingDesc>
    <xenoData>
      <stemma format="nexml" id="stemma0"><nex:nexml xmlns:nex="http://www.nexml.org/2009" version="0.9"><nex:otus id="otus1"><nex:otu id="otu0" label="A"/><nex:otu id="otu1" label="K"/><nex:otu id="otu2" label="H"/><nex:otu id="otu3" label="NE"/></nex:otus><nex:trees otus="otus1" id="trees1"><nex:tree id="guidetree" label="guidetree" xsi:type="nex:FloatTree" xmlns:xsi="http://www.w3.org/2001/XMLSchema-instance"><nex:node id="f292afa6-8003-4832-a0f6-ad2f9c4b5c6f" root="true"/><nex:node id="046ca7c6-7160-4c63-a20b-075c293ce4b7"/><nex:node id="42ca24ca-d1ee-4753-94a8-521ded1cd97e" label="A" otu="otu2"/><nex:node id="9bc81a8e-e235-4739-96bf-0c59dbf87197" label="K" otu="otu3"/><nex:node id="b1e08e0c-3b5b-4ad3-94aa-96304a90da73"/><nex:node id="32181627-33d1-49d1-aaaf-366cea7b02e9" label="H" otu="otu5"/><nex:node id="824fec60-525f-42d1-aa45-63d82ca9781a" label="NE" otu="otu6"/><nex:edge source="f292afa6-8003-4832-a0f6-ad2f9c4b5c6f" target="046ca7c6-7160-4c63-a20b-075c293ce4b7" id="edge0" length="0.14450779665176955"/><nex:edge source="f292afa6-8003-4832-a0f6-ad2f9c4b5c6f" target="b1e08e0c-3b5b-4ad3-94aa-96304a90da73" id="edge1" length="0.14450779665176955"/><nex:edge source="046ca7c6-7160-4c63-a20b-075c293ce4b7" target="42ca24ca-d1ee-4753-94a8-521ded1cd97e" id="edge2" length="0.6732589526366088"/><nex:edge source="046ca7c6-7160-4c63-a20b-075c293ce4b7" target="9bc81a8e-e235-4739-96bf-0c59dbf87197" id="edge3" length="0.32674104736339116"/><nex:edge source="b1e08e0c-3b5b-4ad3-94aa-96304a90da73" target="32181627-33d1-49d1-aaaf-366cea7b02e9" id="edge4" length="0"/><nex:edge source="b1e08e0c-3b5b-4ad3-94aa-96304a90da73" target="824fec60-525f-42d1-aa45-63d82ca9781a" id="edge5" length="0"/></nex:tree></nex:trees></nex:nexml></stemma>
    </xenoData>
  </teiHeader>
<TEI n="A"><text><cl><w n="0" lemma="ya"> ya</w><w n="1">tro</w><w n="2" lemma="ktā">ktā </w></cl><cl><w n="3">vi</w><w n="4">vi</w><w n="5" lemma="dhā">dhā </w></cl><cl><w n="6">a</w><w n="7" lemma="rthā">rthā </w></cl><cl><w n="8">ro</w><w n="9">ga</w><w n="10">sā</w><w n="11">dha</w><w n="12">na</w><w n="13">he</w><w n="14">ta</w><w n="15" lemma="vaḥ">vaḥ | </w></cl><cl><w n="16">ma</w><w n="17">ha</w><w n="18" lemma="taḥ">tas </w><w n="19">ta</w><w n="20" lemma="sya">sya </w></cl><cl><w n="21" lemma="taṃ">tan</w><w n="22">tra</w><w n="23" lemma="sya">sya </w></cl><cl><w n="24">du</w><w n="25">rgā</w><w n="26">dha</w><w n="27" lemma="syāṃ">syām</w><w n="28">bu</w><w n="29" lemma="dheḥ">dher </w><w n="30">i</w><w n="31" lemma="va">va || </w><w n="32"/><w n="33"/></cl><cl><w n="34"/><w n="35"/><w n="36"/><w n="37"/><w n="38"/><w n="39"/><w n="40"/><w n="41"/></cl></text></TEI><TEI n="K"><text><cl><w n="0">ya</w><w n="1">tro</w><w n="2" lemma="ktā">ktā </w></cl><cl><w n="3">vi</w><w n="4">vi</w><w n="5" lemma="dhāḥ">dhāś </w></cl><cl><w n="6">cā</w><w n="7" lemma="rthā">rthā </w></cl><cl><w n="8">ro</w><w n="9">ga</w><w n="10">sā</w><w n="11">dha</w><w n="12">ṇa</w><w n="13">he</w><w n="14">ta</w><w n="15" lemma="vaḥ">vaḥ | </w></cl><cl><w n="16"/><w n="17"/><w n="18"/><w n="19">a</w><w n="20" lemma="sya">sya </w></cl><cl><w n="21" lemma="taṃ">tan</w><w n="22">tra</w><w n="23" lemma="sya">sya </w></cl><cl><w n="24"/><w n="25"/><w n="26"/><w n="27"/><w n="28"/><w n="29"/><w n="30"/><w n="31">ma</w><w n="32">ha</w><w n="33" lemma="taḥ">taḥ </w></cl><cl><w n="34">sā</w><w n="35">ga</w><w n="36">rā</w><w n="37">kā</w><w n="38">ra</w><w n="39">va</w><w n="40">rca</w><w n="41" lemma="saḥ">saḥ |</w></cl></text></TEI><TEI n="H"><text><cl><w n="0">ya</w><w n="1">tro</w><w n="2" lemma="ktā">ktā </w></cl><cl><w n="3">vi</w><w n="4">vi</w><w n="5" lemma="dhāḥ">dhāś </w></cl><cl><w n="6">cā</w><w n="7" lemma="rthā">rthā </w></cl><cl><w n="8">ro</w><w n="9">ga</w><w n="10">sā</w><w n="11">dha</w><w n="12">na</w><w n="13">he</w><w n="14">ta</w><w n="15" lemma="vaḥ">vaḥ | </w></cl><cl><w n="16"/><w n="17"/><w n="18"/><w n="19">a</w><w n="20" lemma="sya">sya </w></cl><cl><w n="21" lemma="taṃ">tan</w><w n="22">tra</w><w n="23" lemma="sya">sya </w></cl><cl><w n="24"/><w n="25"/><w n="26"/><w n="27"/><w n="28"/><w n="29"/><w n="30"/><w n="31">ma</w><w n="32">ha</w><w n="33" lemma="taḥ">taḥ </w></cl><cl><w n="34">sā</w><w n="35">ga</w><w n="36">rā</w><w n="37" lemma="kā">kā </w><w n="38">ra</w><w n="39">va</w><w n="40" lemma="rca">rcca</w><w n="41" lemma="saḥ">saḥ ||</w></cl></text></TEI><TEI n="NE"><text><cl><w n="0" lemma="ya"> ya</w><w n="1">tro</w><w n="2" lemma="ktā">ktā </w></cl><cl><w n="3">vi</w><w n="4">vi</w><w n="5" lemma="dhāḥ">dhāś </w></cl><cl><w n="6">cā</w><w n="7" lemma="rthā">rthā </w></cl><cl><w n="8">ro</w><w n="9">ga</w><w n="10">sā</w><w n="11">dha</w><w n="12">na</w><w n="13">he</w><w n="14">ta</w><w n="15" lemma="vaḥ">vaḥ | </w></cl><cl><w n="16"/><w n="17"/><w n="18"/><w n="19">a</w><w n="20" lemma="sya">sya </w></cl><cl><w n="21" lemma="taṃ">tan</w><w n="22">tra</w><w n="23" lemma="sya">sya </w></cl><cl><w n="24"/><w n="25"/><w n="26"/><w n="27"/><w n="28"/><w n="29"/><w n="30"/><w n="31">ma</w><w n="32">ha</w><w n="33" lemma="taḥ">taḥ </w></cl><cl><w n="34">sā</w><w n="35">ga</w><w n="36">rā</w><w n="37">kā</w><w n="38">ra</w><w n="39">va</w><w n="40">rca</w><w n="41" lemma="saḥ">saḥ |</w></cl></text></TEI></teiCorpus>