<?xml version="1.0" encoding="UTF-8"?>
<teiCorpus xmlns="http://www.tei-c.org/ns/1.0" xml:lang="sa-Latn">
  <teiHeader>
<listWit>
<witness xml:id="A" source="06-ut-vulgate-1938-1-30.xml">
<abbr>A</abbr>
<expan>Printed edition: Ācārya 1938: Uttaratantra 1-30</expan>
</witness>
<witness xml:id="K" source="kl_699_uttaratantra-1-30.xml">
<abbr>K</abbr>
<expan>MSS Kathmandu KL 699: Uttaratantra</expan>
<listWit>
<witness xml:id="Kac" n="ac">
<abbr>Kac</abbr>
<expan>MSS Kathmandu KL 699: Uttaratantra [ante correctionem]</expan>
</witness>
<witness xml:id="Kpc" n="pc">
<abbr type="siglum">Kpc</abbr>
<expan>MSS Kathmandu KL 699: Uttaratantra [post correctionem]</expan>
</witness>
</listWit>
</witness>
<witness xml:id="H" source="nak_5-333_uttaratantra-1-30.xml">
<abbr>H</abbr>
<expan>MS Kathmandu NAK 5-333, Uttaratantra</expan>
<listWit>
<witness xml:id="Hac" n="ac">
<abbr>Hac</abbr>
<expan>MS Kathmandu NAK 5-333, Uttaratantra [ante correctionem]</expan>
</witness>
<witness xml:id="Hpc" n="pc">
<abbr type="siglum">Hpc</abbr>
<expan>MS Kathmandu NAK 5-333, Uttaratantra [post correctionem]</expan>
</witness>
</listWit>
</witness>
<witness xml:id="NE" source="provisional-edition_uttaratantra-1-30.xml">
<abbr>NE</abbr>
<expan>The Nepalese Version of the Suśrutasaṃhitā, uttaratantra 1-30, based on the
                    Nepalese MSS</expan>
</witness>
</listWit>
    <encodingDesc>
      <editorialDecl>
        <segmentation>
          <ab type="tokenization">aksara</ab>
          <ab type="blockid">SS.6.13.3</ab>
          <ab type="targetedition">NE</ab>
          <ab type="scoring">
            <ab type="match">1</ab>
            <ab type="mismatch">-1</ab>
            <ab type="gapopen">-2</ab>
            <ab type="gapextend">-0.25</ab>
            <ab type="recursive">true</ab>
            <ab type="realigndepth">20</ab>
            <ab type="distancefunction">ngrams</ab>
            
          </ab>
        </segmentation>
        <normalization method="markup">
<ab>ignore punctuation</ab>
<ab>candrabindu as anusvāra</ab>
<ab>geminated aspirated consonants</ab>
<ab>geminated m after h</ab>
<ab>geminated t</ab>
<ab>geminated consonants after r</ab>
<ab>final nasal variants</ab>
<ab>internal nasal variants</ab>
<ab>final anusvāra variants</ab>
<ab>visarga aḥ before voiced consonants</ab>
<ab>visarga aḥ before vowels</ab>
<ab>visarga aḥ before unvoiced consonants and space + anusvāra</ab>
<ab>visarga āḥ variants</ab>
<ab>other visarga variants</ab>
<ab>superfluous avagrahas</ab>
<ab>double avagrahas</ab>
<ab>avagrahas to short a</ab>
<ab>internal visarga variants</ab>
<ab>final au/āv</ab>
<ab>final su</ab>
<ab>final i</ab>
<ab>kcch/kś</ab>
<ab>cś/tś</ab>
<ab>cch/ch</ab>
<ab>final t + hi</ab>
<ab>final t + voiced syllable</ab>
<ab>final t + n/m</ab>
<ab>final t + c/j</ab>
<ab>i/y + vowel</ab>
<ab>bhd for bdh</ab>
<ab>remove spaces</ab>
        </normalization>
        <ab type="tagfilters">
<tag subtype="ignore">pc</tag>
<tag subtype="ignore">head</tag>
<tag subtype="ignore">label</tag>
<tag subtype="ignore">note</tag>
<tag subtype="ignore">num</tag>
<tag subtype="ignore">locus</tag>
<tag subtype="ignore">supplied</tag>
<tag subtype="ignore">surplus</tag>
        </ab>
      </editorialDecl>
    </encodingDesc>
    <xenoData>
      <stemma format="nexml" id="stemma0"><nex:nexml xmlns:nex="http://www.nexml.org/2009" version="0.9"><nex:otus id="otus1"><nex:otu id="otu0" label="A"/><nex:otu id="otu1" label="H"/><nex:otu id="otu2" label="K"/><nex:otu id="otu3" label="NE"/></nex:otus><nex:trees otus="otus1" id="trees1"><nex:tree id="guidetree" label="guidetree" xsi:type="nex:FloatTree" xmlns:xsi="http://www.w3.org/2001/XMLSchema-instance"><nex:node id="3cdca219-fda6-47b3-a58b-c433ec9237dd" root="true"/><nex:node id="8504b098-6a6c-4e19-80cd-ccfa39652e9b"/><nex:node id="98d8fade-0065-4e2c-8859-9d7d84d6bc7b" label="A" otu="otu2"/><nex:node id="8c3cfdab-4d1d-433f-a164-4dfc601391b0" label="H" otu="otu3"/><nex:node id="a9050b08-4ce3-49aa-90a5-096dd86f5f7a"/><nex:node id="bfc1db70-0e15-4ad2-9582-207c37f9a05c" label="K" otu="otu5"/><nex:node id="ebd64a3a-2ca7-4454-8346-160ab785258f" label="NE" otu="otu6"/><nex:edge source="3cdca219-fda6-47b3-a58b-c433ec9237dd" target="8504b098-6a6c-4e19-80cd-ccfa39652e9b" id="edge0" length="0"/><nex:edge source="3cdca219-fda6-47b3-a58b-c433ec9237dd" target="a9050b08-4ce3-49aa-90a5-096dd86f5f7a" id="edge1" length="0"/><nex:edge source="8504b098-6a6c-4e19-80cd-ccfa39652e9b" target="98d8fade-0065-4e2c-8859-9d7d84d6bc7b" id="edge2" length="1"/><nex:edge source="8504b098-6a6c-4e19-80cd-ccfa39652e9b" target="8c3cfdab-4d1d-433f-a164-4dfc601391b0" id="edge3" length="0"/><nex:edge source="a9050b08-4ce3-49aa-90a5-096dd86f5f7a" target="bfc1db70-0e15-4ad2-9582-207c37f9a05c" id="edge4" length="5.551115123125783e-17"/><nex:edge source="a9050b08-4ce3-49aa-90a5-096dd86f5f7a" target="ebd64a3a-2ca7-4454-8346-160ab785258f" id="edge5" length="5.551115123125783e-17"/></nex:tree></nex:trees></nex:nexml></stemma>
    </xenoData>
  </teiHeader>
<TEI n="A"><text><cl><w n="0" lemma="na"> na</w><w n="1" lemma="va">va </w><w n="2" lemma="ye">ye </w></cl><cl><w n="3" lemma="a">'</w><w n="4">bhi</w><w n="5">hi</w><w n="6" lemma="tā">tā </w><w n="7">le</w><w n="8"/><w n="9"/><w n="10" lemma="khyāḥ">khyāḥ </w><w n="11"/></cl><cl><w n="12">sā</w><w n="13">mā</w><w n="14">nya</w><w n="15">ste</w><w n="16" lemma="ṣu">ṣv </w></cl><cl><w n="17">a</w><w n="18" lemma="yaṃ">yaṃ </w><w n="19">vi</w><w n="20" lemma="dhiḥ">dhiḥ | </w></cl><cl><w n="21">sni</w><w n="22">gdha</w><w n="23" lemma="vāṃ">vān</w><w n="24">ta</w><w n="25">vi</w><w n="26">ri</w><w n="27">kta</w><w n="28" lemma="sya">sya </w></cl><cl><w n="29">ni</w><w n="30">vā</w><w n="31">tā</w><w n="32">ta</w><w n="33">pa</w><w n="34">sa</w><w n="35">dma</w><w n="36" lemma="ni">ni || </w></cl></text></TEI><TEI n="H"><text><cl><w n="0" lemma="na"> na</w><w n="1" lemma="va">va </w><w n="2" lemma="ye">ye </w></cl><cl><w n="3"/><w n="4"/><w n="5"/><w n="6"/><w n="7">le</w><w n="8">khya</w><w n="9">sā</w><w n="10" lemma="dhyāḥ">dhyās </w><w n="11" lemma="tu">tu </w></cl><cl><w n="12">sā</w><w n="13">mā</w><w n="14">nya</w><w n="15">ste</w><w n="16" lemma="ṣu">ṣv </w></cl><cl><w n="17">a</w><w n="18" lemma="saṃ">saṃ </w><w n="19">vi</w><w n="20" lemma="dhiḥ">dhiḥ | </w></cl><cl><w n="21">sni</w><w n="22">gdha</w><w n="23" lemma="vāṃ">vān</w><w n="24">ta</w><w n="25">vi</w><w n="26">ri</w><w n="27">kta</w><w n="28" lemma="sya">sya </w></cl><cl><w n="29">ni</w><w n="30">vā</w><w n="31">tā</w><w n="32">ta</w><w n="33">pa</w><w n="34">saṃ</w><w n="35">sa</w><w n="36" lemma="di">di || </w></cl></text></TEI><TEI n="K"><text><cl><w n="0" lemma="na"> na</w><w n="1" lemma="va">va </w><w n="2" lemma="ye">ye </w></cl><cl><w n="3"/><w n="4"/><w n="5"/><w n="6"/><w n="7">le</w><w n="8">khya</w><w n="9">sā</w><w n="10" lemma="dhyāḥ">dhyās </w><w n="11" lemma="tu">tu </w></cl><cl><w n="12">sā</w><w n="13">mā</w><w n="14">nya</w><w n="15">ste</w><w n="16" lemma="ṣu">ṣv </w></cl><cl><w n="17">a</w><w n="18" lemma="saṃ">sam</w><w n="19">vi</w><w n="20" lemma="dhiḥ">dhiḥ | </w></cl><cl><w n="21">sni</w><w n="22">gdha</w><w n="23" lemma="vāṃ">vān</w><w n="24">ta</w><w n="25">vi</w><w n="26">ri</w><w n="27">kta</w><w n="28" lemma="sya">sya </w></cl><cl><w n="29">ni</w><w n="30">vā</w><w n="31">tā</w><w n="32">ta</w><w n="33">pa</w><w n="34">saṃ</w><w n="35">sa</w><w n="36" lemma="di">di | </w></cl></text></TEI><TEI n="NE"><text><cl><w n="0" lemma="na"> na</w><w n="1" lemma="va">va </w><w n="2" lemma="ye">ye </w></cl><cl><w n="3"/><w n="4"/><w n="5"/><w n="6"/><w n="7">le</w><w n="8">khya</w><w n="9">sā</w><w n="10" lemma="dhyāḥ">dhyās </w><w n="11" lemma="tu">tu </w></cl><cl><w n="12">sā</w><w n="13">mā</w><w n="14">nya</w><w n="15">ste</w><w n="16" lemma="ṣu">ṣv </w></cl><cl><w n="17">a</w><w n="18" lemma="saṃ">sam</w><w n="19">vi</w><w n="20" lemma="dhiḥ">dhiḥ | </w></cl><cl><w n="21">sni</w><w n="22">gdha</w><w n="23" lemma="vāṃ">vān</w><w n="24">ta</w><w n="25">vi</w><w n="26">ri</w><w n="27">kta</w><w n="28" lemma="sya">sya </w></cl><cl><w n="29">ni</w><w n="30">vā</w><w n="31">tā</w><w n="32">ta</w><w n="33">pa</w><w n="34">saṃ</w><w n="35">sa</w><w n="36" lemma="di">di | </w></cl></text></TEI></teiCorpus>