<?xml version="1.0" encoding="UTF-8"?>
<teiCorpus xmlns="http://www.tei-c.org/ns/1.0" xml:lang="sa-Latn">
  <teiHeader>
<listWit>
<witness xml:id="A" source="06-ut-vulgate-1938-1-30.xml">
<abbr>A</abbr>
<expan>Printed edition: Ācārya 1938: Uttaratantra 1-30</expan>
</witness>
<witness xml:id="K" source="kl_699_uttaratantra-1-30.xml">
<abbr>K</abbr>
<expan>MSS Kathmandu KL 699: Uttaratantra</expan>
<listWit>
<witness xml:id="Kac" n="ac">
<abbr>Kac</abbr>
<expan>MSS Kathmandu KL 699: Uttaratantra [ante correctionem]</expan>
</witness>
<witness xml:id="Kpc" n="pc">
<abbr type="siglum">Kpc</abbr>
<expan>MSS Kathmandu KL 699: Uttaratantra [post correctionem]</expan>
</witness>
</listWit>
</witness>
<witness xml:id="H" source="nak_5-333_uttaratantra-1-30.xml">
<abbr>H</abbr>
<expan>MS Kathmandu NAK 5-333, Uttaratantra</expan>
<listWit>
<witness xml:id="Hac" n="ac">
<abbr>Hac</abbr>
<expan>MS Kathmandu NAK 5-333, Uttaratantra [ante correctionem]</expan>
</witness>
<witness xml:id="Hpc" n="pc">
<abbr type="siglum">Hpc</abbr>
<expan>MS Kathmandu NAK 5-333, Uttaratantra [post correctionem]</expan>
</witness>
</listWit>
</witness>
<witness xml:id="NE" source="provisional-edition_uttaratantra-1-30.xml">
<abbr>NE</abbr>
<expan>The Nepalese Version of the Suśrutasaṃhitā, uttaratantra 1-30, based on the
                    Nepalese MSS</expan>
</witness>
</listWit>
    <encodingDesc>
      <editorialDecl>
        <segmentation>
          <ab type="tokenization">aksara</ab>
          <ab type="blockid">SS.6.18.60</ab>
          <ab type="targetedition">NE</ab>
          <ab type="scoring">
            <ab type="match">1</ab>
            <ab type="mismatch">-1</ab>
            <ab type="gapopen">-2</ab>
            <ab type="gapextend">-0.25</ab>
            <ab type="recursive">true</ab>
            <ab type="realigndepth">20</ab>
            <ab type="distancefunction">ngrams</ab>
            
          </ab>
        </segmentation>
        <normalization method="markup">
<ab>ignore punctuation</ab>
<ab>candrabindu as anusvāra</ab>
<ab>geminated aspirated consonants</ab>
<ab>geminated m after h</ab>
<ab>geminated t</ab>
<ab>geminated consonants after r</ab>
<ab>final nasal variants</ab>
<ab>internal nasal variants</ab>
<ab>final anusvāra variants</ab>
<ab>visarga aḥ before voiced consonants</ab>
<ab>visarga aḥ before vowels</ab>
<ab>visarga aḥ before unvoiced consonants and space + anusvāra</ab>
<ab>visarga āḥ variants</ab>
<ab>other visarga variants</ab>
<ab>superfluous avagrahas</ab>
<ab>double avagrahas</ab>
<ab>avagrahas to short a</ab>
<ab>internal visarga variants</ab>
<ab>final au/āv</ab>
<ab>final su</ab>
<ab>final i</ab>
<ab>kcch/kś</ab>
<ab>cś/tś</ab>
<ab>cch/ch</ab>
<ab>final t + hi</ab>
<ab>final t + voiced syllable</ab>
<ab>final t + n/m</ab>
<ab>final t + c/j</ab>
<ab>i/y + vowel</ab>
<ab>bhd for bdh</ab>
<ab>remove spaces</ab>
        </normalization>
        <ab type="tagfilters">
<tag subtype="ignore">pc</tag>
<tag subtype="ignore">head</tag>
<tag subtype="ignore">label</tag>
<tag subtype="ignore">note</tag>
<tag subtype="ignore">num</tag>
<tag subtype="ignore">locus</tag>
<tag subtype="ignore">supplied</tag>
<tag subtype="ignore">surplus</tag>
        </ab>
      </editorialDecl>
    </encodingDesc>
    <xenoData>
      <stemma format="nexml" id="stemma0"><nex:nexml xmlns:nex="http://www.nexml.org/2009" version="0.9"><nex:otus id="otus1"><nex:otu id="otu0" label="A"/><nex:otu id="otu1" label="H"/><nex:otu id="otu2" label="K"/><nex:otu id="otu3" label="NE"/></nex:otus><nex:trees otus="otus1" id="trees1"><nex:tree id="guidetree" label="guidetree" xsi:type="nex:FloatTree" xmlns:xsi="http://www.w3.org/2001/XMLSchema-instance"><nex:node id="b0da577f-eae3-4325-b2a0-7e94e4369924" root="true"/><nex:node id="6d4e6b85-7ade-4b8b-9eff-84bdfcbbc6c9"/><nex:node id="897b29c3-dcad-4b7f-be65-d917d72f7ff3" label="A" otu="otu2"/><nex:node id="233eacbc-8182-4b00-a3d9-b899e75d8d1e" label="H" otu="otu3"/><nex:node id="499b62b8-4ca4-46e7-88fa-bc2b5f772753"/><nex:node id="6f09647e-04e3-4777-9b55-51d3caab5454" label="K" otu="otu5"/><nex:node id="23a61d3e-c38a-4b31-b1ba-f89d921a3704" label="NE" otu="otu6"/><nex:edge source="b0da577f-eae3-4325-b2a0-7e94e4369924" target="6d4e6b85-7ade-4b8b-9eff-84bdfcbbc6c9" id="edge0" length="0.23038809664626508"/><nex:edge source="b0da577f-eae3-4325-b2a0-7e94e4369924" target="499b62b8-4ca4-46e7-88fa-bc2b5f772753" id="edge1" length="0.23038809664626508"/><nex:edge source="6d4e6b85-7ade-4b8b-9eff-84bdfcbbc6c9" target="897b29c3-dcad-4b7f-be65-d917d72f7ff3" id="edge2" length="0.5273895133413168"/><nex:edge source="6d4e6b85-7ade-4b8b-9eff-84bdfcbbc6c9" target="233eacbc-8182-4b00-a3d9-b899e75d8d1e" id="edge3" length="0.390062694732605"/><nex:edge source="499b62b8-4ca4-46e7-88fa-bc2b5f772753" target="6f09647e-04e3-4777-9b55-51d3caab5454" id="edge4" length="0"/><nex:edge source="499b62b8-4ca4-46e7-88fa-bc2b5f772753" target="23a61d3e-c38a-4b31-b1ba-f89d921a3704" id="edge5" length="0"/></nex:tree></nex:trees></nex:nexml></stemma>
    </xenoData>
  </teiHeader>
<TEI n="A"><text><cl><w n="0" lemma="ra"> ra</w><w n="1" lemma="sāṃ">sāñ</w><w n="2">ja</w><w n="3">na</w><w n="4" lemma="sya">sya </w></cl><cl><w n="5">mā</w><w n="6" lemma="trā">trā </w><w n="7" lemma="tu">tu </w></cl><cl><w n="8">ya</w><w n="9">thā</w></cl><cl><w n="10">va</w><w n="11">rti</w><w n="12">mi</w><w n="13" lemma="tā">tā </w></cl><cl><w n="14">ma</w><w n="15" lemma="tā">tā | </w></cl><w n="16">dvi</w><w n="17">tri</w><cl><w n="18">ca</w><w n="19">tuḥ</w></cl><cl><w n="20">śa</w><w n="21">lā</w><w n="22" lemma="kāḥ">kāś </w><w n="23" lemma="ca">ca </w></cl><cl><w n="24">cū</w><w n="25">rṇa</w><w n="26">syā</w><w n="27"/></cl><cl><w n="28">pya</w><w n="29">nu</w><w n="30">pū</w><w n="31">rva</w><w n="32" lemma="śaḥ">śaḥ || </w></cl></text></TEI><TEI n="H"><text><cl><w n="0" lemma="ra"> ra</w><w n="1" lemma="sāṃ">sāñ</w><w n="2">ja</w><w n="3">na</w><w n="4" lemma="sya">sya </w></cl><cl><w n="5">mā</w><w n="6" lemma="trā">trā </w><w n="7" lemma="tu">tu , </w></cl><cl><w n="8">pi</w><w n="9" lemma="ṣṭvā">ṣṭvā </w></cl><cl><w n="10">va</w><w n="11" lemma="rti">rtti</w><w n="12">mi</w><w n="13" lemma="tā">tā </w></cl><cl><w n="14">ma</w><w n="15" lemma="tā">tā || </w></cl><w n="16">dvi</w><w n="17">tri</w><cl><w n="18">śca</w><w n="19">tuḥ</w></cl><cl><w n="20">śa</w><w n="21">lā</w><w n="22" lemma="kāḥ">kāś </w><w n="23" lemma="ca">ca , </w></cl><cl><w n="24">cū</w><w n="25" lemma="rṇa">rṇṇa</w><w n="26">syā</w><w n="27" lemma="pi">py </w></cl><cl><w n="28">a</w><w n="29">nu</w><w n="30">pū</w><w n="31" lemma="rva">rvva</w><w n="32" lemma="śaḥ">śaḥ | </w></cl></text></TEI><TEI n="K"><text><cl><w n="0" lemma="ra"> ra</w><w n="1" lemma="sāṃ">sāñ</w><w n="2">ja</w><w n="3">na</w><w n="4" lemma="sya">sya </w></cl><cl><w n="5">mā</w><w n="6" lemma="trā">trā </w><w n="7" lemma="tu">tu </w></cl><cl><w n="8">pi</w><w n="9" lemma="ṣṭvā">ṣṭvā </w></cl><cl><w n="10">va</w><w n="11" lemma="rti">rtti</w><w n="12">mi</w><w n="13" lemma="tā">tā </w></cl><cl><w n="14">ma</w><w n="15" lemma="tā">tā | </w></cl><w n="16" lemma="dviḥ">dvis </w><w n="17" lemma="triḥ">triś </w><cl><w n="18">ca</w><w n="19" lemma="tuḥ">tuḥ </w></cl><cl><w n="20">śa</w><w n="21">lā</w><w n="22" lemma="kāḥ">kāś </w><w n="23" lemma="ca">ca </w></cl><cl><w n="24">cū</w><w n="25" lemma="rṇa">rṇṇa</w><w n="26">syā</w><w n="27" lemma="pi">py </w></cl><cl><w n="28">a</w><w n="29">nu</w><w n="30">pū</w><w n="31">rva</w><w n="32" lemma="śaḥ">śaḥ | </w></cl></text></TEI><TEI n="NE"><text><cl><w n="0" lemma="ra"> ra</w><w n="1" lemma="sāṃ">sāñ</w><w n="2">ja</w><w n="3">na</w><w n="4" lemma="sya">sya </w></cl><cl><w n="5">mā</w><w n="6" lemma="trā">trā </w><w n="7" lemma="tu">tu </w></cl><cl><w n="8">pi</w><w n="9" lemma="ṣṭvā">ṣṭvā </w></cl><cl><w n="10">va</w><w n="11" lemma="rti">rtti</w><w n="12">mi</w><w n="13" lemma="tā">tā </w></cl><cl><w n="14">ma</w><w n="15" lemma="tā">tā | </w></cl><w n="16" lemma="dviḥ">dvis </w><w n="17" lemma="triḥ">triś </w><cl><w n="18">ca</w><w n="19" lemma="tuḥ">tuḥ </w></cl><cl><w n="20">śa</w><w n="21">lā</w><w n="22" lemma="kāḥ">kāś </w><w n="23" lemma="ca">ca </w></cl><cl><w n="24">cū</w><w n="25" lemma="rṇa">rṇṇa</w><w n="26">syā</w><w n="27" lemma="pi">py </w></cl><cl><w n="28">a</w><w n="29">nu</w><w n="30">pū</w><w n="31">rva</w><w n="32" lemma="śaḥ">śaḥ | </w></cl></text></TEI></teiCorpus>