<?xml version="1.0" encoding="UTF-8"?>
<teiCorpus xmlns="http://www.tei-c.org/ns/1.0" xml:lang="sa-Latn">
  <teiHeader>
<listWit>
<witness xml:id="A" source="06-ut-vulgate-1938-1-30.xml">
<abbr>A</abbr>
<expan>Printed edition: Ācārya 1938: Uttaratantra 1-30</expan>
</witness>
<witness xml:id="K" source="kl_699_uttaratantra-1-30.xml">
<abbr>K</abbr>
<expan>MSS Kathmandu KL 699: Uttaratantra</expan>
<listWit>
<witness xml:id="Kac" n="ac">
<abbr>Kac</abbr>
<expan>MSS Kathmandu KL 699: Uttaratantra [ante correctionem]</expan>
</witness>
<witness xml:id="Kpc" n="pc">
<abbr type="siglum">Kpc</abbr>
<expan>MSS Kathmandu KL 699: Uttaratantra [post correctionem]</expan>
</witness>
</listWit>
</witness>
<witness xml:id="H" source="nak_5-333_uttaratantra-1-30.xml">
<abbr>H</abbr>
<expan>MS Kathmandu NAK 5-333, Uttaratantra</expan>
<listWit>
<witness xml:id="Hac" n="ac">
<abbr>Hac</abbr>
<expan>MS Kathmandu NAK 5-333, Uttaratantra [ante correctionem]</expan>
</witness>
<witness xml:id="Hpc" n="pc">
<abbr type="siglum">Hpc</abbr>
<expan>MS Kathmandu NAK 5-333, Uttaratantra [post correctionem]</expan>
</witness>
</listWit>
</witness>
<witness xml:id="NE" source="provisional-edition_uttaratantra-1-30.xml">
<abbr>NE</abbr>
<expan>The Nepalese Version of the Suśrutasaṃhitā, uttaratantra 1-30, based on the
                    Nepalese MSS</expan>
</witness>
</listWit>
    <encodingDesc>
      <editorialDecl>
        <segmentation>
          <ab type="tokenization">aksara</ab>
          <ab type="blockid">SS.6.11.15</ab>
          <ab type="targetedition">NE</ab>
          <ab type="scoring">
            <ab type="match">1</ab>
            <ab type="mismatch">-1</ab>
            <ab type="gapopen">-2</ab>
            <ab type="gapextend">-0.25</ab>
            <ab type="recursive">true</ab>
            <ab type="realigndepth">20</ab>
            <ab type="distancefunction">ngrams</ab>
            
          </ab>
        </segmentation>
        <normalization method="markup">
<ab>ignore punctuation</ab>
<ab>candrabindu as anusvāra</ab>
<ab>geminated aspirated consonants</ab>
<ab>geminated m after h</ab>
<ab>geminated t</ab>
<ab>geminated consonants after r</ab>
<ab>final nasal variants</ab>
<ab>internal nasal variants</ab>
<ab>final anusvāra variants</ab>
<ab>visarga aḥ before voiced consonants</ab>
<ab>visarga aḥ before vowels</ab>
<ab>visarga aḥ before unvoiced consonants and space + anusvāra</ab>
<ab>visarga āḥ variants</ab>
<ab>other visarga variants</ab>
<ab>superfluous avagrahas</ab>
<ab>double avagrahas</ab>
<ab>avagrahas to short a</ab>
<ab>internal visarga variants</ab>
<ab>final au/āv</ab>
<ab>final su</ab>
<ab>final i</ab>
<ab>kcch/kś</ab>
<ab>cś/tś</ab>
<ab>cch/ch</ab>
<ab>final t + hi</ab>
<ab>final t + voiced syllable</ab>
<ab>final t + n/m</ab>
<ab>final t + c/j</ab>
<ab>i/y + vowel</ab>
<ab>bhd for bdh</ab>
<ab>remove spaces</ab>
        </normalization>
        <ab type="tagfilters">
<tag subtype="ignore">pc</tag>
<tag subtype="ignore">head</tag>
<tag subtype="ignore">label</tag>
<tag subtype="ignore">note</tag>
<tag subtype="ignore">num</tag>
<tag subtype="ignore">locus</tag>
<tag subtype="ignore">supplied</tag>
<tag subtype="ignore">surplus</tag>
        </ab>
      </editorialDecl>
    </encodingDesc>
    <xenoData>
      <stemma format="nexml" id="stemma0"><nex:nexml xmlns:nex="http://www.nexml.org/2009" version="0.9"><nex:otus id="otus1"><nex:otu id="otu0" label="K"/><nex:otu id="otu1" label="NE"/><nex:otu id="otu2" label="A"/><nex:otu id="otu3" label="Hac"/><nex:otu id="otu4" label="Hpc"/></nex:otus><nex:trees otus="otus1" id="trees1"><nex:tree id="guidetree" label="guidetree" xsi:type="nex:FloatTree" xmlns:xsi="http://www.w3.org/2001/XMLSchema-instance"><nex:node id="bdbcc615-18b8-4f22-8740-3365b9678dcc" root="true"/><nex:node id="97944e34-364e-4210-9add-e56986d3ed3b"/><nex:node id="55cae206-b72f-4087-947e-2b6b8a3755ac"/><nex:node id="3e905c06-c42d-49ba-88b4-366126d2e9af" label="K" otu="otu3"/><nex:node id="476ea12d-9e9a-4e48-8c59-512679b49afd" label="NE" otu="otu4"/><nex:node id="df86604e-17f6-438d-9120-bf09d33e963e" label="A" otu="otu5"/><nex:node id="06887f01-89b9-4a01-a44b-5f0d2c6a2efd"/><nex:node id="d3d52216-22eb-4d2f-a006-6e3679d2994d" label="Hac" otu="otu7"/><nex:node id="6f4b8562-ebdb-415d-92aa-ace0a572ab9f" label="Hpc" otu="otu8"/><nex:edge source="bdbcc615-18b8-4f22-8740-3365b9678dcc" target="97944e34-364e-4210-9add-e56986d3ed3b" id="edge0" length="0.21578764427494188"/><nex:edge source="bdbcc615-18b8-4f22-8740-3365b9678dcc" target="06887f01-89b9-4a01-a44b-5f0d2c6a2efd" id="edge1" length="0.21578764427494188"/><nex:edge source="97944e34-364e-4210-9add-e56986d3ed3b" target="55cae206-b72f-4087-947e-2b6b8a3755ac" id="edge2" length="0.12684825578891706"/><nex:edge source="97944e34-364e-4210-9add-e56986d3ed3b" target="df86604e-17f6-438d-9120-bf09d33e963e" id="edge3" length="0.6519981429504043"/><nex:edge source="06887f01-89b9-4a01-a44b-5f0d2c6a2efd" target="d3d52216-22eb-4d2f-a006-6e3679d2994d" id="edge4" length="0.16586535551254727"/><nex:edge source="06887f01-89b9-4a01-a44b-5f0d2c6a2efd" target="6f4b8562-ebdb-415d-92aa-ace0a572ab9f" id="edge5" length="0.16698778148687649"/><nex:edge source="55cae206-b72f-4087-947e-2b6b8a3755ac" target="3e905c06-c42d-49ba-88b4-366126d2e9af" id="edge6" length="0"/><nex:edge source="55cae206-b72f-4087-947e-2b6b8a3755ac" target="476ea12d-9e9a-4e48-8c59-512679b49afd" id="edge7" length="0"/></nex:tree></nex:trees></nex:nexml></stemma>
    </xenoData>
  </teiHeader>
<TEI n="K"><text><cl><w n="0" lemma="vā"> vā</w><w n="1">rtā</w><w n="2">ki</w><w n="3">śi</w><w n="4">gru</w><w n="5">mṛ</w><w n="6">ga</w><w n="7" lemma="ja">ja </w></cl><cl><w n="8"/><w n="9">pa</w><w n="10">ṭo</w><w n="11">la</w><w n="12">ki</w><w n="13">rā</w><w n="14">ta</w><w n="15">ti</w><w n="16">ktā</w><w n="17">ma</w><w n="18">la</w><w n="19">kī</w><w n="20">pha</w><w n="21">le</w><w n="22" lemma="ṣu">ṣu || </w></cl><cl><w n="23">kā</w><w n="24">sī</w><w n="25">sa</w><w n="26">sā</w><w n="27">mu</w><w n="28">dra</w><w n="29">ra</w><w n="30" lemma="sāṃ">sāñ</w><w n="31">ja</w><w n="32">nā</w><w n="33" lemma="ni">ni </w></cl><cl><w n="34">jā</w><w n="35" lemma="tyāḥ">tyās </w></cl><cl><w n="36">ta</w><w n="37" lemma="thā">thā </w></cl><cl><w n="38">kṣā</w><w n="39">ra</w><w n="40" lemma="kaṃ">kam </w></cl><cl><w n="41"/><w n="42"/><w n="43"/><w n="44">e</w><w n="45" lemma="va">va </w></cl><cl><w n="46">cā</w><w n="47" lemma="pi">pi | </w></cl></text></TEI><TEI n="NE"><text><cl><w n="0" lemma="vā"> vā</w><w n="1">rtā</w><w n="2">ki</w><w n="3">śi</w><w n="4">gru</w><w n="5">mṛ</w><w n="6">ga</w><w n="7" lemma="ja">ja </w></cl><cl><w n="8"/><w n="9">pa</w><w n="10">ṭo</w><w n="11">la</w><w n="12">ki</w><w n="13">rā</w><w n="14">ta</w><w n="15">ti</w><w n="16">ktā</w><w n="17">ma</w><w n="18">la</w><w n="19">kī</w><w n="20">pha</w><w n="21">le</w><w n="22" lemma="ṣu">ṣu || </w></cl><cl><w n="23">kā</w><w n="24">sī</w><w n="25">sa</w><w n="26">sā</w><w n="27">mu</w><w n="28">dra</w><w n="29">ra</w><w n="30" lemma="sāṃ">sāñ</w><w n="31">ja</w><w n="32">nā</w><w n="33" lemma="ni">ni </w></cl><cl><w n="34">jā</w><w n="35" lemma="tyāḥ">tyās </w></cl><cl><w n="36">ta</w><w n="37" lemma="thā">thā </w></cl><cl><w n="38">kṣā</w><w n="39">ra</w><w n="40" lemma="kaṃ">kam </w></cl><cl><w n="41"/><w n="42"/><w n="43"/><w n="44">e</w><w n="45" lemma="va">va </w></cl><cl><w n="46">cā</w><w n="47" lemma="pi">pi | </w></cl></text></TEI><TEI n="A"><text><cl><w n="0" lemma="vā"> vā</w><w n="1">rtā</w><w n="2">ka</w><w n="3">śi</w><w n="4" lemma="grviṃ">grvin</w><w n="5"/><w n="6">dra</w><w n="7">su</w></cl><cl><w n="8">rā</w><w n="9">pa</w><w n="10">ṭo</w><w n="11">la</w><w n="12">ki</w><w n="13">rā</w><w n="14">ta</w><w n="15">ti</w><w n="16">ktā</w><w n="17">ma</w><w n="18">la</w><w n="19">kī</w><w n="20">pha</w><w n="21">le</w><w n="22" lemma="ṣu">ṣu | </w></cl><cl><w n="23">kā</w><w n="24">sī</w><w n="25">sa</w><w n="26">sā</w><w n="27">mu</w><w n="28">dra</w><w n="29">ra</w><w n="30" lemma="sāṃ">sāñ</w><w n="31">ja</w><w n="32">nā</w><w n="33" lemma="ni">ni </w></cl><cl><w n="34">jā</w><w n="35" lemma="tyāḥ">tyās </w></cl><cl><w n="36">ta</w><w n="37" lemma="thā">thā </w></cl><cl><w n="38">kṣā</w><w n="39">ra</w><w n="40" lemma="kaṃ">kam</w></cl><cl><w n="41" lemma="ko">(ko</w><w n="42">ra</w><w n="43">ka</w><w n="44" lemma="me">m)e</w><w n="45" lemma="va">va </w></cl><cl><w n="46">cā</w><w n="47" lemma="pi">pi || </w></cl></text></TEI><TEI n="Hac"><text><cl><w n="0" lemma="vā"> vā</w><w n="1">rtā</w><w n="2">ki</w><w n="3">śi</w><w n="4">gru</w><w n="5">mṛ</w><w n="6">ga</w><w n="7" lemma="jaḥ">jo </w></cl><cl><w n="8" lemma="a"/><w n="9">pa</w><w n="10">ṭo</w><w n="11">la</w><w n="12">ki</w><w n="13">rā</w><w n="14">ga</w><w n="15">ti</w><w n="16">kā</w><w n="17">ma</w><w n="18">la</w><w n="19">kī</w><w n="20">pha</w><w n="21">le</w><w n="22" lemma="ṣu">ṣu || </w></cl><cl><w n="23">kā</w><w n="24">sī</w><w n="25">sa</w><w n="26">sā</w><w n="27">mu</w><w n="28">dra</w><w n="29"/><w n="30" lemma="sāṃ">sāñ</w><w n="31">ja</w><w n="32">nā</w><w n="33" lemma="ni">ni </w></cl><cl><w n="34">jā</w><w n="35">tyo</w></cl><cl><w n="36">tha</w><w n="37"/></cl><cl><w n="38"/><w n="39"/><w n="40"/></cl><cl><w n="41">kṣī</w><w n="42">ri</w><w n="43" lemma="kaṃ">kam </w><w n="44">e</w><w n="45" lemma="va">va </w></cl><cl><w n="46">cā</w><w n="47" lemma="pi">pi | </w></cl></text></TEI><TEI n="Hpc"><text><cl><w n="0" lemma="vā"> vā</w><w n="1">rtā</w><w n="2">ki</w><w n="3">śi</w><w n="4">gru</w><w n="5">mṛ</w><w n="6">ga</w><w n="7" lemma="jaḥ">jo </w></cl><cl><w n="8" lemma="a"/><w n="9">pa</w><w n="10">ṭo</w><w n="11">la</w><w n="12">ki</w><w n="13">rā</w><w n="14">ga</w><w n="15">ti</w><w n="16">kā</w><w n="17">ma</w><w n="18">la</w><w n="19">kī</w><w n="20">pha</w><w n="21">le</w><w n="22" lemma="ṣu">ṣu || </w></cl><cl><w n="23">kā</w><w n="24">sī</w><w n="25">sa</w><w n="26">sā</w><w n="27">mu</w><w n="28">dra</w><w n="29"/><w n="30" lemma="sāṃ">sāñ</w><w n="31">ja</w><w n="32">nā</w><w n="33" lemma="ni">ni </w></cl><cl><w n="34">jā</w><w n="35">tyo</w></cl><cl><w n="36">tha</w><w n="37">vā</w></cl><cl><w n="38">kṣī</w><w n="39">ri</w><w n="40" lemma="kaṃ">kam </w></cl><cl><w n="41"/><w n="42"/><w n="43"/><w n="44">e</w><w n="45" lemma="va">va </w></cl><cl><w n="46">cā</w><w n="47" lemma="pi">pi | </w></cl></text></TEI></teiCorpus>