<?xml version="1.0" encoding="UTF-8"?>
<teiCorpus xmlns="http://www.tei-c.org/ns/1.0" xml:lang="sa-Latn">
  <teiHeader>
<listWit>
<witness xml:id="A" source="06-ut-vulgate-1938-1-30.xml">
<abbr>A</abbr>
<expan>Printed edition: Ācārya 1938: Uttaratantra 1-30</expan>
</witness>
<witness xml:id="K" source="kl_699_uttaratantra-1-30.xml">
<abbr>K</abbr>
<expan>MSS Kathmandu KL 699: Uttaratantra</expan>
<listWit>
<witness xml:id="Kac" n="ac">
<abbr>Kac</abbr>
<expan>MSS Kathmandu KL 699: Uttaratantra [ante correctionem]</expan>
</witness>
<witness xml:id="Kpc" n="pc">
<abbr type="siglum">Kpc</abbr>
<expan>MSS Kathmandu KL 699: Uttaratantra [post correctionem]</expan>
</witness>
</listWit>
</witness>
<witness xml:id="H" source="nak_5-333_uttaratantra-1-30.xml">
<abbr>H</abbr>
<expan>MS Kathmandu NAK 5-333, Uttaratantra</expan>
<listWit>
<witness xml:id="Hac" n="ac">
<abbr>Hac</abbr>
<expan>MS Kathmandu NAK 5-333, Uttaratantra [ante correctionem]</expan>
</witness>
<witness xml:id="Hpc" n="pc">
<abbr type="siglum">Hpc</abbr>
<expan>MS Kathmandu NAK 5-333, Uttaratantra [post correctionem]</expan>
</witness>
</listWit>
</witness>
<witness xml:id="NE" source="provisional-edition_uttaratantra-1-30.xml">
<abbr>NE</abbr>
<expan>The Nepalese Version of the Suśrutasaṃhitā, uttaratantra 1-30, based on the
                    Nepalese MSS</expan>
</witness>
</listWit>
    <encodingDesc>
      <editorialDecl>
        <segmentation>
          <ab type="tokenization">aksara</ab>
          <ab type="blockid">SS.6.17.72</ab>
          <ab type="targetedition">NE</ab>
          <ab type="scoring">
            <ab type="match">1</ab>
            <ab type="mismatch">-1</ab>
            <ab type="gapopen">-2</ab>
            <ab type="gapextend">-0.25</ab>
            <ab type="recursive">true</ab>
            <ab type="realigndepth">20</ab>
            <ab type="distancefunction">ngrams</ab>
            
          </ab>
        </segmentation>
        <normalization method="markup">
<ab>ignore punctuation</ab>
<ab>candrabindu as anusvāra</ab>
<ab>geminated aspirated consonants</ab>
<ab>geminated m after h</ab>
<ab>geminated t</ab>
<ab>geminated consonants after r</ab>
<ab>final nasal variants</ab>
<ab>internal nasal variants</ab>
<ab>final anusvāra variants</ab>
<ab>visarga aḥ before voiced consonants</ab>
<ab>visarga aḥ before vowels</ab>
<ab>visarga aḥ before unvoiced consonants and space + anusvāra</ab>
<ab>visarga āḥ variants</ab>
<ab>other visarga variants</ab>
<ab>superfluous avagrahas</ab>
<ab>double avagrahas</ab>
<ab>avagrahas to short a</ab>
<ab>internal visarga variants</ab>
<ab>final au/āv</ab>
<ab>final su</ab>
<ab>final i</ab>
<ab>kcch/kś</ab>
<ab>cś/tś</ab>
<ab>cch/ch</ab>
<ab>final t + hi</ab>
<ab>final t + voiced syllable</ab>
<ab>final t + n/m</ab>
<ab>final t + c/j</ab>
<ab>i/y + vowel</ab>
<ab>bhd for bdh</ab>
<ab>remove spaces</ab>
        </normalization>
        <ab type="tagfilters">
<tag subtype="ignore">pc</tag>
<tag subtype="ignore">head</tag>
<tag subtype="ignore">label</tag>
<tag subtype="ignore">note</tag>
<tag subtype="ignore">num</tag>
<tag subtype="ignore">locus</tag>
<tag subtype="ignore">supplied</tag>
<tag subtype="ignore">surplus</tag>
        </ab>
      </editorialDecl>
    </encodingDesc>
    <xenoData>
      <stemma format="nexml" id="stemma0"><nex:nexml xmlns:nex="http://www.nexml.org/2009" version="0.9"><nex:otus id="otus1"><nex:otu id="otu0" label="A"/><nex:otu id="otu1" label="K"/><nex:otu id="otu2" label="H"/><nex:otu id="otu3" label="NE"/></nex:otus><nex:trees otus="otus1" id="trees1"><nex:tree id="guidetree" label="guidetree" xsi:type="nex:FloatTree" xmlns:xsi="http://www.w3.org/2001/XMLSchema-instance"><nex:node id="aed03257-c458-4fd1-b51a-6672def80237" root="true"/><nex:node id="85527588-ea1d-48dd-a5ea-4cf69162ef41"/><nex:node id="89f6b9ee-8d8e-4f73-9286-ac3bb3289b45" label="A" otu="otu2"/><nex:node id="9f674916-75c8-4536-bf7e-60e37818ca7c" label="K" otu="otu3"/><nex:node id="0fc2c735-f6f7-4a71-8c3c-cc66a2aaa963"/><nex:node id="b37f2dcd-5b25-4077-b79d-f7705dd08602" label="H" otu="otu5"/><nex:node id="543bf985-6d75-41dd-b857-f48405b0fd6a" label="NE" otu="otu6"/><nex:edge source="aed03257-c458-4fd1-b51a-6672def80237" target="85527588-ea1d-48dd-a5ea-4cf69162ef41" id="edge0" length="0.16104160962953096"/><nex:edge source="aed03257-c458-4fd1-b51a-6672def80237" target="0fc2c735-f6f7-4a71-8c3c-cc66a2aaa963" id="edge1" length="0.16104160962953096"/><nex:edge source="85527588-ea1d-48dd-a5ea-4cf69162ef41" target="89f6b9ee-8d8e-4f73-9286-ac3bb3289b45" id="edge2" length="0.6779167807409381"/><nex:edge source="85527588-ea1d-48dd-a5ea-4cf69162ef41" target="9f674916-75c8-4536-bf7e-60e37818ca7c" id="edge3" length="0.3220832192590619"/><nex:edge source="0fc2c735-f6f7-4a71-8c3c-cc66a2aaa963" target="b37f2dcd-5b25-4077-b79d-f7705dd08602" id="edge4" length="0"/><nex:edge source="0fc2c735-f6f7-4a71-8c3c-cc66a2aaa963" target="543bf985-6d75-41dd-b857-f48405b0fd6a" id="edge5" length="0"/></nex:tree></nex:trees></nex:nexml></stemma>
    </xenoData>
  </teiHeader>
<TEI n="A"><text><cl><w n="0" lemma="pū"> pū</w><w n="1">rya</w><w n="2" lemma="te">te </w></cl><cl><w n="3">śo</w><w n="4">ṇi</w><w n="5">te</w><w n="6">nā</w><w n="7" lemma="kṣi">kṣi </w></cl><cl><w n="8">si</w><w n="9">rā</w><w n="10">ve</w><w n="11">dhā</w><w n="12" lemma="tvi">d vi</w><w n="13">sa</w><w n="14">rpa</w><w n="15" lemma="tā">tā | </w><w n="16">ta</w><w n="17" lemma="tra">tra </w><w n="18">strī</w><w n="19">sta</w><w n="20">nya</w><w n="21">ya</w><w n="22">ṣṭyā</w><w n="23">hva</w><w n="24">pa</w><w n="25" lemma="kvaṃ">kvaṃ </w><w n="26">se</w><w n="27" lemma="ke">ke </w><w n="28">hi</w><w n="29" lemma="taṃ">taṃ </w><w n="30">ghṛ</w><w n="31" lemma="taṃ">tam || </w></cl></text></TEI><TEI n="K"><text><cl><w n="0" lemma="pū"> pū</w><w n="1">rya</w><w n="2" lemma="te">te </w></cl><cl><w n="3">śo</w><w n="4">ṇi</w><w n="5">ta</w><w n="6">syā</w><w n="7" lemma="kṣi">kṣi </w></cl><cl><w n="8">si</w><w n="9">rā</w><w n="10">mo</w><w n="11">kṣā</w><w n="12" lemma="tvi">d vi</w><w n="13">ro</w><w n="14">ca</w><w n="15" lemma="ne">ne |</w><w n="16"/><w n="17"/><w n="18"/><w n="19"/><w n="20"/><w n="21"/><w n="22"/><w n="23"/><w n="24"/><w n="25"/><w n="26"/><w n="27"/><w n="28"/><w n="29"/><w n="30"/><w n="31"/></cl></text></TEI><TEI n="H"><text><cl><w n="0" lemma="pū"> pū</w><w n="1">rya</w><w n="2" lemma="te">te </w></cl><cl><w n="3">śo</w><w n="4">ṇi</w><w n="5">ta</w><w n="6">syā</w><w n="7" lemma="kṣi">kṣi </w></cl><cl><w n="8">si</w><w n="9">rā</w><w n="10">mo</w><w n="11">kṣā</w><w n="12" lemma="tvi">d vi</w><w n="13">lo</w><w n="14">ca</w><w n="15" lemma="ne">ne |</w><w n="16"/><w n="17"/><w n="18"/><w n="19"/><w n="20"/><w n="21"/><w n="22"/><w n="23"/><w n="24"/><w n="25"/><w n="26"/><w n="27"/><w n="28"/><w n="29"/><w n="30"/><w n="31"/></cl></text></TEI><TEI n="NE"><text><cl><w n="0" lemma="pū"> pū</w><w n="1">rya</w><w n="2" lemma="te">te </w></cl><cl><w n="3">śo</w><w n="4">ṇi</w><w n="5">ta</w><w n="6">syā</w><w n="7" lemma="kṣi">kṣi </w></cl><cl><w n="8">si</w><w n="9">rā</w><w n="10">mo</w><w n="11">kṣā</w><w n="12" lemma="tvi">d vi</w><w n="13">lo</w><w n="14">ca</w><w n="15" lemma="ne">ne |</w><w n="16"/><w n="17"/><w n="18"/><w n="19"/><w n="20"/><w n="21"/><w n="22"/><w n="23"/><w n="24"/><w n="25"/><w n="26"/><w n="27"/><w n="28"/><w n="29"/><w n="30"/><w n="31"/></cl></text></TEI></teiCorpus>