<?xml version="1.0" encoding="UTF-8"?>
<teiCorpus xmlns="http://www.tei-c.org/ns/1.0" xml:lang="sa-Latn">
  <teiHeader>
<listWit>
<witness xml:id="A" source="06-ut-vulgate-1938-1-30.xml">
<abbr>A</abbr>
<expan>Printed edition: Ācārya 1938: Uttaratantra 1-30</expan>
</witness>
<witness xml:id="K" source="kl_699_uttaratantra-1-30.xml">
<abbr>K</abbr>
<expan>MSS Kathmandu KL 699: Uttaratantra</expan>
<listWit>
<witness xml:id="Kac" n="ac">
<abbr>Kac</abbr>
<expan>MSS Kathmandu KL 699: Uttaratantra [ante correctionem]</expan>
</witness>
<witness xml:id="Kpc" n="pc">
<abbr type="siglum">Kpc</abbr>
<expan>MSS Kathmandu KL 699: Uttaratantra [post correctionem]</expan>
</witness>
</listWit>
</witness>
<witness xml:id="H" source="nak_5-333_uttaratantra-1-30.xml">
<abbr>H</abbr>
<expan>MS Kathmandu NAK 5-333, Uttaratantra</expan>
<listWit>
<witness xml:id="Hac" n="ac">
<abbr>Hac</abbr>
<expan>MS Kathmandu NAK 5-333, Uttaratantra [ante correctionem]</expan>
</witness>
<witness xml:id="Hpc" n="pc">
<abbr type="siglum">Hpc</abbr>
<expan>MS Kathmandu NAK 5-333, Uttaratantra [post correctionem]</expan>
</witness>
</listWit>
</witness>
<witness xml:id="NE" source="provisional-edition_uttaratantra-1-30.xml">
<abbr>NE</abbr>
<expan>The Nepalese Version of the Suśrutasaṃhitā, uttaratantra 1-30, based on the
                    Nepalese MSS</expan>
</witness>
</listWit>
    <encodingDesc>
      <editorialDecl>
        <segmentation>
          <ab type="tokenization">aksara</ab>
          <ab type="blockid">SS.6.15.26</ab>
          <ab type="targetedition">NE</ab>
          <ab type="scoring">
            <ab type="match">1</ab>
            <ab type="mismatch">-1</ab>
            <ab type="gapopen">-2</ab>
            <ab type="gapextend">-0.25</ab>
            <ab type="recursive">true</ab>
            <ab type="realigndepth">20</ab>
            <ab type="distancefunction">ngrams</ab>
            
          </ab>
        </segmentation>
        <normalization method="markup">
<ab>ignore punctuation</ab>
<ab>candrabindu as anusvāra</ab>
<ab>geminated aspirated consonants</ab>
<ab>geminated m after h</ab>
<ab>geminated t</ab>
<ab>geminated consonants after r</ab>
<ab>final nasal variants</ab>
<ab>internal nasal variants</ab>
<ab>final anusvāra variants</ab>
<ab>visarga aḥ before voiced consonants</ab>
<ab>visarga aḥ before vowels</ab>
<ab>visarga aḥ before unvoiced consonants and space + anusvāra</ab>
<ab>visarga āḥ variants</ab>
<ab>other visarga variants</ab>
<ab>superfluous avagrahas</ab>
<ab>double avagrahas</ab>
<ab>avagrahas to short a</ab>
<ab>internal visarga variants</ab>
<ab>final au/āv</ab>
<ab>final su</ab>
<ab>final i</ab>
<ab>kcch/kś</ab>
<ab>cś/tś</ab>
<ab>cch/ch</ab>
<ab>final t + hi</ab>
<ab>final t + voiced syllable</ab>
<ab>final t + n/m</ab>
<ab>final t + c/j</ab>
<ab>i/y + vowel</ab>
<ab>bhd for bdh</ab>
<ab>remove spaces</ab>
        </normalization>
        <ab type="tagfilters">
<tag subtype="ignore">pc</tag>
<tag subtype="ignore">head</tag>
<tag subtype="ignore">label</tag>
<tag subtype="ignore">note</tag>
<tag subtype="ignore">num</tag>
<tag subtype="ignore">locus</tag>
<tag subtype="ignore">supplied</tag>
<tag subtype="ignore">surplus</tag>
        </ab>
      </editorialDecl>
    </encodingDesc>
    <xenoData>
      <stemma format="nexml" id="stemma0"><nex:nexml xmlns:nex="http://www.nexml.org/2009" version="0.9"><nex:otus id="otus1"><nex:otu id="otu0" label="H"/><nex:otu id="otu1" label="A"/><nex:otu id="otu2" label="K"/><nex:otu id="otu3" label="NE"/></nex:otus><nex:trees otus="otus1" id="trees1"><nex:tree id="guidetree" label="guidetree" xsi:type="nex:FloatTree" xmlns:xsi="http://www.w3.org/2001/XMLSchema-instance"><nex:node id="f137a374-51f0-4c1f-bdce-f9c75b00fc4c" root="true"/><nex:node id="ce33183e-2cad-4d7f-864a-d290ea9c961f"/><nex:node id="a3ee7d36-6ab3-40ef-98eb-3056db151e27" label="H" otu="otu2"/><nex:node id="ab91f5d0-54fd-41bd-a602-58f7d89c311c" label="A" otu="otu3"/><nex:node id="19c12dae-bca5-451b-be60-eb6a18623f5c"/><nex:node id="650fe281-9b93-4b49-a0f4-616d0019b4ae" label="K" otu="otu5"/><nex:node id="8d3511d2-4269-4f2f-aebd-360bf2f88270" label="NE" otu="otu6"/><nex:edge source="f137a374-51f0-4c1f-bdce-f9c75b00fc4c" target="ce33183e-2cad-4d7f-864a-d290ea9c961f" id="edge0" length="0.24053337885914566"/><nex:edge source="f137a374-51f0-4c1f-bdce-f9c75b00fc4c" target="19c12dae-bca5-451b-be60-eb6a18623f5c" id="edge1" length="0.24053337885914566"/><nex:edge source="ce33183e-2cad-4d7f-864a-d290ea9c961f" target="a3ee7d36-6ab3-40ef-98eb-3056db151e27" id="edge2" length="0.4852174926904559"/><nex:edge source="ce33183e-2cad-4d7f-864a-d290ea9c961f" target="ab91f5d0-54fd-41bd-a602-58f7d89c311c" id="edge3" length="0.4769844750323501"/><nex:edge source="19c12dae-bca5-451b-be60-eb6a18623f5c" target="650fe281-9b93-4b49-a0f4-616d0019b4ae" id="edge4" length="0"/><nex:edge source="19c12dae-bca5-451b-be60-eb6a18623f5c" target="8d3511d2-4269-4f2f-aebd-360bf2f88270" id="edge5" length="0"/></nex:tree></nex:trees></nex:nexml></stemma>
    </xenoData>
  </teiHeader>
<TEI n="H"><text><cl><w n="0">spha</w><w n="1">ṭi</w><w n="2" lemma="kaṃ">kaṃ </w></cl><cl><w n="3">ku</w><w n="4">rū</w><w n="5" lemma="viṃ">vin</w><w n="6" lemma="daṃ">dañ </w><w n="7" lemma="ca">ca </w></cl><cl><w n="8">pra</w><w n="9">vā</w><w n="10">le</w><w n="11" lemma="śmaṃ">śman </w><w n="12">ta</w></cl><cl><w n="13">kā</w><w n="14">vṛ</w><w n="15" lemma="tā">tā | </w></cl><cl><w n="16">vai</w><w n="17">dū</w><w n="18">rya</w></cl><cl><w n="19">pu</w><w n="20"/><w n="21" lemma="ṭaṃ">ṭaṃ </w></cl><cl><w n="22">mu</w><w n="23">ktā</w><w n="24">ma</w><w n="25" lemma="yaḥ">yas </w></cl><cl><w n="26">tā</w><w n="27">mra</w><w n="28">ra</w><w n="29" lemma="jaḥ">jo </w><w n="30" lemma="a"/><w n="31" lemma="pi">pi </w></cl><cl><w n="32" lemma="ca">ca ||</w></cl></text></TEI><TEI n="A"><text><cl><w n="0" lemma="spha"> spha</w><w n="1">ṭi</w><w n="2" lemma="kaṃ">kaṃ </w></cl><cl><w n="3">ku</w><w n="4">ru</w><w n="5" lemma="viṃ">vin</w><w n="6" lemma="daṃ">daṃ </w><w n="7" lemma="ca">ca </w></cl><cl><w n="8">pra</w><w n="9">vā</w><w n="10">lā</w><w n="11" lemma="śmaṃ">śman</w><w n="12">ta</w></cl><cl><w n="13" lemma="kaṃ">kaṃ </w><w n="14">ta</w><w n="15" lemma="thā">thā | </w></cl><cl><w n="16">vai</w><w n="17">dū</w><w n="18" lemma="ryaṃ">ryaṃ </w></cl><cl><w n="19">pu</w><w n="20">la</w><w n="21" lemma="kaṃ">kaṃ </w></cl><cl><w n="22">mu</w><w n="23">ktā</w><w n="24">ma</w><w n="25" lemma="yaḥ">yas </w></cl><cl><w n="26">tā</w><w n="27">mra</w><w n="28">ra</w><w n="29">jāṃ</w><w n="30"/><w n="31" lemma="si">si </w></cl><cl><w n="32" lemma="ca">ca || </w></cl></text></TEI><TEI n="K"><text><cl><w n="0">spha</w><w n="1">ṭī</w><w n="2" lemma="kaṃ">kaṃ </w></cl><cl><w n="3">ku</w><w n="4">ru</w><w n="5" lemma="viṃ">vin</w><w n="6" lemma="daṃ">dañ </w><w n="7" lemma="ca">ca </w></cl><cl><w n="8">pra</w><w n="9">vā</w><w n="10" lemma="lāṃ">lām</w><w n="11">sa</w><w n="12" lemma="ttu">ttu </w></cl><cl><w n="13">kā</w><w n="14">vṛ</w><w n="15" lemma="tā">tāḥ | </w></cl><cl><w n="16">vai</w><w n="17">dū</w><w n="18" lemma="ryaṃ">ryaṃ </w></cl><cl><w n="19">pu</w><w n="20">ṭā</w><w n="21" lemma="kaṃ">kaṃ </w></cl><cl><w n="22">mu</w><w n="23">ktā</w><w n="24">ma</w><w n="25" lemma="yaḥ">yas </w></cl><cl><w n="26">tā</w><w n="27">mra</w><w n="28">ra</w><w n="29" lemma="jaḥ">jo </w><w n="30" lemma="a"/><w n="31" lemma="pi">pi </w></cl><cl><w n="32" lemma="ca">ca |</w></cl></text></TEI><TEI n="NE"><text><cl><w n="0" lemma="spha"> spha</w><w n="1">ṭī</w><w n="2" lemma="kaṃ">kaṃ </w></cl><cl><w n="3">ku</w><w n="4">ru</w><w n="5" lemma="viṃ">vin</w><w n="6" lemma="daṃ">dañ </w><w n="7" lemma="ca">ca </w></cl><cl><w n="8">pra</w><w n="9">vā</w><w n="10" lemma="lāṃ">lām</w><w n="11">sa</w><w n="12" lemma="ttu">ttu </w></cl><cl><w n="13">kā</w><w n="14">vṛ</w><w n="15" lemma="tā">tāḥ | </w></cl><cl><w n="16">vai</w><w n="17">dū</w><w n="18" lemma="ryaṃ">ryaṃ </w></cl><cl><w n="19">pu</w><w n="20">ṭā</w><w n="21" lemma="kaṃ">kaṃ </w></cl><cl><w n="22">mu</w><w n="23">ktā</w><w n="24">ma</w><w n="25" lemma="yaḥ">yas </w></cl><cl><w n="26">tā</w><w n="27">mra</w><w n="28">ra</w><w n="29" lemma="jaḥ">jo </w><w n="30" lemma="a"/><w n="31" lemma="pi">pi </w></cl><cl><w n="32" lemma="ca">ca |</w></cl></text></TEI></teiCorpus>