<?xml version="1.0" encoding="UTF-8"?>
<teiCorpus xmlns="http://www.tei-c.org/ns/1.0" xml:lang="sa-Latn">
  <teiHeader>
<listWit>
<witness xml:id="A" source="06-ut-vulgate-1938-1-30.xml">
<abbr>A</abbr>
<expan>Printed edition: Ācārya 1938: Uttaratantra 1-30</expan>
</witness>
<witness xml:id="K" source="kl_699_uttaratantra-1-30.xml">
<abbr>K</abbr>
<expan>MSS Kathmandu KL 699: Uttaratantra</expan>
<listWit>
<witness xml:id="Kac" n="ac">
<abbr>Kac</abbr>
<expan>MSS Kathmandu KL 699: Uttaratantra [ante correctionem]</expan>
</witness>
<witness xml:id="Kpc" n="pc">
<abbr type="siglum">Kpc</abbr>
<expan>MSS Kathmandu KL 699: Uttaratantra [post correctionem]</expan>
</witness>
</listWit>
</witness>
<witness xml:id="H" source="nak_5-333_uttaratantra-1-30.xml">
<abbr>H</abbr>
<expan>MS Kathmandu NAK 5-333, Uttaratantra</expan>
<listWit>
<witness xml:id="Hac" n="ac">
<abbr>Hac</abbr>
<expan>MS Kathmandu NAK 5-333, Uttaratantra [ante correctionem]</expan>
</witness>
<witness xml:id="Hpc" n="pc">
<abbr type="siglum">Hpc</abbr>
<expan>MS Kathmandu NAK 5-333, Uttaratantra [post correctionem]</expan>
</witness>
</listWit>
</witness>
<witness xml:id="NE" source="provisional-edition_uttaratantra-1-30.xml">
<abbr>NE</abbr>
<expan>The Nepalese Version of the Suśrutasaṃhitā, uttaratantra 1-30, based on the
                    Nepalese MSS</expan>
</witness>
</listWit>
    <encodingDesc>
      <editorialDecl>
        <segmentation>
          <ab type="tokenization">aksara</ab>
          <ab type="blockid">SS.6.18.44</ab>
          <ab type="targetedition">NE</ab>
          <ab type="scoring">
            <ab type="match">1</ab>
            <ab type="mismatch">-1</ab>
            <ab type="gapopen">-2</ab>
            <ab type="gapextend">-0.25</ab>
            <ab type="recursive">true</ab>
            <ab type="realigndepth">20</ab>
            <ab type="distancefunction">ngrams</ab>
            
          </ab>
        </segmentation>
        <normalization method="markup">
<ab>ignore punctuation</ab>
<ab>candrabindu as anusvāra</ab>
<ab>geminated aspirated consonants</ab>
<ab>geminated m after h</ab>
<ab>geminated t</ab>
<ab>geminated consonants after r</ab>
<ab>final nasal variants</ab>
<ab>internal nasal variants</ab>
<ab>final anusvāra variants</ab>
<ab>visarga aḥ before voiced consonants</ab>
<ab>visarga aḥ before vowels</ab>
<ab>visarga aḥ before unvoiced consonants and space + anusvāra</ab>
<ab>visarga āḥ variants</ab>
<ab>other visarga variants</ab>
<ab>superfluous avagrahas</ab>
<ab>double avagrahas</ab>
<ab>avagrahas to short a</ab>
<ab>internal visarga variants</ab>
<ab>final au/āv</ab>
<ab>final su</ab>
<ab>final i</ab>
<ab>kcch/kś</ab>
<ab>cś/tś</ab>
<ab>cch/ch</ab>
<ab>final t + hi</ab>
<ab>final t + voiced syllable</ab>
<ab>final t + n/m</ab>
<ab>final t + c/j</ab>
<ab>i/y + vowel</ab>
<ab>bhd for bdh</ab>
<ab>remove spaces</ab>
        </normalization>
        <ab type="tagfilters">
<tag subtype="ignore">pc</tag>
<tag subtype="ignore">head</tag>
<tag subtype="ignore">label</tag>
<tag subtype="ignore">note</tag>
<tag subtype="ignore">num</tag>
<tag subtype="ignore">locus</tag>
<tag subtype="ignore">supplied</tag>
<tag subtype="ignore">surplus</tag>
        </ab>
      </editorialDecl>
    </encodingDesc>
    <xenoData>
      <stemma format="nexml" id="stemma0"><nex:nexml xmlns:nex="http://www.nexml.org/2009" version="0.9"><nex:otus id="otus1"><nex:otu id="otu0" label="A"/><nex:otu id="otu1" label="H"/><nex:otu id="otu2" label="K"/><nex:otu id="otu3" label="NE"/></nex:otus><nex:trees otus="otus1" id="trees1"><nex:tree id="guidetree" label="guidetree" xsi:type="nex:FloatTree" xmlns:xsi="http://www.w3.org/2001/XMLSchema-instance"><nex:node id="fd34e30c-7ed2-46c6-8d8c-2b884e99e127" root="true"/><nex:node id="4f5bc670-28d4-4d22-b189-968a00155907"/><nex:node id="dfbe2519-5544-4059-ba2a-6927fd415f77" label="A" otu="otu2"/><nex:node id="eead620e-9e7a-46f5-8efe-41d06cc5dba3" label="H" otu="otu3"/><nex:node id="4796ce57-4735-4f54-b0a1-19430385c4ca"/><nex:node id="3ad5d3b5-a7d5-47a8-9e9d-babfdd592fe0" label="K" otu="otu5"/><nex:node id="357e31c3-d0a5-41e5-86ae-b2c5a479de80" label="NE" otu="otu6"/><nex:edge source="fd34e30c-7ed2-46c6-8d8c-2b884e99e127" target="4f5bc670-28d4-4d22-b189-968a00155907" id="edge0" length="0"/><nex:edge source="fd34e30c-7ed2-46c6-8d8c-2b884e99e127" target="4796ce57-4735-4f54-b0a1-19430385c4ca" id="edge1" length="0"/><nex:edge source="4f5bc670-28d4-4d22-b189-968a00155907" target="dfbe2519-5544-4059-ba2a-6927fd415f77" id="edge2" length="1"/><nex:edge source="4f5bc670-28d4-4d22-b189-968a00155907" target="eead620e-9e7a-46f5-8efe-41d06cc5dba3" id="edge3" length="0"/><nex:edge source="4796ce57-4735-4f54-b0a1-19430385c4ca" target="3ad5d3b5-a7d5-47a8-9e9d-babfdd592fe0" id="edge4" length="5.551115123125783e-17"/><nex:edge source="4796ce57-4735-4f54-b0a1-19430385c4ca" target="357e31c3-d0a5-41e5-86ae-b2c5a479de80" id="edge5" length="5.551115123125783e-17"/></nex:tree></nex:trees></nex:nexml></stemma>
    </xenoData>
  </teiHeader>
<TEI n="A"><text><cl><w n="0" lemma="ya"> ya</w><w n="1">thā</w><w n="2">do</w><w n="3">ṣo</w><w n="4">pa</w><w n="5">yu</w><w n="6" lemma="ktaṃ">ktaṃ </w><w n="7" lemma="tu">tu </w></cl><cl><w n="8">nā</w><w n="9">ti</w><w n="10">pra</w><w n="11">ba</w><w n="12" lemma="laṃ">lam </w></cl><cl><w n="13">o</w><w n="14">ja</w><w n="15" lemma="sā">sā | </w></cl><cl><w n="16">ro</w><w n="17">ga</w></cl><cl><w n="18" lemma="māḥ">māś </w><w n="19">cyo</w><w n="20">ta</w><w n="21" lemma="naṃ">naṃ </w></cl><cl><w n="22" lemma="haṃ">han</w><w n="23" lemma="ti">ti </w></cl><cl><w n="24">se</w><w n="25" lemma="kaḥ">kas </w></cl><cl><w n="26"/><w n="27" lemma="tu">tu </w></cl><cl><w n="28">ba</w><w n="29">la</w><w n="30">va</w><w n="31">tta</w><w n="32" lemma="raṃ">ram || </w></cl></text></TEI><TEI n="H"><text><cl><w n="0" lemma="ya"> ya</w><w n="1">thā</w><w n="2">do</w><w n="3">ṣo</w><w n="4">pa</w><w n="5">yu</w><w n="6" lemma="ktaṃ">ktaṃ </w><w n="7" lemma="tu">tu </w></cl><cl><w n="8">nā</w><w n="9">ti</w><w n="10">pra</w><w n="11">ba</w><w n="12" lemma="laṃ">lam </w></cl><cl><w n="13">o</w><w n="14">ja</w><w n="15" lemma="sā">sā || </w></cl><cl><w n="16">ro</w><w n="17" lemma="gaṃ">gam </w></cl><cl><w n="18">ā</w><w n="19">ścyo</w><w n="20">ta</w><w n="21" lemma="naṃ">naṃ </w></cl><cl><w n="22" lemma="haṃ">han</w><w n="23" lemma="ti">ti , </w></cl><cl><w n="24">se</w><w n="25" lemma="kaḥ">ko </w></cl><cl><w n="26" lemma="a">'</w><w n="27" lemma="pi">pi </w></cl><cl><w n="28">ba</w><w n="29">la</w><w n="30">va</w><w n="31">tta</w><w n="32" lemma="raḥ">raḥ | </w></cl></text></TEI><TEI n="K"><text><cl><w n="0" lemma="ya"> ya</w><w n="1">thā</w><w n="2">do</w><w n="3">ṣo</w><w n="4">pa</w><w n="5">yu</w><w n="6" lemma="ktaṃ">ktan </w><w n="7" lemma="tu">tu </w></cl><cl><w n="8">nā</w><w n="9">ti</w><w n="10">pra</w><w n="11">ba</w><w n="12" lemma="laṃ">lam </w></cl><cl><w n="13">o</w><w n="14">ja</w><w n="15" lemma="sā">sā | </w></cl><cl><w n="16">ro</w><w n="17" lemma="gaṃ">gam </w></cl><cl><w n="18">ā</w><w n="19">ścyo</w><w n="20">ta</w><w n="21" lemma="naṃ">naṃ </w></cl><cl><w n="22" lemma="haṃ">han</w><w n="23" lemma="ti">ti </w></cl><cl><w n="24">se</w><w n="25" lemma="kaḥ">ko </w></cl><cl><w n="26" lemma="a"/><w n="27" lemma="pi">pi </w></cl><cl><w n="28">ba</w><w n="29">la</w><w n="30">va</w><w n="31">tta</w><w n="32" lemma="raṃ">raṃ | </w></cl></text></TEI><TEI n="NE"><text><cl><w n="0" lemma="ya"> ya</w><w n="1">thā</w><w n="2">do</w><w n="3">ṣo</w><w n="4">pa</w><w n="5">yu</w><w n="6" lemma="ktaṃ">ktan </w><w n="7" lemma="tu">tu </w></cl><cl><w n="8">nā</w><w n="9">ti</w><w n="10">pra</w><w n="11">ba</w><w n="12" lemma="laṃ">lam </w></cl><cl><w n="13">o</w><w n="14">ja</w><w n="15" lemma="sā">sā | </w></cl><cl><w n="16">ro</w><w n="17" lemma="gaṃ">gam </w></cl><cl><w n="18">ā</w><w n="19">ścyo</w><w n="20">ta</w><w n="21" lemma="naṃ">naṃ </w></cl><cl><w n="22" lemma="haṃ">han</w><w n="23" lemma="ti">ti </w></cl><cl><w n="24">se</w><w n="25" lemma="kaḥ">ko </w></cl><cl><w n="26" lemma="a"/><w n="27" lemma="pi">pi </w></cl><cl><w n="28">ba</w><w n="29">la</w><w n="30">va</w><w n="31">tta</w><w n="32" lemma="raṃ">raṃ | </w></cl></text></TEI></teiCorpus>