<?xml version="1.0" encoding="UTF-8"?>
<teiCorpus xmlns="http://www.tei-c.org/ns/1.0" xml:lang="sa-Latn">
  <teiHeader>
<listWit>
<witness xml:id="A" source="06-ut-vulgate-1938-1-30.xml">
<abbr>A</abbr>
<expan>Printed edition: Ācārya 1938: Uttaratantra 1-30</expan>
</witness>
<witness xml:id="K" source="kl_699_uttaratantra-1-30.xml">
<abbr>K</abbr>
<expan>MSS Kathmandu KL 699: Uttaratantra</expan>
<listWit>
<witness xml:id="Kac" n="ac">
<abbr>Kac</abbr>
<expan>MSS Kathmandu KL 699: Uttaratantra [ante correctionem]</expan>
</witness>
<witness xml:id="Kpc" n="pc">
<abbr type="siglum">Kpc</abbr>
<expan>MSS Kathmandu KL 699: Uttaratantra [post correctionem]</expan>
</witness>
</listWit>
</witness>
<witness xml:id="H" source="nak_5-333_uttaratantra-1-30.xml">
<abbr>H</abbr>
<expan>MS Kathmandu NAK 5-333, Uttaratantra</expan>
<listWit>
<witness xml:id="Hac" n="ac">
<abbr>Hac</abbr>
<expan>MS Kathmandu NAK 5-333, Uttaratantra [ante correctionem]</expan>
</witness>
<witness xml:id="Hpc" n="pc">
<abbr type="siglum">Hpc</abbr>
<expan>MS Kathmandu NAK 5-333, Uttaratantra [post correctionem]</expan>
</witness>
</listWit>
</witness>
<witness xml:id="NE" source="provisional-edition_uttaratantra-1-30.xml">
<abbr>NE</abbr>
<expan>The Nepalese Version of the Suśrutasaṃhitā, uttaratantra 1-30, based on the
                    Nepalese MSS</expan>
</witness>
</listWit>
    <encodingDesc>
      <editorialDecl>
        <segmentation>
          <ab type="tokenization">aksara</ab>
          <ab type="blockid">SS.6.20.3</ab>
          <ab type="targetedition">NE</ab>
          <ab type="scoring">
            <ab type="match">1</ab>
            <ab type="mismatch">-1</ab>
            <ab type="gapopen">-2</ab>
            <ab type="gapextend">-0.25</ab>
            <ab type="recursive">true</ab>
            <ab type="realigndepth">20</ab>
            <ab type="distancefunction">ngrams</ab>
            
          </ab>
        </segmentation>
        <normalization method="markup">
<ab>ignore punctuation</ab>
<ab>candrabindu as anusvāra</ab>
<ab>geminated aspirated consonants</ab>
<ab>geminated m after h</ab>
<ab>geminated t</ab>
<ab>geminated consonants after r</ab>
<ab>final nasal variants</ab>
<ab>internal nasal variants</ab>
<ab>final anusvāra variants</ab>
<ab>visarga aḥ before voiced consonants</ab>
<ab>visarga aḥ before vowels</ab>
<ab>visarga aḥ before unvoiced consonants and space + anusvāra</ab>
<ab>visarga āḥ variants</ab>
<ab>other visarga variants</ab>
<ab>superfluous avagrahas</ab>
<ab>double avagrahas</ab>
<ab>avagrahas to short a</ab>
<ab>internal visarga variants</ab>
<ab>final au/āv</ab>
<ab>final su</ab>
<ab>final i</ab>
<ab>kcch/kś</ab>
<ab>cś/tś</ab>
<ab>cch/ch</ab>
<ab>final t + hi</ab>
<ab>final t + voiced syllable</ab>
<ab>final t + n/m</ab>
<ab>final t + c/j</ab>
<ab>i/y + vowel</ab>
<ab>bhd for bdh</ab>
<ab>remove spaces</ab>
        </normalization>
        <ab type="tagfilters">
<tag subtype="ignore">pc</tag>
<tag subtype="ignore">head</tag>
<tag subtype="ignore">label</tag>
<tag subtype="ignore">note</tag>
<tag subtype="ignore">num</tag>
<tag subtype="ignore">locus</tag>
<tag subtype="ignore">supplied</tag>
<tag subtype="ignore">surplus</tag>
        </ab>
      </editorialDecl>
    </encodingDesc>
    <xenoData>
      <stemma format="nexml" id="stemma0"><nex:nexml xmlns:nex="http://www.nexml.org/2009" version="0.9"><nex:otus id="otus1"><nex:otu id="otu0" label="A"/><nex:otu id="otu1" label="H"/><nex:otu id="otu2" label="K"/><nex:otu id="otu3" label="NE"/></nex:otus><nex:trees otus="otus1" id="trees1"><nex:tree id="guidetree" label="guidetree" xsi:type="nex:FloatTree" xmlns:xsi="http://www.w3.org/2001/XMLSchema-instance"><nex:node id="9ca5a360-faaf-4225-be59-9ce51d0436b0" root="true"/><nex:node id="24718bad-3087-4fac-8b14-dde3e7f9c78f"/><nex:node id="24dbf0d3-dd28-4ccd-bd75-ab89746067b7" label="A" otu="otu2"/><nex:node id="3cf743b3-a722-4bdb-9d6e-dd145c259dc3" label="H" otu="otu3"/><nex:node id="a4daf658-0458-4b88-96ed-0feb39aa6452"/><nex:node id="88a565ab-1234-4c1c-9224-fc17e74922c0" label="K" otu="otu5"/><nex:node id="4b1dce8b-c86b-4bbf-9af7-70b227edd6b6" label="NE" otu="otu6"/><nex:edge source="9ca5a360-faaf-4225-be59-9ce51d0436b0" target="24718bad-3087-4fac-8b14-dde3e7f9c78f" id="edge0" length="0.23813860981542567"/><nex:edge source="9ca5a360-faaf-4225-be59-9ce51d0436b0" target="a4daf658-0458-4b88-96ed-0feb39aa6452" id="edge1" length="0.23813860981542567"/><nex:edge source="24718bad-3087-4fac-8b14-dde3e7f9c78f" target="24dbf0d3-dd28-4ccd-bd75-ab89746067b7" id="edge2" length="0.48136469805082904"/><nex:edge source="24718bad-3087-4fac-8b14-dde3e7f9c78f" target="3cf743b3-a722-4bdb-9d6e-dd145c259dc3" id="edge3" length="0.38589118809476"/><nex:edge source="a4daf658-0458-4b88-96ed-0feb39aa6452" target="88a565ab-1234-4c1c-9224-fc17e74922c0" id="edge4" length="2.220446049250313e-16"/><nex:edge source="a4daf658-0458-4b88-96ed-0feb39aa6452" target="4b1dce8b-c86b-4bbf-9af7-70b227edd6b6" id="edge5" length="0"/></nex:tree></nex:trees></nex:nexml></stemma>
    </xenoData>
  </teiHeader>
<TEI n="A"><text><cl><w n="0" lemma="ka"> ka</w><w n="1">rṇa</w><w n="2">śū</w><w n="3" lemma="laṃ">laṃ </w></cl><cl><w n="4">pra</w><w n="5">ṇā</w><w n="6" lemma="daḥ">daś </w><w n="7" lemma="ca">ca </w></cl><cl><w n="8">bā</w><w n="9">dhi</w><w n="10" lemma="ryaṃ">ryaṃ </w></cl><cl><w n="11">kṣve</w><w n="12" lemma="ḍa">ḍa </w></cl><cl><w n="13">e</w><w n="14" lemma="va">va </w><w n="15" lemma="ca">ca | </w></cl><cl><w n="16">ka</w><w n="17">rṇa</w><w n="18">srā</w><w n="19" lemma="vaḥ">vaḥ </w></cl><cl><w n="20">ka</w><w n="21">rṇa</w><w n="22" lemma="kaṃ">kaṇ</w><w n="23" lemma="ḍūḥ">ḍūḥ </w></cl><cl><w n="24">ka</w><w n="25">rṇa</w><w n="26">va</w><w n="27" lemma="rcaḥ">rcas </w></cl><cl><w n="28">ta</w><w n="29">thai</w><w n="30" lemma="va">va </w></cl><cl><w n="31" lemma="ca">ca || </w></cl></text></TEI><TEI n="H"><text><cl><w n="0" lemma="ka"> ka</w><w n="1" lemma="rṇa">rṇṇa</w><w n="2">śū</w><w n="3" lemma="laḥ">laḥ </w></cl><cl><w n="4">pra</w><w n="5">ṇā</w><w n="6" lemma="daḥ">daś </w><w n="7" lemma="ca">ca </w></cl><cl><w n="8">bā</w><w n="9">dhi</w><w n="10" lemma="ryaṃ">ryaṃ </w></cl><cl><w n="11">kṣve</w><w n="12" lemma="ḍa">ḍa </w></cl><cl><w n="13">e</w><w n="14" lemma="va">va </w><w n="15" lemma="ca">ca | </w></cl><cl><w n="16">ka</w><w n="17" lemma="rṇā">rṇṇā</w><w n="18">śrā</w><w n="19" lemma="vaḥ">vaḥ </w></cl><cl><w n="20">ka</w><w n="21" lemma="rṇa">rṇṇa</w><w n="22" lemma="kaṃ">kaṇ</w><w n="23" lemma="ḍūḥ">ḍūḥ </w></cl><cl><w n="24">ka</w><w n="25" lemma="rṇa">rṇṇa</w><w n="26">va</w><w n="27" lemma="ccaḥ">ccas </w></cl><cl><w n="28">ta</w><w n="29">thai</w><w n="30" lemma="va">va </w></cl><cl><w n="31" lemma="ca">ca || </w></cl></text></TEI><TEI n="K"><text><cl><w n="0" lemma="ka"> ka</w><w n="1" lemma="rṇa">rṇṇa</w><w n="2">śū</w><w n="3" lemma="laḥ">laḥ </w></cl><cl><w n="4">pra</w><w n="5">ṇā</w><w n="6" lemma="daḥ">daś </w><w n="7" lemma="ca">ca </w></cl><cl><w n="8">bā</w><w n="9">dhi</w><w n="10" lemma="ryaṃ">ryaṃ </w></cl><cl><w n="11">kṣve</w><w n="12" lemma="ḍa">ḍa </w></cl><cl><w n="13">e</w><w n="14" lemma="va">va </w><w n="15" lemma="ca">ca | </w></cl><cl><w n="16">ka</w><w n="17" lemma="rṇā">rṇṇā</w><w n="18">śrā</w><w n="19" lemma="vaḥ">vaḥ </w></cl><cl><w n="20">ka</w><w n="21" lemma="rṇa">rṇṇa</w><w n="22" lemma="kaṃ">kaṇ</w><w n="23" lemma="ḍū">ḍū </w></cl><cl><w n="24">ka</w><w n="25" lemma="rṇa">rṇṇa</w><w n="26">va</w><w n="27" lemma="rcaḥ">rcas </w></cl><cl><w n="28">ta</w><w n="29">thai</w><w n="30" lemma="va">va </w></cl><cl><w n="31" lemma="ca">ca | </w></cl></text></TEI><TEI n="NE"><text><cl><w n="0" lemma="ka"> ka</w><w n="1" lemma="rṇa">rṇṇa</w><w n="2">śū</w><w n="3" lemma="laḥ">laḥ </w></cl><cl><w n="4">pra</w><w n="5">ṇā</w><w n="6" lemma="daḥ">daś </w><w n="7" lemma="ca">ca </w></cl><cl><w n="8">bā</w><w n="9">dhi</w><w n="10" lemma="ryaṃ">ryaṃ </w></cl><cl><w n="11">kṣve</w><w n="12" lemma="ḍa">ḍa </w></cl><cl><w n="13">e</w><w n="14" lemma="va">va </w><w n="15" lemma="ca">ca | </w></cl><cl><w n="16">ka</w><w n="17" lemma="rṇā">rṇṇā</w><w n="18">śrā</w><w n="19" lemma="vaḥ">vaḥ </w></cl><cl><w n="20">ka</w><w n="21" lemma="rṇa">rṇṇa</w><w n="22" lemma="kaṃ">kaṇ</w><w n="23" lemma="ḍū">ḍū </w></cl><cl><w n="24">ka</w><w n="25" lemma="rṇa">rṇṇa</w><w n="26">va</w><w n="27" lemma="rcaḥ">rcas </w></cl><cl><w n="28">ta</w><w n="29">thai</w><w n="30" lemma="va">va </w></cl><cl><w n="31" lemma="ca">ca | </w></cl></text></TEI></teiCorpus>