<?xml version="1.0" encoding="UTF-8"?>
<teiCorpus xmlns="http://www.tei-c.org/ns/1.0" xml:lang="sa-Latn">
  <teiHeader>
<listWit>
<witness xml:id="A" source="06-ut-vulgate-1938-1-30.xml">
<abbr>A</abbr>
<expan>Printed edition: Ācārya 1938: Uttaratantra 1-30</expan>
</witness>
<witness xml:id="K" source="kl_699_uttaratantra-1-30.xml">
<abbr>K</abbr>
<expan>MSS Kathmandu KL 699: Uttaratantra</expan>
<listWit>
<witness xml:id="Kac" n="ac">
<abbr>Kac</abbr>
<expan>MSS Kathmandu KL 699: Uttaratantra [ante correctionem]</expan>
</witness>
<witness xml:id="Kpc" n="pc">
<abbr type="siglum">Kpc</abbr>
<expan>MSS Kathmandu KL 699: Uttaratantra [post correctionem]</expan>
</witness>
</listWit>
</witness>
<witness xml:id="H" source="nak_5-333_uttaratantra-1-30.xml">
<abbr>H</abbr>
<expan>MS Kathmandu NAK 5-333, Uttaratantra</expan>
<listWit>
<witness xml:id="Hac" n="ac">
<abbr>Hac</abbr>
<expan>MS Kathmandu NAK 5-333, Uttaratantra [ante correctionem]</expan>
</witness>
<witness xml:id="Hpc" n="pc">
<abbr type="siglum">Hpc</abbr>
<expan>MS Kathmandu NAK 5-333, Uttaratantra [post correctionem]</expan>
</witness>
</listWit>
</witness>
<witness xml:id="NE" source="provisional-edition_uttaratantra-1-30.xml">
<abbr>NE</abbr>
<expan>The Nepalese Version of the Suśrutasaṃhitā, uttaratantra 1-30, based on the
                    Nepalese MSS</expan>
</witness>
</listWit>
    <encodingDesc>
      <editorialDecl>
        <segmentation>
          <ab type="tokenization">aksara</ab>
          <ab type="blockid">SS.6.18.56</ab>
          <ab type="targetedition">NE</ab>
          <ab type="scoring">
            <ab type="match">1</ab>
            <ab type="mismatch">-1</ab>
            <ab type="gapopen">-2</ab>
            <ab type="gapextend">-0.25</ab>
            <ab type="recursive">true</ab>
            <ab type="realigndepth">20</ab>
            <ab type="distancefunction">ngrams</ab>
            
          </ab>
        </segmentation>
        <normalization method="markup">
<ab>ignore punctuation</ab>
<ab>candrabindu as anusvāra</ab>
<ab>geminated aspirated consonants</ab>
<ab>geminated m after h</ab>
<ab>geminated t</ab>
<ab>geminated consonants after r</ab>
<ab>final nasal variants</ab>
<ab>internal nasal variants</ab>
<ab>final anusvāra variants</ab>
<ab>visarga aḥ before voiced consonants</ab>
<ab>visarga aḥ before vowels</ab>
<ab>visarga aḥ before unvoiced consonants and space + anusvāra</ab>
<ab>visarga āḥ variants</ab>
<ab>other visarga variants</ab>
<ab>superfluous avagrahas</ab>
<ab>double avagrahas</ab>
<ab>avagrahas to short a</ab>
<ab>internal visarga variants</ab>
<ab>final au/āv</ab>
<ab>final su</ab>
<ab>final i</ab>
<ab>kcch/kś</ab>
<ab>cś/tś</ab>
<ab>cch/ch</ab>
<ab>final t + hi</ab>
<ab>final t + voiced syllable</ab>
<ab>final t + n/m</ab>
<ab>final t + c/j</ab>
<ab>i/y + vowel</ab>
<ab>bhd for bdh</ab>
<ab>remove spaces</ab>
        </normalization>
        <ab type="tagfilters">
<tag subtype="ignore">pc</tag>
<tag subtype="ignore">head</tag>
<tag subtype="ignore">label</tag>
<tag subtype="ignore">note</tag>
<tag subtype="ignore">num</tag>
<tag subtype="ignore">locus</tag>
<tag subtype="ignore">supplied</tag>
<tag subtype="ignore">surplus</tag>
        </ab>
      </editorialDecl>
    </encodingDesc>
    <xenoData>
      <stemma format="nexml" id="stemma0"><nex:nexml xmlns:nex="http://www.nexml.org/2009" version="0.9"><nex:otus id="otus1"><nex:otu id="otu0" label="A"/><nex:otu id="otu1" label="H"/><nex:otu id="otu2" label="K"/><nex:otu id="otu3" label="NE"/></nex:otus><nex:trees otus="otus1" id="trees1"><nex:tree id="guidetree" label="guidetree" xsi:type="nex:FloatTree" xmlns:xsi="http://www.w3.org/2001/XMLSchema-instance"><nex:node id="1fd2331a-6298-4d55-9169-2ab4cfe2ce4b" root="true"/><nex:node id="554840c0-d08a-49ac-be26-1dfef1df3b60"/><nex:node id="75652b56-167d-4790-b55a-4634e804d6f0" label="A" otu="otu2"/><nex:node id="d73b7532-f1aa-46f4-8db4-310e0a20b107" label="H" otu="otu3"/><nex:node id="601581e8-2c25-4c8f-8608-2f2d74683ef2"/><nex:node id="8c8e14a9-5158-4fd2-99d0-ee125f81262c" label="K" otu="otu5"/><nex:node id="bd569970-1d89-42ed-8b8b-1ce86492ad9a" label="NE" otu="otu6"/><nex:edge source="1fd2331a-6298-4d55-9169-2ab4cfe2ce4b" target="554840c0-d08a-49ac-be26-1dfef1df3b60" id="edge0" length="0.21962808940389905"/><nex:edge source="1fd2331a-6298-4d55-9169-2ab4cfe2ce4b" target="601581e8-2c25-4c8f-8608-2f2d74683ef2" id="edge1" length="0.21962808940389905"/><nex:edge source="554840c0-d08a-49ac-be26-1dfef1df3b60" target="75652b56-167d-4790-b55a-4634e804d6f0" id="edge2" length="0.5312058660239731"/><nex:edge source="554840c0-d08a-49ac-be26-1dfef1df3b60" target="d73b7532-f1aa-46f4-8db4-310e0a20b107" id="edge3" length="0.46879413397602687"/><nex:edge source="601581e8-2c25-4c8f-8608-2f2d74683ef2" target="8c8e14a9-5158-4fd2-99d0-ee125f81262c" id="edge4" length="0"/><nex:edge source="601581e8-2c25-4c8f-8608-2f2d74683ef2" target="bd569970-1d89-42ed-8b8b-1ce86492ad9a" id="edge5" length="0"/></nex:tree></nex:trees></nex:nexml></stemma>
    </xenoData>
  </teiHeader>
<TEI n="A"><text><cl><w n="0" lemma="ma"> ma</w><w n="1">dhu</w><w n="2" lemma="raṃ">raṃ </w></cl><cl><w n="3">sne</w><w n="4">ha</w><w n="5">saṃ</w><w n="6" lemma="paṃ">pan</w><w n="7" lemma="naṃ">nam </w></cl><cl><w n="8" lemma="aṃ">añ</w><w n="9">ja</w><w n="10" lemma="naṃ">naṃ </w><w n="11" lemma="tu">tu </w></cl><cl><w n="12">pra</w><w n="13">sā</w><w n="14">da</w><w n="15" lemma="naṃ">nam | </w></cl><cl><w n="16">dṛ</w><w n="17">ṣṭi</w></cl><cl><w n="18">do</w><w n="19">ṣa</w><w n="20">pra</w><w n="21">sā</w><w n="22">dā</w><w n="23" lemma="rthaṃ">rthaṃ </w></cl><cl><w n="24">sne</w><w n="25">ha</w><w n="26">nā</w><w n="27" lemma="rthaṃ">rthaṃ </w><w n="28" lemma="ca">ca </w></cl><cl><w n="29">ta</w><w n="30" lemma="dhi">ddhi</w><w n="31" lemma="taṃ">tam || </w></cl></text></TEI><TEI n="H"><text><cl><w n="0" lemma="ma"> ma</w><w n="1">dhu</w><w n="2" lemma="raṃ">raṃ </w></cl><cl><w n="3">sne</w><w n="4">ha</w><w n="5" lemma="saṃ">sam</w><w n="6">pa</w><w n="7" lemma="naṃ">na,m </w></cl><cl><w n="8" lemma="aṃ">añ</w><w n="9">ja</w><w n="10" lemma="naṃ">nan </w><w n="11" lemma="tu">tu </w></cl><cl><w n="12">pra</w><w n="13">sā</w><w n="14">da</w><w n="15" lemma="naṃ">naṃ || </w></cl><cl><w n="16">dṛ</w><w n="17" lemma="ṣṭeḥ">ṣṭer </w></cl><cl><w n="18">a</w><w n="19" lemma="taḥ">taḥ </w><w n="20">pra</w><w n="21">sā</w><w n="22">dā</w><w n="23" lemma="rthaṃ">rthaṃ , </w></cl><cl><w n="24">sne</w><w n="25">ha</w><w n="26">nā</w><w n="27" lemma="rthaṃ">rthaṃ </w><w n="28" lemma="tu">tu </w></cl><cl><w n="29">ta</w><w n="30" lemma="tdhi">d dhi</w><w n="31" lemma="taṃ">taṃ | </w></cl></text></TEI><TEI n="K"><text><cl><w n="0" lemma="ma"> ma</w><w n="1">dhu</w><w n="2" lemma="raṃ">raṃ </w></cl><cl><w n="3">sne</w><w n="4">ha</w><w n="5" lemma="saṃ">sam</w><w n="6">pa</w><w n="7" lemma="naṃ">nam </w></cl><cl><w n="8" lemma="aṃ">añ</w><w n="9">ja</w><w n="10" lemma="naṃ">nan </w><w n="11" lemma="tu">tu </w></cl><cl><w n="12">pra</w><w n="13">sā</w><w n="14">da</w><w n="15" lemma="naṃ">naṃ | </w></cl><cl><w n="16">dṛ</w><w n="17" lemma="ṣṭeḥ">ṣṭer </w></cl><cl><w n="18">do</w><w n="19">ṣa</w><w n="20">pra</w><w n="21">sā</w><w n="22">dā</w><w n="23" lemma="rthaṃ">rthaṃ </w></cl><cl><w n="24">sne</w><w n="25">ha</w><w n="26">nā</w><w n="27" lemma="rthaṃ">rthaṃ </w><w n="28" lemma="tu">tu </w></cl><cl><w n="29">ya</w><w n="30" lemma="tdhi">d dhi</w><w n="31" lemma="taṃ">taṃ | </w></cl></text></TEI><TEI n="NE"><text><cl><w n="0" lemma="ma"> ma</w><w n="1">dhu</w><w n="2" lemma="raṃ">raṃ </w></cl><cl><w n="3">sne</w><w n="4">ha</w><w n="5" lemma="saṃ">sam</w><w n="6">pa</w><w n="7" lemma="naṃ">nam </w></cl><cl><w n="8" lemma="aṃ">añ</w><w n="9">ja</w><w n="10" lemma="naṃ">nan </w><w n="11" lemma="tu">tu </w></cl><cl><w n="12">pra</w><w n="13">sā</w><w n="14">da</w><w n="15" lemma="naṃ">naṃ | </w></cl><cl><w n="16">dṛ</w><w n="17" lemma="ṣṭeḥ">ṣṭer </w></cl><cl><w n="18">do</w><w n="19">ṣa</w><w n="20">pra</w><w n="21">sā</w><w n="22">dā</w><w n="23" lemma="rthaṃ">rthaṃ </w></cl><cl><w n="24">sne</w><w n="25">ha</w><w n="26">nā</w><w n="27" lemma="rthaṃ">rthaṃ </w><w n="28" lemma="tu">tu </w></cl><cl><w n="29">ya</w><w n="30" lemma="tdhi">d dhi</w><w n="31" lemma="taṃ">taṃ | </w></cl></text></TEI></teiCorpus>