<?xml version="1.0" encoding="UTF-8"?>
<teiCorpus xmlns="http://www.tei-c.org/ns/1.0" xml:lang="sa-Latn">
  <teiHeader>
<listWit>
<witness xml:id="A" source="06-ut-vulgate-1938-1-30.xml">
<abbr>A</abbr>
<expan>Printed edition: Ācārya 1938: Uttaratantra 1-30</expan>
</witness>
<witness xml:id="K" source="kl_699_uttaratantra-1-30.xml">
<abbr>K</abbr>
<expan>MSS Kathmandu KL 699: Uttaratantra</expan>
<listWit>
<witness xml:id="Kac" n="ac">
<abbr>Kac</abbr>
<expan>MSS Kathmandu KL 699: Uttaratantra [ante correctionem]</expan>
</witness>
<witness xml:id="Kpc" n="pc">
<abbr type="siglum">Kpc</abbr>
<expan>MSS Kathmandu KL 699: Uttaratantra [post correctionem]</expan>
</witness>
</listWit>
</witness>
<witness xml:id="H" source="nak_5-333_uttaratantra-1-30.xml">
<abbr>H</abbr>
<expan>MS Kathmandu NAK 5-333, Uttaratantra</expan>
<listWit>
<witness xml:id="Hac" n="ac">
<abbr>Hac</abbr>
<expan>MS Kathmandu NAK 5-333, Uttaratantra [ante correctionem]</expan>
</witness>
<witness xml:id="Hpc" n="pc">
<abbr type="siglum">Hpc</abbr>
<expan>MS Kathmandu NAK 5-333, Uttaratantra [post correctionem]</expan>
</witness>
</listWit>
</witness>
<witness xml:id="NE" source="provisional-edition_uttaratantra-1-30.xml">
<abbr>NE</abbr>
<expan>The Nepalese Version of the Suśrutasaṃhitā, uttaratantra 1-30, based on the
                    Nepalese MSS</expan>
</witness>
</listWit>
    <encodingDesc>
      <editorialDecl>
        <segmentation>
          <ab type="tokenization">aksara</ab>
          <ab type="blockid">SS.6.12.18</ab>
          <ab type="targetedition">NE</ab>
          <ab type="scoring">
            <ab type="match">1</ab>
            <ab type="mismatch">-1</ab>
            <ab type="gapopen">-2</ab>
            <ab type="gapextend">-0.25</ab>
            <ab type="recursive">true</ab>
            <ab type="realigndepth">20</ab>
            <ab type="distancefunction">ngrams</ab>
            
          </ab>
        </segmentation>
        <normalization method="markup">
<ab>ignore punctuation</ab>
<ab>candrabindu as anusvāra</ab>
<ab>geminated aspirated consonants</ab>
<ab>geminated m after h</ab>
<ab>geminated t</ab>
<ab>geminated consonants after r</ab>
<ab>final nasal variants</ab>
<ab>internal nasal variants</ab>
<ab>final anusvāra variants</ab>
<ab>visarga aḥ before voiced consonants</ab>
<ab>visarga aḥ before vowels</ab>
<ab>visarga aḥ before unvoiced consonants and space + anusvāra</ab>
<ab>visarga āḥ variants</ab>
<ab>other visarga variants</ab>
<ab>superfluous avagrahas</ab>
<ab>double avagrahas</ab>
<ab>avagrahas to short a</ab>
<ab>internal visarga variants</ab>
<ab>final au/āv</ab>
<ab>final su</ab>
<ab>final i</ab>
<ab>kcch/kś</ab>
<ab>cś/tś</ab>
<ab>cch/ch</ab>
<ab>final t + hi</ab>
<ab>final t + voiced syllable</ab>
<ab>final t + n/m</ab>
<ab>final t + c/j</ab>
<ab>i/y + vowel</ab>
<ab>bhd for bdh</ab>
<ab>remove spaces</ab>
        </normalization>
        <ab type="tagfilters">
<tag subtype="ignore">pc</tag>
<tag subtype="ignore">head</tag>
<tag subtype="ignore">label</tag>
<tag subtype="ignore">note</tag>
<tag subtype="ignore">num</tag>
<tag subtype="ignore">locus</tag>
<tag subtype="ignore">supplied</tag>
<tag subtype="ignore">surplus</tag>
        </ab>
      </editorialDecl>
    </encodingDesc>
    <xenoData>
      <stemma format="nexml" id="stemma0"><nex:nexml xmlns:nex="http://www.nexml.org/2009" version="0.9"><nex:otus id="otus1"><nex:otu id="otu0" label="A"/><nex:otu id="otu1" label="H"/><nex:otu id="otu2" label="K"/><nex:otu id="otu3" label="NE"/></nex:otus><nex:trees otus="otus1" id="trees1"><nex:tree id="guidetree" label="guidetree" xsi:type="nex:FloatTree" xmlns:xsi="http://www.w3.org/2001/XMLSchema-instance"><nex:node id="0956c72c-c846-4dbf-8f95-04a9ee09023d" root="true"/><nex:node id="41d20206-ec95-4c3a-b22a-9c0fdf9a7c83"/><nex:node id="88cb944b-5710-44c9-a0ae-a1582e704369" label="A" otu="otu2"/><nex:node id="77a49d13-fb92-4c6b-b400-16c771fac5c7" label="H" otu="otu3"/><nex:node id="648be3d9-b399-4386-ac99-db02c1e59147"/><nex:node id="3de70451-f2a8-4a0d-be97-f11a6cb25103" label="K" otu="otu5"/><nex:node id="f7ea6933-934c-41db-b81f-eeb454407bd9" label="NE" otu="otu6"/><nex:edge source="0956c72c-c846-4dbf-8f95-04a9ee09023d" target="41d20206-ec95-4c3a-b22a-9c0fdf9a7c83" id="edge0" length="0.15489982658541818"/><nex:edge source="0956c72c-c846-4dbf-8f95-04a9ee09023d" target="648be3d9-b399-4386-ac99-db02c1e59147" id="edge1" length="0.15489982658541818"/><nex:edge source="41d20206-ec95-4c3a-b22a-9c0fdf9a7c83" target="88cb944b-5710-44c9-a0ae-a1582e704369" id="edge2" length="0.6902003468291635"/><nex:edge source="41d20206-ec95-4c3a-b22a-9c0fdf9a7c83" target="77a49d13-fb92-4c6b-b400-16c771fac5c7" id="edge3" length="0.30979965317083646"/><nex:edge source="648be3d9-b399-4386-ac99-db02c1e59147" target="3de70451-f2a8-4a0d-be97-f11a6cb25103" id="edge4" length="0"/><nex:edge source="648be3d9-b399-4386-ac99-db02c1e59147" target="f7ea6933-934c-41db-b81f-eeb454407bd9" id="edge5" length="0"/></nex:tree></nex:trees></nex:nexml></stemma>
    </xenoData>
  </teiHeader>
<TEI n="A"><text><cl><w n="0" lemma="ma"> ma</w><w n="1">dhu</w><w n="2" lemma="nā">nā </w></cl><cl><w n="3">tā</w><w n="4">rkṣya</w><w n="5" lemma="jaṃ">jaṃ </w></cl><cl><w n="6"/><w n="7"/><w n="9" lemma="pi">pi </w></cl><w n="8">vā</w><cl><w n="10">kā</w><w n="11">sī</w><w n="12" lemma="aṃ">aṃ </w><w n="13" lemma="vā">vā </w></cl><cl><w n="14">sa</w><w n="15">sai</w><w n="16">dha</w><w n="17" lemma="vaṃ">vam | </w></cl><cl><w n="18">ve</w><w n="19">trā</w><w n="20">mla</w><w n="21">sta</w></cl><cl><w n="22">nya</w><w n="23">saṃ</w><w n="24">yu</w><w n="25" lemma="ktaṃ">ktaṃ </w></cl><cl><w n="26">phā</w><w n="27">ṇi</w><w n="28" lemma="taṃ">taṃ </w><w n="29" lemma="ca">ca </w></cl><cl><w n="30">sa</w><w n="31">sai</w><w n="32">ndha</w><w n="33" lemma="vaṃ">vam || </w></cl></text></TEI><TEI n="H"><text><cl><w n="0" lemma="ma"> ma</w><w n="1">dhu</w><w n="2" lemma="nā">nā </w></cl><cl><w n="3">tā</w><w n="4">rkṣya</w><w n="5" lemma="jaṃ">jaṃ </w></cl><cl><w n="6">śai</w><w n="7" lemma="laṃ">lam </w><w n="9"/></cl><w n="8" lemma="vā">vā </w><cl><w n="10">kā</w><w n="11">sī</w><w n="12" lemma="saṃ">sam </w><w n="13" lemma="vā">vā </w></cl><cl><w n="14">sa</w><w n="15">sai</w><w n="16">ndha</w><w n="17" lemma="vaṃ">vaṃ | </w></cl><cl><w n="18"/><w n="19"/><w n="20"/><w n="21"/></cl><cl><w n="22"/><w n="23"/><w n="24"/><w n="25"/></cl><cl><w n="26"/><w n="27"/><w n="28"/><w n="29"/></cl><cl><w n="30"/><w n="31"/><w n="32"/><w n="33"/></cl></text></TEI><TEI n="K"><text><cl><w n="0" lemma="ma"> ma</w><w n="1">dhu</w><w n="2" lemma="nā">nā </w></cl><cl><w n="3">tā</w><w n="4">rkṣya</w><w n="5" lemma="jaṃ">jaṃ </w></cl><cl><w n="6">śai</w><w n="7" lemma="laṃ">lam </w><w n="9"/></cl><w n="8" lemma="vā">vā </w><cl><w n="10">kā</w><w n="11">sī</w><w n="12" lemma="saṃ">sam </w><w n="13" lemma="vā">vā </w></cl><cl><w n="14">sa</w><w n="15">sai</w><w n="16">ndha</w><w n="17" lemma="vaṃ">vaṃ | </w></cl><cl><w n="18">ve</w><w n="19">ta</w><w n="20">mā</w><w n="21" lemma="mlaṃ">mlaṃ </w></cl><cl><w n="22">sta</w><w n="23">nya</w><w n="24">yu</w><w n="25" lemma="ktaṃ">ktaṃ </w></cl><cl><w n="26">kā</w><w n="27">sī</w><w n="28" lemma="saṃ">sam </w><w n="29" lemma="vā">vā </w></cl><cl><w n="30">sa</w><w n="31">sai</w><w n="32">ndha</w><w n="33" lemma="vaṃ">vaṃ | </w></cl></text></TEI><TEI n="NE"><text><cl><w n="0" lemma="ma"> ma</w><w n="1">dhu</w><w n="2" lemma="nā">nā </w></cl><cl><w n="3">tā</w><w n="4">rkṣya</w><w n="5" lemma="jaṃ">jaṃ </w></cl><cl><w n="6">śai</w><w n="7" lemma="laṃ">lam </w><w n="9"/></cl><w n="8" lemma="vā">vā </w><cl><w n="10">kā</w><w n="11">sī</w><w n="12" lemma="saṃ">sam </w><w n="13" lemma="vā">vā </w></cl><cl><w n="14">sa</w><w n="15">sai</w><w n="16">ndha</w><w n="17" lemma="vaṃ">vaṃ | </w></cl><cl><w n="18">ve</w><w n="19">ta</w><w n="20">mā</w><w n="21" lemma="mlaṃ">mlaṃ </w></cl><cl><w n="22">sta</w><w n="23">nya</w><w n="24">yu</w><w n="25" lemma="ktaṃ">ktaṃ </w></cl><cl><w n="26">kā</w><w n="27">sī</w><w n="28" lemma="saṃ">sam </w><w n="29" lemma="vā">vā </w></cl><cl><w n="30">sa</w><w n="31">sai</w><w n="32">ndha</w><w n="33" lemma="vaṃ">vaṃ | </w></cl></text></TEI></teiCorpus>