<?xml version="1.0" encoding="UTF-8"?>
<teiCorpus xmlns="http://www.tei-c.org/ns/1.0" xml:lang="sa-Latn">
  <teiHeader>
<listWit>
<witness xml:id="A" source="06-ut-vulgate-1938-1-30.xml">
<abbr>A</abbr>
<expan>Printed edition: Ācārya 1938: Uttaratantra 1-30</expan>
</witness>
<witness xml:id="K" source="kl_699_uttaratantra-1-30.xml">
<abbr>K</abbr>
<expan>MSS Kathmandu KL 699: Uttaratantra</expan>
<listWit>
<witness xml:id="Kac" n="ac">
<abbr>Kac</abbr>
<expan>MSS Kathmandu KL 699: Uttaratantra [ante correctionem]</expan>
</witness>
<witness xml:id="Kpc" n="pc">
<abbr type="siglum">Kpc</abbr>
<expan>MSS Kathmandu KL 699: Uttaratantra [post correctionem]</expan>
</witness>
</listWit>
</witness>
<witness xml:id="H" source="nak_5-333_uttaratantra-1-30.xml">
<abbr>H</abbr>
<expan>MS Kathmandu NAK 5-333, Uttaratantra</expan>
<listWit>
<witness xml:id="Hac" n="ac">
<abbr>Hac</abbr>
<expan>MS Kathmandu NAK 5-333, Uttaratantra [ante correctionem]</expan>
</witness>
<witness xml:id="Hpc" n="pc">
<abbr type="siglum">Hpc</abbr>
<expan>MS Kathmandu NAK 5-333, Uttaratantra [post correctionem]</expan>
</witness>
</listWit>
</witness>
<witness xml:id="NE" source="provisional-edition_uttaratantra-1-30.xml">
<abbr>NE</abbr>
<expan>The Nepalese Version of the Suśrutasaṃhitā, uttaratantra 1-30, based on the
                    Nepalese MSS</expan>
</witness>
</listWit>
    <encodingDesc>
      <editorialDecl>
        <segmentation>
          <ab type="tokenization">aksara</ab>
          <ab type="blockid">SS.6.12.47</ab>
          <ab type="targetedition">NE</ab>
          <ab type="scoring">
            <ab type="match">1</ab>
            <ab type="mismatch">-1</ab>
            <ab type="gapopen">-2</ab>
            <ab type="gapextend">-0.25</ab>
            <ab type="recursive">true</ab>
            <ab type="realigndepth">20</ab>
            <ab type="distancefunction">ngrams</ab>
            
          </ab>
        </segmentation>
        <normalization method="markup">
<ab>ignore punctuation</ab>
<ab>candrabindu as anusvāra</ab>
<ab>geminated aspirated consonants</ab>
<ab>geminated m after h</ab>
<ab>geminated t</ab>
<ab>geminated consonants after r</ab>
<ab>final nasal variants</ab>
<ab>internal nasal variants</ab>
<ab>final anusvāra variants</ab>
<ab>visarga aḥ before voiced consonants</ab>
<ab>visarga aḥ before vowels</ab>
<ab>visarga aḥ before unvoiced consonants and space + anusvāra</ab>
<ab>visarga āḥ variants</ab>
<ab>other visarga variants</ab>
<ab>superfluous avagrahas</ab>
<ab>double avagrahas</ab>
<ab>avagrahas to short a</ab>
<ab>internal visarga variants</ab>
<ab>final au/āv</ab>
<ab>final su</ab>
<ab>final i</ab>
<ab>kcch/kś</ab>
<ab>cś/tś</ab>
<ab>cch/ch</ab>
<ab>final t + hi</ab>
<ab>final t + voiced syllable</ab>
<ab>final t + n/m</ab>
<ab>final t + c/j</ab>
<ab>i/y + vowel</ab>
<ab>bhd for bdh</ab>
<ab>remove spaces</ab>
        </normalization>
        <ab type="tagfilters">
<tag subtype="ignore">pc</tag>
<tag subtype="ignore">head</tag>
<tag subtype="ignore">label</tag>
<tag subtype="ignore">note</tag>
<tag subtype="ignore">num</tag>
<tag subtype="ignore">locus</tag>
<tag subtype="ignore">supplied</tag>
<tag subtype="ignore">surplus</tag>
        </ab>
      </editorialDecl>
    </encodingDesc>
    <xenoData>
      <stemma format="nexml" id="stemma0"><nex:nexml xmlns:nex="http://www.nexml.org/2009" version="0.9"><nex:otus id="otus1"><nex:otu id="otu0" label="A"/><nex:otu id="otu1" label="H"/><nex:otu id="otu2" label="K"/><nex:otu id="otu3" label="NE"/></nex:otus><nex:trees otus="otus1" id="trees1"><nex:tree id="guidetree" label="guidetree" xsi:type="nex:FloatTree" xmlns:xsi="http://www.w3.org/2001/XMLSchema-instance"><nex:node id="1895731f-5ede-4cd6-a72b-f797d26dc967" root="true"/><nex:node id="a457348a-a7eb-42da-8f22-10e44cd84fde"/><nex:node id="3a692f2d-e529-4739-a2d7-304e06d0b26b" label="A" otu="otu2"/><nex:node id="c3a5262c-5697-4438-aa36-a01265301726" label="H" otu="otu3"/><nex:node id="158b1bee-796c-45a4-94ae-b85d3ac8bfbe"/><nex:node id="6984a7d9-74a4-461b-b1de-92c4657c1b34" label="K" otu="otu5"/><nex:node id="957d2088-3740-41de-954b-9110d62a4430" label="NE" otu="otu6"/><nex:edge source="1895731f-5ede-4cd6-a72b-f797d26dc967" target="a457348a-a7eb-42da-8f22-10e44cd84fde" id="edge0" length="0.16779045629474082"/><nex:edge source="1895731f-5ede-4cd6-a72b-f797d26dc967" target="158b1bee-796c-45a4-94ae-b85d3ac8bfbe" id="edge1" length="0.16779045629474082"/><nex:edge source="a457348a-a7eb-42da-8f22-10e44cd84fde" target="3a692f2d-e529-4739-a2d7-304e06d0b26b" id="edge2" length="0.6165347305786337"/><nex:edge source="a457348a-a7eb-42da-8f22-10e44cd84fde" target="c3a5262c-5697-4438-aa36-a01265301726" id="edge3" length="0.3834652694213663"/><nex:edge source="158b1bee-796c-45a4-94ae-b85d3ac8bfbe" target="6984a7d9-74a4-461b-b1de-92c4657c1b34" id="edge4" length="0"/><nex:edge source="158b1bee-796c-45a4-94ae-b85d3ac8bfbe" target="957d2088-3740-41de-954b-9110d62a4430" id="edge5" length="0"/></nex:tree></nex:trees></nex:nexml></stemma>
    </xenoData>
  </teiHeader>
<TEI n="A"><text><cl><w n="0" lemma="sne"> sne</w><w n="1">hā</w><w n="2">di</w><w n="3" lemma="bhiḥ">bhiḥ </w></cl><cl><w n="4">sa</w><w n="5">mya</w><w n="6" lemma="ga">g a</w><w n="7">pā</w><w n="8" lemma="sya">sya </w></cl><cl><w n="9">do</w><w n="10">ṣāṃ</w></cl><cl><w n="11">stṛ</w><w n="12" lemma="ptiṃ">ptiṃ </w></cl><cl><w n="13">vi</w><w n="14">dhā</w><w n="15">yā</w><w n="16" lemma="tha">tha </w></cl><cl><w n="17">ya</w><w n="18">thā</w><w n="19" lemma="svaṃ">svam </w></cl><cl><w n="20">e</w><w n="21" lemma="va">va | </w></cl><cl><w n="22">pra</w><w n="23" lemma="kliṃ">klin</w><w n="24">na</w><w n="25">va</w><w n="26">rtmā</w><w n="27" lemma="naṃ">nam </w></cl><cl><w n="28">u</w><w n="29">pa</w><w n="30">kra</w><w n="31">me</w><w n="32" lemma="ta">ta </w></cl><cl><w n="33">se</w><w n="34" lemma="kāṃ">kāñ</w><w n="35">ja</w><w n="36" lemma="nāḥ">nāś </w><w n="37">cyo</w><w n="38">ta</w><w n="39">na</w><w n="40">na</w><w n="41">sya</w><w n="42">dhū</w><w n="43" lemma="maiḥ">maiḥ || </w></cl></text></TEI><TEI n="H"><text><cl><w n="0" lemma="sne"> sne</w><w n="1">hā</w><w n="2">di</w><w n="3" lemma="nā">nā </w></cl><cl><w n="4">sa</w><w n="5">mya</w><w n="6">gu</w><w n="7">pā</w><w n="8" lemma="sya">sya </w></cl><cl><w n="9">do</w><w n="10" lemma="ṣāṃ">ṣāṃ </w></cl><cl><w n="11">tṛ</w><w n="12" lemma="ptiṃ">ptiṃ </w></cl><cl><w n="13">vi</w><w n="14">dhi</w><w n="15">ne</w><w n="16" lemma="na">na </w></cl><cl><w n="17">ya</w><w n="18">thā</w><w n="19">sva</w></cl><cl><w n="20"/><w n="21" lemma="va">va | </w></cl><cl><w n="22">a</w><w n="23" lemma="kliṃ">klin</w><w n="24">na</w><w n="25" lemma="va">va¦</w><w n="26">rtmā</w><w n="27" lemma="naṃ">nam </w></cl><cl><w n="28">u</w><w n="29">pa</w><w n="30">lra</w><w n="31">me</w><w n="32" lemma="ta">ta </w></cl><cl><w n="33">se</w><w n="34" lemma="kāṃ">kāñ</w><w n="35">ja</w><w n="36">nā</w><w n="37">ścyo</w><w n="38">ta</w><w n="39">na</w><w n="40">na</w><w n="41">sya</w><w n="42">dhū</w><w n="43" lemma="maiḥ">maiḥ || </w></cl></text></TEI><TEI n="K"><text><cl><w n="0" lemma="sne"> sne</w><w n="1">hā</w><w n="2">di</w><w n="3" lemma="nā">nā </w></cl><cl><w n="4">sa</w><w n="5">mya</w><w n="6" lemma="gu">g u</w><w n="7">pā</w><w n="8" lemma="sya">sya </w></cl><cl><w n="9">do</w><w n="10" lemma="ṣāṃ">ṣāṃ </w></cl><cl><w n="11">tṛ</w><w n="12" lemma="ptiṃ">ptiṃ </w></cl><cl><w n="13">vi</w><w n="14">dhi</w><w n="15">ne</w><w n="16" lemma="na">na </w></cl><cl><w n="17">ya</w><w n="18">thā</w><w n="19" lemma="svaṃ">svam </w></cl><cl><w n="20">e</w><w n="21" lemma="va">va | </w></cl><cl><w n="22">a</w><w n="23" lemma="kliṃ">klin</w><w n="24">na</w><w n="25">va</w><w n="26">rtmā</w><w n="27" lemma="naṃ">nam </w></cl><cl><w n="28">u</w><w n="29">pa</w><w n="30">kra</w><w n="31">me</w><w n="32" lemma="ta">ta </w></cl><cl><w n="33">se</w><w n="34" lemma="kāṃ">kāñ</w><w n="35">ja</w><w n="36">nā</w><w n="37">ścyo</w><w n="38">ta</w><w n="39">na</w><w n="40">na</w><w n="41">sya</w><w n="42">dhū</w><w n="43" lemma="maiḥ">maiḥ | </w></cl></text></TEI><TEI n="NE"><text><cl><w n="0" lemma="sne"> sne</w><w n="1">hā</w><w n="2">di</w><w n="3" lemma="nā">nā </w></cl><cl><w n="4">sa</w><w n="5">mya</w><w n="6" lemma="gu">g u</w><w n="7">pā</w><w n="8" lemma="sya">sya </w></cl><cl><w n="9">do</w><w n="10" lemma="ṣāṃ">ṣāṃ </w></cl><cl><w n="11">tṛ</w><w n="12" lemma="ptiṃ">ptiṃ </w></cl><cl><w n="13">vi</w><w n="14">dhi</w><w n="15">ne</w><w n="16" lemma="na">na </w></cl><cl><w n="17">ya</w><w n="18">thā</w><w n="19" lemma="svaṃ">svam </w></cl><cl><w n="20">e</w><w n="21" lemma="va">va | </w></cl><cl><w n="22">a</w><w n="23" lemma="kliṃ">klin</w><w n="24">na</w><w n="25">va</w><w n="26">rtmā</w><w n="27" lemma="naṃ">nam </w></cl><cl><w n="28">u</w><w n="29">pa</w><w n="30">kra</w><w n="31">me</w><w n="32" lemma="ta">ta </w></cl><cl><w n="33">se</w><w n="34" lemma="kāṃ">kāñ</w><w n="35">ja</w><w n="36">nā</w><w n="37">ścyo</w><w n="38">ta</w><w n="39">na</w><w n="40">na</w><w n="41">sya</w><w n="42">dhū</w><w n="43" lemma="maiḥ">maiḥ | </w></cl></text></TEI></teiCorpus>