<?xml version="1.0" encoding="UTF-8"?>
<teiCorpus xmlns="http://www.tei-c.org/ns/1.0" xml:lang="sa-Latn">
  <teiHeader>
<listWit>
<witness xml:id="A" source="06-ut-vulgate-1938-1-30.xml">
<abbr>A</abbr>
<expan>Printed edition: Ācārya 1938: Uttaratantra 1-30</expan>
</witness>
<witness xml:id="K" source="kl_699_uttaratantra-1-30.xml">
<abbr>K</abbr>
<expan>MSS Kathmandu KL 699: Uttaratantra</expan>
<listWit>
<witness xml:id="Kac" n="ac">
<abbr>Kac</abbr>
<expan>MSS Kathmandu KL 699: Uttaratantra [ante correctionem]</expan>
</witness>
<witness xml:id="Kpc" n="pc">
<abbr type="siglum">Kpc</abbr>
<expan>MSS Kathmandu KL 699: Uttaratantra [post correctionem]</expan>
</witness>
</listWit>
</witness>
<witness xml:id="H" source="nak_5-333_uttaratantra-1-30.xml">
<abbr>H</abbr>
<expan>MS Kathmandu NAK 5-333, Uttaratantra</expan>
<listWit>
<witness xml:id="Hac" n="ac">
<abbr>Hac</abbr>
<expan>MS Kathmandu NAK 5-333, Uttaratantra [ante correctionem]</expan>
</witness>
<witness xml:id="Hpc" n="pc">
<abbr type="siglum">Hpc</abbr>
<expan>MS Kathmandu NAK 5-333, Uttaratantra [post correctionem]</expan>
</witness>
</listWit>
</witness>
<witness xml:id="NE" source="provisional-edition_uttaratantra-1-30.xml">
<abbr>NE</abbr>
<expan>The Nepalese Version of the Suśrutasaṃhitā, uttaratantra 1-30, based on the
                    Nepalese MSS</expan>
</witness>
</listWit>
    <encodingDesc>
      <editorialDecl>
        <segmentation>
          <ab type="tokenization">aksara</ab>
          <ab type="blockid">SS.6.1.29</ab>
          <ab type="targetedition">NE</ab>
          <ab type="scoring">
            <ab type="match">1</ab>
            <ab type="mismatch">-1</ab>
            <ab type="gapopen">-2</ab>
            <ab type="gapextend">-0.25</ab>
            <ab type="recursive">true</ab>
            <ab type="realigndepth">20</ab>
            <ab type="distancefunction">ngrams</ab>
            
          </ab>
        </segmentation>
        <normalization method="markup">
<ab>ignore punctuation</ab>
<ab>candrabindu as anusvāra</ab>
<ab>geminated aspirated consonants</ab>
<ab>geminated m after h</ab>
<ab>geminated t</ab>
<ab>geminated consonants after r</ab>
<ab>final nasal variants</ab>
<ab>internal nasal variants</ab>
<ab>final anusvāra variants</ab>
<ab>visarga aḥ before voiced consonants</ab>
<ab>visarga aḥ before vowels</ab>
<ab>visarga aḥ before unvoiced consonants and space + anusvāra</ab>
<ab>visarga āḥ variants</ab>
<ab>other visarga variants</ab>
<ab>superfluous avagrahas</ab>
<ab>double avagrahas</ab>
<ab>avagrahas to short a</ab>
<ab>internal visarga variants</ab>
<ab>final au/āv</ab>
<ab>final su</ab>
<ab>final i</ab>
<ab>kcch/kś</ab>
<ab>cś/tś</ab>
<ab>cch/ch</ab>
<ab>final t + hi</ab>
<ab>final t + voiced syllable</ab>
<ab>final t + n/m</ab>
<ab>final t + c/j</ab>
<ab>i/y + vowel</ab>
<ab>bhd for bdh</ab>
<ab>remove spaces</ab>
        </normalization>
        <ab type="tagfilters">
<tag subtype="ignore">pc</tag>
<tag subtype="ignore">head</tag>
<tag subtype="ignore">label</tag>
<tag subtype="ignore">note</tag>
<tag subtype="ignore">num</tag>
<tag subtype="ignore">locus</tag>
<tag subtype="ignore">supplied</tag>
<tag subtype="ignore">surplus</tag>
        </ab>
      </editorialDecl>
    </encodingDesc>
    <xenoData>
      <stemma format="nexml" id="stemma0"><nex:nexml xmlns:nex="http://www.nexml.org/2009" version="0.9"><nex:otus id="otus1"><nex:otu id="otu0" label="H"/><nex:otu id="otu1" label="A"/><nex:otu id="otu2" label="NE"/><nex:otu id="otu3" label="K"/></nex:otus><nex:trees otus="otus1" id="trees1"><nex:tree id="guidetree" label="guidetree" xsi:type="nex:FloatTree" xmlns:xsi="http://www.w3.org/2001/XMLSchema-instance"><nex:node id="adc2c518-6d2c-4911-bd48-eb47e6ac2a63" root="true"/><nex:node id="ae4958ec-e09e-46a4-a0a2-a8beec39e2d5"/><nex:node id="8d294b28-1582-48b2-ad18-a7939aa21eb5" label="H" otu="otu2"/><nex:node id="28a2ba6d-f32c-48c0-9733-526658d910e1" label="A" otu="otu3"/><nex:node id="6a37c2b1-87cc-42a4-8aec-6077c99a402b"/><nex:node id="57379bd8-2a3d-449a-93ca-70913ee8198a" label="NE" otu="otu5"/><nex:node id="f64da65d-e203-4b76-a79e-2f2f3427467e" label="K" otu="otu6"/><nex:edge source="adc2c518-6d2c-4911-bd48-eb47e6ac2a63" target="ae4958ec-e09e-46a4-a0a2-a8beec39e2d5" id="edge0" length="0.04131858858038029"/><nex:edge source="adc2c518-6d2c-4911-bd48-eb47e6ac2a63" target="6a37c2b1-87cc-42a4-8aec-6077c99a402b" id="edge1" length="0.04131858858038029"/><nex:edge source="ae4958ec-e09e-46a4-a0a2-a8beec39e2d5" target="8d294b28-1582-48b2-ad18-a7939aa21eb5" id="edge2" length="0.4980590702735878"/><nex:edge source="ae4958ec-e09e-46a4-a0a2-a8beec39e2d5" target="28a2ba6d-f32c-48c0-9733-526658d910e1" id="edge3" length="0.4023638971793319"/><nex:edge source="6a37c2b1-87cc-42a4-8aec-6077c99a402b" target="57379bd8-2a3d-449a-93ca-70913ee8198a" id="edge4" length="0.42433228175060256"/><nex:edge source="6a37c2b1-87cc-42a4-8aec-6077c99a402b" target="f64da65d-e203-4b76-a79e-2f2f3427467e" id="edge5" length="0.3323956034337825"/></nex:tree></nex:trees></nex:nexml></stemma>
    </xenoData>
  </teiHeader>
<TEI n="H"><text><cl><w n="0"/><w n="1"/><w n="2">vā</w><w n="3">hyai</w></cl><cl><w n="4">rpu</w><w n="5">na</w><w n="6" lemma="rdvau">rdvau </w><w n="7" lemma="ca">ca </w></cl><cl><w n="8">ta</w><w n="9" lemma="thā">thā </w></cl><cl><w n="10">ro</w><w n="11" lemma="gāḥ">gāḥ </w></cl><cl><w n="12">ṣa</w><w n="13">ḍsa</w><w n="14">pta</w><w n="15" lemma="tiḥ">tiḥ </w></cl><cl><w n="16">smṛ</w><w n="17" lemma="tā">tāḥ | </w></cl><cl><w n="18">ha</w><w n="19">tā</w><w n="20">dhi</w><w n="21">ma</w><w n="22" lemma="nthaḥ">ntho </w></cl><cl><w n="23">ni</w><w n="24">mi</w><w n="25" lemma="ṣaḥ">ṣo </w></cl><cl><w n="26">dṛ</w><w n="27">ṣṭi</w><w n="28">gaṃ</w><w n="29">bhī</w><w n="30">ri</w><w n="31" lemma="kā">kā </w><w n="32"/></cl><cl><w n="33" lemma="yā">yā ||</w></cl></text></TEI><TEI n="A"><text><cl><w n="0" lemma="ta"> ta</w><w n="1" lemma="thā">thā </w><w n="2">bā</w><w n="3" lemma="hyau">hyau </w></cl><cl><w n="4">pu</w><w n="5" lemma="naḥ">nar </w><w n="6" lemma="dvau">dvau </w><w n="7" lemma="ca">ca </w></cl><cl><w n="8"/><w n="9"/></cl><cl><w n="10">ro</w><w n="11" lemma="gāḥ">gāḥ </w></cl><cl><w n="12">ṣa</w><w n="13">ṭsa</w><w n="14">pta</w><w n="15" lemma="tiḥ">tiḥ </w></cl><cl><w n="16">smṛ</w><w n="17" lemma="tā">tāḥ | </w></cl><cl><w n="18">ha</w><w n="19">tā</w><w n="20">dhi</w><w n="21">ma</w><w n="22" lemma="nthaḥ">ntho </w></cl><cl><w n="23">ni</w><w n="24">mi</w><w n="25" lemma="ṣaḥ">ṣo </w></cl><cl><w n="26">dṛ</w><w n="27" lemma="ṣṭiḥ">ṣṭir </w><w n="28">ga</w><w n="29">mbhī</w><w n="30">ri</w><w n="31" lemma="kā">kā </w><w n="32" lemma="ca">ca </w></cl><cl><w n="33" lemma="yā">yā || </w></cl></text></TEI><TEI n="NE"><text><cl><w n="0" lemma=""> </w><w n="1"/><w n="2">bā</w><w n="3" lemma="hyau">hyau </w></cl><cl><w n="4">pu</w><w n="5">na</w><w n="6" lemma="rdvau">rdvau </w><w n="7" lemma="ca">ca </w></cl><cl><w n="8">ta</w><w n="9" lemma="thā">thā </w></cl><cl><w n="10">ro</w><w n="11" lemma="gāḥ">gāḥ </w></cl><cl><w n="12">ṣa</w><w n="13">ṭsa</w><w n="14">pta</w><w n="15" lemma="ti">ti </w></cl><cl><w n="16">smṛ</w><w n="17" lemma="tā">tāḥ | </w></cl><cl><w n="18">ha</w><w n="19">tā</w><w n="20">dhi</w><w n="21">ma</w><w n="22" lemma="nthaḥ">ntho </w></cl><cl><w n="23">ni</w><w n="24">mi</w><w n="25" lemma="śaḥ">śo </w></cl><cl><w n="26">dṛ</w><w n="27">ṣṭi</w><w n="28">rga</w><w n="29">mbhī</w><w n="30">ri</w><w n="31" lemma="kā">kā </w><w n="32" lemma="ca">ca </w></cl><cl><w n="33" lemma="yā">yā |</w></cl></text></TEI><TEI n="K"><text><cl><w n="0"/><w n="1"/><w n="2">bā</w><w n="3" lemma="hyau">hyau </w></cl><cl><w n="4">pu</w><w n="5" lemma="naḥ">nar </w><w n="6" lemma="dvau">dvau </w><w n="7" lemma="ca">ca </w></cl><cl><w n="8">ta</w><w n="9" lemma="thā">thā </w></cl><cl><w n="10">ro</w><w n="11" lemma="gāḥ">gāḥ </w></cl><cl><w n="12">ṣa</w><w n="13">ṭsa</w><w n="14">pta</w><w n="15" lemma="ti">ti </w></cl><cl><w n="16">smṛ</w><w n="17" lemma="tā">tāḥ | </w></cl><cl><w n="18">ha</w><w n="19">tā</w><w n="20">dhi</w><w n="21">ma</w><w n="22" lemma="nthaḥ">ntho </w></cl><cl><w n="23">ni</w><w n="24">mi</w><w n="25" lemma="śaḥ">śo </w></cl><cl><w n="26">dṛ</w><w n="27" lemma="ṣṭiḥ">ṣṭir </w><w n="28">ga</w><w n="29">mbhī</w><w n="30">ri</w><w n="31" lemma="kā">kā </w><w n="32" lemma="ca">ca </w></cl><cl><w n="33" lemma="yā">yā |</w></cl></text></TEI></teiCorpus>