<?xml version="1.0" encoding="UTF-8"?>
<teiCorpus xmlns="http://www.tei-c.org/ns/1.0" xml:lang="sa-Latn">
  <teiHeader>
<listWit>
<witness xml:id="A" source="06-ut-vulgate-1938-1-30.xml">
<abbr>A</abbr>
<expan>Printed edition: Ācārya 1938: Uttaratantra 1-30</expan>
</witness>
<witness xml:id="K" source="kl_699_uttaratantra-1-30.xml">
<abbr>K</abbr>
<expan>MSS Kathmandu KL 699: Uttaratantra</expan>
<listWit>
<witness xml:id="Kac" n="ac">
<abbr>Kac</abbr>
<expan>MSS Kathmandu KL 699: Uttaratantra [ante correctionem]</expan>
</witness>
<witness xml:id="Kpc" n="pc">
<abbr type="siglum">Kpc</abbr>
<expan>MSS Kathmandu KL 699: Uttaratantra [post correctionem]</expan>
</witness>
</listWit>
</witness>
<witness xml:id="H" source="nak_5-333_uttaratantra-1-30.xml">
<abbr>H</abbr>
<expan>MS Kathmandu NAK 5-333, Uttaratantra</expan>
<listWit>
<witness xml:id="Hac" n="ac">
<abbr>Hac</abbr>
<expan>MS Kathmandu NAK 5-333, Uttaratantra [ante correctionem]</expan>
</witness>
<witness xml:id="Hpc" n="pc">
<abbr type="siglum">Hpc</abbr>
<expan>MS Kathmandu NAK 5-333, Uttaratantra [post correctionem]</expan>
</witness>
</listWit>
</witness>
<witness xml:id="NE" source="provisional-edition_uttaratantra-1-30.xml">
<abbr>NE</abbr>
<expan>The Nepalese Version of the Suśrutasaṃhitā, uttaratantra 1-30, based on the
                    Nepalese MSS</expan>
</witness>
</listWit>
    <encodingDesc>
      <editorialDecl>
        <segmentation>
          <ab type="tokenization">aksara</ab>
          <ab type="blockid">SS.6.18.64</ab>
          <ab type="targetedition">NE</ab>
          <ab type="scoring">
            <ab type="match">1</ab>
            <ab type="mismatch">-1</ab>
            <ab type="gapopen">-2</ab>
            <ab type="gapextend">-0.25</ab>
            <ab type="recursive">true</ab>
            <ab type="realigndepth">20</ab>
            <ab type="distancefunction">ngrams</ab>
            
          </ab>
        </segmentation>
        <normalization method="markup">
<ab>ignore punctuation</ab>
<ab>candrabindu as anusvāra</ab>
<ab>geminated aspirated consonants</ab>
<ab>geminated m after h</ab>
<ab>geminated t</ab>
<ab>geminated consonants after r</ab>
<ab>final nasal variants</ab>
<ab>internal nasal variants</ab>
<ab>final anusvāra variants</ab>
<ab>visarga aḥ before voiced consonants</ab>
<ab>visarga aḥ before vowels</ab>
<ab>visarga aḥ before unvoiced consonants and space + anusvāra</ab>
<ab>visarga āḥ variants</ab>
<ab>other visarga variants</ab>
<ab>superfluous avagrahas</ab>
<ab>double avagrahas</ab>
<ab>avagrahas to short a</ab>
<ab>internal visarga variants</ab>
<ab>final au/āv</ab>
<ab>final su</ab>
<ab>final i</ab>
<ab>kcch/kś</ab>
<ab>cś/tś</ab>
<ab>cch/ch</ab>
<ab>final t + hi</ab>
<ab>final t + voiced syllable</ab>
<ab>final t + n/m</ab>
<ab>final t + c/j</ab>
<ab>i/y + vowel</ab>
<ab>bhd for bdh</ab>
<ab>remove spaces</ab>
        </normalization>
        <ab type="tagfilters">
<tag subtype="ignore">pc</tag>
<tag subtype="ignore">head</tag>
<tag subtype="ignore">label</tag>
<tag subtype="ignore">note</tag>
<tag subtype="ignore">num</tag>
<tag subtype="ignore">locus</tag>
<tag subtype="ignore">supplied</tag>
<tag subtype="ignore">surplus</tag>
        </ab>
      </editorialDecl>
    </encodingDesc>
    <xenoData>
      <stemma format="nexml" id="stemma0"><nex:nexml xmlns:nex="http://www.nexml.org/2009" version="0.9"><nex:otus id="otus1"><nex:otu id="otu0" label="A"/><nex:otu id="otu1" label="H"/><nex:otu id="otu2" label="K"/><nex:otu id="otu3" label="NE"/></nex:otus><nex:trees otus="otus1" id="trees1"><nex:tree id="guidetree" label="guidetree" xsi:type="nex:FloatTree" xmlns:xsi="http://www.w3.org/2001/XMLSchema-instance"><nex:node id="58a9c917-1bee-488f-888d-c6c7f0debe37" root="true"/><nex:node id="adb66503-301b-4d4a-a16f-da44756b145e"/><nex:node id="c653a66c-e873-46cf-ae3c-fbc37913a338" label="A" otu="otu2"/><nex:node id="bee4b3e1-0ce4-4956-84b0-7ae22cd0f427" label="H" otu="otu3"/><nex:node id="9ea333d7-6639-45b9-976a-3b554d77cfb7"/><nex:node id="902a9b1a-9231-4acb-836d-7c0a7768ce6e" label="K" otu="otu5"/><nex:node id="60d825d9-cf77-4481-ad0c-ba9a1e72ae6b" label="NE" otu="otu6"/><nex:edge source="58a9c917-1bee-488f-888d-c6c7f0debe37" target="adb66503-301b-4d4a-a16f-da44756b145e" id="edge0" length="0.18978235662749465"/><nex:edge source="58a9c917-1bee-488f-888d-c6c7f0debe37" target="9ea333d7-6639-45b9-976a-3b554d77cfb7" id="edge1" length="0.18978235662749465"/><nex:edge source="adb66503-301b-4d4a-a16f-da44756b145e" target="c653a66c-e873-46cf-ae3c-fbc37913a338" id="edge2" length="0.589443082089014"/><nex:edge source="adb66503-301b-4d4a-a16f-da44756b145e" target="bee4b3e1-0ce4-4956-84b0-7ae22cd0f427" id="edge3" length="0.41055691791098603"/><nex:edge source="9ea333d7-6639-45b9-976a-3b554d77cfb7" target="902a9b1a-9231-4acb-836d-7c0a7768ce6e" id="edge4" length="0"/><nex:edge source="9ea333d7-6639-45b9-976a-3b554d77cfb7" target="60d825d9-cf77-4481-ad0c-ba9a1e72ae6b" id="edge5" length="0"/></nex:tree></nex:trees></nex:nexml></stemma>
    </xenoData>
  </teiHeader>
<TEI n="A"><text><w n="0" lemma="vā"> vā</w><cl><w n="1">me</w><w n="2">nā</w><w n="3" lemma="kṣi">kṣi </w><w n="4">vi</w><w n="5">ni</w><w n="6">rbhu</w><w n="7" lemma="jya">jya </w><w n="8">ha</w><w n="9">ste</w><w n="10" lemma="na">na </w><w n="11">su</w></cl><cl><w n="12"/><w n="13"/><w n="14"/></cl><cl><w n="15"/><w n="16"/></cl><cl><w n="17"/><w n="18"/><w n="19">sa</w><w n="20">mā</w><w n="21">hi</w><w n="22" lemma="taḥ">taḥ | </w></cl><cl><w n="23">śa</w><w n="24">lā</w><w n="25">ka</w><w n="26" lemma="yā">yā </w></cl><cl><w n="27">da</w><w n="28">kṣi</w><w n="29">ṇe</w><w n="30" lemma="na">na </w></cl><cl><w n="31">kṣi</w><w n="32">pe</w><w n="33" lemma="tkā">t kā</w><w n="34">nī</w><w n="35" lemma="naṃ">nam </w></cl><cl><w n="36" lemma="aṃ">añ</w><w n="37">ja</w><w n="38" lemma="naṃ">nam || </w></cl></text></TEI><TEI n="H"><text><w n="0" lemma=""> </w><cl><w n="1"/><w n="2"/><w n="3"/><w n="4"/><w n="5"/><w n="6"/><w n="7">su</w><w n="8">khā</w><w n="9">sī</w><w n="10">na</w><w n="11" lemma="sya">sya </w></cl><cl><w n="12" lemma="niṃ">niṅ</w><w n="13">gu</w><w n="14" lemma="jya">jya , </w></cl><cl><w n="15">ne</w><w n="16" lemma="traṃ">traṃ </w></cl><cl><w n="17">cā</w><w n="18">ta</w><w n="19">ta</w><w n="20">pā</w><w n="21">ṇi</w><w n="22" lemma="nā">nā || </w></cl><cl><w n="23">a</w><w n="24">da</w><w n="25">kṣi</w><w n="26" lemma="ṇaṃ">ṇaṃ </w></cl><cl><w n="27">da</w><w n="28">kṣi</w><w n="29">ṇe</w><w n="30" lemma="na">na , </w></cl><cl><w n="31">kṣi</w><w n="32">pe</w><w n="33" lemma="tkā">t kā</w><w n="34"/><w n="35" lemma="nīṃ">nīm </w></cl><cl><w n="36" lemma="aṃ">añ</w><w n="37">ja</w><w n="38" lemma="naṃ">naṃ | </w></cl></text></TEI><TEI n="K"><text><w n="0" lemma=""> </w><cl><w n="1"/><w n="2"/><w n="3"/><w n="4"/><w n="5"/><w n="6"/><w n="7">su</w><w n="8">khā</w><w n="9">sī</w><w n="10">na</w><w n="11" lemma="sya">sya </w></cl><cl><w n="12">ni</w><w n="13">rbhu</w><w n="14" lemma="jya">jya </w></cl><cl><w n="15">ne</w><w n="16" lemma="traṃ">traṃ </w></cl><cl><w n="17">cā</w><w n="18">ta</w><w n="19">ta</w><w n="20">pā</w><w n="21">ṇi</w><w n="22" lemma="nā">nā | </w></cl><cl><w n="23">a</w><w n="24">da</w><w n="25">kṣi</w><w n="26" lemma="ṇaṃ">ṇaṃ </w></cl><cl><w n="27">da</w><w n="28">kṣi</w><w n="29">ṇe</w><w n="30" lemma="na">na </w></cl><cl><w n="31">kṣi</w><w n="32">pe</w><w n="33" lemma="tkā">t kā</w><w n="34">nī</w><w n="35" lemma="naṃ">nam </w></cl><cl><w n="36" lemma="aṃ">añ</w><w n="37">ja</w><w n="38" lemma="naṃ">naṃ | </w></cl></text></TEI><TEI n="NE"><text><w n="0" lemma=""> </w><cl><w n="1"/><w n="2"/><w n="3"/><w n="4"/><w n="5"/><w n="6"/><w n="7">su</w><w n="8">khā</w><w n="9">sī</w><w n="10">na</w><w n="11" lemma="sya">sya </w></cl><cl><w n="12">ni</w><w n="13">rbhu</w><w n="14" lemma="jya">jya </w></cl><cl><w n="15">ne</w><w n="16" lemma="traṃ">traṃ </w></cl><cl><w n="17">cā</w><w n="18">ta</w><w n="19">ta</w><w n="20">pā</w><w n="21">ṇi</w><w n="22" lemma="nā">nā | </w></cl><cl><w n="23">a</w><w n="24">da</w><w n="25">kṣi</w><w n="26" lemma="ṇaṃ">ṇaṃ </w></cl><cl><w n="27">da</w><w n="28">kṣi</w><w n="29">ṇe</w><w n="30" lemma="na">na </w></cl><cl><w n="31">kṣi</w><w n="32">pe</w><w n="33" lemma="tkā">t kā</w><w n="34">nī</w><w n="35" lemma="naṃ">nam </w></cl><cl><w n="36" lemma="aṃ">añ</w><w n="37">ja</w><w n="38" lemma="naṃ">naṃ | </w></cl></text></TEI></teiCorpus>