<?xml version="1.0" encoding="UTF-8"?>
<teiCorpus xmlns="http://www.tei-c.org/ns/1.0" xml:lang="sa-Latn">
  <teiHeader>
<listWit>
<witness xml:id="A" source="06-ut-vulgate-1938-1-30.xml">
<abbr>A</abbr>
<expan>Printed edition: Ācārya 1938: Uttaratantra 1-30</expan>
</witness>
<witness xml:id="K" source="kl_699_uttaratantra-1-30.xml">
<abbr>K</abbr>
<expan>MSS Kathmandu KL 699: Uttaratantra</expan>
<listWit>
<witness xml:id="Kac" n="ac">
<abbr>Kac</abbr>
<expan>MSS Kathmandu KL 699: Uttaratantra [ante correctionem]</expan>
</witness>
<witness xml:id="Kpc" n="pc">
<abbr type="siglum">Kpc</abbr>
<expan>MSS Kathmandu KL 699: Uttaratantra [post correctionem]</expan>
</witness>
</listWit>
</witness>
<witness xml:id="H" source="nak_5-333_uttaratantra-1-30.xml">
<abbr>H</abbr>
<expan>MS Kathmandu NAK 5-333, Uttaratantra</expan>
<listWit>
<witness xml:id="Hac" n="ac">
<abbr>Hac</abbr>
<expan>MS Kathmandu NAK 5-333, Uttaratantra [ante correctionem]</expan>
</witness>
<witness xml:id="Hpc" n="pc">
<abbr type="siglum">Hpc</abbr>
<expan>MS Kathmandu NAK 5-333, Uttaratantra [post correctionem]</expan>
</witness>
</listWit>
</witness>
<witness xml:id="NE" source="provisional-edition_uttaratantra-1-30.xml">
<abbr>NE</abbr>
<expan>The Nepalese Version of the Suśrutasaṃhitā, uttaratantra 1-30, based on the
                    Nepalese MSS</expan>
</witness>
</listWit>
    <encodingDesc>
      <editorialDecl>
        <segmentation>
          <ab type="tokenization">aksara</ab>
          <ab type="blockid">SS.6.19.15ab</ab>
          <ab type="targetedition">NE</ab>
          <ab type="scoring">
            <ab type="match">1</ab>
            <ab type="mismatch">-1</ab>
            <ab type="gapopen">-2</ab>
            <ab type="gapextend">-0.25</ab>
            <ab type="recursive">true</ab>
            <ab type="realigndepth">20</ab>
            <ab type="distancefunction">ngrams</ab>
            
          </ab>
        </segmentation>
        <normalization method="markup">
<ab>ignore punctuation</ab>
<ab>candrabindu as anusvāra</ab>
<ab>geminated aspirated consonants</ab>
<ab>geminated m after h</ab>
<ab>geminated t</ab>
<ab>geminated consonants after r</ab>
<ab>final nasal variants</ab>
<ab>internal nasal variants</ab>
<ab>final anusvāra variants</ab>
<ab>visarga aḥ before voiced consonants</ab>
<ab>visarga aḥ before vowels</ab>
<ab>visarga aḥ before unvoiced consonants and space + anusvāra</ab>
<ab>visarga āḥ variants</ab>
<ab>other visarga variants</ab>
<ab>superfluous avagrahas</ab>
<ab>double avagrahas</ab>
<ab>avagrahas to short a</ab>
<ab>internal visarga variants</ab>
<ab>final au/āv</ab>
<ab>final su</ab>
<ab>final i</ab>
<ab>kcch/kś</ab>
<ab>cś/tś</ab>
<ab>cch/ch</ab>
<ab>final t + hi</ab>
<ab>final t + voiced syllable</ab>
<ab>final t + n/m</ab>
<ab>final t + c/j</ab>
<ab>i/y + vowel</ab>
<ab>bhd for bdh</ab>
<ab>remove spaces</ab>
        </normalization>
        <ab type="tagfilters">
<tag subtype="ignore">pc</tag>
<tag subtype="ignore">head</tag>
<tag subtype="ignore">label</tag>
<tag subtype="ignore">note</tag>
<tag subtype="ignore">num</tag>
<tag subtype="ignore">locus</tag>
<tag subtype="ignore">supplied</tag>
<tag subtype="ignore">surplus</tag>
        </ab>
      </editorialDecl>
    </encodingDesc>
    <xenoData>
      <stemma format="nexml" id="stemma0"><nex:nexml xmlns:nex="http://www.nexml.org/2009" version="0.9"><nex:otus id="otus1"><nex:otu id="otu0" label="A"/><nex:otu id="otu1" label="H"/><nex:otu id="otu2" label="K"/><nex:otu id="otu3" label="NE"/></nex:otus><nex:trees otus="otus1" id="trees1"><nex:tree id="guidetree" label="guidetree" xsi:type="nex:FloatTree" xmlns:xsi="http://www.w3.org/2001/XMLSchema-instance"><nex:node id="b713175a-76b7-43b3-b1d9-3df28b8b1e20" root="true"/><nex:node id="852bd739-3b4d-4f19-91d2-16141fb0d5a5"/><nex:node id="5f632dd5-4bdc-46b0-9f19-847f1af70c71" label="A" otu="otu2"/><nex:node id="0ec4439c-0bc6-4054-b28c-54812b7b41ea" label="H" otu="otu3"/><nex:node id="89e4ef0f-4719-45d2-b969-5548b458cd8f"/><nex:node id="2f62f026-0cf2-49e2-9bea-9e23e53de6ad" label="K" otu="otu5"/><nex:node id="50655396-0d59-44db-97cc-8fb333351834" label="NE" otu="otu6"/><nex:edge source="b713175a-76b7-43b3-b1d9-3df28b8b1e20" target="852bd739-3b4d-4f19-91d2-16141fb0d5a5" id="edge0" length="0"/><nex:edge source="b713175a-76b7-43b3-b1d9-3df28b8b1e20" target="89e4ef0f-4719-45d2-b969-5548b458cd8f" id="edge1" length="0"/><nex:edge source="852bd739-3b4d-4f19-91d2-16141fb0d5a5" target="5f632dd5-4bdc-46b0-9f19-847f1af70c71" id="edge2" length="1"/><nex:edge source="852bd739-3b4d-4f19-91d2-16141fb0d5a5" target="0ec4439c-0bc6-4054-b28c-54812b7b41ea" id="edge3" length="0"/><nex:edge source="89e4ef0f-4719-45d2-b969-5548b458cd8f" target="2f62f026-0cf2-49e2-9bea-9e23e53de6ad" id="edge4" length="5.551115123125783e-17"/><nex:edge source="89e4ef0f-4719-45d2-b969-5548b458cd8f" target="50655396-0d59-44db-97cc-8fb333351834" id="edge5" length="5.551115123125783e-17"/></nex:tree></nex:trees></nex:nexml></stemma>
    </xenoData>
  </teiHeader>
<TEI n="A"><text><cl><w n="0" lemma="vyo"> vyo</w><w n="1" lemma="ṣaṃ">ṣaṃ </w></cl><cl><w n="2">pa</w><w n="3" lemma="lāṃ">lāṇ</w><w n="4" lemma="ḍu">ḍu </w></cl><cl><w n="5">ma</w><w n="6">dhu</w><w n="7" lemma="kaṃ">kaṃ </w></cl><cl><w n="8">la</w><w n="9">va</w><w n="10">ṇo</w><w n="11">tta</w><w n="12" lemma="maṃ">maṃ </w><w n="13" lemma="ca">ca </w></cl><cl><w n="14">lā</w><w n="15" lemma="kṣāṃ">kṣāṃ </w><w n="16" lemma="ca">ca </w></cl><cl><w n="17">gai</w><w n="18">ri</w><w n="19">ka</w><w n="20">yu</w><w n="21" lemma="tāṃ">tāṃ </w></cl><cl><w n="22">gu</w><w n="23">ṭi</w><w n="24" lemma="kāṃ">kāñ</w><w n="25">ja</w><w n="26" lemma="naṃ">naṃ </w></cl><cl><w n="27" lemma="vā">vā | </w></cl></text></TEI><TEI n="H"><text><cl><w n="0" lemma="vyo"> vyo</w><w n="1" lemma="ṣaṃ">ṣam </w></cl><cl><w n="2">pa</w><w n="3" lemma="lāṃ">lāṇ</w><w n="4" lemma="ḍu">ḍu </w></cl><cl><w n="5">ma</w><w n="6">dhu</w><w n="7" lemma="kaṃ">kaṃ </w></cl><cl><w n="8">la</w><w n="9">va</w><w n="10">ṇo</w><w n="11">tta</w><w n="12" lemma="maṃ">mañ </w><w n="13" lemma="ca">ca, </w></cl><cl><w n="14">lā</w><w n="15" lemma="kṣāṃ">kṣāñ </w><w n="16" lemma="ca">ca </w></cl><cl><w n="17">gai</w><w n="18">ri</w><w n="19">ka</w><w n="20">yu</w><w n="21" lemma="tāṃ">tāṃ </w></cl><cl><w n="22">gu</w><w n="23">ḍi</w><w n="24" lemma="kāṃ">kāñ</w><w n="25">ja</w><w n="26" lemma="naṃ">nam </w></cl><cl><w n="27" lemma="vā">vā ,| </w></cl></text></TEI><TEI n="K"><text><cl><w n="0" lemma="vyo"> vyo</w><w n="1" lemma="ṣaṃ">ṣam </w></cl><cl><w n="2">pa</w><w n="3" lemma="lāṃ">lāṇ</w><w n="4" lemma="ḍu">ḍu </w></cl><cl><w n="5">ma</w><w n="6">dhu</w><w n="7" lemma="kaṃ">kaṃ </w></cl><cl><w n="8">la</w><w n="9">va</w><w n="10">ṇo</w><w n="11">tta</w><w n="12" lemma="maṃ">mañ </w><w n="13" lemma="ca">ca </w></cl><cl><w n="14">lā</w><w n="15" lemma="kṣāṃ">kṣāñ </w><w n="16" lemma="ca">ca </w></cl><cl><w n="17">gai</w><w n="18">ri</w><w n="19">ka</w><w n="20">yu</w><w n="21" lemma="tāṃ">tāṃ </w></cl><cl><w n="22">gu</w><w n="23">ḍi</w><w n="24" lemma="kāṃ">kāñ</w><w n="25">ja</w><w n="26" lemma="naṃ">nam </w></cl><cl><w n="27" lemma="vā">vā | </w></cl></text></TEI><TEI n="NE"><text><cl><w n="0" lemma="vyo"> vyo</w><w n="1" lemma="ṣaṃ">ṣam </w></cl><cl><w n="2">pa</w><w n="3" lemma="lāṃ">lāṇ</w><w n="4" lemma="ḍu">ḍu </w></cl><cl><w n="5">ma</w><w n="6">dhu</w><w n="7" lemma="kaṃ">kaṃ </w></cl><cl><w n="8">la</w><w n="9">va</w><w n="10">ṇo</w><w n="11">tta</w><w n="12" lemma="maṃ">mañ </w><w n="13" lemma="ca">ca </w></cl><cl><w n="14">lā</w><w n="15" lemma="kṣāṃ">kṣāñ </w><w n="16" lemma="ca">ca </w></cl><cl><w n="17">gai</w><w n="18">ri</w><w n="19">ka</w><w n="20">yu</w><w n="21" lemma="tāṃ">tāṃ </w></cl><cl><w n="22">gu</w><w n="23">ḍi</w><w n="24" lemma="kāṃ">kāñ</w><w n="25">ja</w><w n="26" lemma="naṃ">nam </w></cl><cl><w n="27" lemma="vā">vā | </w></cl></text></TEI></teiCorpus>