<?xml version="1.0" encoding="UTF-8"?>
<teiCorpus xmlns="http://www.tei-c.org/ns/1.0" xml:lang="sa-Latn">
  <teiHeader>
<listWit>
<witness xml:id="A" source="06-ut-vulgate-1938-1-30.xml">
<abbr>A</abbr>
<expan>Printed edition: Ācārya 1938: Uttaratantra 1-30</expan>
</witness>
<witness xml:id="K" source="kl_699_uttaratantra-1-30.xml">
<abbr>K</abbr>
<expan>MSS Kathmandu KL 699: Uttaratantra</expan>
<listWit>
<witness xml:id="Kac" n="ac">
<abbr>Kac</abbr>
<expan>MSS Kathmandu KL 699: Uttaratantra [ante correctionem]</expan>
</witness>
<witness xml:id="Kpc" n="pc">
<abbr type="siglum">Kpc</abbr>
<expan>MSS Kathmandu KL 699: Uttaratantra [post correctionem]</expan>
</witness>
</listWit>
</witness>
<witness xml:id="H" source="nak_5-333_uttaratantra-1-30.xml">
<abbr>H</abbr>
<expan>MS Kathmandu NAK 5-333, Uttaratantra</expan>
<listWit>
<witness xml:id="Hac" n="ac">
<abbr>Hac</abbr>
<expan>MS Kathmandu NAK 5-333, Uttaratantra [ante correctionem]</expan>
</witness>
<witness xml:id="Hpc" n="pc">
<abbr type="siglum">Hpc</abbr>
<expan>MS Kathmandu NAK 5-333, Uttaratantra [post correctionem]</expan>
</witness>
</listWit>
</witness>
<witness xml:id="NE" source="provisional-edition_uttaratantra-1-30.xml">
<abbr>NE</abbr>
<expan>The Nepalese Version of the Suśrutasaṃhitā, uttaratantra 1-30, based on the
                    Nepalese MSS</expan>
</witness>
</listWit>
    <encodingDesc>
      <editorialDecl>
        <segmentation>
          <ab type="tokenization">aksara</ab>
          <ab type="blockid">SS.6.15.13</ab>
          <ab type="targetedition">NE</ab>
          <ab type="scoring">
            <ab type="match">1</ab>
            <ab type="mismatch">-1</ab>
            <ab type="gapopen">-2</ab>
            <ab type="gapextend">-0.25</ab>
            <ab type="recursive">true</ab>
            <ab type="realigndepth">20</ab>
            <ab type="distancefunction">ngrams</ab>
            
          </ab>
        </segmentation>
        <normalization method="markup">
<ab>ignore punctuation</ab>
<ab>candrabindu as anusvāra</ab>
<ab>geminated aspirated consonants</ab>
<ab>geminated m after h</ab>
<ab>geminated t</ab>
<ab>geminated consonants after r</ab>
<ab>final nasal variants</ab>
<ab>internal nasal variants</ab>
<ab>final anusvāra variants</ab>
<ab>visarga aḥ before voiced consonants</ab>
<ab>visarga aḥ before vowels</ab>
<ab>visarga aḥ before unvoiced consonants and space + anusvāra</ab>
<ab>visarga āḥ variants</ab>
<ab>other visarga variants</ab>
<ab>superfluous avagrahas</ab>
<ab>double avagrahas</ab>
<ab>avagrahas to short a</ab>
<ab>internal visarga variants</ab>
<ab>final au/āv</ab>
<ab>final su</ab>
<ab>final i</ab>
<ab>kcch/kś</ab>
<ab>cś/tś</ab>
<ab>cch/ch</ab>
<ab>final t + hi</ab>
<ab>final t + voiced syllable</ab>
<ab>final t + n/m</ab>
<ab>final t + c/j</ab>
<ab>i/y + vowel</ab>
<ab>bhd for bdh</ab>
<ab>remove spaces</ab>
        </normalization>
        <ab type="tagfilters">
<tag subtype="ignore">pc</tag>
<tag subtype="ignore">head</tag>
<tag subtype="ignore">label</tag>
<tag subtype="ignore">note</tag>
<tag subtype="ignore">num</tag>
<tag subtype="ignore">locus</tag>
<tag subtype="ignore">supplied</tag>
<tag subtype="ignore">surplus</tag>
        </ab>
      </editorialDecl>
    </encodingDesc>
    <xenoData>
      <stemma format="nexml" id="stemma0"><nex:nexml xmlns:nex="http://www.nexml.org/2009" version="0.9"><nex:otus id="otus1"><nex:otu id="otu0" label="A"/><nex:otu id="otu1" label="H"/><nex:otu id="otu2" label="K"/><nex:otu id="otu3" label="NE"/></nex:otus><nex:trees otus="otus1" id="trees1"><nex:tree id="guidetree" label="guidetree" xsi:type="nex:FloatTree" xmlns:xsi="http://www.w3.org/2001/XMLSchema-instance"><nex:node id="f35a8d5f-9f06-46df-a04b-7864dad382a9" root="true"/><nex:node id="6e12c2d5-b0e0-41c5-a4b8-19b70c8b7c53"/><nex:node id="e83f3fd8-5da5-4c03-940d-83558c93d072" label="A" otu="otu2"/><nex:node id="d677ea82-9cb0-41bd-8903-6b2eb5afd972" label="H" otu="otu3"/><nex:node id="4c21e4d3-bc8d-4d95-b72a-cb2d1d0e81b3"/><nex:node id="d8ff5132-966e-4624-99fc-37474ca324c3" label="K" otu="otu5"/><nex:node id="9aaca722-f310-4972-b859-7b4e42519652" label="NE" otu="otu6"/><nex:edge source="f35a8d5f-9f06-46df-a04b-7864dad382a9" target="6e12c2d5-b0e0-41c5-a4b8-19b70c8b7c53" id="edge0" length="0"/><nex:edge source="f35a8d5f-9f06-46df-a04b-7864dad382a9" target="4c21e4d3-bc8d-4d95-b72a-cb2d1d0e81b3" id="edge1" length="0"/><nex:edge source="6e12c2d5-b0e0-41c5-a4b8-19b70c8b7c53" target="e83f3fd8-5da5-4c03-940d-83558c93d072" id="edge2" length="1"/><nex:edge source="6e12c2d5-b0e0-41c5-a4b8-19b70c8b7c53" target="d677ea82-9cb0-41bd-8903-6b2eb5afd972" id="edge3" length="0"/><nex:edge source="4c21e4d3-bc8d-4d95-b72a-cb2d1d0e81b3" target="d8ff5132-966e-4624-99fc-37474ca324c3" id="edge4" length="0"/><nex:edge source="4c21e4d3-bc8d-4d95-b72a-cb2d1d0e81b3" target="9aaca722-f310-4972-b859-7b4e42519652" id="edge5" length="4.440892098500626e-16"/></nex:tree></nex:trees></nex:nexml></stemma>
    </xenoData>
  </teiHeader>
<TEI n="A"><text><cl><w n="0" lemma="do"> do</w><w n="1">ṣa</w><w n="2">rtu</w><w n="3">ba</w><w n="4">la</w><w n="5">kā</w><w n="6">la</w><w n="7" lemma="jñaḥ">jñaḥ </w></cl><cl><w n="8">sne</w><w n="9" lemma="haṃ">haṃ </w></cl><cl><w n="10">da</w><w n="11" lemma="tvā">ttvā </w></cl><cl><w n="12">ya</w><w n="13">thā</w><w n="14">hi</w><w n="15" lemma="taṃ">tam | </w></cl><cl><w n="16">vra</w><w n="17">ṇa</w><w n="18">va</w><w n="19" lemma="tsaṃ">t saṃ</w><w n="20">vi</w><w n="21">dhā</w><w n="22" lemma="naṃ">naṃ </w><w n="23" lemma="tu">tu </w></cl><cl><w n="24">ta</w><w n="25" lemma="sya">sya </w></cl><cl><w n="26">ku</w><w n="27">ryā</w><w n="28" lemma="ta">d a</w><w n="29" lemma="taḥ">taḥ </w></cl><cl><w n="30">pa</w><w n="31" lemma="raṃ">ram || </w></cl></text></TEI><TEI n="H"><text><cl><w n="0">do</w><w n="1">ṣa</w><w n="2">rtu</w><w n="3">va</w><w n="4">la</w><w n="5">kā</w><w n="6">la</w><w n="7" lemma="jñaḥ">jñaḥ </w></cl><cl><w n="8">sne</w><w n="9" lemma="haṃ">han </w></cl><cl><w n="10">da</w><w n="11" lemma="tvā">tvā </w></cl><cl><w n="12">ya</w><w n="13">thā</w><w n="14">hi</w><w n="15" lemma="taṃ">taṃ || </w></cl><cl><w n="16">vra</w><w n="17">ṇa</w><w n="18">va</w><w n="19" lemma="tsaṃ">t sam</w><w n="20">vi</w><w n="21">dhā</w><w n="22" lemma="naṃ">nañ </w><w n="23" lemma="ca">ca </w></cl><cl><w n="24">ta</w><w n="25" lemma="sya">sya </w></cl><cl><w n="26">ku</w><w n="27">ryā</w><w n="28" lemma="tta">t ta</w><w n="29" lemma="taḥ">taḥ </w></cl><cl><w n="30">pa</w><w n="31" lemma="raṃ">raṃ |</w></cl></text></TEI><TEI n="K"><text><cl><w n="0">do</w><w n="1">ṣa</w><w n="2">rtu</w><w n="3">va</w><w n="4">la</w><w n="5">kā</w><w n="6">la</w><w n="7" lemma="jñaḥ">jñaḥ </w></cl><cl><w n="8">sne</w><w n="9" lemma="haṃ">haṃ </w></cl><cl><w n="10">da</w><w n="11" lemma="tvā">tvā </w></cl><cl><w n="12">ya</w><w n="13">thā</w><w n="14">hi</w><w n="15" lemma="taṃ">taṃ | </w></cl><cl><w n="16">vra</w><w n="17">ṇa</w><w n="18">va</w><w n="19" lemma="tsaṃ">t sam</w><w n="20">vi</w><w n="21">dhā</w><w n="22" lemma="naṃ">nañ </w><w n="23" lemma="ca">ca </w></cl><cl><w n="24">ta</w><w n="25" lemma="sya">sya </w></cl><cl><w n="26">ku</w><w n="27">ryā</w><w n="28" lemma="tta">t ta</w><w n="29" lemma="taḥ">taḥ </w></cl><cl><w n="30">pa</w><w n="31" lemma="raṃ">raṃ |</w></cl></text></TEI><TEI n="NE"><text><cl><w n="0" lemma="do"> do</w><w n="1">ṣa</w><w n="2">rtu</w><w n="3">va</w><w n="4">la</w><w n="5">kā</w><w n="6">la</w><w n="7" lemma="jñaḥ">jñaḥ </w></cl><cl><w n="8">sne</w><w n="9" lemma="haṃ">haṃ </w></cl><cl><w n="10">da</w><w n="11" lemma="tvā">tvā </w></cl><cl><w n="12">ya</w><w n="13">thā</w><w n="14">hi</w><w n="15" lemma="taṃ">taṃ | </w></cl><cl><w n="16">vra</w><w n="17">ṇa</w><w n="18">va</w><w n="19" lemma="tsaṃ">t sam</w><w n="20">vi</w><w n="21">dhā</w><w n="22" lemma="naṃ">nañ </w><w n="23" lemma="ca">ca </w></cl><cl><w n="24">ta</w><w n="25" lemma="sya">sya </w></cl><cl><w n="26">ku</w><w n="27">ryā</w><w n="28" lemma="tta">t ta</w><w n="29" lemma="taḥ">taḥ </w></cl><cl><w n="30">pa</w><w n="31" lemma="raṃ">raṃ |</w></cl></text></TEI></teiCorpus>