<?xml version="1.0" encoding="UTF-8"?>
<teiCorpus xmlns="http://www.tei-c.org/ns/1.0" xml:lang="sa-Latn">
  <teiHeader>
<listWit>
<witness xml:id="A" source="06-ut-vulgate-1938-1-30.xml">
<abbr>A</abbr>
<expan>Printed edition: Ācārya 1938: Uttaratantra 1-30</expan>
</witness>
<witness xml:id="K" source="kl_699_uttaratantra-1-30.xml">
<abbr>K</abbr>
<expan>MSS Kathmandu KL 699: Uttaratantra</expan>
<listWit>
<witness xml:id="Kac" n="ac">
<abbr>Kac</abbr>
<expan>MSS Kathmandu KL 699: Uttaratantra [ante correctionem]</expan>
</witness>
<witness xml:id="Kpc" n="pc">
<abbr type="siglum">Kpc</abbr>
<expan>MSS Kathmandu KL 699: Uttaratantra [post correctionem]</expan>
</witness>
</listWit>
</witness>
<witness xml:id="H" source="nak_5-333_uttaratantra-1-30.xml">
<abbr>H</abbr>
<expan>MS Kathmandu NAK 5-333, Uttaratantra</expan>
<listWit>
<witness xml:id="Hac" n="ac">
<abbr>Hac</abbr>
<expan>MS Kathmandu NAK 5-333, Uttaratantra [ante correctionem]</expan>
</witness>
<witness xml:id="Hpc" n="pc">
<abbr type="siglum">Hpc</abbr>
<expan>MS Kathmandu NAK 5-333, Uttaratantra [post correctionem]</expan>
</witness>
</listWit>
</witness>
<witness xml:id="NE" source="provisional-edition_uttaratantra-1-30.xml">
<abbr>NE</abbr>
<expan>The Nepalese Version of the Suśrutasaṃhitā, uttaratantra 1-30, based on the
                    Nepalese MSS</expan>
</witness>
</listWit>
    <encodingDesc>
      <editorialDecl>
        <segmentation>
          <ab type="tokenization">aksara</ab>
          <ab type="blockid">SS.6.1.7</ab>
          <ab type="targetedition">NE</ab>
          <ab type="scoring">
            <ab type="match">1</ab>
            <ab type="mismatch">-1</ab>
            <ab type="gapopen">-2</ab>
            <ab type="gapextend">-0.25</ab>
            <ab type="recursive">true</ab>
            <ab type="realigndepth">20</ab>
            <ab type="distancefunction">ngrams</ab>
            
          </ab>
        </segmentation>
        <normalization method="markup">
<ab>ignore punctuation</ab>
<ab>candrabindu as anusvāra</ab>
<ab>geminated aspirated consonants</ab>
<ab>geminated m after h</ab>
<ab>geminated t</ab>
<ab>geminated consonants after r</ab>
<ab>final nasal variants</ab>
<ab>internal nasal variants</ab>
<ab>final anusvāra variants</ab>
<ab>visarga aḥ before voiced consonants</ab>
<ab>visarga aḥ before vowels</ab>
<ab>visarga aḥ before unvoiced consonants and space + anusvāra</ab>
<ab>visarga āḥ variants</ab>
<ab>other visarga variants</ab>
<ab>superfluous avagrahas</ab>
<ab>double avagrahas</ab>
<ab>avagrahas to short a</ab>
<ab>internal visarga variants</ab>
<ab>final au/āv</ab>
<ab>final su</ab>
<ab>final i</ab>
<ab>kcch/kś</ab>
<ab>cś/tś</ab>
<ab>cch/ch</ab>
<ab>final t + hi</ab>
<ab>final t + voiced syllable</ab>
<ab>final t + n/m</ab>
<ab>final t + c/j</ab>
<ab>i/y + vowel</ab>
<ab>bhd for bdh</ab>
<ab>remove spaces</ab>
        </normalization>
        <ab type="tagfilters">
<tag subtype="ignore">pc</tag>
<tag subtype="ignore">head</tag>
<tag subtype="ignore">label</tag>
<tag subtype="ignore">note</tag>
<tag subtype="ignore">num</tag>
<tag subtype="ignore">locus</tag>
<tag subtype="ignore">supplied</tag>
<tag subtype="ignore">surplus</tag>
        </ab>
      </editorialDecl>
    </encodingDesc>
    <xenoData>
      <stemma format="nexml" id="stemma0"><nex:nexml xmlns:nex="http://www.nexml.org/2009" version="0.9"><nex:otus id="otus1"><nex:otu id="otu0" label="A"/><nex:otu id="otu1" label="H"/><nex:otu id="otu2" label="K"/><nex:otu id="otu3" label="NE"/></nex:otus><nex:trees otus="otus1" id="trees1"><nex:tree id="guidetree" label="guidetree" xsi:type="nex:FloatTree" xmlns:xsi="http://www.w3.org/2001/XMLSchema-instance"><nex:node id="63346134-0996-4f5e-9956-43ef82b73380" root="true"/><nex:node id="9e962c63-0932-4bc1-98c9-bb3fc9bbf712"/><nex:node id="644b1cb4-78d0-4dce-a5ee-0feb9751159c" label="A" otu="otu2"/><nex:node id="ecb8dfc0-447c-4a03-9e21-12386b5ddc12" label="H" otu="otu3"/><nex:node id="c3fa6667-a17a-4167-aed9-cdbb3972d675"/><nex:node id="881e4829-ed11-45d0-8e51-9814d2a0efe5" label="K" otu="otu5"/><nex:node id="7322b8d6-b8d1-4b24-be1d-f3fd3ee26f75" label="NE" otu="otu6"/><nex:edge source="63346134-0996-4f5e-9956-43ef82b73380" target="9e962c63-0932-4bc1-98c9-bb3fc9bbf712" id="edge0" length="0.2302282720012652"/><nex:edge source="63346134-0996-4f5e-9956-43ef82b73380" target="c3fa6667-a17a-4167-aed9-cdbb3972d675" id="edge1" length="0.2302282720012652"/><nex:edge source="9e962c63-0932-4bc1-98c9-bb3fc9bbf712" target="644b1cb4-78d0-4dce-a5ee-0feb9751159c" id="edge2" length="0.5395434559974697"/><nex:edge source="9e962c63-0932-4bc1-98c9-bb3fc9bbf712" target="ecb8dfc0-447c-4a03-9e21-12386b5ddc12" id="edge3" length="0.41657159785549214"/><nex:edge source="c3fa6667-a17a-4167-aed9-cdbb3972d675" target="881e4829-ed11-45d0-8e51-9814d2a0efe5" id="edge4" length="0"/><nex:edge source="c3fa6667-a17a-4167-aed9-cdbb3972d675" target="7322b8d6-b8d1-4b24-be1d-f3fd3ee26f75" id="edge5" length="0"/></nex:tree></nex:trees></nex:nexml></stemma>
    </xenoData>
  </teiHeader>
<TEI n="A"><text><cl><w n="0" lemma="tri"> tri</w><w n="1">ṣa</w><w n="2" lemma="ṣṭī">ṣṭī </w></cl><cl><w n="3">ra</w><w n="4">sa</w><w n="5">saṃ</w><w n="6">sa</w><w n="7" lemma="rgāḥ">rgāḥ </w></cl><cl><w n="8">sva</w><w n="9">stha</w><w n="10">vṛ</w><w n="11" lemma="taṃ">ttaṃ </w></cl><cl><w n="12">ta</w><w n="13">thai</w><w n="14" lemma="va">va </w><w n="15" lemma="ca">ca | </w></cl><cl><w n="16">yu</w><w n="17">ktā</w><w n="18" lemma="rthā">rthā </w></cl><cl><w n="19">yu</w><w n="20">kta</w><w n="21" lemma="yaḥ">yaś </w></cl><cl><w n="22">cai</w><w n="23" lemma="va">va </w></cl><cl><w n="24">do</w><w n="25">ṣa</w><w n="26">bhe</w><w n="27" lemma="dāḥ">dās </w></cl><w n="28">ta</w><cl><w n="29">thai</w><w n="30" lemma="va">va </w><w n="31" lemma="ca">ca || </w></cl></text></TEI><TEI n="H"><text><cl><w n="0">tri</w><w n="1">ṣa</w><w n="2">ṣṭi</w></cl><cl><w n="3">ra</w><w n="4">sa</w><w n="5">saṃ</w><w n="6">sa</w><w n="7" lemma="rgāḥ">rggāḥ </w></cl><cl><w n="8">sva</w><w n="9">stha</w><w n="10">vṛ</w><w n="11" lemma="taṃ">ttan </w></cl><cl><w n="12">ta</w><w n="13">thai</w><w n="14" lemma="va">va </w><w n="15" lemma="ca">ca | </w></cl><cl><w n="16">yu</w><w n="17">ktā</w><w n="18" lemma="rthā">rthā </w></cl><cl><w n="19">yu</w><w n="20">kta</w><w n="21" lemma="yaḥ">yaś </w></cl><cl><w n="22">cā</w><w n="23" lemma="pi">pi </w></cl><cl><w n="24">do</w><w n="25">ṣa</w><w n="26">bhe</w><w n="27" lemma="dāḥ">dāś </w></cl><w n="28" lemma="ca">ca </w><cl><w n="29">ta</w><w n="30">tva</w><w n="31" lemma="taḥ">taḥ ||</w></cl></text></TEI><TEI n="K"><text><cl><w n="0">tri</w><w n="1">ṣa</w><w n="2" lemma="ṣṭiḥ">ṣṭir </w></cl><cl><w n="3">a</w><w n="4">sa</w><w n="5">saṃ</w><w n="6">sa</w><w n="7" lemma="rgāḥ">rggāḥ </w></cl><cl><w n="8">sva</w><w n="9">stha</w><w n="10">vṛ</w><w n="11" lemma="taṃ">ttan </w></cl><cl><w n="12">ta</w><w n="13">thai</w><w n="14" lemma="va">va </w><w n="15" lemma="ca">ca | </w></cl><cl><w n="16">yu</w><w n="17">ktā</w><w n="18" lemma="rthā">rthā </w></cl><cl><w n="19">yu</w><w n="20">kta</w><w n="21" lemma="yaḥ">yaś </w></cl><cl><w n="22">cā</w><w n="23" lemma="pi">pi </w></cl><cl><w n="24">do</w><w n="25">ṣa</w><w n="26">bhe</w><w n="27" lemma="dāḥ">dāś </w></cl><w n="28" lemma="ca">ca </w><cl><w n="29">ta</w><w n="30">tva</w><w n="31" lemma="taḥ">taḥ ||</w></cl></text></TEI><TEI n="NE"><text><cl><w n="0" lemma="tri"> tri</w><w n="1">ṣa</w><w n="2" lemma="ṣṭiḥ">ṣṭir </w></cl><cl><w n="3">a</w><w n="4">sa</w><w n="5">saṃ</w><w n="6">sa</w><w n="7" lemma="rgāḥ">rggāḥ </w></cl><cl><w n="8">sva</w><w n="9">stha</w><w n="10">vṛ</w><w n="11" lemma="taṃ">ttan </w></cl><cl><w n="12">ta</w><w n="13">thai</w><w n="14" lemma="va">va </w><w n="15" lemma="ca">ca | </w></cl><cl><w n="16">yu</w><w n="17">ktā</w><w n="18" lemma="rthā">rthā </w></cl><cl><w n="19">yu</w><w n="20">kta</w><w n="21" lemma="yaḥ">yaś </w></cl><cl><w n="22">cā</w><w n="23" lemma="pi">pi </w></cl><cl><w n="24">do</w><w n="25">ṣa</w><w n="26">bhe</w><w n="27" lemma="dāḥ">dāś </w></cl><w n="28" lemma="ca">ca </w><cl><w n="29">ta</w><w n="30">tva</w><w n="31" lemma="taḥ">taḥ ||</w></cl></text></TEI></teiCorpus>