<?xml version="1.0" encoding="UTF-8"?>
<teiCorpus xmlns="http://www.tei-c.org/ns/1.0" xml:lang="sa-Latn">
  <teiHeader>
<listWit>
<witness xml:id="A" source="06-ut-vulgate-1938-1-30.xml">
<abbr>A</abbr>
<expan>Printed edition: Ācārya 1938: Uttaratantra 1-30</expan>
</witness>
<witness xml:id="K" source="kl_699_uttaratantra-1-30.xml">
<abbr>K</abbr>
<expan>MSS Kathmandu KL 699: Uttaratantra</expan>
<listWit>
<witness xml:id="Kac" n="ac">
<abbr>Kac</abbr>
<expan>MSS Kathmandu KL 699: Uttaratantra [ante correctionem]</expan>
</witness>
<witness xml:id="Kpc" n="pc">
<abbr type="siglum">Kpc</abbr>
<expan>MSS Kathmandu KL 699: Uttaratantra [post correctionem]</expan>
</witness>
</listWit>
</witness>
<witness xml:id="H" source="nak_5-333_uttaratantra-1-30.xml">
<abbr>H</abbr>
<expan>MS Kathmandu NAK 5-333, Uttaratantra</expan>
<listWit>
<witness xml:id="Hac" n="ac">
<abbr>Hac</abbr>
<expan>MS Kathmandu NAK 5-333, Uttaratantra [ante correctionem]</expan>
</witness>
<witness xml:id="Hpc" n="pc">
<abbr type="siglum">Hpc</abbr>
<expan>MS Kathmandu NAK 5-333, Uttaratantra [post correctionem]</expan>
</witness>
</listWit>
</witness>
<witness xml:id="NE" source="provisional-edition_uttaratantra-1-30.xml">
<abbr>NE</abbr>
<expan>The Nepalese Version of the Suśrutasaṃhitā, uttaratantra 1-30, based on the
                    Nepalese MSS</expan>
</witness>
</listWit>
    <encodingDesc>
      <editorialDecl>
        <segmentation>
          <ab type="tokenization">aksara</ab>
          <ab type="blockid">SS.6.15.32</ab>
          <ab type="targetedition">NE</ab>
          <ab type="scoring">
            <ab type="match">1</ab>
            <ab type="mismatch">-1</ab>
            <ab type="gapopen">-2</ab>
            <ab type="gapextend">-0.25</ab>
            <ab type="recursive">true</ab>
            <ab type="realigndepth">20</ab>
            <ab type="distancefunction">ngrams</ab>
            
          </ab>
        </segmentation>
        <normalization method="markup">
<ab>ignore punctuation</ab>
<ab>candrabindu as anusvāra</ab>
<ab>geminated aspirated consonants</ab>
<ab>geminated m after h</ab>
<ab>geminated t</ab>
<ab>geminated consonants after r</ab>
<ab>final nasal variants</ab>
<ab>internal nasal variants</ab>
<ab>final anusvāra variants</ab>
<ab>visarga aḥ before voiced consonants</ab>
<ab>visarga aḥ before vowels</ab>
<ab>visarga aḥ before unvoiced consonants and space + anusvāra</ab>
<ab>visarga āḥ variants</ab>
<ab>other visarga variants</ab>
<ab>superfluous avagrahas</ab>
<ab>double avagrahas</ab>
<ab>avagrahas to short a</ab>
<ab>internal visarga variants</ab>
<ab>final au/āv</ab>
<ab>final su</ab>
<ab>final i</ab>
<ab>kcch/kś</ab>
<ab>cś/tś</ab>
<ab>cch/ch</ab>
<ab>final t + hi</ab>
<ab>final t + voiced syllable</ab>
<ab>final t + n/m</ab>
<ab>final t + c/j</ab>
<ab>i/y + vowel</ab>
<ab>bhd for bdh</ab>
<ab>remove spaces</ab>
        </normalization>
        <ab type="tagfilters">
<tag subtype="ignore">pc</tag>
<tag subtype="ignore">head</tag>
<tag subtype="ignore">label</tag>
<tag subtype="ignore">note</tag>
<tag subtype="ignore">num</tag>
<tag subtype="ignore">locus</tag>
<tag subtype="ignore">supplied</tag>
<tag subtype="ignore">surplus</tag>
        </ab>
      </editorialDecl>
    </encodingDesc>
    <xenoData>
      <stemma format="nexml" id="stemma0"><nex:nexml xmlns:nex="http://www.nexml.org/2009" version="0.9"><nex:otus id="otus1"><nex:otu id="otu0" label="A"/><nex:otu id="otu1" label="H"/><nex:otu id="otu2" label="K"/><nex:otu id="otu3" label="NE"/></nex:otus><nex:trees otus="otus1" id="trees1"><nex:tree id="guidetree" label="guidetree" xsi:type="nex:FloatTree" xmlns:xsi="http://www.w3.org/2001/XMLSchema-instance"><nex:node id="2dfb61ed-ae76-4dbf-a206-c238d4ef12d9" root="true"/><nex:node id="0aa674e2-7cda-4ff0-badf-1b0e7bc7bd69"/><nex:node id="c6e7807a-4355-42a8-a121-d7d5352a3cad" label="A" otu="otu2"/><nex:node id="6fd2ff58-ce63-4a68-b9c1-fb52303f429a" label="H" otu="otu3"/><nex:node id="d69c2870-27d8-4471-bce0-b7a67ba1a6d7"/><nex:node id="86b7ca4c-86ae-47d5-b767-3d3eced17edb" label="K" otu="otu5"/><nex:node id="545d1763-f2b7-493e-bf91-68342dcfd635" label="NE" otu="otu6"/><nex:edge source="2dfb61ed-ae76-4dbf-a206-c238d4ef12d9" target="0aa674e2-7cda-4ff0-badf-1b0e7bc7bd69" id="edge0" length="0.2591415167318928"/><nex:edge source="2dfb61ed-ae76-4dbf-a206-c238d4ef12d9" target="d69c2870-27d8-4471-bce0-b7a67ba1a6d7" id="edge1" length="0.2591415167318928"/><nex:edge source="0aa674e2-7cda-4ff0-badf-1b0e7bc7bd69" target="c6e7807a-4355-42a8-a121-d7d5352a3cad" id="edge2" length="0.45532053479702994"/><nex:edge source="0aa674e2-7cda-4ff0-badf-1b0e7bc7bd69" target="6fd2ff58-ce63-4a68-b9c1-fb52303f429a" id="edge3" length="0.3465884281165865"/><nex:edge source="d69c2870-27d8-4471-bce0-b7a67ba1a6d7" target="86b7ca4c-86ae-47d5-b767-3d3eced17edb" id="edge4" length="5.551115123125783e-17"/><nex:edge source="d69c2870-27d8-4471-bce0-b7a67ba1a6d7" target="545d1763-f2b7-493e-bf91-68342dcfd635" id="edge5" length="5.551115123125783e-17"/></nex:tree></nex:trees></nex:nexml></stemma>
    </xenoData>
  </teiHeader>
<TEI n="A"><text><cl><w n="0" lemma="kṣā"> kṣā</w><w n="1">re</w><w n="2">ṇā</w></cl><cl><w n="3">va</w><w n="4">li</w><w n="5">khe</w><w n="6" lemma="tcā">c cā</w><w n="7" lemma="pi">pi </w></cl><cl><w n="8">vyā</w><w n="9">dhi</w><w n="10">śe</w><w n="11" lemma="saḥ">so </w></cl><cl><w n="12">bha</w><w n="13">ve</w><w n="14" lemma="tya">d ya</w><w n="15" lemma="di">di | </w></cl><cl><w n="16">tī</w><w n="17" lemma="kṣṇaiḥ">kṣṇair </w></cl><cl><w n="18">u</w><w n="19">bha</w><w n="20">ya</w><w n="21">to</w></cl><cl><w n="22">bhā</w><w n="23" lemma="gaiḥ">gais </w></cl><cl><w n="24">ta</w><w n="25" lemma="taḥ">to </w></cl><cl><w n="26">do</w><w n="27" lemma="ṣaṃ">ṣam </w></cl><cl><w n="28">a</w><w n="29">dhi</w><w n="30">kṣi</w><w n="31">pe</w><w n="32" lemma="t">t || </w></cl></text></TEI><TEI n="H"><text><cl><w n="0">kṣā</w><w n="1">re</w><w n="2" lemma="ṇa">ṇa </w></cl><cl><w n="3">vā</w><w n="4">li</w><w n="5">khe</w><w n="6" lemma="tcā">c cā</w><w n="7" lemma="pi">pi </w></cl><cl><w n="8">vyā</w><w n="9">dhi</w><w n="10">śe</w><w n="11" lemma="ṣaṃ">ṣaṃ </w></cl><cl><w n="12">bha</w><w n="13">ve</w><w n="14" lemma="tya">d ya</w><w n="15" lemma="di">di | </w></cl><cl><w n="16">tī</w><w n="17" lemma="kṣṇaiḥ">kṣṇair </w></cl><cl><w n="18">ū</w><w n="19">bha</w><w n="20">ya</w><w n="21">to</w></cl><cl><w n="22">bhā</w><w n="23" lemma="gaiḥ">gais </w></cl><cl><w n="24">ta</w><w n="25" lemma="taḥ">to </w></cl><cl><w n="26">do</w><w n="27" lemma="ṣaṃ">ṣam </w></cl><cl><w n="28">u</w><w n="29">pa</w><w n="30">kṣi</w><w n="31">ye</w><w n="32" lemma="t">t ||</w></cl></text></TEI><TEI n="K"><text><cl><w n="0">kṣā</w><w n="1">re</w><w n="2" lemma="ṇa">ṇa </w></cl><cl><w n="3">vā</w><w n="4">li</w><w n="5">khe</w><w n="6" lemma="tcā">c cā</w><w n="7" lemma="pi">pi </w></cl><cl><w n="8">vyā</w><w n="9">dhi</w><w n="10">śe</w><w n="11" lemma="ṣaṃ">ṣam </w></cl><cl><w n="12">bha</w><w n="13">ve</w><w n="14" lemma="tyā">d yā</w><w n="15" lemma="di">di | </w></cl><cl><w n="16">tī</w><w n="17" lemma="kṣṇaiḥ">kṣṇair </w></cl><cl><w n="18">u</w><w n="19">bha</w><w n="20">ya</w><w n="21" lemma="taḥ">to </w></cl><cl><w n="22">bhā</w><w n="23" lemma="gaiḥ">gais </w></cl><cl><w n="24">ta</w><w n="25" lemma="taḥ">to </w></cl><cl><w n="26">do</w><w n="27" lemma="ṣaṃ">ṣam </w></cl><cl><w n="28">u</w><w n="29">pa</w><w n="30">kṣi</w><w n="31">ye</w><w n="32" lemma="t">t |</w></cl></text></TEI><TEI n="NE"><text><cl><w n="0" lemma="kṣā"> kṣā</w><w n="1">re</w><w n="2" lemma="ṇa">ṇa </w></cl><cl><w n="3">vā</w><w n="4">li</w><w n="5">khe</w><w n="6" lemma="tcā">c cā</w><w n="7" lemma="pi">pi </w></cl><cl><w n="8">vyā</w><w n="9">dhi</w><w n="10">śe</w><w n="11" lemma="ṣaṃ">ṣam </w></cl><cl><w n="12">bha</w><w n="13">ve</w><w n="14" lemma="tyā">d yā</w><w n="15" lemma="di">di | </w></cl><cl><w n="16">tī</w><w n="17" lemma="kṣṇaiḥ">kṣṇair </w></cl><cl><w n="18">u</w><w n="19">bha</w><w n="20">ya</w><w n="21" lemma="taḥ">to </w></cl><cl><w n="22">bhā</w><w n="23" lemma="gaiḥ">gais </w></cl><cl><w n="24">ta</w><w n="25" lemma="taḥ">to </w></cl><cl><w n="26">do</w><w n="27" lemma="ṣaṃ">ṣam </w></cl><cl><w n="28">u</w><w n="29">pa</w><w n="30">kṣi</w><w n="31">ye</w><w n="32" lemma="t">t |</w></cl></text></TEI></teiCorpus>