<?xml version="1.0" encoding="UTF-8"?>
<teiCorpus xmlns="http://www.tei-c.org/ns/1.0" xml:lang="sa-Latn">
  <teiHeader>
<listWit>
<witness xml:id="A" source="06-ut-vulgate-1938-1-30.xml">
<abbr>A</abbr>
<expan>Printed edition: Ācārya 1938: Uttaratantra 1-30</expan>
</witness>
<witness xml:id="K" source="kl_699_uttaratantra-1-30.xml">
<abbr>K</abbr>
<expan>MSS Kathmandu KL 699: Uttaratantra</expan>
<listWit>
<witness xml:id="Kac" n="ac">
<abbr>Kac</abbr>
<expan>MSS Kathmandu KL 699: Uttaratantra [ante correctionem]</expan>
</witness>
<witness xml:id="Kpc" n="pc">
<abbr type="siglum">Kpc</abbr>
<expan>MSS Kathmandu KL 699: Uttaratantra [post correctionem]</expan>
</witness>
</listWit>
</witness>
<witness xml:id="H" source="nak_5-333_uttaratantra-1-30.xml">
<abbr>H</abbr>
<expan>MS Kathmandu NAK 5-333, Uttaratantra</expan>
<listWit>
<witness xml:id="Hac" n="ac">
<abbr>Hac</abbr>
<expan>MS Kathmandu NAK 5-333, Uttaratantra [ante correctionem]</expan>
</witness>
<witness xml:id="Hpc" n="pc">
<abbr type="siglum">Hpc</abbr>
<expan>MS Kathmandu NAK 5-333, Uttaratantra [post correctionem]</expan>
</witness>
</listWit>
</witness>
<witness xml:id="NE" source="provisional-edition_uttaratantra-1-30.xml">
<abbr>NE</abbr>
<expan>The Nepalese Version of the Suśrutasaṃhitā, uttaratantra 1-30, based on the
                    Nepalese MSS</expan>
</witness>
</listWit>
    <encodingDesc>
      <editorialDecl>
        <segmentation>
          <ab type="tokenization">aksara</ab>
          <ab type="blockid">SS.6.17.19</ab>
          <ab type="targetedition">NE</ab>
          <ab type="scoring">
            <ab type="match">1</ab>
            <ab type="mismatch">-1</ab>
            <ab type="gapopen">-2</ab>
            <ab type="gapextend">-0.25</ab>
            <ab type="recursive">true</ab>
            <ab type="realigndepth">20</ab>
            <ab type="distancefunction">ngrams</ab>
            
          </ab>
        </segmentation>
        <normalization method="markup">
<ab>ignore punctuation</ab>
<ab>candrabindu as anusvāra</ab>
<ab>geminated aspirated consonants</ab>
<ab>geminated m after h</ab>
<ab>geminated t</ab>
<ab>geminated consonants after r</ab>
<ab>final nasal variants</ab>
<ab>internal nasal variants</ab>
<ab>final anusvāra variants</ab>
<ab>visarga aḥ before voiced consonants</ab>
<ab>visarga aḥ before vowels</ab>
<ab>visarga aḥ before unvoiced consonants and space + anusvāra</ab>
<ab>visarga āḥ variants</ab>
<ab>other visarga variants</ab>
<ab>superfluous avagrahas</ab>
<ab>double avagrahas</ab>
<ab>avagrahas to short a</ab>
<ab>internal visarga variants</ab>
<ab>final au/āv</ab>
<ab>final su</ab>
<ab>final i</ab>
<ab>kcch/kś</ab>
<ab>cś/tś</ab>
<ab>cch/ch</ab>
<ab>final t + hi</ab>
<ab>final t + voiced syllable</ab>
<ab>final t + n/m</ab>
<ab>final t + c/j</ab>
<ab>i/y + vowel</ab>
<ab>bhd for bdh</ab>
<ab>remove spaces</ab>
        </normalization>
        <ab type="tagfilters">
<tag subtype="ignore">pc</tag>
<tag subtype="ignore">head</tag>
<tag subtype="ignore">label</tag>
<tag subtype="ignore">note</tag>
<tag subtype="ignore">num</tag>
<tag subtype="ignore">locus</tag>
<tag subtype="ignore">supplied</tag>
<tag subtype="ignore">surplus</tag>
        </ab>
      </editorialDecl>
    </encodingDesc>
    <xenoData>
      <stemma format="nexml" id="stemma0"><nex:nexml xmlns:nex="http://www.nexml.org/2009" version="0.9"><nex:otus id="otus1"><nex:otu id="otu0" label="A"/><nex:otu id="otu1" label="H"/><nex:otu id="otu2" label="K"/><nex:otu id="otu3" label="NE"/></nex:otus><nex:trees otus="otus1" id="trees1"><nex:tree id="guidetree" label="guidetree" xsi:type="nex:FloatTree" xmlns:xsi="http://www.w3.org/2001/XMLSchema-instance"><nex:node id="12fce85b-37dd-42ac-ba52-1d87b3c9d844" root="true"/><nex:node id="e343c3d8-032c-414d-ab52-6bd50c42ed9a"/><nex:node id="3dbce7f1-c17e-4498-80cf-ff55c097b123" label="A" otu="otu2"/><nex:node id="907c33a9-f583-4076-80ce-7546d7dc00b5" label="H" otu="otu3"/><nex:node id="72a75f53-f7d8-4564-a65d-dca55c1f4757"/><nex:node id="fec1b374-53fe-4e33-b8f9-15820235938b" label="K" otu="otu5"/><nex:node id="0c71fbd2-a511-4918-a9fa-e90473044a32" label="NE" otu="otu6"/><nex:edge source="12fce85b-37dd-42ac-ba52-1d87b3c9d844" target="e343c3d8-032c-414d-ab52-6bd50c42ed9a" id="edge0" length="0"/><nex:edge source="12fce85b-37dd-42ac-ba52-1d87b3c9d844" target="72a75f53-f7d8-4564-a65d-dca55c1f4757" id="edge1" length="0"/><nex:edge source="e343c3d8-032c-414d-ab52-6bd50c42ed9a" target="3dbce7f1-c17e-4498-80cf-ff55c097b123" id="edge2" length="1"/><nex:edge source="e343c3d8-032c-414d-ab52-6bd50c42ed9a" target="907c33a9-f583-4076-80ce-7546d7dc00b5" id="edge3" length="0"/><nex:edge source="72a75f53-f7d8-4564-a65d-dca55c1f4757" target="fec1b374-53fe-4e33-b8f9-15820235938b" id="edge4" length="0"/><nex:edge source="72a75f53-f7d8-4564-a65d-dca55c1f4757" target="0c71fbd2-a511-4918-a9fa-e90473044a32" id="edge5" length="0"/></nex:tree></nex:trees></nex:nexml></stemma>
    </xenoData>
  </teiHeader>
<TEI n="A"><text><cl><w n="0" lemma=""> </w><w n="1"/><w n="2"/><w n="3"/><w n="4"/></cl><w n="5">sa</w><cl><w n="6">phe</w><w n="7" lemma="nā">nā </w></cl><cl><w n="8">va</w><w n="9">rta</w><w n="10" lemma="yaḥ">yaḥ </w></cl><cl><w n="11">pi</w><w n="12" lemma="ṣṭāḥ">ṣṭāś </w><w n="13">chā</w><w n="14">ga</w><w n="15">kṣī</w><w n="16">ra</w><w n="17">sa</w><w n="18" lemma="maṃ">man</w><w n="19">vi</w><w n="20" lemma="tā">tāḥ | </w></cl><cl><w n="21">go</w><w n="22">mū</w><w n="23">tra</w><w n="24">pi</w><w n="25" lemma="ta">tta</w><w n="26">ma</w><w n="27">di</w><w n="28">rā</w><w n="29">ya</w><w n="30">kṛ</w><w n="31" lemma="dhā">ddhā</w><w n="32">trī</w><w n="33">ra</w><w n="34" lemma="se">se </w></cl><cl><w n="35">pa</w><w n="36">ce</w><w n="37" lemma="t">t || </w></cl></text></TEI><TEI n="H"><text><cl><w n="0" lemma="sa"> sa</w><w n="1">mu</w><w n="2">dra</w><w n="3">phe</w><w n="4" lemma="naḥ">naś </w></cl><w n="5" lemma="ca">ca </w><cl><w n="6">hi</w><w n="7" lemma="tā">tā </w></cl><cl><w n="8">va</w><w n="9"/><w n="10" lemma="rtyaḥ">rtyaś </w></cl><cl><w n="11"/><w n="12"/><w n="13">chā</w><w n="14">ga</w><w n="15"/><w n="16"/><w n="17">pa</w><w n="18" lemma="yoṃ">yon</w><w n="19">vi</w><w n="20" lemma="tā">tāḥ | </w></cl><cl><w n="21">go</w><w n="22">mū</w><w n="23">tra</w><w n="24">pi</w><w n="25" lemma="ta">tta</w><w n="26">ma</w><w n="27">di</w><w n="28">rā</w><w n="29">ya</w><w n="30">kṛ</w><w n="31" lemma="dhā">ddhā</w><w n="32">trī</w><w n="33">ra</w><w n="34" lemma="saiḥ">saiḥ </w></cl><cl><w n="35">pa</w><w n="36">ce</w><w n="37" lemma="t">t || </w></cl></text></TEI><TEI n="K"><text><cl><w n="0" lemma="sa"> sa</w><w n="1">mu</w><w n="2">dra</w><w n="3">phe</w><w n="4" lemma="naḥ">nas </w></cl><w n="5" lemma="ca">ca </w><cl><w n="6">hi</w><w n="7" lemma="tā">tā </w></cl><cl><w n="8">va</w><w n="9"/><w n="10" lemma="rtyaḥ">rtyas </w></cl><cl><w n="11"/><w n="12"/><w n="13"/><w n="14"/><w n="15">chā</w><w n="16">ga</w><w n="17">pa</w><w n="18" lemma="yoṃ">yon</w><w n="19">vi</w><w n="20" lemma="tā">tāḥ | </w></cl><cl><w n="21">go</w><w n="22">mū</w><w n="23">tra</w><w n="24">pi</w><w n="25" lemma="ta">tta</w><w n="26">ma</w><w n="27">di</w><w n="28">rā</w><w n="29">ya</w><w n="30">kṛ</w><w n="31" lemma="dhā">ddhā</w><w n="32">trī</w><w n="33">ra</w><w n="34" lemma="saiḥ">saiḥ </w></cl><cl><w n="35">pa</w><w n="36">ce</w><w n="37" lemma="t">t || </w></cl></text></TEI><TEI n="NE"><text><cl><w n="0" lemma="sa"> sa</w><w n="1">mu</w><w n="2">dra</w><w n="3">phe</w><w n="4" lemma="naḥ">naś </w></cl><w n="5" lemma="ca">ca </w><cl><w n="6">hi</w><w n="7" lemma="tā">tā </w></cl><cl><w n="8">va</w><w n="9"/><w n="10" lemma="rtyaḥ">rtyaś </w></cl><cl><w n="11"/><w n="12"/><w n="13"/><w n="14"/><w n="15">chā</w><w n="16">ga</w><w n="17">pa</w><w n="18" lemma="yoṃ">yon</w><w n="19">vi</w><w n="20" lemma="tā">tāḥ | </w></cl><cl><w n="21">go</w><w n="22">mū</w><w n="23">tra</w><w n="24">pi</w><w n="25" lemma="ta">tta</w><w n="26">ma</w><w n="27">di</w><w n="28">rā</w><w n="29">ya</w><w n="30">kṛ</w><w n="31" lemma="dhā">ddhā</w><w n="32">trī</w><w n="33">ra</w><w n="34" lemma="saiḥ">saiḥ </w></cl><cl><w n="35">pa</w><w n="36">ce</w><w n="37" lemma="t">t || </w></cl></text></TEI></teiCorpus>