<?xml version="1.0" encoding="UTF-8"?>
<teiCorpus xmlns="http://www.tei-c.org/ns/1.0" xml:lang="sa-Latn">
  <teiHeader>
<listWit>
<witness xml:id="A" source="06-ut-vulgate-1938-1-30.xml">
<abbr>A</abbr>
<expan>Printed edition: Ācārya 1938: Uttaratantra 1-30</expan>
</witness>
<witness xml:id="K" source="kl_699_uttaratantra-1-30.xml">
<abbr>K</abbr>
<expan>MSS Kathmandu KL 699: Uttaratantra</expan>
<listWit>
<witness xml:id="Kac" n="ac">
<abbr>Kac</abbr>
<expan>MSS Kathmandu KL 699: Uttaratantra [ante correctionem]</expan>
</witness>
<witness xml:id="Kpc" n="pc">
<abbr type="siglum">Kpc</abbr>
<expan>MSS Kathmandu KL 699: Uttaratantra [post correctionem]</expan>
</witness>
</listWit>
</witness>
<witness xml:id="H" source="nak_5-333_uttaratantra-1-30.xml">
<abbr>H</abbr>
<expan>MS Kathmandu NAK 5-333, Uttaratantra</expan>
<listWit>
<witness xml:id="Hac" n="ac">
<abbr>Hac</abbr>
<expan>MS Kathmandu NAK 5-333, Uttaratantra [ante correctionem]</expan>
</witness>
<witness xml:id="Hpc" n="pc">
<abbr type="siglum">Hpc</abbr>
<expan>MS Kathmandu NAK 5-333, Uttaratantra [post correctionem]</expan>
</witness>
</listWit>
</witness>
<witness xml:id="NE" source="provisional-edition_uttaratantra-1-30.xml">
<abbr>NE</abbr>
<expan>The Nepalese Version of the Suśrutasaṃhitā, uttaratantra 1-30, based on the
                    Nepalese MSS</expan>
</witness>
</listWit>
    <encodingDesc>
      <editorialDecl>
        <segmentation>
          <ab type="tokenization">aksara</ab>
          <ab type="blockid">SS.6.19.3cd</ab>
          <ab type="targetedition">NE</ab>
          <ab type="scoring">
            <ab type="match">1</ab>
            <ab type="mismatch">-1</ab>
            <ab type="gapopen">-2</ab>
            <ab type="gapextend">-0.25</ab>
            <ab type="recursive">true</ab>
            <ab type="realigndepth">20</ab>
            <ab type="distancefunction">ngrams</ab>
            
          </ab>
        </segmentation>
        <normalization method="markup">
<ab>ignore punctuation</ab>
<ab>candrabindu as anusvāra</ab>
<ab>geminated aspirated consonants</ab>
<ab>geminated m after h</ab>
<ab>geminated t</ab>
<ab>geminated consonants after r</ab>
<ab>final nasal variants</ab>
<ab>internal nasal variants</ab>
<ab>final anusvāra variants</ab>
<ab>visarga aḥ before voiced consonants</ab>
<ab>visarga aḥ before vowels</ab>
<ab>visarga aḥ before unvoiced consonants and space + anusvāra</ab>
<ab>visarga āḥ variants</ab>
<ab>other visarga variants</ab>
<ab>superfluous avagrahas</ab>
<ab>double avagrahas</ab>
<ab>avagrahas to short a</ab>
<ab>internal visarga variants</ab>
<ab>final au/āv</ab>
<ab>final su</ab>
<ab>final i</ab>
<ab>kcch/kś</ab>
<ab>cś/tś</ab>
<ab>cch/ch</ab>
<ab>final t + hi</ab>
<ab>final t + voiced syllable</ab>
<ab>final t + n/m</ab>
<ab>final t + c/j</ab>
<ab>i/y + vowel</ab>
<ab>bhd for bdh</ab>
<ab>remove spaces</ab>
        </normalization>
        <ab type="tagfilters">
<tag subtype="ignore">pc</tag>
<tag subtype="ignore">head</tag>
<tag subtype="ignore">label</tag>
<tag subtype="ignore">note</tag>
<tag subtype="ignore">num</tag>
<tag subtype="ignore">locus</tag>
<tag subtype="ignore">supplied</tag>
<tag subtype="ignore">surplus</tag>
        </ab>
      </editorialDecl>
    </encodingDesc>
    <xenoData>
      <stemma format="nexml" id="stemma0"><nex:nexml xmlns:nex="http://www.nexml.org/2009" version="0.9"><nex:otus id="otus1"><nex:otu id="otu0" label="A"/><nex:otu id="otu1" label="H"/><nex:otu id="otu2" label="K"/><nex:otu id="otu3" label="NE"/></nex:otus><nex:trees otus="otus1" id="trees1"><nex:tree id="guidetree" label="guidetree" xsi:type="nex:FloatTree" xmlns:xsi="http://www.w3.org/2001/XMLSchema-instance"><nex:node id="1b1baacd-fc47-4993-b21e-4d2b3fc40d62" root="true"/><nex:node id="1bf866c1-1539-4afb-b63f-cc8ba06c66f3"/><nex:node id="5ab0ee1a-d8f8-445d-b813-1bbfaacf1ba4" label="A" otu="otu2"/><nex:node id="2752328d-1b7a-4291-9598-0dfc52328839" label="H" otu="otu3"/><nex:node id="8b527f57-e992-4f3b-a827-581ae06c3756"/><nex:node id="4854e15c-8581-482f-aae6-558c469d3e97" label="K" otu="otu5"/><nex:node id="e58fbbb1-72ef-46a8-825b-6ebd2f72e2aa" label="NE" otu="otu6"/><nex:edge source="1b1baacd-fc47-4993-b21e-4d2b3fc40d62" target="1bf866c1-1539-4afb-b63f-cc8ba06c66f3" id="edge0" length="0.17004720778062266"/><nex:edge source="1b1baacd-fc47-4993-b21e-4d2b3fc40d62" target="8b527f57-e992-4f3b-a827-581ae06c3756" id="edge1" length="0.17004720778062266"/><nex:edge source="1bf866c1-1539-4afb-b63f-cc8ba06c66f3" target="5ab0ee1a-d8f8-445d-b813-1bbfaacf1ba4" id="edge2" length="0.6503392525518534"/><nex:edge source="1bf866c1-1539-4afb-b63f-cc8ba06c66f3" target="2752328d-1b7a-4291-9598-0dfc52328839" id="edge3" length="0.34966074744814657"/><nex:edge source="8b527f57-e992-4f3b-a827-581ae06c3756" target="4854e15c-8581-482f-aae6-558c469d3e97" id="edge4" length="1.1102230246251565e-16"/><nex:edge source="8b527f57-e992-4f3b-a827-581ae06c3756" target="e58fbbb1-72ef-46a8-825b-6ebd2f72e2aa" id="edge5" length="1.1102230246251565e-16"/></nex:tree></nex:trees></nex:nexml></stemma>
    </xenoData>
  </teiHeader>
<TEI n="A"><text><cl><w n="0" lemma=""> </w><w n="1"/><w n="2"/><w n="3"/><w n="4"/><w n="5"/><w n="6"/><w n="7"/><w n="8"/></cl><cl><w n="9"/><w n="10"/><w n="11"/><w n="12"/><w n="13"/></cl><cl><w n="14">na</w><w n="15">syā</w><w n="16">sya</w><w n="17">le</w><w n="18">pa</w><w n="19">pa</w><w n="20">ri</w><w n="21">ṣe</w><w n="22">ca</w><w n="23">na</w><w n="24">ta</w><w n="25">rpa</w><w n="26">ṇā</w><w n="27" lemma="dyaṃ">dyam </w></cl><cl><w n="28">u</w><w n="29" lemma="ktaṃ">ktaṃ </w><w n="30">pu</w><w n="31" lemma="naḥ">naḥ </w><w n="32">kṣa</w><w n="33">ta</w><w n="34">ja</w><w n="35">pi</w><w n="36" lemma="ta">tta</w><w n="37">ja</w><w n="38">śū</w><w n="39">la</w><w n="40">pa</w><w n="41" lemma="thyaṃ">thyam || </w></cl></text></TEI><TEI n="H"><text><cl><w n="0" lemma="dṛ"> dṛ</w><w n="1">ṣṭi</w><w n="2">pra</w><w n="3">sā</w><w n="4">da</w><w n="5">ja</w><w n="6">na</w><w n="7" lemma="naiḥ">nais </w><w n="8" lemma="taṃ">tam </w></cl><cl><w n="9">u</w><w n="10">pa</w><w n="11">kra</w><w n="12">me</w><w n="13" lemma="ta">ta, </w></cl><cl><w n="14">na</w><w n="15">syā</w><w n="16">sya</w><w n="17">le</w><w n="18">pa</w><w n="19">pa</w><w n="20">ri</w><w n="21">ṣe</w><w n="22">va</w><w n="23">ṇa</w><w n="24">ta</w><w n="25" lemma="rpa">rppa</w><w n="26">ṇā</w><w n="27" lemma="dyaṃ">dyaṃ || </w></cl><cl><w n="28"/><w n="29"/><w n="30"/><w n="31"/><w n="32"/><w n="33"/><w n="34"/><w n="35"/><w n="36"/><w n="37"/><w n="38"/><w n="39"/><w n="40"/><w n="41"/></cl></text></TEI><TEI n="K"><text><cl><w n="0" lemma="dṛ"> dṛ</w><w n="1">ṣṭi</w><w n="2">pra</w><w n="3">sā</w><w n="4">da</w><w n="5">ja</w><w n="6">na</w><w n="7" lemma="naiḥ">nais </w><w n="8" lemma="taṃ">tam </w></cl><cl><w n="9">u</w><w n="10">pa</w><w n="11">kra</w><w n="12">me</w><w n="13" lemma="ta">ta </w></cl><cl><w n="14">na</w><w n="15">syā</w><w n="16">sya</w><w n="17">le</w><w n="18">pa</w><w n="19">pa</w><w n="20">ri</w><w n="21">ṣe</w><w n="22">va</w><w n="23">na</w><w n="24">ta</w><w n="25">rpa</w><w n="26">ṇā</w><w n="27" lemma="dyaṃ">dyaṃ || </w></cl><cl><w n="28"/><w n="29"/><w n="30"/><w n="31"/><w n="32"/><w n="33"/><w n="34"/><w n="35"/><w n="36"/><w n="37"/><w n="38"/><w n="39"/><w n="40"/><w n="41"/></cl></text></TEI><TEI n="NE"><text><cl><w n="0" lemma="dṛ"> dṛ</w><w n="1">ṣṭi</w><w n="2">pra</w><w n="3">sā</w><w n="4">da</w><w n="5">ja</w><w n="6">na</w><w n="7" lemma="naiḥ">nais </w><w n="8" lemma="taṃ">tam </w></cl><cl><w n="9">u</w><w n="10">pa</w><w n="11">kra</w><w n="12">me</w><w n="13" lemma="ta">ta </w></cl><cl><w n="14">na</w><w n="15">syā</w><w n="16">sya</w><w n="17">le</w><w n="18">pa</w><w n="19">pa</w><w n="20">ri</w><w n="21">ṣe</w><w n="22">va</w><w n="23">na</w><w n="24">ta</w><w n="25">rpa</w><w n="26">ṇā</w><w n="27" lemma="dyaṃ">dyaṃ || </w></cl><cl><w n="28"/><w n="29"/><w n="30"/><w n="31"/><w n="32"/><w n="33"/><w n="34"/><w n="35"/><w n="36"/><w n="37"/><w n="38"/><w n="39"/><w n="40"/><w n="41"/></cl></text></TEI></teiCorpus>