<?xml version="1.0" encoding="UTF-8"?>
<teiCorpus xmlns="http://www.tei-c.org/ns/1.0" xml:lang="sa-Latn">
  <teiHeader>
<listWit>
<witness xml:id="A" source="06-ut-vulgate-1938-1-30.xml">
<abbr>A</abbr>
<expan>Printed edition: Ācārya 1938: Uttaratantra 1-30</expan>
</witness>
<witness xml:id="K" source="kl_699_uttaratantra-1-30.xml">
<abbr>K</abbr>
<expan>MSS Kathmandu KL 699: Uttaratantra</expan>
<listWit>
<witness xml:id="Kac" n="ac">
<abbr>Kac</abbr>
<expan>MSS Kathmandu KL 699: Uttaratantra [ante correctionem]</expan>
</witness>
<witness xml:id="Kpc" n="pc">
<abbr type="siglum">Kpc</abbr>
<expan>MSS Kathmandu KL 699: Uttaratantra [post correctionem]</expan>
</witness>
</listWit>
</witness>
<witness xml:id="H" source="nak_5-333_uttaratantra-1-30.xml">
<abbr>H</abbr>
<expan>MS Kathmandu NAK 5-333, Uttaratantra</expan>
<listWit>
<witness xml:id="Hac" n="ac">
<abbr>Hac</abbr>
<expan>MS Kathmandu NAK 5-333, Uttaratantra [ante correctionem]</expan>
</witness>
<witness xml:id="Hpc" n="pc">
<abbr type="siglum">Hpc</abbr>
<expan>MS Kathmandu NAK 5-333, Uttaratantra [post correctionem]</expan>
</witness>
</listWit>
</witness>
<witness xml:id="NE" source="provisional-edition_uttaratantra-1-30.xml">
<abbr>NE</abbr>
<expan>The Nepalese Version of the Suśrutasaṃhitā, uttaratantra 1-30, based on the
                    Nepalese MSS</expan>
</witness>
</listWit>
    <encodingDesc>
      <editorialDecl>
        <segmentation>
          <ab type="tokenization">aksara</ab>
          <ab type="blockid">SS.6.18.49</ab>
          <ab type="targetedition">NE</ab>
          <ab type="scoring">
            <ab type="match">1</ab>
            <ab type="mismatch">-1</ab>
            <ab type="gapopen">-2</ab>
            <ab type="gapextend">-0.25</ab>
            <ab type="recursive">true</ab>
            <ab type="realigndepth">20</ab>
            <ab type="distancefunction">ngrams</ab>
            
          </ab>
        </segmentation>
        <normalization method="markup">
<ab>ignore punctuation</ab>
<ab>candrabindu as anusvāra</ab>
<ab>geminated aspirated consonants</ab>
<ab>geminated m after h</ab>
<ab>geminated t</ab>
<ab>geminated consonants after r</ab>
<ab>final nasal variants</ab>
<ab>internal nasal variants</ab>
<ab>final anusvāra variants</ab>
<ab>visarga aḥ before voiced consonants</ab>
<ab>visarga aḥ before vowels</ab>
<ab>visarga aḥ before unvoiced consonants and space + anusvāra</ab>
<ab>visarga āḥ variants</ab>
<ab>other visarga variants</ab>
<ab>superfluous avagrahas</ab>
<ab>double avagrahas</ab>
<ab>avagrahas to short a</ab>
<ab>internal visarga variants</ab>
<ab>final au/āv</ab>
<ab>final su</ab>
<ab>final i</ab>
<ab>kcch/kś</ab>
<ab>cś/tś</ab>
<ab>cch/ch</ab>
<ab>final t + hi</ab>
<ab>final t + voiced syllable</ab>
<ab>final t + n/m</ab>
<ab>final t + c/j</ab>
<ab>i/y + vowel</ab>
<ab>bhd for bdh</ab>
<ab>remove spaces</ab>
        </normalization>
        <ab type="tagfilters">
<tag subtype="ignore">pc</tag>
<tag subtype="ignore">head</tag>
<tag subtype="ignore">label</tag>
<tag subtype="ignore">note</tag>
<tag subtype="ignore">num</tag>
<tag subtype="ignore">locus</tag>
<tag subtype="ignore">supplied</tag>
<tag subtype="ignore">surplus</tag>
        </ab>
      </editorialDecl>
    </encodingDesc>
    <xenoData>
      <stemma format="nexml" id="stemma0"><nex:nexml xmlns:nex="http://www.nexml.org/2009" version="0.9"><nex:otus id="otus1"><nex:otu id="otu0" label="A"/><nex:otu id="otu1" label="H"/><nex:otu id="otu2" label="K"/><nex:otu id="otu3" label="NE"/></nex:otus><nex:trees otus="otus1" id="trees1"><nex:tree id="guidetree" label="guidetree" xsi:type="nex:FloatTree" xmlns:xsi="http://www.w3.org/2001/XMLSchema-instance"><nex:node id="98236960-aa32-4422-9930-d7083a1537f2" root="true"/><nex:node id="801f7ad8-17af-4c5d-b747-8b650c364938"/><nex:node id="e5f0cd6f-f09a-4263-b04d-6b2b3625d6d8" label="A" otu="otu2"/><nex:node id="a5f093df-4b19-485c-8c18-bfbf29f294ad" label="H" otu="otu3"/><nex:node id="eb3368c9-2e6d-4c15-980b-0ea6ab2daef8"/><nex:node id="2a752eb3-12e6-431f-a03f-4bb01f782993" label="K" otu="otu5"/><nex:node id="de458c1f-f027-4023-ad17-b33bd508417b" label="NE" otu="otu6"/><nex:edge source="98236960-aa32-4422-9930-d7083a1537f2" target="801f7ad8-17af-4c5d-b747-8b650c364938" id="edge0" length="0.15627744676029343"/><nex:edge source="98236960-aa32-4422-9930-d7083a1537f2" target="eb3368c9-2e6d-4c15-980b-0ea6ab2daef8" id="edge1" length="0.15627744676029343"/><nex:edge source="801f7ad8-17af-4c5d-b747-8b650c364938" target="e5f0cd6f-f09a-4263-b04d-6b2b3625d6d8" id="edge2" length="0.6668659011905"/><nex:edge source="801f7ad8-17af-4c5d-b747-8b650c364938" target="a5f093df-4b19-485c-8c18-bfbf29f294ad" id="edge3" length="0.33313409880949996"/><nex:edge source="eb3368c9-2e6d-4c15-980b-0ea6ab2daef8" target="2a752eb3-12e6-431f-a03f-4bb01f782993" id="edge4" length="0"/><nex:edge source="eb3368c9-2e6d-4c15-980b-0ea6ab2daef8" target="de458c1f-f027-4023-ad17-b33bd508417b" id="edge5" length="0"/></nex:tree></nex:trees></nex:nexml></stemma>
    </xenoData>
  </teiHeader>
<TEI n="A"><text><cl><w n="0" lemma="ka"> ka</w><w n="1">ro</w><w n="2" lemma="ti">ti </w></cl><cl><w n="3">śi</w><w n="4">ra</w><w n="5" lemma="saḥ">so </w></cl><cl><w n="6">ba</w><w n="7">sti</w></cl><w n="8">ru</w><cl><w n="9" lemma="ktā">ktā </w><w n="10" lemma="ye">ye </w></cl><cl><w n="11">mū</w><w n="12">rdha</w></cl><cl><w n="13">tai</w><w n="14">li</w><w n="15" lemma="kāḥ">kāḥ | </w></cl><cl><w n="16">śu</w><w n="17" lemma="dha">ddha</w><w n="18">de</w><w n="19">ha</w><w n="20" lemma="sya">sya </w><w n="21">sā</w><w n="22">yā</w><w n="23" lemma="hne">hne </w></cl><cl><w n="24">ya</w><w n="25">thā</w><w n="26">vyā</w><w n="27">dhya</w><w n="28">śi</w><w n="29">ta</w><w n="30" lemma="sya">sya </w></cl><cl><w n="31" lemma="tu">tu || </w></cl></text></TEI><TEI n="H"><text><cl><w n="0" lemma="ka"> ka</w><w n="1">ro</w><w n="2" lemma="ti">ti </w></cl><cl><w n="3">śi</w><w n="4">ra</w><w n="5" lemma="sā">sā </w></cl><cl><w n="6">ba</w><w n="7" lemma="stiḥ">stir </w></cl><w n="8" lemma="ya">ya </w><cl><w n="9">u</w><w n="10" lemma="ktaḥ">kto </w></cl><cl><w n="11">mū</w><w n="12" lemma="rdhni">rddhni </w></cl><cl><w n="13">tai</w><w n="14">li</w><w n="15" lemma="kāḥ">kāḥ || </w></cl><cl><w n="16">śu</w><w n="17" lemma="dha">ddha</w><w n="18">de</w><w n="19">ha</w><w n="20">syā</w><w n="21">pa</w><w n="22">rā</w><w n="23" lemma="hṇe">hṇe , </w></cl><cl><w n="24">ya</w><w n="25">thā</w><w n="26">vyā</w><w n="27">dhi</w><w n="28">śi</w><w n="29">ra</w><w n="30" lemma="sya">sya </w></cl><cl><w n="31" lemma="tu">tu | </w></cl></text></TEI><TEI n="K"><text><cl><w n="0" lemma="ka"> ka</w><w n="1">ro</w><w n="2" lemma="ti">ti </w></cl><cl><w n="3">śi</w><w n="4">ra</w><w n="5" lemma="saḥ">so </w></cl><cl><w n="6">ba</w><w n="7" lemma="stiḥ">stir </w></cl><w n="8" lemma="ya">ya </w><cl><w n="9">u</w><w n="10" lemma="ktaḥ">kto </w></cl><cl><w n="11">mū</w><w n="12" lemma="rdhni">rdhni </w></cl><cl><w n="13">tai</w><w n="14">li</w><w n="15" lemma="kāḥ">kāḥ | </w></cl><cl><w n="16">śu</w><w n="17" lemma="dha">ddha</w><w n="18">de</w><w n="19">ha</w><w n="20">syā</w><w n="21">pa</w><w n="22">rā</w><w n="23" lemma="hṇe">hṇe </w></cl><cl><w n="24">ya</w><w n="25">thā</w><w n="26">vyā</w><w n="27">dhi</w><w n="28">śi</w><w n="29">ra</w><w n="30" lemma="sya">sya </w></cl><cl><w n="31" lemma="tu">tu | </w></cl></text></TEI><TEI n="NE"><text><cl><w n="0" lemma="ka"> ka</w><w n="1">ro</w><w n="2" lemma="ti">ti </w></cl><cl><w n="3">śi</w><w n="4">ra</w><w n="5" lemma="saḥ">so </w></cl><cl><w n="6">ba</w><w n="7" lemma="stiḥ">stir </w></cl><w n="8" lemma="ya">ya </w><cl><w n="9">u</w><w n="10" lemma="ktaḥ">kto </w></cl><cl><w n="11">mū</w><w n="12" lemma="rdhni">rdhni </w></cl><cl><w n="13">tai</w><w n="14">li</w><w n="15" lemma="kāḥ">kāḥ | </w></cl><cl><w n="16">śu</w><w n="17" lemma="dha">ddha</w><w n="18">de</w><w n="19">ha</w><w n="20">syā</w><w n="21">pa</w><w n="22">rā</w><w n="23" lemma="hṇe">hṇe </w></cl><cl><w n="24">ya</w><w n="25">thā</w><w n="26">vyā</w><w n="27">dhi</w><w n="28">śi</w><w n="29">ra</w><w n="30" lemma="sya">sya </w></cl><cl><w n="31" lemma="tu">tu | </w></cl></text></TEI></teiCorpus>