<?xml version="1.0" encoding="UTF-8"?>
<teiCorpus xmlns="http://www.tei-c.org/ns/1.0" xml:lang="sa-Latn">
  <teiHeader>
<listWit>
<witness xml:id="A" source="06-ut-vulgate-1938-1-30.xml">
<abbr>A</abbr>
<expan>Printed edition: Ācārya 1938: Uttaratantra 1-30</expan>
</witness>
<witness xml:id="K" source="kl_699_uttaratantra-1-30.xml">
<abbr>K</abbr>
<expan>MSS Kathmandu KL 699: Uttaratantra</expan>
<listWit>
<witness xml:id="Kac" n="ac">
<abbr>Kac</abbr>
<expan>MSS Kathmandu KL 699: Uttaratantra [ante correctionem]</expan>
</witness>
<witness xml:id="Kpc" n="pc">
<abbr type="siglum">Kpc</abbr>
<expan>MSS Kathmandu KL 699: Uttaratantra [post correctionem]</expan>
</witness>
</listWit>
</witness>
<witness xml:id="H" source="nak_5-333_uttaratantra-1-30.xml">
<abbr>H</abbr>
<expan>MS Kathmandu NAK 5-333, Uttaratantra</expan>
<listWit>
<witness xml:id="Hac" n="ac">
<abbr>Hac</abbr>
<expan>MS Kathmandu NAK 5-333, Uttaratantra [ante correctionem]</expan>
</witness>
<witness xml:id="Hpc" n="pc">
<abbr type="siglum">Hpc</abbr>
<expan>MS Kathmandu NAK 5-333, Uttaratantra [post correctionem]</expan>
</witness>
</listWit>
</witness>
<witness xml:id="NE" source="provisional-edition_uttaratantra-1-30.xml">
<abbr>NE</abbr>
<expan>The Nepalese Version of the Suśrutasaṃhitā, uttaratantra 1-30, based on the
                    Nepalese MSS</expan>
</witness>
</listWit>
    <encodingDesc>
      <editorialDecl>
        <segmentation>
          <ab type="tokenization">aksara</ab>
          <ab type="blockid">SS.6.19.14ab</ab>
          <ab type="targetedition">NE</ab>
          <ab type="scoring">
            <ab type="match">1</ab>
            <ab type="mismatch">-1</ab>
            <ab type="gapopen">-2</ab>
            <ab type="gapextend">-0.25</ab>
            <ab type="recursive">true</ab>
            <ab type="realigndepth">20</ab>
            <ab type="distancefunction">ngrams</ab>
            
          </ab>
        </segmentation>
        <normalization method="markup">
<ab>ignore punctuation</ab>
<ab>candrabindu as anusvāra</ab>
<ab>geminated aspirated consonants</ab>
<ab>geminated m after h</ab>
<ab>geminated t</ab>
<ab>geminated consonants after r</ab>
<ab>final nasal variants</ab>
<ab>internal nasal variants</ab>
<ab>final anusvāra variants</ab>
<ab>visarga aḥ before voiced consonants</ab>
<ab>visarga aḥ before vowels</ab>
<ab>visarga aḥ before unvoiced consonants and space + anusvāra</ab>
<ab>visarga āḥ variants</ab>
<ab>other visarga variants</ab>
<ab>superfluous avagrahas</ab>
<ab>double avagrahas</ab>
<ab>avagrahas to short a</ab>
<ab>internal visarga variants</ab>
<ab>final au/āv</ab>
<ab>final su</ab>
<ab>final i</ab>
<ab>kcch/kś</ab>
<ab>cś/tś</ab>
<ab>cch/ch</ab>
<ab>final t + hi</ab>
<ab>final t + voiced syllable</ab>
<ab>final t + n/m</ab>
<ab>final t + c/j</ab>
<ab>i/y + vowel</ab>
<ab>bhd for bdh</ab>
<ab>remove spaces</ab>
        </normalization>
        <ab type="tagfilters">
<tag subtype="ignore">pc</tag>
<tag subtype="ignore">head</tag>
<tag subtype="ignore">label</tag>
<tag subtype="ignore">note</tag>
<tag subtype="ignore">num</tag>
<tag subtype="ignore">locus</tag>
<tag subtype="ignore">supplied</tag>
<tag subtype="ignore">surplus</tag>
        </ab>
      </editorialDecl>
    </encodingDesc>
    <xenoData>
      <stemma format="nexml" id="stemma0"><nex:nexml xmlns:nex="http://www.nexml.org/2009" version="0.9"><nex:otus id="otus1"><nex:otu id="otu0" label="A"/><nex:otu id="otu1" label="H"/><nex:otu id="otu2" label="K"/><nex:otu id="otu3" label="NE"/></nex:otus><nex:trees otus="otus1" id="trees1"><nex:tree id="guidetree" label="guidetree" xsi:type="nex:FloatTree" xmlns:xsi="http://www.w3.org/2001/XMLSchema-instance"><nex:node id="8d8fcb2f-ff9e-4635-9802-219113755a11" root="true"/><nex:node id="d82d2f1f-99a2-4384-9a23-ce732b72483b"/><nex:node id="596fe557-28fa-4120-9b66-86e6091dcd53" label="A" otu="otu2"/><nex:node id="8900f7de-4ce8-456d-9a98-194923ef125a" label="H" otu="otu3"/><nex:node id="ba93e57b-31be-4d84-98db-f0528971d05e"/><nex:node id="0ca24451-af2d-4759-a8e9-2c8ed9eb82de" label="K" otu="otu5"/><nex:node id="d4261fd8-565e-4100-9c3e-61c4aef9b706" label="NE" otu="otu6"/><nex:edge source="8d8fcb2f-ff9e-4635-9802-219113755a11" target="d82d2f1f-99a2-4384-9a23-ce732b72483b" id="edge0" length="0"/><nex:edge source="8d8fcb2f-ff9e-4635-9802-219113755a11" target="ba93e57b-31be-4d84-98db-f0528971d05e" id="edge1" length="0"/><nex:edge source="d82d2f1f-99a2-4384-9a23-ce732b72483b" target="596fe557-28fa-4120-9b66-86e6091dcd53" id="edge2" length="1"/><nex:edge source="d82d2f1f-99a2-4384-9a23-ce732b72483b" target="8900f7de-4ce8-456d-9a98-194923ef125a" id="edge3" length="0"/><nex:edge source="ba93e57b-31be-4d84-98db-f0528971d05e" target="0ca24451-af2d-4759-a8e9-2c8ed9eb82de" id="edge4" length="0"/><nex:edge source="ba93e57b-31be-4d84-98db-f0528971d05e" target="d4261fd8-565e-4100-9c3e-61c4aef9b706" id="edge5" length="0"/></nex:tree></nex:trees></nex:nexml></stemma>
    </xenoData>
  </teiHeader>
<TEI n="A"><text><cl><w n="0" lemma="ne"> ne</w><w n="1">pā</w><w n="2">la</w><w n="3"/><w n="4">jā</w><w n="5">ma</w><w n="6">ri</w><w n="7">ca</w><w n="8">śa</w></cl><cl><w n="9">ṅkha</w><w n="10">ra</w><w n="11" lemma="sāṃ">sāñ</w><w n="12">ja</w><w n="13">nā</w><w n="14" lemma="ni">ni </w></cl><cl><w n="15">si</w><w n="16">ndhu</w><w n="17">pra</w><w n="18">sū</w><w n="19">ta</w><w n="20">gu</w><w n="21">ḍa</w><w n="22">mā</w><w n="23">kṣi</w><w n="24">ka</w><w n="25">saṃ</w><w n="26">yu</w><w n="27">tā</w><w n="28" lemma="ni">ni | </w></cl></text></TEI><TEI n="H"><text><cl><w n="0" lemma="ne"> ne</w><w n="1">pā</w><w n="2">li</w><w n="3">śaṃ</w><w n="4">kha</w><w n="5">ma</w><w n="6">ri</w><w n="7">cā</w><w n="8" lemma="ni">ni </w></cl><cl><w n="9"/><w n="10">ra</w><w n="11" lemma="sāṃ">sāñ</w><w n="12">ja</w><w n="13" lemma="naṃ">nañ </w><w n="14" lemma="ca">ca, </w></cl><cl><w n="15">si</w><w n="16">ndhu</w><w n="17">pra</w><w n="18">sū</w><w n="19">ta</w><w n="20">gu</w><w n="21">ḍa</w><w n="22">mā</w><w n="23">kṣi</w><w n="24">ka</w><w n="25">saṃ</w><w n="26">yu</w><w n="27">tā</w><w n="28" lemma="ni">ni | </w></cl></text></TEI><TEI n="K"><text><cl><w n="0" lemma="ne"> ne</w><w n="1">pā</w><w n="2">li</w><w n="3">śaṃ</w><w n="4">kha</w><w n="5">ma</w><w n="6">ri</w><w n="7">cā</w><w n="8" lemma="ni">ni </w></cl><cl><w n="9"/><w n="10">ra</w><w n="11" lemma="sāṃ">sāñ</w><w n="12">ja</w><w n="13" lemma="naṃ">nañ </w><w n="14" lemma="ca">ca </w></cl><cl><w n="15">si</w><w n="16">ndhu</w><w n="17">pra</w><w n="18">sū</w><w n="19">ta</w><w n="20">gu</w><w n="21">ḍa</w><w n="22">mā</w><w n="23">kṣi</w><w n="24">ka</w><w n="25">saṃ</w><w n="26">yu</w><w n="27">tā</w><w n="28" lemma="ni">ni | </w></cl></text></TEI><TEI n="NE"><text><cl><w n="0" lemma="ne"> ne</w><w n="1">pā</w><w n="2">li</w><w n="3">śaṃ</w><w n="4">kha</w><w n="5">ma</w><w n="6">ri</w><w n="7">cā</w><w n="8" lemma="ni">ni </w></cl><cl><w n="9"/><w n="10">ra</w><w n="11" lemma="sāṃ">sāñ</w><w n="12">ja</w><w n="13" lemma="naṃ">nañ </w><w n="14" lemma="ca">ca </w></cl><cl><w n="15">si</w><w n="16">ndhu</w><w n="17">pra</w><w n="18">sū</w><w n="19">ta</w><w n="20">gu</w><w n="21">ḍa</w><w n="22">mā</w><w n="23">kṣi</w><w n="24">ka</w><w n="25">saṃ</w><w n="26">yu</w><w n="27">tā</w><w n="28" lemma="ni">ni | </w></cl></text></TEI></teiCorpus>