<?xml version="1.0" encoding="UTF-8"?>
<teiCorpus xmlns="http://www.tei-c.org/ns/1.0" xml:lang="sa-Latn">
  <teiHeader>
<listWit>
<witness xml:id="A" source="06-ut-vulgate-1938-1-30.xml">
<abbr>A</abbr>
<expan>Printed edition: Ācārya 1938: Uttaratantra 1-30</expan>
</witness>
<witness xml:id="K" source="kl_699_uttaratantra-1-30.xml">
<abbr>K</abbr>
<expan>MSS Kathmandu KL 699: Uttaratantra</expan>
<listWit>
<witness xml:id="Kac" n="ac">
<abbr>Kac</abbr>
<expan>MSS Kathmandu KL 699: Uttaratantra [ante correctionem]</expan>
</witness>
<witness xml:id="Kpc" n="pc">
<abbr type="siglum">Kpc</abbr>
<expan>MSS Kathmandu KL 699: Uttaratantra [post correctionem]</expan>
</witness>
</listWit>
</witness>
<witness xml:id="H" source="nak_5-333_uttaratantra-1-30.xml">
<abbr>H</abbr>
<expan>MS Kathmandu NAK 5-333, Uttaratantra</expan>
<listWit>
<witness xml:id="Hac" n="ac">
<abbr>Hac</abbr>
<expan>MS Kathmandu NAK 5-333, Uttaratantra [ante correctionem]</expan>
</witness>
<witness xml:id="Hpc" n="pc">
<abbr type="siglum">Hpc</abbr>
<expan>MS Kathmandu NAK 5-333, Uttaratantra [post correctionem]</expan>
</witness>
</listWit>
</witness>
<witness xml:id="NE" source="provisional-edition_uttaratantra-1-30.xml">
<abbr>NE</abbr>
<expan>The Nepalese Version of the Suśrutasaṃhitā, uttaratantra 1-30, based on the
                    Nepalese MSS</expan>
</witness>
</listWit>
    <encodingDesc>
      <editorialDecl>
        <segmentation>
          <ab type="tokenization">aksara</ab>
          <ab type="blockid">SS.6.1.16</ab>
          <ab type="targetedition">NE</ab>
          <ab type="scoring">
            <ab type="match">1</ab>
            <ab type="mismatch">-1</ab>
            <ab type="gapopen">-2</ab>
            <ab type="gapextend">-0.25</ab>
            <ab type="recursive">true</ab>
            <ab type="realigndepth">20</ab>
            <ab type="distancefunction">ngrams</ab>
            
          </ab>
        </segmentation>
        <normalization method="markup">
<ab>ignore punctuation</ab>
<ab>candrabindu as anusvāra</ab>
<ab>geminated aspirated consonants</ab>
<ab>geminated m after h</ab>
<ab>geminated t</ab>
<ab>geminated consonants after r</ab>
<ab>final nasal variants</ab>
<ab>internal nasal variants</ab>
<ab>final anusvāra variants</ab>
<ab>visarga aḥ before voiced consonants</ab>
<ab>visarga aḥ before vowels</ab>
<ab>visarga aḥ before unvoiced consonants and space + anusvāra</ab>
<ab>visarga āḥ variants</ab>
<ab>other visarga variants</ab>
<ab>superfluous avagrahas</ab>
<ab>double avagrahas</ab>
<ab>avagrahas to short a</ab>
<ab>internal visarga variants</ab>
<ab>final au/āv</ab>
<ab>final su</ab>
<ab>final i</ab>
<ab>kcch/kś</ab>
<ab>cś/tś</ab>
<ab>cch/ch</ab>
<ab>final t + hi</ab>
<ab>final t + voiced syllable</ab>
<ab>final t + n/m</ab>
<ab>final t + c/j</ab>
<ab>i/y + vowel</ab>
<ab>bhd for bdh</ab>
<ab>remove spaces</ab>
        </normalization>
        <ab type="tagfilters">
<tag subtype="ignore">pc</tag>
<tag subtype="ignore">head</tag>
<tag subtype="ignore">label</tag>
<tag subtype="ignore">note</tag>
<tag subtype="ignore">num</tag>
<tag subtype="ignore">locus</tag>
<tag subtype="ignore">supplied</tag>
<tag subtype="ignore">surplus</tag>
        </ab>
      </editorialDecl>
    </encodingDesc>
    <xenoData>
      <stemma format="nexml" id="stemma0"><nex:nexml xmlns:nex="http://www.nexml.org/2009" version="0.9"><nex:otus id="otus1"><nex:otu id="otu0" label="A"/><nex:otu id="otu1" label="K"/><nex:otu id="otu2" label="H"/><nex:otu id="otu3" label="NE"/></nex:otus><nex:trees otus="otus1" id="trees1"><nex:tree id="guidetree" label="guidetree" xsi:type="nex:FloatTree" xmlns:xsi="http://www.w3.org/2001/XMLSchema-instance"><nex:node id="4f2e40ad-4051-453f-867c-84390c873da7" root="true"/><nex:node id="29f9bffd-6903-4f33-83cb-b1ecb960ebcc"/><nex:node id="f6029023-3138-4cd3-b2ac-4a656459af4f" label="A" otu="otu2"/><nex:node id="414edb11-9b0e-4e07-8431-7888d9f3f606" label="K" otu="otu3"/><nex:node id="5d2913ef-edb4-40f9-bba7-53bef556ee47"/><nex:node id="03e26e82-8281-42ee-b2d4-90ff8f59dc59" label="H" otu="otu5"/><nex:node id="d6c8b122-edc0-4aed-abe1-2a45327f7594" label="NE" otu="otu6"/><nex:edge source="4f2e40ad-4051-453f-867c-84390c873da7" target="29f9bffd-6903-4f33-83cb-b1ecb960ebcc" id="edge0" length="0.08107676154246768"/><nex:edge source="4f2e40ad-4051-453f-867c-84390c873da7" target="5d2913ef-edb4-40f9-bba7-53bef556ee47" id="edge1" length="0.08107676154246768"/><nex:edge source="29f9bffd-6903-4f33-83cb-b1ecb960ebcc" target="f6029023-3138-4cd3-b2ac-4a656459af4f" id="edge2" length="0.3859943932232609"/><nex:edge source="29f9bffd-6903-4f33-83cb-b1ecb960ebcc" target="414edb11-9b0e-4e07-8431-7888d9f3f606" id="edge3" length="0.34203413294989826"/><nex:edge source="5d2913ef-edb4-40f9-bba7-53bef556ee47" target="03e26e82-8281-42ee-b2d4-90ff8f59dc59" id="edge4" length="0.46144122975131907"/><nex:edge source="5d2913ef-edb4-40f9-bba7-53bef556ee47" target="d6c8b122-edc0-4aed-abe1-2a45327f7594" id="edge5" length="0.3565190099216835"/></nex:tree></nex:trees></nex:nexml></stemma>
    </xenoData>
  </teiHeader>
<TEI n="A"><text><cl><w n="0" lemma="pa"> pa</w><w n="1">kṣma</w><w n="2">va</w><w n="3"/><w n="4">rtma</w><w n="5">ga</w><w n="6" lemma="taḥ">taḥ </w></cl><cl><w n="7">sa</w><w n="8" lemma="ndhiḥ">ndhir </w></cl><cl><w n="9">va</w><w n="10"/><w n="11">rtma</w><w n="12">śu</w><w n="13">kla</w><w n="14">ga</w><w n="15" lemma="taḥ">to </w><w n="16" lemma="a">'</w><w n="17">pa</w><w n="18" lemma="raḥ">raḥ | </w></cl><cl><w n="19">śu</w><w n="20">kla</w><w n="21">kṛ</w><w n="22">ṣṇa</w><w n="23">ga</w><w n="24" lemma="taḥ">tas </w><w n="25" lemma="tva">tv a</w><w n="26" lemma="nyaḥ">nyaḥ </w></cl><cl><w n="27">kṛ</w><w n="28">ṣṇa</w><w n="29">dṛ</w><w n="30">ṣṭi</w><w n="31">ga</w><w n="32" lemma="taḥ">to </w><w n="33" lemma="a">'</w><w n="34">pa</w><w n="35" lemma="raḥ">raḥ | </w></cl><cl><w n="36">ta</w><w n="37" lemma="taḥ">taḥ </w></cl><cl><w n="38">ka</w><w n="39">nī</w><w n="40">na</w><w n="41">ka</w><w n="42">ga</w><w n="43" lemma="taḥ">taḥ </w></cl><cl><w n="44">ṣa</w><w n="45" lemma="ṣṭhaḥ">ṣṭhaś </w></cl><cl><w n="46">cā</w><w n="47" lemma="pāṃ">pāṅ</w><w n="48">ga</w><w n="49" lemma="gaḥ">gaḥ </w></cl><cl><w n="50">smṛ</w><w n="51" lemma="taḥ">taḥ || </w></cl></text></TEI><TEI n="K"><text><cl><w n="0">pa</w><w n="1">kṣma</w><w n="2">va</w><w n="3"/><w n="4">rma</w><w n="5">ga</w><w n="6" lemma="taḥ">taḥ </w></cl><cl><w n="7">sa</w><w n="8" lemma="ndhi">ndhi </w></cl><cl><w n="9">va</w><w n="10"/><w n="11">rtma</w><w n="12">śu</w><w n="13">kla</w><w n="14">ga</w><w n="15" lemma="taḥ">to </w><w n="16" lemma="a"/><w n="17">pa</w><w n="18" lemma="raḥ">raḥ | </w></cl><cl><w n="19">śu</w><w n="20">kla</w><w n="21">kṛ</w><w n="22">ṣṇa</w><w n="23">ga</w><w n="24" lemma="taḥ">tas </w><w n="25" lemma="tva">tv a</w><w n="26" lemma="nyaḥ">nyaḥ </w></cl><cl><w n="27">kṛ</w><w n="28">ṣṇa</w><w n="29">dṛ</w><w n="30">ṣṭi</w><w n="31">ga</w><w n="32" lemma="taḥ">tas </w><w n="33"/><w n="34">ta</w><w n="35" lemma="thā">thā | </w></cl><cl><w n="36">ta</w><w n="37" lemma="taḥ">taḥ </w></cl><cl><w n="38">ka</w><w n="39">nī</w><w n="40">ni</w><w n="41">ka</w><w n="42">ga</w><w n="43" lemma="taḥ">taḥ </w></cl><cl><w n="44">ṣa</w><w n="45" lemma="ṣṭhaḥ">ṣṭhaś </w></cl><cl><w n="46">cā</w><w n="47">pāṃ</w><w n="48">ga</w><w n="49" lemma="gaḥ">gaḥ </w></cl><cl><w n="50">smṛ</w><w n="51" lemma="taḥ">taḥ |</w></cl></text></TEI><TEI n="H"><text><cl><w n="0">pa</w><w n="1">kṣma</w><w n="2">va</w><w n="3" lemma="rtṃ">rtm</w><w n="4">ma</w><w n="5">ga</w><w n="6" lemma="taḥ">taḥ </w></cl><cl><w n="7">sa</w><w n="8" lemma="ndhiḥ">ndhir </w></cl><cl><w n="9" lemma="va">vva</w><w n="10" lemma="rtṃ">rtm</w><w n="11">ma</w><w n="12">śu</w><w n="13">kla</w><w n="14">ga</w><w n="15" lemma="taḥ">taḥ </w><w n="16"/><w n="17">pa</w><w n="18" lemma="raḥ">raḥ | </w></cl><cl><w n="19">śu</w><w n="20">kla</w><w n="21">dṛ</w><w n="22">ṣṭi</w><w n="23">ga</w><w n="24">ta</w><w n="25">stva</w><w n="26" lemma="nyaḥ">nyaḥ </w></cl><cl><w n="27">kṛ</w><w n="28">ṣṇa</w><w n="29">dṛ</w><w n="30">ṣṭi</w><w n="31">ga</w><w n="32">ta</w><w n="33">sta</w><w n="34"/><w n="35" lemma="thā">thā || </w></cl><cl><w n="36">ta</w><w n="37" lemma="taḥ">taḥ </w></cl><cl><w n="38">ka</w><w n="39">nī</w><w n="40">ni</w><w n="41">ka</w><w n="42">ga</w><w n="43" lemma="taḥ">taḥ </w></cl><cl><w n="44">ṣa</w><w n="45">ṣṭha</w></cl><cl><w n="46">ścā</w><w n="47" lemma="pāṃ">pāṅ</w><w n="48">ga</w><w n="49" lemma="gaḥ">gaḥ </w></cl><cl><w n="50">smṛ</w><w n="51" lemma="taḥ">taḥ |</w></cl></text></TEI><TEI n="NE"><text><cl><w n="0" lemma="pa"> pa</w><w n="1">kṣma</w><w n="2">va</w><w n="3"/><w n="4">rma</w><w n="5">ga</w><w n="6" lemma="taḥ">taḥ </w></cl><cl><w n="7">sa</w><w n="8" lemma="ndhiḥ">ndhir </w></cl><cl><w n="9">va</w><w n="10"/><w n="11">rtma</w><w n="12">śu</w><w n="13">kla</w><w n="14">ga</w><w n="15">to</w><w n="16"/><w n="17">pa</w><w n="18" lemma="raḥ">raḥ | </w></cl><cl><w n="19">śu</w><w n="20">kla</w><w n="21">kṛ</w><w n="22">ṣṇa</w><w n="23">ga</w><w n="24">ta</w><w n="25">stva</w><w n="26" lemma="nyaḥ">nyaḥ </w></cl><cl><w n="27">kṛ</w><w n="28">ṣṇa</w><w n="29">dṛ</w><w n="30">ṣṭi</w><w n="31">ga</w><w n="32">ta</w><w n="33">sta</w><w n="34"/><w n="35" lemma="thā">thā | </w></cl><cl><w n="36">ta</w><w n="37" lemma="taḥ">taḥ </w></cl><cl><w n="38">ka</w><w n="39">nī</w><w n="40">ni</w><w n="41">ka</w><w n="42">ga</w><w n="43" lemma="taḥ">taḥ </w></cl><cl><w n="44">ṣa</w><w n="45" lemma="ṣṭhaḥ">ṣṭhaś </w></cl><cl><w n="46">cā</w><w n="47">pāṃ</w><w n="48">ga</w><w n="49" lemma="gaḥ">gaḥ </w></cl><cl><w n="50">smṛ</w><w n="51" lemma="taḥ">taḥ |</w></cl></text></TEI></teiCorpus>