<?xml version="1.0" encoding="UTF-8"?>
<teiCorpus xmlns="http://www.tei-c.org/ns/1.0" xml:lang="sa-Latn">
  <teiHeader>
<listWit>
<witness xml:id="A" source="06-ut-vulgate-1938-1-30.xml">
<abbr>A</abbr>
<expan>Printed edition: Ācārya 1938: Uttaratantra 1-30</expan>
</witness>
<witness xml:id="K" source="kl_699_uttaratantra-1-30.xml">
<abbr>K</abbr>
<expan>MSS Kathmandu KL 699: Uttaratantra</expan>
<listWit>
<witness xml:id="Kac" n="ac">
<abbr>Kac</abbr>
<expan>MSS Kathmandu KL 699: Uttaratantra [ante correctionem]</expan>
</witness>
<witness xml:id="Kpc" n="pc">
<abbr type="siglum">Kpc</abbr>
<expan>MSS Kathmandu KL 699: Uttaratantra [post correctionem]</expan>
</witness>
</listWit>
</witness>
<witness xml:id="H" source="nak_5-333_uttaratantra-1-30.xml">
<abbr>H</abbr>
<expan>MS Kathmandu NAK 5-333, Uttaratantra</expan>
<listWit>
<witness xml:id="Hac" n="ac">
<abbr>Hac</abbr>
<expan>MS Kathmandu NAK 5-333, Uttaratantra [ante correctionem]</expan>
</witness>
<witness xml:id="Hpc" n="pc">
<abbr type="siglum">Hpc</abbr>
<expan>MS Kathmandu NAK 5-333, Uttaratantra [post correctionem]</expan>
</witness>
</listWit>
</witness>
<witness xml:id="NE" source="provisional-edition_uttaratantra-1-30.xml">
<abbr>NE</abbr>
<expan>The Nepalese Version of the Suśrutasaṃhitā, uttaratantra 1-30, based on the
                    Nepalese MSS</expan>
</witness>
</listWit>
    <encodingDesc>
      <editorialDecl>
        <segmentation>
          <ab type="tokenization">aksara</ab>
          <ab type="blockid">SS.6.12.13</ab>
          <ab type="targetedition">NE</ab>
          <ab type="scoring">
            <ab type="match">1</ab>
            <ab type="mismatch">-1</ab>
            <ab type="gapopen">-2</ab>
            <ab type="gapextend">-0.25</ab>
            <ab type="recursive">true</ab>
            <ab type="realigndepth">20</ab>
            <ab type="distancefunction">ngrams</ab>
            
          </ab>
        </segmentation>
        <normalization method="markup">
<ab>ignore punctuation</ab>
<ab>candrabindu as anusvāra</ab>
<ab>geminated aspirated consonants</ab>
<ab>geminated m after h</ab>
<ab>geminated t</ab>
<ab>geminated consonants after r</ab>
<ab>final nasal variants</ab>
<ab>internal nasal variants</ab>
<ab>final anusvāra variants</ab>
<ab>visarga aḥ before voiced consonants</ab>
<ab>visarga aḥ before vowels</ab>
<ab>visarga aḥ before unvoiced consonants and space + anusvāra</ab>
<ab>visarga āḥ variants</ab>
<ab>other visarga variants</ab>
<ab>superfluous avagrahas</ab>
<ab>double avagrahas</ab>
<ab>avagrahas to short a</ab>
<ab>internal visarga variants</ab>
<ab>final au/āv</ab>
<ab>final su</ab>
<ab>final i</ab>
<ab>kcch/kś</ab>
<ab>cś/tś</ab>
<ab>cch/ch</ab>
<ab>final t + hi</ab>
<ab>final t + voiced syllable</ab>
<ab>final t + n/m</ab>
<ab>final t + c/j</ab>
<ab>i/y + vowel</ab>
<ab>bhd for bdh</ab>
<ab>remove spaces</ab>
        </normalization>
        <ab type="tagfilters">
<tag subtype="ignore">pc</tag>
<tag subtype="ignore">head</tag>
<tag subtype="ignore">label</tag>
<tag subtype="ignore">note</tag>
<tag subtype="ignore">num</tag>
<tag subtype="ignore">locus</tag>
<tag subtype="ignore">supplied</tag>
<tag subtype="ignore">surplus</tag>
        </ab>
      </editorialDecl>
    </encodingDesc>
    <xenoData>
      <stemma format="nexml" id="stemma0"><nex:nexml xmlns:nex="http://www.nexml.org/2009" version="0.9"><nex:otus id="otus1"><nex:otu id="otu0" label="Hac"/><nex:otu id="otu1" label="Hpc"/><nex:otu id="otu2" label="A"/><nex:otu id="otu3" label="K"/><nex:otu id="otu4" label="NE"/></nex:otus><nex:trees otus="otus1" id="trees1"><nex:tree id="guidetree" label="guidetree" xsi:type="nex:FloatTree" xmlns:xsi="http://www.w3.org/2001/XMLSchema-instance"><nex:node id="fd6e6f27-ad39-464f-bae5-da48e9d46cd8" root="true"/><nex:node id="753ff0a0-5dec-4ae3-8ba0-091b165bbfae"/><nex:node id="6b47c60f-3b5c-49a5-b095-41eff785986f" label="Hac" otu="otu2"/><nex:node id="96d16653-dab1-41ac-9e02-868431a73454" label="Hpc" otu="otu3"/><nex:node id="e14ed47a-8531-4015-b82a-f920b3759ce0"/><nex:node id="fa1b8a9a-ab86-4680-ba13-db555a8a0f0b" label="A" otu="otu5"/><nex:node id="9fcc554f-0e2d-4dd9-ba45-d433f18dcc26"/><nex:node id="7ff88b95-dc68-4063-9bc8-18ba6369e0fc" label="K" otu="otu7"/><nex:node id="54634cd6-b97e-4c1c-a40b-3597cba58438" label="NE" otu="otu8"/><nex:edge source="fd6e6f27-ad39-464f-bae5-da48e9d46cd8" target="753ff0a0-5dec-4ae3-8ba0-091b165bbfae" id="edge0" length="0.14061400808898486"/><nex:edge source="fd6e6f27-ad39-464f-bae5-da48e9d46cd8" target="e14ed47a-8531-4015-b82a-f920b3759ce0" id="edge1" length="0.14061400808898486"/><nex:edge source="753ff0a0-5dec-4ae3-8ba0-091b165bbfae" target="6b47c60f-3b5c-49a5-b095-41eff785986f" id="edge2" length="0.2019771201389982"/><nex:edge source="753ff0a0-5dec-4ae3-8ba0-091b165bbfae" target="96d16653-dab1-41ac-9e02-868431a73454" id="edge3" length="0.1906311619887165"/><nex:edge source="e14ed47a-8531-4015-b82a-f920b3759ce0" target="fa1b8a9a-ab86-4680-ba13-db555a8a0f0b" id="edge4" length="0.7621345669735451"/><nex:edge source="e14ed47a-8531-4015-b82a-f920b3759ce0" target="9fcc554f-0e2d-4dd9-ba45-d433f18dcc26" id="edge5" length="0.22541454495704982"/><nex:edge source="9fcc554f-0e2d-4dd9-ba45-d433f18dcc26" target="7ff88b95-dc68-4063-9bc8-18ba6369e0fc" id="edge6" length="1.1102230246251565e-16"/><nex:edge source="9fcc554f-0e2d-4dd9-ba45-d433f18dcc26" target="54634cd6-b97e-4c1c-a40b-3597cba58438" id="edge7" length="1.1102230246251565e-16"/></nex:tree></nex:trees></nex:nexml></stemma>
    </xenoData>
  </teiHeader>
<TEI n="Hac"><text><cl><w n="0" lemma="caṃ"> can</w><w n="1">da</w><w n="2">na</w></cl><cl><w n="3" lemma="ñku">ñ ku</w><w n="4">mu</w><w n="5">da</w><w n="6" lemma="daṃ">dam </w></cl><cl><w n="7">pa</w><w n="8" lemma="traṃ">traṃ </w></cl><cl><w n="9">śi</w><w n="10">lā</w><w n="11">ja</w><w n="12" lemma="tu">tu </w></cl><cl><w n="13">sa</w><w n="14" lemma="kuṃ">kuṅ</w><w n="15">ku</w><w n="16" lemma="maṃ">maṃ | </w></cl><cl><w n="17">ra</w><w n="18">ja</w><w n="19">stā</w><w n="20">mra</w><w n="21"/><w n="22">ya</w><w n="23">tu</w><w n="24" lemma="tha">tha </w></cl><cl><w n="25" lemma="niṃ">nim</w><w n="26">va</w><w n="27">kā</w><w n="28" lemma="śī">śī </w></cl><cl><w n="29">sa</w><w n="30" lemma="maṃ">mañ</w><w n="31">ja</w><w n="32" lemma="naṃ">naṃ || </w></cl></text></TEI><TEI n="Hpc"><text><cl><w n="0" lemma="caṃ"> can</w><w n="1">da</w><w n="2">na</w></cl><cl><w n="3" lemma="ñku">ñ ku</w><w n="4">mu</w><w n="5">da</w><w n="6" lemma="daṃ">dam </w></cl><cl><w n="7">pa</w><w n="8" lemma="traṃ">traṃ </w></cl><cl><w n="9">śi</w><w n="10">lā</w><w n="11">ja</w><w n="12" lemma="tu">tu </w></cl><cl><w n="13">sa</w><w n="14" lemma="kuṃ">kuṅ</w><w n="15">ku</w><w n="16" lemma="maṃ">maṃ | </w></cl><cl><w n="17">ra</w><w n="18">ja</w><w n="19">stā</w><w n="20">mra</w><w n="21">ma</w><w n="22">ya</w><w n="23">tu</w><w n="24" lemma="tha">tha </w></cl><cl><w n="25" lemma="niṃ">nim</w><w n="26">va</w><w n="27">kā</w><w n="28" lemma="śī">śī </w></cl><cl><w n="29">sa</w><w n="30" lemma="maṃ">mañ</w><w n="31">ja</w><w n="32" lemma="naṃ">naṃ || </w></cl></text></TEI><TEI n="A"><text><cl><w n="0" lemma="caṃ"> can</w><w n="1">da</w><w n="2" lemma="naṃ">naṃ </w></cl><cl><w n="3">ku</w><w n="4">mu</w><w n="5"/><w n="6" lemma="daṃ">daṃ </w></cl><cl><w n="7">pa</w><w n="8" lemma="traṃ">traṃ </w></cl><cl><w n="9">śi</w><w n="10">lā</w><w n="11">ja</w><w n="12" lemma="tu">tu </w></cl><cl><w n="13">sa</w><w n="14" lemma="kuṃ">kuṅ</w><w n="15">ku</w><w n="16" lemma="maṃ">mam | </w></cl><cl><w n="17">a</w><w n="18">ya</w><w n="19">stā</w><w n="20">mra</w><w n="21">ra</w><w n="22">ja</w><w n="23">stu</w><w n="24" lemma="thaṃ">tthaṃ </w></cl><cl><w n="25" lemma="niṃ">nim</w><w n="26">ba</w><w n="27">ni</w><w n="28">ryā</w></cl><cl><w n="29" lemma="saṃ">sam </w><w n="30" lemma="aṃ">añ</w><w n="31">ja</w><w n="32" lemma="naṃ">nam || </w></cl></text></TEI><TEI n="K"><text><cl><w n="0" lemma="caṃ"> can</w><w n="1">da</w><w n="2" lemma="naṃ">nan </w></cl><cl><w n="3"/><w n="4">tu</w><w n="5">ga</w><w n="6" lemma="raṃ">ram</w></cl><cl><w n="7">pa</w><w n="8" lemma="traṃ">traṃ </w></cl><cl><w n="9">śi</w><w n="10">lā</w><w n="11">ja</w><w n="12" lemma="tu">tu </w></cl><cl><w n="13">sa</w><w n="14" lemma="kuṃ">kuṅ</w><w n="15">ku</w><w n="16" lemma="maṃ">maṃ | </w></cl><cl><w n="17">ra</w><w n="18">ja</w><w n="19">stā</w><w n="20">mra</w><w n="21">ma</w><w n="22" lemma="yaṃ">yaṃ </w><w n="23">tu</w><w n="24" lemma="thaṃ">tthaṃ </w></cl><cl><w n="25" lemma="niṃ">nim</w><w n="26">va</w><w n="27">kā</w><w n="28" lemma="śī">śī </w></cl><cl><w n="29">sa</w><w n="30" lemma="maṃ">mañ</w><w n="31">ja</w><w n="32" lemma="naṃ">naṃ | </w></cl></text></TEI><TEI n="NE"><text><cl><w n="0" lemma="caṃ"> can</w><w n="1">da</w><w n="2" lemma="naṃ">nan </w></cl><cl><w n="3"/><w n="4">tu</w><w n="5">ga</w><w n="6" lemma="raṃ">ram </w></cl><cl><w n="7">pa</w><w n="8" lemma="traṃ">traṃ </w></cl><cl><w n="9">śi</w><w n="10">lā</w><w n="11">ja</w><w n="12" lemma="tu">tu </w></cl><cl><w n="13">sa</w><w n="14" lemma="kuṃ">kuṅ</w><w n="15">ku</w><w n="16" lemma="maṃ">maṃ | </w></cl><cl><w n="17">ra</w><w n="18">ja</w><w n="19">stā</w><w n="20">mra</w><w n="21">ma</w><w n="22" lemma="yaṃ">yaṃ </w><w n="23">tu</w><w n="24" lemma="thaṃ">tthaṃ </w></cl><cl><w n="25" lemma="niṃ">nim</w><w n="26">va</w><w n="27">kā</w><w n="28" lemma="śī">śī </w></cl><cl><w n="29">sa</w><w n="30" lemma="maṃ">mañ</w><w n="31">ja</w><w n="32" lemma="naṃ">naṃ | </w></cl></text></TEI></teiCorpus>