<?xml version="1.0" encoding="UTF-8"?>
<teiCorpus xmlns="http://www.tei-c.org/ns/1.0" xml:lang="sa-Latn">
  <teiHeader>
<listWit>
<witness xml:id="A" source="06-ut-vulgate-1938-1-30.xml">
<abbr>A</abbr>
<expan>Printed edition: Ācārya 1938: Uttaratantra 1-30</expan>
</witness>
<witness xml:id="K" source="kl_699_uttaratantra-1-30.xml">
<abbr>K</abbr>
<expan>MSS Kathmandu KL 699: Uttaratantra</expan>
<listWit>
<witness xml:id="Kac" n="ac">
<abbr>Kac</abbr>
<expan>MSS Kathmandu KL 699: Uttaratantra [ante correctionem]</expan>
</witness>
<witness xml:id="Kpc" n="pc">
<abbr type="siglum">Kpc</abbr>
<expan>MSS Kathmandu KL 699: Uttaratantra [post correctionem]</expan>
</witness>
</listWit>
</witness>
<witness xml:id="H" source="nak_5-333_uttaratantra-1-30.xml">
<abbr>H</abbr>
<expan>MS Kathmandu NAK 5-333, Uttaratantra</expan>
<listWit>
<witness xml:id="Hac" n="ac">
<abbr>Hac</abbr>
<expan>MS Kathmandu NAK 5-333, Uttaratantra [ante correctionem]</expan>
</witness>
<witness xml:id="Hpc" n="pc">
<abbr type="siglum">Hpc</abbr>
<expan>MS Kathmandu NAK 5-333, Uttaratantra [post correctionem]</expan>
</witness>
</listWit>
</witness>
<witness xml:id="NE" source="provisional-edition_uttaratantra-1-30.xml">
<abbr>NE</abbr>
<expan>The Nepalese Version of the Suśrutasaṃhitā, uttaratantra 1-30, based on the
                    Nepalese MSS</expan>
</witness>
</listWit>
    <encodingDesc>
      <editorialDecl>
        <segmentation>
          <ab type="tokenization">aksara</ab>
          <ab type="blockid">SS.6.12.39</ab>
          <ab type="targetedition">NE</ab>
          <ab type="scoring">
            <ab type="match">1</ab>
            <ab type="mismatch">-1</ab>
            <ab type="gapopen">-2</ab>
            <ab type="gapextend">-0.25</ab>
            <ab type="recursive">true</ab>
            <ab type="realigndepth">20</ab>
            <ab type="distancefunction">ngrams</ab>
            
          </ab>
        </segmentation>
        <normalization method="markup">
<ab>ignore punctuation</ab>
<ab>candrabindu as anusvāra</ab>
<ab>geminated aspirated consonants</ab>
<ab>geminated m after h</ab>
<ab>geminated t</ab>
<ab>geminated consonants after r</ab>
<ab>final nasal variants</ab>
<ab>internal nasal variants</ab>
<ab>final anusvāra variants</ab>
<ab>visarga aḥ before voiced consonants</ab>
<ab>visarga aḥ before vowels</ab>
<ab>visarga aḥ before unvoiced consonants and space + anusvāra</ab>
<ab>visarga āḥ variants</ab>
<ab>other visarga variants</ab>
<ab>superfluous avagrahas</ab>
<ab>double avagrahas</ab>
<ab>avagrahas to short a</ab>
<ab>internal visarga variants</ab>
<ab>final au/āv</ab>
<ab>final su</ab>
<ab>final i</ab>
<ab>kcch/kś</ab>
<ab>cś/tś</ab>
<ab>cch/ch</ab>
<ab>final t + hi</ab>
<ab>final t + voiced syllable</ab>
<ab>final t + n/m</ab>
<ab>final t + c/j</ab>
<ab>i/y + vowel</ab>
<ab>bhd for bdh</ab>
<ab>remove spaces</ab>
        </normalization>
        <ab type="tagfilters">
<tag subtype="ignore">pc</tag>
<tag subtype="ignore">head</tag>
<tag subtype="ignore">label</tag>
<tag subtype="ignore">note</tag>
<tag subtype="ignore">num</tag>
<tag subtype="ignore">locus</tag>
<tag subtype="ignore">supplied</tag>
<tag subtype="ignore">surplus</tag>
        </ab>
      </editorialDecl>
    </encodingDesc>
    <xenoData>
      <stemma format="nexml" id="stemma0"><nex:nexml xmlns:nex="http://www.nexml.org/2009" version="0.9"><nex:otus id="otus1"><nex:otu id="otu0" label="A"/><nex:otu id="otu1" label="H"/><nex:otu id="otu2" label="K"/><nex:otu id="otu3" label="NE"/></nex:otus><nex:trees otus="otus1" id="trees1"><nex:tree id="guidetree" label="guidetree" xsi:type="nex:FloatTree" xmlns:xsi="http://www.w3.org/2001/XMLSchema-instance"><nex:node id="4f8fb383-68ab-4c0e-b217-90f1ca81522b" root="true"/><nex:node id="f59fab55-9d6a-4c0b-a2c6-9dd13861f78c"/><nex:node id="ff58faf8-9423-4dfa-8ff7-d4991a58cb97" label="A" otu="otu2"/><nex:node id="c38d2b9b-c72e-4eff-a2b3-931cbd0f9e47" label="H" otu="otu3"/><nex:node id="b11d23c7-3674-48ab-b28c-192384f346ab"/><nex:node id="9513c7e7-e0f9-4969-bf0b-98dcc033f930" label="K" otu="otu5"/><nex:node id="ce6b592e-adad-4893-ac23-48f507e46f31" label="NE" otu="otu6"/><nex:edge source="4f8fb383-68ab-4c0e-b217-90f1ca81522b" target="f59fab55-9d6a-4c0b-a2c6-9dd13861f78c" id="edge0" length="0.17430364064718362"/><nex:edge source="4f8fb383-68ab-4c0e-b217-90f1ca81522b" target="b11d23c7-3674-48ab-b28c-192384f346ab" id="edge1" length="0.17430364064718362"/><nex:edge source="f59fab55-9d6a-4c0b-a2c6-9dd13861f78c" target="ff58faf8-9423-4dfa-8ff7-d4991a58cb97" id="edge2" length="0.6513927187056329"/><nex:edge source="f59fab55-9d6a-4c0b-a2c6-9dd13861f78c" target="c38d2b9b-c72e-4eff-a2b3-931cbd0f9e47" id="edge3" length="0.1886572152027305"/><nex:edge source="b11d23c7-3674-48ab-b28c-192384f346ab" target="9513c7e7-e0f9-4969-bf0b-98dcc033f930" id="edge4" length="0"/><nex:edge source="b11d23c7-3674-48ab-b28c-192384f346ab" target="ce6b592e-adad-4893-ac23-48f507e46f31" id="edge5" length="0"/></nex:tree></nex:trees></nex:nexml></stemma>
    </xenoData>
  </teiHeader>
<TEI n="A"><text><cl><w n="0" lemma="se"> se</w><w n="1" lemma="kāḥ">kāś </w><w n="2">cyo</w><w n="3">ta</w><w n="4">na</w><w n="5">na</w><w n="6">syā</w><w n="7" lemma="ni">ni </w></cl><cl><w n="8">pu</w><w n="9">ṭa</w><w n="10">pā</w><w n="11" lemma="kāṃḥ">kāṃś </w><w n="12" lemma="ca">ca </w></cl><cl><w n="13">kā</w><w n="14">ra</w><w n="15">ye</w><w n="16" lemma="tsa">t | sa</w><w n="17">rva</w><w n="18" lemma="taḥ">taś </w></cl><cl><w n="19">cā</w><w n="20" lemma="pi">pi </w><w n="21">śu</w><w n="22" lemma="dha">ddha</w><w n="23" lemma="sya">sya </w></cl><cl><w n="24">ka</w><w n="25">rta</w><w n="26" lemma="vyaṃ">vyam </w></cl><cl><w n="27">i</w><w n="28" lemma="daṃ">dam </w><w n="29" lemma="aṃ">añ</w><w n="30">ja</w><w n="31" lemma="naṃ">nam || </w></cl></text></TEI><TEI n="H"><text><cl><w n="0" lemma="se"> se</w><w n="1">kā</w><w n="2">ścyo</w><w n="3">ta</w><w n="4">na</w><w n="5">na</w><w n="6">syā</w><w n="7" lemma="ni">ni </w></cl><cl><w n="8">pu</w><w n="9">ṭa</w><w n="10">pā</w><w n="11" lemma="kāṃḥ">kāñś </w><w n="12" lemma="ca">ca </w></cl><cl><w n="13">yo</w><w n="14">ja</w><w n="15">ye</w><w n="16" lemma="tsa">t | sa</w><w n="17">rva</w><w n="18" lemma="taḥ">taś </w></cl><cl><w n="19">cā</w><w n="20">pya</w><w n="21">śu</w><w n="22" lemma="dha">ddha</w><w n="23" lemma="sya">sya </w></cl><cl><w n="24">ka</w><w n="25">rta</w><w n="26" lemma="vyaṃ">vyam </w></cl><cl><w n="27">i</w><w n="28" lemma="daṃ">dam </w><w n="29" lemma="aṃ">añ</w><w n="30">ja</w><w n="31" lemma="naṃ">naṃ || </w></cl></text></TEI><TEI n="K"><text><cl><w n="0" lemma="se"> se</w><w n="1">kā</w><w n="2">ścyo</w><w n="3">ta</w><w n="4">na</w><w n="5">na</w><w n="6">syā</w><w n="7" lemma="ni">ni </w></cl><cl><w n="8">pu</w><w n="9">ṭa</w><w n="10">pā</w><w n="11" lemma="kāṃḥ">kāñś </w><w n="12" lemma="ca">ca </w></cl><cl><w n="13">yo</w><w n="14">ja</w><w n="15">ye</w><w n="16" lemma="tsa">t | sa</w><w n="17">rva</w><w n="18" lemma="taḥ">taś </w></cl><cl><w n="19">cā</w><w n="20">pya</w><w n="21">śu</w><w n="22" lemma="dha">ddha</w><w n="23" lemma="sya">sya </w></cl><cl><w n="24">ka</w><w n="25">rta</w><w n="26" lemma="vyaṃ">vyam </w></cl><cl><w n="27">i</w><w n="28">da</w><w n="29">ma</w><w n="30">ja</w><w n="31" lemma="naṃ">naṃ | </w></cl></text></TEI><TEI n="NE"><text><cl><w n="0" lemma="se"> se</w><w n="1">kā</w><w n="2">ścyo</w><w n="3">ta</w><w n="4">na</w><w n="5">na</w><w n="6">syā</w><w n="7" lemma="ni">ni </w></cl><cl><w n="8">pu</w><w n="9">ṭa</w><w n="10">pā</w><w n="11" lemma="kāṃḥ">kāñś </w><w n="12" lemma="ca">ca </w></cl><cl><w n="13">yo</w><w n="14">ja</w><w n="15">ye</w><w n="16" lemma="tsa">t | sa</w><w n="17">rva</w><w n="18" lemma="taḥ">taś </w></cl><cl><w n="19">cā</w><w n="20">pya</w><w n="21">śu</w><w n="22" lemma="dha">ddha</w><w n="23" lemma="sya">sya </w></cl><cl><w n="24">ka</w><w n="25">rta</w><w n="26" lemma="vyaṃ">vyam </w></cl><cl><w n="27">i</w><w n="28">da</w><w n="29">ma</w><w n="30">ja</w><w n="31" lemma="naṃ">naṃ | </w></cl></text></TEI></teiCorpus>