<?xml version="1.0" encoding="UTF-8"?>
<teiCorpus xmlns="http://www.tei-c.org/ns/1.0" xml:lang="sa-Latn">
  <teiHeader>
<listWit>
<witness xml:id="A" source="06-ut-vulgate-1938-1-30.xml">
<abbr>A</abbr>
<expan>Printed edition: Ācārya 1938: Uttaratantra 1-30</expan>
</witness>
<witness xml:id="K" source="kl_699_uttaratantra-1-30.xml">
<abbr>K</abbr>
<expan>MSS Kathmandu KL 699: Uttaratantra</expan>
<listWit>
<witness xml:id="Kac" n="ac">
<abbr>Kac</abbr>
<expan>MSS Kathmandu KL 699: Uttaratantra [ante correctionem]</expan>
</witness>
<witness xml:id="Kpc" n="pc">
<abbr type="siglum">Kpc</abbr>
<expan>MSS Kathmandu KL 699: Uttaratantra [post correctionem]</expan>
</witness>
</listWit>
</witness>
<witness xml:id="H" source="nak_5-333_uttaratantra-1-30.xml">
<abbr>H</abbr>
<expan>MS Kathmandu NAK 5-333, Uttaratantra</expan>
<listWit>
<witness xml:id="Hac" n="ac">
<abbr>Hac</abbr>
<expan>MS Kathmandu NAK 5-333, Uttaratantra [ante correctionem]</expan>
</witness>
<witness xml:id="Hpc" n="pc">
<abbr type="siglum">Hpc</abbr>
<expan>MS Kathmandu NAK 5-333, Uttaratantra [post correctionem]</expan>
</witness>
</listWit>
</witness>
<witness xml:id="NE" source="provisional-edition_uttaratantra-1-30.xml">
<abbr>NE</abbr>
<expan>The Nepalese Version of the Suśrutasaṃhitā, uttaratantra 1-30, based on the
                    Nepalese MSS</expan>
</witness>
</listWit>
    <encodingDesc>
      <editorialDecl>
        <segmentation>
          <ab type="tokenization">aksara</ab>
          <ab type="blockid">SS.6.18.103</ab>
          <ab type="targetedition">NE</ab>
          <ab type="scoring">
            <ab type="match">1</ab>
            <ab type="mismatch">-1</ab>
            <ab type="gapopen">-2</ab>
            <ab type="gapextend">-0.25</ab>
            <ab type="recursive">true</ab>
            <ab type="realigndepth">20</ab>
            <ab type="distancefunction">ngrams</ab>
            
          </ab>
        </segmentation>
        <normalization method="markup">
<ab>ignore punctuation</ab>
<ab>candrabindu as anusvāra</ab>
<ab>geminated aspirated consonants</ab>
<ab>geminated m after h</ab>
<ab>geminated t</ab>
<ab>geminated consonants after r</ab>
<ab>final nasal variants</ab>
<ab>internal nasal variants</ab>
<ab>final anusvāra variants</ab>
<ab>visarga aḥ before voiced consonants</ab>
<ab>visarga aḥ before vowels</ab>
<ab>visarga aḥ before unvoiced consonants and space + anusvāra</ab>
<ab>visarga āḥ variants</ab>
<ab>other visarga variants</ab>
<ab>superfluous avagrahas</ab>
<ab>double avagrahas</ab>
<ab>avagrahas to short a</ab>
<ab>internal visarga variants</ab>
<ab>final au/āv</ab>
<ab>final su</ab>
<ab>final i</ab>
<ab>kcch/kś</ab>
<ab>cś/tś</ab>
<ab>cch/ch</ab>
<ab>final t + hi</ab>
<ab>final t + voiced syllable</ab>
<ab>final t + n/m</ab>
<ab>final t + c/j</ab>
<ab>i/y + vowel</ab>
<ab>bhd for bdh</ab>
<ab>remove spaces</ab>
        </normalization>
        <ab type="tagfilters">
<tag subtype="ignore">pc</tag>
<tag subtype="ignore">head</tag>
<tag subtype="ignore">label</tag>
<tag subtype="ignore">note</tag>
<tag subtype="ignore">num</tag>
<tag subtype="ignore">locus</tag>
<tag subtype="ignore">supplied</tag>
<tag subtype="ignore">surplus</tag>
        </ab>
      </editorialDecl>
    </encodingDesc>
    <xenoData>
      <stemma format="nexml" id="stemma0"><nex:nexml xmlns:nex="http://www.nexml.org/2009" version="0.9"><nex:otus id="otus1"><nex:otu id="otu0" label="H"/><nex:otu id="otu1" label="A"/><nex:otu id="otu2" label="K"/><nex:otu id="otu3" label="NE"/></nex:otus><nex:trees otus="otus1" id="trees1"><nex:tree id="guidetree" label="guidetree" xsi:type="nex:FloatTree" xmlns:xsi="http://www.w3.org/2001/XMLSchema-instance"><nex:node id="ec2eac76-b461-4995-a7d4-68f4e1d442bb" root="true"/><nex:node id="a8f58522-b630-4b53-b599-d41f5e583faf"/><nex:node id="5bc917b9-421c-4170-a95e-539491aad203" label="H" otu="otu2"/><nex:node id="8ba3ba81-84ab-4a07-9c19-3025d105bf93" label="A" otu="otu3"/><nex:node id="405ecf75-1e16-4a81-90d0-e7a8f057a8f0"/><nex:node id="29f99b14-13b5-40cb-9161-954536b6803e" label="K" otu="otu5"/><nex:node id="ea88aa6d-54fe-48f1-87bf-1f6708bb854e" label="NE" otu="otu6"/><nex:edge source="ec2eac76-b461-4995-a7d4-68f4e1d442bb" target="a8f58522-b630-4b53-b599-d41f5e583faf" id="edge0" length="0.2578091697781806"/><nex:edge source="ec2eac76-b461-4995-a7d4-68f4e1d442bb" target="405ecf75-1e16-4a81-90d0-e7a8f057a8f0" id="edge1" length="0.2578091697781806"/><nex:edge source="a8f58522-b630-4b53-b599-d41f5e583faf" target="5bc917b9-421c-4170-a95e-539491aad203" id="edge2" length="0.2281458015279752"/><nex:edge source="a8f58522-b630-4b53-b599-d41f5e583faf" target="8ba3ba81-84ab-4a07-9c19-3025d105bf93" id="edge3" length="0.4843816604436389"/><nex:edge source="405ecf75-1e16-4a81-90d0-e7a8f057a8f0" target="29f99b14-13b5-40cb-9161-954536b6803e" id="edge4" length="0"/><nex:edge source="405ecf75-1e16-4a81-90d0-e7a8f057a8f0" target="ea88aa6d-54fe-48f1-87bf-1f6708bb854e" id="edge5" length="0"/></nex:tree></nex:trees></nex:nexml></stemma>
    </xenoData>
  </teiHeader>
<TEI n="H"><text><cl><w n="0" lemma="kāṃ"> kāṃ</w><w n="1">sā</w><w n="2">pa</w><w n="3">mā</w><w n="4" lemma="rja">rjja</w><w n="5">na</w><w n="6">ma</w><w n="7" lemma="sī">sī , </w></cl><cl><w n="8">ma</w><w n="9">dhu</w><w n="10" lemma="kaṃ">kaṃ </w></cl><cl><w n="11">sai</w><w n="12">ndha</w><w n="13" lemma="vaṃ">van </w></cl><cl><w n="14">ta</w><w n="15" lemma="thā">thā || </w></cl><cl><w n="16">e</w><w n="17" lemma="raṃ">raṇ</w><w n="18">ḍa</w><w n="19">mū</w><w n="20" lemma="laṃ">lañ </w><w n="21" lemma="ca">ca </w></cl><cl><w n="22">sa</w><w n="23" lemma="maṃ">maṃ , </w></cl><cl><w n="24">bṛ</w><w n="25">ha</w><w n="26" lemma="tyoḥ">tyoś </w></cl><w n="27" lemma="ca">ca </w><cl><w n="28">dvi</w><w n="29">raṃ</w><w n="30">śa</w><w n="31" lemma="taḥ">taḥ | </w></cl></text></TEI><TEI n="A"><text><cl><w n="0" lemma="kāṃ"> kāṃ</w><w n="1">syā</w><w n="2">pa</w><w n="3">mā</w><w n="4">rja</w><w n="5">na</w><w n="6">ma</w><w n="7" lemma="sī">sī </w></cl><cl><w n="8">ma</w><w n="9">dhu</w><w n="10" lemma="kaṃ">kaṃ </w></cl><cl><w n="11">sai</w><w n="12">ndha</w><w n="13" lemma="vaṃ">vaṃ </w></cl><cl><w n="14">ta</w><w n="15" lemma="thā">thā | </w></cl><cl><w n="16">e</w><w n="17" lemma="raṃ">raṇ</w><w n="18">ḍa</w><w n="19">mū</w><w n="20" lemma="laṃ">laṃ </w><w n="21" lemma="ca">ca </w></cl><cl><w n="22">sa</w><w n="23" lemma="maṃ">maṃ </w></cl><cl><w n="24">bṛ</w><w n="25">ha</w><w n="26">tyaṃ</w></cl><w n="27">śa</w><cl><w n="28">dva</w><w n="29" lemma="yāṃ">yān</w><w n="30">vi</w><w n="31" lemma="taṃ">tam || </w></cl></text></TEI><TEI n="K"><text><cl><w n="0" lemma="kāṃ"> kāṃ</w><w n="1">sā</w><w n="2">pa</w><w n="3">mā</w><w n="4">rja</w><w n="5">na</w><w n="6">ma</w><w n="7" lemma="ṣī">ṣī </w></cl><cl><w n="8">ma</w><w n="9">dhu</w><w n="10" lemma="kaṃ">kaṃ </w></cl><cl><w n="11">sai</w><w n="12">ndha</w><w n="13" lemma="vaṃ">van </w></cl><cl><w n="14">ta</w><w n="15" lemma="thā">thā | </w></cl><cl><w n="16">e</w><w n="17" lemma="raṃ">raṇ</w><w n="18">ḍa</w><w n="19">mū</w><w n="20" lemma="laṃ">lañ </w><w n="21" lemma="ca">ca </w></cl><cl><w n="22">sa</w><w n="23" lemma="maṃ">maṃ </w></cl><cl><w n="24">bṛ</w><w n="25">ha</w><w n="26" lemma="tyoḥ">tyoś </w></cl><w n="27" lemma="ca">ca </w><cl><w n="28">dvi</w><w n="29">raṃ</w><w n="30">śa</w><w n="31" lemma="taḥ">taḥ | </w></cl></text></TEI><TEI n="NE"><text><cl><w n="0" lemma="kāṃ"> kāṃ</w><w n="1">sā</w><w n="2">pa</w><w n="3">mā</w><w n="4">rja</w><w n="5">na</w><w n="6">ma</w><w n="7" lemma="ṣī">ṣī </w></cl><cl><w n="8">ma</w><w n="9">dhu</w><w n="10" lemma="kaṃ">kaṃ </w></cl><cl><w n="11">sai</w><w n="12">ndha</w><w n="13" lemma="vaṃ">van </w></cl><cl><w n="14">ta</w><w n="15" lemma="thā">thā | </w></cl><cl><w n="16">e</w><w n="17" lemma="raṃ">raṇ</w><w n="18">ḍa</w><w n="19">mū</w><w n="20" lemma="laṃ">lañ </w><w n="21" lemma="ca">ca </w></cl><cl><w n="22">sa</w><w n="23" lemma="maṃ">maṃ </w></cl><cl><w n="24">bṛ</w><w n="25">ha</w><w n="26" lemma="tyoḥ">tyoś </w></cl><w n="27" lemma="ca">ca </w><cl><w n="28">dvi</w><w n="29">raṃ</w><w n="30">śa</w><w n="31" lemma="taḥ">taḥ | </w></cl></text></TEI></teiCorpus>