<?xml version="1.0" encoding="UTF-8"?>
<teiCorpus xmlns="http://www.tei-c.org/ns/1.0" xml:lang="sa-Latn">
  <teiHeader>
<listWit>
<witness xml:id="A" source="06-ut-vulgate-1938-1-30.xml">
<abbr>A</abbr>
<expan>Printed edition: Ācārya 1938: Uttaratantra 1-30</expan>
</witness>
<witness xml:id="K" source="kl_699_uttaratantra-1-30.xml">
<abbr>K</abbr>
<expan>MSS Kathmandu KL 699: Uttaratantra</expan>
<listWit>
<witness xml:id="Kac" n="ac">
<abbr>Kac</abbr>
<expan>MSS Kathmandu KL 699: Uttaratantra [ante correctionem]</expan>
</witness>
<witness xml:id="Kpc" n="pc">
<abbr type="siglum">Kpc</abbr>
<expan>MSS Kathmandu KL 699: Uttaratantra [post correctionem]</expan>
</witness>
</listWit>
</witness>
<witness xml:id="H" source="nak_5-333_uttaratantra-1-30.xml">
<abbr>H</abbr>
<expan>MS Kathmandu NAK 5-333, Uttaratantra</expan>
<listWit>
<witness xml:id="Hac" n="ac">
<abbr>Hac</abbr>
<expan>MS Kathmandu NAK 5-333, Uttaratantra [ante correctionem]</expan>
</witness>
<witness xml:id="Hpc" n="pc">
<abbr type="siglum">Hpc</abbr>
<expan>MS Kathmandu NAK 5-333, Uttaratantra [post correctionem]</expan>
</witness>
</listWit>
</witness>
<witness xml:id="NE" source="provisional-edition_uttaratantra-1-30.xml">
<abbr>NE</abbr>
<expan>The Nepalese Version of the Suśrutasaṃhitā, uttaratantra 1-30, based on the
                    Nepalese MSS</expan>
</witness>
</listWit>
    <encodingDesc>
      <editorialDecl>
        <segmentation>
          <ab type="tokenization">aksara</ab>
          <ab type="blockid">SS.6.1.33</ab>
          <ab type="targetedition">NE</ab>
          <ab type="scoring">
            <ab type="match">1</ab>
            <ab type="mismatch">-1</ab>
            <ab type="gapopen">-2</ab>
            <ab type="gapextend">-0.25</ab>
            <ab type="recursive">true</ab>
            <ab type="realigndepth">20</ab>
            <ab type="distancefunction">ngrams</ab>
            
          </ab>
        </segmentation>
        <normalization method="markup">
<ab>ignore punctuation</ab>
<ab>candrabindu as anusvāra</ab>
<ab>geminated aspirated consonants</ab>
<ab>geminated m after h</ab>
<ab>geminated t</ab>
<ab>geminated consonants after r</ab>
<ab>final nasal variants</ab>
<ab>internal nasal variants</ab>
<ab>final anusvāra variants</ab>
<ab>visarga aḥ before voiced consonants</ab>
<ab>visarga aḥ before vowels</ab>
<ab>visarga aḥ before unvoiced consonants and space + anusvāra</ab>
<ab>visarga āḥ variants</ab>
<ab>other visarga variants</ab>
<ab>superfluous avagrahas</ab>
<ab>double avagrahas</ab>
<ab>avagrahas to short a</ab>
<ab>internal visarga variants</ab>
<ab>final au/āv</ab>
<ab>final su</ab>
<ab>final i</ab>
<ab>kcch/kś</ab>
<ab>cś/tś</ab>
<ab>cch/ch</ab>
<ab>final t + hi</ab>
<ab>final t + voiced syllable</ab>
<ab>final t + n/m</ab>
<ab>final t + c/j</ab>
<ab>i/y + vowel</ab>
<ab>bhd for bdh</ab>
<ab>remove spaces</ab>
        </normalization>
        <ab type="tagfilters">
<tag subtype="ignore">pc</tag>
<tag subtype="ignore">head</tag>
<tag subtype="ignore">label</tag>
<tag subtype="ignore">note</tag>
<tag subtype="ignore">num</tag>
<tag subtype="ignore">locus</tag>
<tag subtype="ignore">supplied</tag>
<tag subtype="ignore">surplus</tag>
        </ab>
      </editorialDecl>
    </encodingDesc>
    <xenoData>
      <stemma format="nexml" id="stemma0"><nex:nexml xmlns:nex="http://www.nexml.org/2009" version="0.9"><nex:otus id="otus1"><nex:otu id="otu0" label="A"/><nex:otu id="otu1" label="H"/><nex:otu id="otu2" label="K"/><nex:otu id="otu3" label="NE"/></nex:otus><nex:trees otus="otus1" id="trees1"><nex:tree id="guidetree" label="guidetree" xsi:type="nex:FloatTree" xmlns:xsi="http://www.w3.org/2001/XMLSchema-instance"><nex:node id="3fdf5f61-7880-45ab-90c2-8229b676fa6e" root="true"/><nex:node id="e009452c-fa09-4724-9496-5154b730e0f8"/><nex:node id="074dac11-c7b2-4f7e-b833-65cbda4b007d" label="A" otu="otu2"/><nex:node id="92b496b0-013b-48a1-9c55-c34bed5518ea" label="H" otu="otu3"/><nex:node id="1b83a96f-df66-47a4-abb3-4427e4fc2b24"/><nex:node id="0aa770b8-baa3-49a5-aa7b-88a0ecf3ee4e" label="K" otu="otu5"/><nex:node id="62086fb4-b8b3-4309-bfc5-0e34d4761618" label="NE" otu="otu6"/><nex:edge source="3fdf5f61-7880-45ab-90c2-8229b676fa6e" target="e009452c-fa09-4724-9496-5154b730e0f8" id="edge0" length="0.1175107782394055"/><nex:edge source="3fdf5f61-7880-45ab-90c2-8229b676fa6e" target="1b83a96f-df66-47a4-abb3-4427e4fc2b24" id="edge1" length="0.1175107782394055"/><nex:edge source="e009452c-fa09-4724-9496-5154b730e0f8" target="074dac11-c7b2-4f7e-b833-65cbda4b007d" id="edge2" length="0.5204140747579346"/><nex:edge source="e009452c-fa09-4724-9496-5154b730e0f8" target="92b496b0-013b-48a1-9c55-c34bed5518ea" id="edge3" length="0.4124993124338078"/><nex:edge source="1b83a96f-df66-47a4-abb3-4427e4fc2b24" target="0aa770b8-baa3-49a5-aa7b-88a0ecf3ee4e" id="edge4" length="0.1976789432635046"/><nex:edge source="1b83a96f-df66-47a4-abb3-4427e4fc2b24" target="62086fb4-b8b3-4309-bfc5-0e34d4761618" id="edge5" length="0.28253906984724647"/></nex:tree></nex:trees></nex:nexml></stemma>
    </xenoData>
  </teiHeader>
<TEI n="A"><text><cl><w n="0" lemma="dṛ"> dṛ</w><w n="1" lemma="ṣṭiḥ">ṣṭiḥ </w></cl><cl><w n="2">pi</w><w n="3" lemma="ta">tta</w><w n="4">vi</w><w n="5">da</w><w n="6" lemma="gdhā">gdhā </w><w n="7" lemma="ca">ca </w></cl><cl><w n="8">dhū</w><w n="9">ma</w><w n="10">da</w><w n="11" lemma="rśī">rśī </w><w n="12" lemma="ca">ca </w></cl><cl><w n="13">si</w><w n="14">dhya</w><w n="15" lemma="ti">ti | </w></cl><cl><w n="16">a</w><w n="17">sā</w><w n="18" lemma="dhyaḥ">dhyaḥ </w></cl><cl><w n="19">ka</w><w n="20">pha</w><w n="21" lemma="jaḥ">jaḥ </w><w n="22"/></cl><cl><w n="23">srā</w><w n="24" lemma="vaḥ">vo </w></cl><cl><w n="25">yā</w><w n="26" lemma="pyaḥ">pyaḥ </w></cl><cl><w n="27">kā</w><w n="28" lemma="caḥ">caś </w><w n="29" lemma="ca">ca </w></cl><cl><w n="30" lemma="taṃ">tan</w><w n="31">ma</w><w n="32" lemma="yaḥ">yaḥ || </w></cl></text></TEI><TEI n="H"><text><cl><w n="0">dṛ</w><w n="1" lemma="ṣṭiḥ">ṣṭiḥ </w></cl><cl><w n="2">pi</w><w n="3" lemma="ta">tta</w><w n="4">vi</w><w n="5">da</w><w n="6" lemma="gdhā">gdhā </w><w n="7" lemma="ca">ca </w></cl><cl><w n="8">dhū</w><w n="9">ma</w><w n="10">da</w><w n="11" lemma="rśī">rśī </w><w n="12" lemma="ca">ca </w></cl><cl><w n="13">si</w><w n="14">dhya</w><w n="15" lemma="ti">ti | </w></cl><cl><w n="16">ā</w><w n="17">srā</w><w n="18" lemma="vaḥ">vaḥ </w></cl><cl><w n="19">ka</w><w n="20">pha</w><w n="21" lemma="jaḥ">jo </w><w n="22" lemma="a"/></cl><cl><w n="23">sā</w><w n="24" lemma="dhyaḥ">dhyo </w></cl><cl><w n="25">yā</w><w n="26" lemma="pyaḥ">pyaḥ </w></cl><cl><w n="27">kā</w><w n="28" lemma="caḥ">cas </w><w n="29" lemma="tu">tu </w></cl><cl><w n="30" lemma="taṃ">tan</w><w n="31">ma</w><w n="32" lemma="yaḥ">yaḥ |</w></cl></text></TEI><TEI n="K"><text><cl><w n="0">dṛ</w><w n="1" lemma="ṣṭiḥ">ṣṭiḥ </w></cl><cl><w n="2">pi</w><w n="3" lemma="ta">tta</w><w n="4">vi</w><w n="5">da</w><w n="6" lemma="gdhā">gdhā </w><w n="7" lemma="ca">ca </w></cl><cl><w n="8">dhū</w><w n="9">ma</w><w n="10">da</w><w n="11" lemma="rśī">rśī </w><w n="12" lemma="ca">ca </w></cl><cl><w n="13">si</w><w n="14">dhya</w><w n="15" lemma="ti">ti | </w></cl><cl><w n="16">su</w><w n="17">srā</w><w n="18" lemma="vaḥ">vaḥ </w></cl><cl><w n="19">ka</w><w n="20">pha</w><w n="21"/><w n="22" lemma="je">je </w></cl><cl><w n="23">sā</w><w n="24" lemma="dhyaḥ">dhyo </w></cl><cl><w n="25">yā</w><w n="26" lemma="pyaḥ">pyaḥ </w></cl><cl><w n="27">kā</w><w n="28" lemma="caḥ">cas </w><w n="29" lemma="tu">tu </w></cl><cl><w n="30" lemma="taṃ">tan</w><w n="31">ma</w><w n="32" lemma="yaḥ">yaḥ |</w></cl></text></TEI><TEI n="NE"><text><cl><w n="0" lemma="dṛ"> dṛ</w><w n="1" lemma="ṣṭiḥ">ṣṭiḥ </w></cl><cl><w n="2">pi</w><w n="3" lemma="ta">tta</w><w n="4">vi</w><w n="5">da</w><w n="6" lemma="gdhā">gdhā </w><w n="7" lemma="ca">ca </w></cl><cl><w n="8">dhū</w><w n="9">ma</w><w n="10">da</w><w n="11" lemma="rśī">rśī </w><w n="12" lemma="ca">ca </w></cl><cl><w n="13">si</w><w n="14">dhya</w><w n="15" lemma="ti">ti | </w></cl><cl><w n="16">su</w><w n="17">srā</w><w n="18" lemma="vaḥ">vaḥ </w></cl><cl><w n="19">ka</w><w n="20">pha</w><w n="21"/><w n="22" lemma="je">je </w></cl><cl><w n="23">sā</w><w n="24" lemma="dhyaḥ">dhyo </w></cl><cl><w n="25">yā</w><w n="26" lemma="pyaḥ">pyaḥ </w></cl><cl><w n="27">kā</w><w n="28">ca</w><w n="29" lemma="stu">stu </w></cl><cl><w n="30" lemma="taṃ">tan</w><w n="31">ma</w><w n="32" lemma="yaḥ">yaḥ |</w></cl></text></TEI></teiCorpus>