<?xml version="1.0" encoding="UTF-8"?>
<teiCorpus xmlns="http://www.tei-c.org/ns/1.0" xml:lang="sa-Latn">
  <teiHeader>
<listWit>
<witness xml:id="A" source="06-ut-vulgate-1938-1-30.xml">
<abbr>A</abbr>
<expan>Printed edition: Ācārya 1938: Uttaratantra 1-30</expan>
</witness>
<witness xml:id="K" source="kl_699_uttaratantra-1-30.xml">
<abbr>K</abbr>
<expan>MSS Kathmandu KL 699: Uttaratantra</expan>
<listWit>
<witness xml:id="Kac" n="ac">
<abbr>Kac</abbr>
<expan>MSS Kathmandu KL 699: Uttaratantra [ante correctionem]</expan>
</witness>
<witness xml:id="Kpc" n="pc">
<abbr type="siglum">Kpc</abbr>
<expan>MSS Kathmandu KL 699: Uttaratantra [post correctionem]</expan>
</witness>
</listWit>
</witness>
<witness xml:id="H" source="nak_5-333_uttaratantra-1-30.xml">
<abbr>H</abbr>
<expan>MS Kathmandu NAK 5-333, Uttaratantra</expan>
<listWit>
<witness xml:id="Hac" n="ac">
<abbr>Hac</abbr>
<expan>MS Kathmandu NAK 5-333, Uttaratantra [ante correctionem]</expan>
</witness>
<witness xml:id="Hpc" n="pc">
<abbr type="siglum">Hpc</abbr>
<expan>MS Kathmandu NAK 5-333, Uttaratantra [post correctionem]</expan>
</witness>
</listWit>
</witness>
<witness xml:id="NE" source="provisional-edition_uttaratantra-1-30.xml">
<abbr>NE</abbr>
<expan>The Nepalese Version of the Suśrutasaṃhitā, uttaratantra 1-30, based on the
                    Nepalese MSS</expan>
</witness>
</listWit>
    <encodingDesc>
      <editorialDecl>
        <segmentation>
          <ab type="tokenization">aksara</ab>
          <ab type="blockid">SS.6.1.38</ab>
          <ab type="targetedition">NE</ab>
          <ab type="scoring">
            <ab type="match">1</ab>
            <ab type="mismatch">-1</ab>
            <ab type="gapopen">-2</ab>
            <ab type="gapextend">-0.25</ab>
            <ab type="recursive">true</ab>
            <ab type="realigndepth">20</ab>
            <ab type="distancefunction">ngrams</ab>
            
          </ab>
        </segmentation>
        <normalization method="markup">
<ab>ignore punctuation</ab>
<ab>candrabindu as anusvāra</ab>
<ab>geminated aspirated consonants</ab>
<ab>geminated m after h</ab>
<ab>geminated t</ab>
<ab>geminated consonants after r</ab>
<ab>final nasal variants</ab>
<ab>internal nasal variants</ab>
<ab>final anusvāra variants</ab>
<ab>visarga aḥ before voiced consonants</ab>
<ab>visarga aḥ before vowels</ab>
<ab>visarga aḥ before unvoiced consonants and space + anusvāra</ab>
<ab>visarga āḥ variants</ab>
<ab>other visarga variants</ab>
<ab>superfluous avagrahas</ab>
<ab>double avagrahas</ab>
<ab>avagrahas to short a</ab>
<ab>internal visarga variants</ab>
<ab>final au/āv</ab>
<ab>final su</ab>
<ab>final i</ab>
<ab>kcch/kś</ab>
<ab>cś/tś</ab>
<ab>cch/ch</ab>
<ab>final t + hi</ab>
<ab>final t + voiced syllable</ab>
<ab>final t + n/m</ab>
<ab>final t + c/j</ab>
<ab>i/y + vowel</ab>
<ab>bhd for bdh</ab>
<ab>remove spaces</ab>
        </normalization>
        <ab type="tagfilters">
<tag subtype="ignore">pc</tag>
<tag subtype="ignore">head</tag>
<tag subtype="ignore">label</tag>
<tag subtype="ignore">note</tag>
<tag subtype="ignore">num</tag>
<tag subtype="ignore">locus</tag>
<tag subtype="ignore">supplied</tag>
<tag subtype="ignore">surplus</tag>
        </ab>
      </editorialDecl>
    </encodingDesc>
    <xenoData>
      <stemma format="nexml" id="stemma0"><nex:nexml xmlns:nex="http://www.nexml.org/2009" version="0.9"><nex:otus id="otus1"><nex:otu id="otu0" label="A"/><nex:otu id="otu1" label="H"/><nex:otu id="otu2" label="K"/><nex:otu id="otu3" label="NE"/></nex:otus><nex:trees otus="otus1" id="trees1"><nex:tree id="guidetree" label="guidetree" xsi:type="nex:FloatTree" xmlns:xsi="http://www.w3.org/2001/XMLSchema-instance"><nex:node id="2f98e8c4-a9da-4c3d-b3ac-85be459eb1ae" root="true"/><nex:node id="173bebed-3021-4563-ac2f-c4f718a0050f"/><nex:node id="576bad14-ae5a-474a-acb6-031e3525277e" label="A" otu="otu2"/><nex:node id="0da62f31-756f-495f-957b-ddefa19f81e5" label="H" otu="otu3"/><nex:node id="b0eaf281-41e3-4097-9982-becf822c7969"/><nex:node id="d9e70db0-92b7-411a-a404-5312550125d1" label="K" otu="otu5"/><nex:node id="f8fe1ffb-9a82-46e6-9a21-717864e1e302" label="NE" otu="otu6"/><nex:edge source="2f98e8c4-a9da-4c3d-b3ac-85be459eb1ae" target="173bebed-3021-4563-ac2f-c4f718a0050f" id="edge0" length="0.2197923886237651"/><nex:edge source="2f98e8c4-a9da-4c3d-b3ac-85be459eb1ae" target="b0eaf281-41e3-4097-9982-becf822c7969" id="edge1" length="0.2197923886237651"/><nex:edge source="173bebed-3021-4563-ac2f-c4f718a0050f" target="576bad14-ae5a-474a-acb6-031e3525277e" id="edge2" length="0.5604152227524699"/><nex:edge source="173bebed-3021-4563-ac2f-c4f718a0050f" target="0da62f31-756f-495f-957b-ddefa19f81e5" id="edge3" length="0.2290624186955097"/><nex:edge source="b0eaf281-41e3-4097-9982-becf822c7969" target="d9e70db0-92b7-411a-a404-5312550125d1" id="edge4" length="0"/><nex:edge source="b0eaf281-41e3-4097-9982-becf822c7969" target="f8fe1ffb-9a82-46e6-9a21-717864e1e302" id="edge5" length="0"/></nex:tree></nex:trees></nex:nexml></stemma>
    </xenoData>
  </teiHeader>
<TEI n="A"><text><cl><w n="0" lemma="pa"> pa</w><w n="1">rva</w><w n="2"/></cl><cl><w n="3">ṇya</w><w n="4">thā</w><w n="5">vra</w><w n="6" lemma="ṇaṃ">ṇaṃ </w></cl><cl><w n="7">śu</w><w n="8" lemma="kraṃ">kraṃ </w></cl><cl><w n="9">śo</w><w n="10">ṇi</w><w n="11">tā</w><w n="12">rmā</w></cl><cl><w n="13"/><w n="14"/><w n="15">rju</w><w n="16" lemma="naḥ">naś </w><w n="17" lemma="ca">ca </w><w n="18" lemma="ya">yaḥ | </w></cl><cl><w n="19">e</w><w n="20" lemma="te">te </w></cl><cl><w n="21">sā</w><w n="22" lemma="dhyā">dhyā </w></cl><cl><w n="23">vi</w><w n="24">kā</w><w n="25">re</w><w n="26" lemma="ṣu">ṣu </w></cl><cl><w n="27">ra</w><w n="28">kta</w><w n="29">je</w><w n="30" lemma="ṣu">ṣu </w></cl><cl><w n="31">bha</w><w n="32" lemma="vaṃ">van</w><w n="33" lemma="ti">ti </w></cl><cl><w n="34" lemma="hi">hi || </w></cl></text></TEI><TEI n="H"><text><cl><w n="0">pa</w><w n="1" lemma="rva">rvva</w><w n="2"/></cl><cl><w n="3">ṇya</w><w n="4">thā</w><w n="5">vra</w><w n="6" lemma="ṇaṃ">ṇaṃ </w></cl><cl><w n="7">śu</w><w n="8" lemma="kraṃ">kraṃ </w></cl><cl><w n="9">lo</w><w n="10">hi</w><w n="11">tā</w><w n="12" lemma="rma">rmma</w></cl><cl><w n="13">ta</w><w n="14">thā</w><w n="15">rju</w><w n="16"/><w n="17"/><w n="18" lemma="na">naḥ || </w></cl><cl><w n="19">e</w><w n="20" lemma="te">te </w></cl><cl><w n="21">sā</w><w n="22" lemma="dhyā">dhyā </w></cl><cl><w n="23">vi</w><w n="24">kā</w><w n="25">re</w><w n="26" lemma="ṣu">ṣu </w></cl><cl><w n="27">ra</w><w n="28">kta</w><w n="29">je</w><w n="30" lemma="ṣu">ṣu </w></cl><cl><w n="31">bha</w><w n="32" lemma="vaṃ">van</w><w n="33" lemma="ti">ti </w></cl><cl><w n="34" lemma="hi">hi |</w></cl></text></TEI><TEI n="K"><text><cl><w n="0">pa</w><w n="1" lemma="rva">rvva</w><w n="2" lemma="ṇi">ṇy </w></cl><cl><w n="3">a</w><w n="4">thā</w><w n="5">vra</w><w n="6" lemma="ṇaṃ">ṇaṃ </w></cl><cl><w n="7">śu</w><w n="8" lemma="kraṃ">kraṃ </w></cl><cl><w n="9">lo</w><w n="10">hi</w><w n="11">tā</w><w n="12" lemma="rma">rma </w></cl><cl><w n="13">ta</w><w n="14">thā</w><w n="15">rju</w><w n="16"/><w n="17"/><w n="18" lemma="na">naḥ | </w></cl><cl><w n="19">e</w><w n="20" lemma="te">te </w></cl><cl><w n="21">sā</w><w n="22" lemma="dhyā">dhyā </w></cl><cl><w n="23">vi</w><w n="24">kā</w><w n="25">re</w><w n="26" lemma="ṣu">ṣu </w></cl><cl><w n="27">ra</w><w n="28">kta</w><w n="29">je</w><w n="30" lemma="ṣu">ṣu </w></cl><cl><w n="31">bha</w><w n="32" lemma="vaṃ">van</w><w n="33" lemma="ti">ti </w></cl><cl><w n="34" lemma="hi">hi ||</w></cl></text></TEI><TEI n="NE"><text><cl><w n="0" lemma="pa"> pa</w><w n="1" lemma="rva">rvva</w><w n="2" lemma="ṇi">ṇy </w></cl><cl><w n="3">a</w><w n="4">thā</w><w n="5">vra</w><w n="6" lemma="ṇaṃ">ṇaṃ </w></cl><cl><w n="7">śu</w><w n="8" lemma="kraṃ">kraṃ </w></cl><cl><w n="9">lo</w><w n="10">hi</w><w n="11">tā</w><w n="12" lemma="rma">rma </w></cl><cl><w n="13">ta</w><w n="14">thā</w><w n="15">rju</w><w n="16"/><w n="17"/><w n="18" lemma="na">naḥ | </w></cl><cl><w n="19">e</w><w n="20" lemma="te">te </w></cl><cl><w n="21">sā</w><w n="22" lemma="dhyā">dhyā </w></cl><cl><w n="23">vi</w><w n="24">kā</w><w n="25">re</w><w n="26" lemma="ṣu">ṣu </w></cl><cl><w n="27">ra</w><w n="28">kta</w><w n="29">je</w><w n="30" lemma="ṣu">ṣu </w></cl><cl><w n="31">bha</w><w n="32" lemma="vaṃ">van</w><w n="33" lemma="ti">ti </w></cl><cl><w n="34" lemma="hi">hi ||</w></cl></text></TEI></teiCorpus>