<?xml version="1.0" encoding="UTF-8"?>
<teiCorpus xmlns="http://www.tei-c.org/ns/1.0" xml:lang="sa-Latn">
  <teiHeader>
<listWit>
<witness xml:id="A" source="06-ut-vulgate-1938-1-30.xml">
<abbr>A</abbr>
<expan>Printed edition: Ācārya 1938: Uttaratantra 1-30</expan>
</witness>
<witness xml:id="K" source="kl_699_uttaratantra-1-30.xml">
<abbr>K</abbr>
<expan>MSS Kathmandu KL 699: Uttaratantra</expan>
<listWit>
<witness xml:id="Kac" n="ac">
<abbr>Kac</abbr>
<expan>MSS Kathmandu KL 699: Uttaratantra [ante correctionem]</expan>
</witness>
<witness xml:id="Kpc" n="pc">
<abbr type="siglum">Kpc</abbr>
<expan>MSS Kathmandu KL 699: Uttaratantra [post correctionem]</expan>
</witness>
</listWit>
</witness>
<witness xml:id="H" source="nak_5-333_uttaratantra-1-30.xml">
<abbr>H</abbr>
<expan>MS Kathmandu NAK 5-333, Uttaratantra</expan>
<listWit>
<witness xml:id="Hac" n="ac">
<abbr>Hac</abbr>
<expan>MS Kathmandu NAK 5-333, Uttaratantra [ante correctionem]</expan>
</witness>
<witness xml:id="Hpc" n="pc">
<abbr type="siglum">Hpc</abbr>
<expan>MS Kathmandu NAK 5-333, Uttaratantra [post correctionem]</expan>
</witness>
</listWit>
</witness>
<witness xml:id="NE" source="provisional-edition_uttaratantra-1-30.xml">
<abbr>NE</abbr>
<expan>The Nepalese Version of the Suśrutasaṃhitā, uttaratantra 1-30, based on the
                    Nepalese MSS</expan>
</witness>
</listWit>
    <encodingDesc>
      <editorialDecl>
        <segmentation>
          <ab type="tokenization">aksara</ab>
          <ab type="blockid">SS.6.12.46</ab>
          <ab type="targetedition">NE</ab>
          <ab type="scoring">
            <ab type="match">1</ab>
            <ab type="mismatch">-1</ab>
            <ab type="gapopen">-2</ab>
            <ab type="gapextend">-0.25</ab>
            <ab type="recursive">true</ab>
            <ab type="realigndepth">20</ab>
            <ab type="distancefunction">ngrams</ab>
            
          </ab>
        </segmentation>
        <normalization method="markup">
<ab>ignore punctuation</ab>
<ab>candrabindu as anusvāra</ab>
<ab>geminated aspirated consonants</ab>
<ab>geminated m after h</ab>
<ab>geminated t</ab>
<ab>geminated consonants after r</ab>
<ab>final nasal variants</ab>
<ab>internal nasal variants</ab>
<ab>final anusvāra variants</ab>
<ab>visarga aḥ before voiced consonants</ab>
<ab>visarga aḥ before vowels</ab>
<ab>visarga aḥ before unvoiced consonants and space + anusvāra</ab>
<ab>visarga āḥ variants</ab>
<ab>other visarga variants</ab>
<ab>superfluous avagrahas</ab>
<ab>double avagrahas</ab>
<ab>avagrahas to short a</ab>
<ab>internal visarga variants</ab>
<ab>final au/āv</ab>
<ab>final su</ab>
<ab>final i</ab>
<ab>kcch/kś</ab>
<ab>cś/tś</ab>
<ab>cch/ch</ab>
<ab>final t + hi</ab>
<ab>final t + voiced syllable</ab>
<ab>final t + n/m</ab>
<ab>final t + c/j</ab>
<ab>i/y + vowel</ab>
<ab>bhd for bdh</ab>
<ab>remove spaces</ab>
        </normalization>
        <ab type="tagfilters">
<tag subtype="ignore">pc</tag>
<tag subtype="ignore">head</tag>
<tag subtype="ignore">label</tag>
<tag subtype="ignore">note</tag>
<tag subtype="ignore">num</tag>
<tag subtype="ignore">locus</tag>
<tag subtype="ignore">supplied</tag>
<tag subtype="ignore">surplus</tag>
        </ab>
      </editorialDecl>
    </encodingDesc>
    <xenoData>
      <stemma format="nexml" id="stemma0"><nex:nexml xmlns:nex="http://www.nexml.org/2009" version="0.9"><nex:otus id="otus1"><nex:otu id="otu0" label="A"/><nex:otu id="otu1" label="H"/><nex:otu id="otu2" label="K"/><nex:otu id="otu3" label="NE"/></nex:otus><nex:trees otus="otus1" id="trees1"><nex:tree id="guidetree" label="guidetree" xsi:type="nex:FloatTree" xmlns:xsi="http://www.w3.org/2001/XMLSchema-instance"><nex:node id="4e515508-a60b-45d8-9de3-19e8382083e9" root="true"/><nex:node id="a9667d04-4bc8-41ea-9ef3-646e0b5def84"/><nex:node id="f1867de4-efae-4e3b-b258-e2d929875389" label="A" otu="otu2"/><nex:node id="3422cd4b-1253-48fb-95ad-83237b2fe998" label="H" otu="otu3"/><nex:node id="d75d5944-488c-4641-b7f6-541de581158e"/><nex:node id="67575c57-c751-493f-b831-e0dd1dee5bc9" label="K" otu="otu5"/><nex:node id="3cc08c89-6943-4394-aaeb-e03828451572" label="NE" otu="otu6"/><nex:edge source="4e515508-a60b-45d8-9de3-19e8382083e9" target="a9667d04-4bc8-41ea-9ef3-646e0b5def84" id="edge0" length="0.23871158022824612"/><nex:edge source="4e515508-a60b-45d8-9de3-19e8382083e9" target="d75d5944-488c-4641-b7f6-541de581158e" id="edge1" length="0.23871158022824612"/><nex:edge source="a9667d04-4bc8-41ea-9ef3-646e0b5def84" target="f1867de4-efae-4e3b-b258-e2d929875389" id="edge2" length="0.5100366707579991"/><nex:edge source="a9667d04-4bc8-41ea-9ef3-646e0b5def84" target="3422cd4b-1253-48fb-95ad-83237b2fe998" id="edge3" length="0.47250436302450094"/><nex:edge source="d75d5944-488c-4641-b7f6-541de581158e" target="67575c57-c751-493f-b831-e0dd1dee5bc9" id="edge4" length="0"/><nex:edge source="d75d5944-488c-4641-b7f6-541de581158e" target="3cc08c89-6943-4394-aaeb-e03828451572" id="edge5" length="0"/></nex:tree></nex:trees></nex:nexml></stemma>
    </xenoData>
  </teiHeader>
<TEI n="A"><text><cl><w n="0" lemma="kā"> kā</w><w n="1">sī</w><w n="2">sa</w><w n="3">si</w><w n="4">ndhu</w><w n="5">pra</w><w n="6">bha</w><w n="7">vā</w><w n="8">rdra</w><w n="9">kai</w><w n="10" lemma="stu">stu </w></cl><cl><w n="11">hi</w><w n="12" lemma="taṃ">taṃ </w></cl><cl><w n="13">bha</w><w n="14">ve</w><w n="15" lemma="taṃ">d añ</w><w n="16">ja</w><w n="17" lemma="naṃ">nam </w></cl><cl><w n="18">e</w><w n="19" lemma="va">va </w></cl><cl><w n="20">cā</w><w n="21" lemma="tra">tra | </w></cl><cl><w n="22">kṣau</w><w n="23" lemma="drāṃ">drān</w><w n="24">vi</w><w n="25" lemma="taiḥ">tair </w></cl><cl><w n="26">e</w><w n="27" lemma="bhiḥ">bhir </w></cl><cl><w n="28">a</w><w n="29">tho</w><w n="30"/></cl><w n="31">pa</w><cl><w n="32" lemma="yuṃ">yuñ</w><w n="33">jyā</w><w n="34" lemma="ta">d a</w><w n="35">nya</w><w n="36" lemma="ttu">t tu </w></cl><cl><w n="37">tā</w><w n="38">mrā</w><w n="39">ya</w><w n="40">sa</w><w n="41">cū</w><w n="42">rṇa</w><w n="43">yu</w><w n="44" lemma="ktaiḥ">ktaiḥ || </w></cl></text></TEI><TEI n="H"><text><cl><w n="0" lemma="kā"> kā</w><w n="1">sī</w><w n="2">sa</w><w n="3">si</w><w n="4">ndhu</w><w n="5">pra</w><w n="6">bha</w><w n="7">vā</w><w n="8">ja</w><w n="9" lemma="neḥ">neś </w><w n="10" lemma="ca">ca </w></cl><cl><w n="11">hi</w><w n="12" lemma="taṃ">taṃ </w></cl><cl><w n="13">bha</w><w n="14">ve</w><w n="15" lemma="taṃ">d añ</w><w n="16">ja</w><w n="17" lemma="naṃ">nam </w></cl><cl><w n="18">e</w><w n="19" lemma="va">va </w></cl><cl><w n="20">cā</w><w n="21" lemma="tra">tra | </w></cl><cl><w n="22">kṣau</w><w n="23" lemma="drāṃ">drān</w><w n="24">vi</w><w n="25">tai</w></cl><cl><w n="26">re</w><w n="27" lemma="bhiḥ">bhir </w></cl><cl><w n="28">a</w><w n="29" lemma="thaḥ">tho </w><w n="30" lemma="a"/></cl><w n="31" lemma="pi">pi </w><cl><w n="32">ya</w><w n="33">syā</w><w n="34" lemma="ta">d a</w><w n="35">nya</w><w n="36" lemma="tra">tra </w></cl><cl><w n="37">tā</w><w n="38">mrā</w><w n="39">ya</w><w n="40">sa</w><w n="41">cū</w><w n="42" lemma="rṇa">rṇṇa</w><w n="43">yu</w><w n="44" lemma="ktaiḥ">ktaiḥ || </w></cl></text></TEI><TEI n="K"><text><cl><w n="0" lemma="kā"> kā</w><w n="1">sī</w><w n="2">sa</w><w n="3">si</w><w n="4">ndhu</w><w n="5">pra</w><w n="6">bha</w><w n="7">vā</w><w n="8">ja</w><w n="9" lemma="neḥ">neś </w><w n="10" lemma="ca">ca </w></cl><cl><w n="11">hi</w><w n="12" lemma="taṃ">taṃ </w></cl><cl><w n="13">bha</w><w n="14">ve</w><w n="15" lemma="taṃ">d añ</w><w n="16">ja</w><w n="17" lemma="naṃ">nam </w></cl><cl><w n="18">e</w><w n="19" lemma="va">va </w></cl><cl><w n="20">cā</w><w n="21" lemma="tra">tra | </w></cl><cl><w n="22">kṣau</w><w n="23" lemma="drāṃ">drān</w><w n="24">dvi</w><w n="25" lemma="taiḥ">tair </w></cl><cl><w n="26">e</w><w n="27" lemma="bhiḥ">bhir </w></cl><cl><w n="28">a</w><w n="29">thai</w><w n="30" lemma="va">va </w></cl><w n="31" lemma="ca">ca </w><cl><w n="32"/><w n="33">syā</w><w n="34">da</w><w n="35">nya</w><w n="36" lemma="tra">tra </w></cl><cl><w n="37">tā</w><w n="38">mrā</w><w n="39">ya</w><w n="40">sa</w><w n="41">cū</w><w n="42" lemma="rṇa">rṇṇa</w><w n="43">yu</w><w n="44" lemma="ktaiḥ">ktaiḥ | </w></cl></text></TEI><TEI n="NE"><text><cl><w n="0" lemma="kā"> kā</w><w n="1">sī</w><w n="2">sa</w><w n="3">si</w><w n="4">ndhu</w><w n="5">pra</w><w n="6">bha</w><w n="7">vā</w><w n="8">ja</w><w n="9" lemma="neḥ">neś </w><w n="10" lemma="ca">ca </w></cl><cl><w n="11">hi</w><w n="12" lemma="taṃ">taṃ </w></cl><cl><w n="13">bha</w><w n="14">ve</w><w n="15" lemma="taṃ">d añ</w><w n="16">ja</w><w n="17" lemma="naṃ">nam </w></cl><cl><w n="18">e</w><w n="19" lemma="va">va </w></cl><cl><w n="20">cā</w><w n="21" lemma="tra">tra | </w></cl><cl><w n="22">kṣau</w><w n="23" lemma="drāṃ">drān</w><w n="24">dvi</w><w n="25" lemma="taiḥ">tair </w></cl><cl><w n="26">e</w><w n="27" lemma="bhiḥ">bhir </w></cl><cl><w n="28">a</w><w n="29">thai</w><w n="30" lemma="va">va </w></cl><w n="31" lemma="ca">ca </w><cl><w n="32"/><w n="33">syā</w><w n="34">da</w><w n="35">nya</w><w n="36" lemma="tra">tra </w></cl><cl><w n="37">tā</w><w n="38">mrā</w><w n="39">ya</w><w n="40">sa</w><w n="41">cū</w><w n="42" lemma="rṇa">rṇṇa</w><w n="43">yu</w><w n="44" lemma="ktaiḥ">ktaiḥ | </w></cl></text></TEI></teiCorpus>