<?xml version="1.0" encoding="UTF-8"?>
<teiCorpus xmlns="http://www.tei-c.org/ns/1.0" xml:lang="sa-Latn">
  <teiHeader>
<listWit>
<witness xml:id="A" source="06-ut-vulgate-1938-1-30.xml">
<abbr>A</abbr>
<expan>Printed edition: Ācārya 1938: Uttaratantra 1-30</expan>
</witness>
<witness xml:id="K" source="kl_699_uttaratantra-1-30.xml">
<abbr>K</abbr>
<expan>MSS Kathmandu KL 699: Uttaratantra</expan>
<listWit>
<witness xml:id="Kac" n="ac">
<abbr>Kac</abbr>
<expan>MSS Kathmandu KL 699: Uttaratantra [ante correctionem]</expan>
</witness>
<witness xml:id="Kpc" n="pc">
<abbr type="siglum">Kpc</abbr>
<expan>MSS Kathmandu KL 699: Uttaratantra [post correctionem]</expan>
</witness>
</listWit>
</witness>
<witness xml:id="H" source="nak_5-333_uttaratantra-1-30.xml">
<abbr>H</abbr>
<expan>MS Kathmandu NAK 5-333, Uttaratantra</expan>
<listWit>
<witness xml:id="Hac" n="ac">
<abbr>Hac</abbr>
<expan>MS Kathmandu NAK 5-333, Uttaratantra [ante correctionem]</expan>
</witness>
<witness xml:id="Hpc" n="pc">
<abbr type="siglum">Hpc</abbr>
<expan>MS Kathmandu NAK 5-333, Uttaratantra [post correctionem]</expan>
</witness>
</listWit>
</witness>
<witness xml:id="NE" source="provisional-edition_uttaratantra-1-30.xml">
<abbr>NE</abbr>
<expan>The Nepalese Version of the Suśrutasaṃhitā, uttaratantra 1-30, based on the
                    Nepalese MSS</expan>
</witness>
</listWit>
    <encodingDesc>
      <editorialDecl>
        <segmentation>
          <ab type="tokenization">aksara</ab>
          <ab type="blockid">SS.6.20.4</ab>
          <ab type="targetedition">NE</ab>
          <ab type="scoring">
            <ab type="match">1</ab>
            <ab type="mismatch">-1</ab>
            <ab type="gapopen">-2</ab>
            <ab type="gapextend">-0.25</ab>
            <ab type="recursive">true</ab>
            <ab type="realigndepth">20</ab>
            <ab type="distancefunction">ngrams</ab>
            
          </ab>
        </segmentation>
        <normalization method="markup">
<ab>ignore punctuation</ab>
<ab>candrabindu as anusvāra</ab>
<ab>geminated aspirated consonants</ab>
<ab>geminated m after h</ab>
<ab>geminated t</ab>
<ab>geminated consonants after r</ab>
<ab>final nasal variants</ab>
<ab>internal nasal variants</ab>
<ab>final anusvāra variants</ab>
<ab>visarga aḥ before voiced consonants</ab>
<ab>visarga aḥ before vowels</ab>
<ab>visarga aḥ before unvoiced consonants and space + anusvāra</ab>
<ab>visarga āḥ variants</ab>
<ab>other visarga variants</ab>
<ab>superfluous avagrahas</ab>
<ab>double avagrahas</ab>
<ab>avagrahas to short a</ab>
<ab>internal visarga variants</ab>
<ab>final au/āv</ab>
<ab>final su</ab>
<ab>final i</ab>
<ab>kcch/kś</ab>
<ab>cś/tś</ab>
<ab>cch/ch</ab>
<ab>final t + hi</ab>
<ab>final t + voiced syllable</ab>
<ab>final t + n/m</ab>
<ab>final t + c/j</ab>
<ab>i/y + vowel</ab>
<ab>bhd for bdh</ab>
<ab>remove spaces</ab>
        </normalization>
        <ab type="tagfilters">
<tag subtype="ignore">pc</tag>
<tag subtype="ignore">head</tag>
<tag subtype="ignore">label</tag>
<tag subtype="ignore">note</tag>
<tag subtype="ignore">num</tag>
<tag subtype="ignore">locus</tag>
<tag subtype="ignore">supplied</tag>
<tag subtype="ignore">surplus</tag>
        </ab>
      </editorialDecl>
    </encodingDesc>
    <xenoData>
      <stemma format="nexml" id="stemma0"><nex:nexml xmlns:nex="http://www.nexml.org/2009" version="0.9"><nex:otus id="otus1"><nex:otu id="otu0" label="A"/><nex:otu id="otu1" label="H"/><nex:otu id="otu2" label="K"/><nex:otu id="otu3" label="NE"/></nex:otus><nex:trees otus="otus1" id="trees1"><nex:tree id="guidetree" label="guidetree" xsi:type="nex:FloatTree" xmlns:xsi="http://www.w3.org/2001/XMLSchema-instance"><nex:node id="5a4f9547-ada9-4d7e-87fb-7c7613528586" root="true"/><nex:node id="416c8596-80dc-42f0-adbe-b2714bef9f51"/><nex:node id="14f25c9a-b128-47d9-bc03-c279005ac411" label="A" otu="otu2"/><nex:node id="061b296c-971f-4a6d-98ba-2decb0c9d46f" label="H" otu="otu3"/><nex:node id="f5fad038-f1e3-424f-8f6f-9d929577311d"/><nex:node id="d6ddf501-1ebb-4947-bb75-3cc48218c79c" label="K" otu="otu5"/><nex:node id="1bf40b71-1aae-492e-ba2d-6436792c0c47" label="NE" otu="otu6"/><nex:edge source="5a4f9547-ada9-4d7e-87fb-7c7613528586" target="416c8596-80dc-42f0-adbe-b2714bef9f51" id="edge0" length="0.18766551598488068"/><nex:edge source="5a4f9547-ada9-4d7e-87fb-7c7613528586" target="f5fad038-f1e3-424f-8f6f-9d929577311d" id="edge1" length="0.18766551598488068"/><nex:edge source="416c8596-80dc-42f0-adbe-b2714bef9f51" target="14f25c9a-b128-47d9-bc03-c279005ac411" id="edge2" length="0.6246689680302386"/><nex:edge source="416c8596-80dc-42f0-adbe-b2714bef9f51" target="061b296c-971f-4a6d-98ba-2decb0c9d46f" id="edge3" length="0.283841783581813"/><nex:edge source="f5fad038-f1e3-424f-8f6f-9d929577311d" target="d6ddf501-1ebb-4947-bb75-3cc48218c79c" id="edge4" length="0"/><nex:edge source="f5fad038-f1e3-424f-8f6f-9d929577311d" target="1bf40b71-1aae-492e-ba2d-6436792c0c47" id="edge5" length="0"/></nex:tree></nex:trees></nex:nexml></stemma>
    </xenoData>
  </teiHeader>
<TEI n="A"><text><cl><w n="0" lemma="kṛ"> kṛ</w><w n="1">mi</w><w n="2">ka</w><w n="3">rṇa</w></cl><cl><w n="4">pra</w><w n="5">ti</w><w n="6">nā</w><w n="7" lemma="hau">hau </w></cl><cl><w n="8">vi</w><w n="9">dra</w><w n="10">dhi</w></cl><cl><w n="11">rdvi</w><w n="12">vi</w><w n="13" lemma="dhaḥ">dhas </w></cl><cl><w n="14">ta</w><w n="15" lemma="thā">thā | </w></cl><cl><w n="16">ka</w><w n="17">rṇa</w><w n="18">pā</w><w n="19" lemma="kaḥ">kaḥ </w></cl><cl><w n="20">pū</w><w n="21">ti</w><w n="22">ka</w><w n="23">rṇa</w></cl><cl><w n="24">sta</w><w n="25">thai</w><w n="26">vā</w><w n="27" lemma="rśaḥ">rśaś </w></cl><cl><w n="28">ca</w><w n="29">tu</w><w n="30">rvi</w><w n="31" lemma="dhaṃ">dham || </w></cl></text></TEI><TEI n="H"><text><cl><w n="0" lemma="kri"> kri</w><w n="1">mi</w><w n="2">ka</w><w n="3" lemma="rṇaḥ">rṇṇaḥ </w></cl><cl><w n="4">pra</w><w n="5">tī</w><w n="6">nā</w><w n="7" lemma="hau">hau </w></cl><cl><w n="8">vi</w><w n="9">dra</w><w n="10" lemma="dhiḥ">dhir </w></cl><cl><w n="11" lemma="vi">vvi</w><w n="12">vi</w><w n="13" lemma="dhaḥ">dhas </w></cl><cl><w n="14">ta</w><w n="15" lemma="thā">thā | </w></cl><cl><w n="16">ka</w><w n="17" lemma="rṇa">rṇṇa</w><w n="18">pā</w><w n="19" lemma="kaḥ">kaḥ </w></cl><cl><w n="20">pū</w><w n="21">ti</w><w n="22">ka</w><w n="23" lemma="rṇaḥ">rṇṇas </w></cl><cl><w n="24">ta</w><w n="25">thai</w><w n="26">vā</w><w n="27" lemma="rśaḥ">rśaś </w></cl><cl><w n="28">ca</w><w n="29">tu</w><w n="30" lemma="rvi">rvvi</w><w n="31" lemma="dhaṃ">dhaṃ || </w></cl></text></TEI><TEI n="K"><text><cl><w n="0" lemma="kri"> kri</w><w n="1">mi</w><w n="2">ka</w><w n="3" lemma="rṇaḥ">rṇṇaḥ </w></cl><cl><w n="4">pra</w><w n="5">tī</w><w n="6">nā</w><w n="7" lemma="he">he </w></cl><cl><w n="8">vi</w><w n="9">dra</w><w n="10" lemma="dhiḥ">dhir </w></cl><cl><w n="11">vi</w><w n="12">vi</w><w n="13" lemma="dhaḥ">dhas </w></cl><cl><w n="14">ta</w><w n="15" lemma="thā">thā | </w></cl><cl><w n="16">ka</w><w n="17" lemma="rṇa">rṇṇa</w><w n="18">pā</w><w n="19" lemma="kaḥ">kaḥ </w></cl><cl><w n="20">pū</w><w n="21">ti</w><w n="22">ka</w><w n="23" lemma="rṇaḥ">rṇṇas </w></cl><cl><w n="24">ta</w><w n="25">thai</w><w n="26">vā</w><w n="27" lemma="rśaḥ">rśaś </w></cl><cl><w n="28">ca</w><w n="29">tu</w><w n="30">rvi</w><w n="31" lemma="dhaṃ">dhaṃ | </w></cl></text></TEI><TEI n="NE"><text><cl><w n="0" lemma="kri"> kri</w><w n="1">mi</w><w n="2">ka</w><w n="3" lemma="rṇaḥ">rṇṇaḥ </w></cl><cl><w n="4">pra</w><w n="5">tī</w><w n="6">nā</w><w n="7" lemma="he">he </w></cl><cl><w n="8">vi</w><w n="9">dra</w><w n="10" lemma="dhiḥ">dhir </w></cl><cl><w n="11">vi</w><w n="12">vi</w><w n="13" lemma="dhaḥ">dhas </w></cl><cl><w n="14">ta</w><w n="15" lemma="thā">thā | </w></cl><cl><w n="16">ka</w><w n="17" lemma="rṇa">rṇṇa</w><w n="18">pā</w><w n="19" lemma="kaḥ">kaḥ </w></cl><cl><w n="20">pū</w><w n="21">ti</w><w n="22">ka</w><w n="23" lemma="rṇaḥ">rṇṇas </w></cl><cl><w n="24">ta</w><w n="25">thai</w><w n="26">vā</w><w n="27" lemma="rśaḥ">rśaś </w></cl><cl><w n="28">ca</w><w n="29">tu</w><w n="30">rvi</w><w n="31" lemma="dhaṃ">dhaṃ | </w></cl></text></TEI></teiCorpus>