<?xml version="1.0" encoding="UTF-8"?>
<teiCorpus xmlns="http://www.tei-c.org/ns/1.0" xml:lang="sa-Latn">
  <teiHeader>
<listWit>
<witness xml:id="A" source="06-ut-vulgate-1938-1-30.xml">
<abbr>A</abbr>
<expan>Printed edition: Ācārya 1938: Uttaratantra 1-30</expan>
</witness>
<witness xml:id="K" source="kl_699_uttaratantra-1-30.xml">
<abbr>K</abbr>
<expan>MSS Kathmandu KL 699: Uttaratantra</expan>
<listWit>
<witness xml:id="Kac" n="ac">
<abbr>Kac</abbr>
<expan>MSS Kathmandu KL 699: Uttaratantra [ante correctionem]</expan>
</witness>
<witness xml:id="Kpc" n="pc">
<abbr type="siglum">Kpc</abbr>
<expan>MSS Kathmandu KL 699: Uttaratantra [post correctionem]</expan>
</witness>
</listWit>
</witness>
<witness xml:id="H" source="nak_5-333_uttaratantra-1-30.xml">
<abbr>H</abbr>
<expan>MS Kathmandu NAK 5-333, Uttaratantra</expan>
<listWit>
<witness xml:id="Hac" n="ac">
<abbr>Hac</abbr>
<expan>MS Kathmandu NAK 5-333, Uttaratantra [ante correctionem]</expan>
</witness>
<witness xml:id="Hpc" n="pc">
<abbr type="siglum">Hpc</abbr>
<expan>MS Kathmandu NAK 5-333, Uttaratantra [post correctionem]</expan>
</witness>
</listWit>
</witness>
<witness xml:id="NE" source="provisional-edition_uttaratantra-1-30.xml">
<abbr>NE</abbr>
<expan>The Nepalese Version of the Suśrutasaṃhitā, uttaratantra 1-30, based on the
                    Nepalese MSS</expan>
</witness>
</listWit>
    <encodingDesc>
      <editorialDecl>
        <segmentation>
          <ab type="tokenization">aksara</ab>
          <ab type="blockid">SS.6.18.104</ab>
          <ab type="targetedition">NE</ab>
          <ab type="scoring">
            <ab type="match">1</ab>
            <ab type="mismatch">-1</ab>
            <ab type="gapopen">-2</ab>
            <ab type="gapextend">-0.25</ab>
            <ab type="recursive">true</ab>
            <ab type="realigndepth">20</ab>
            <ab type="distancefunction">ngrams</ab>
            
          </ab>
        </segmentation>
        <normalization method="markup">
<ab>ignore punctuation</ab>
<ab>candrabindu as anusvāra</ab>
<ab>geminated aspirated consonants</ab>
<ab>geminated m after h</ab>
<ab>geminated t</ab>
<ab>geminated consonants after r</ab>
<ab>final nasal variants</ab>
<ab>internal nasal variants</ab>
<ab>final anusvāra variants</ab>
<ab>visarga aḥ before voiced consonants</ab>
<ab>visarga aḥ before vowels</ab>
<ab>visarga aḥ before unvoiced consonants and space + anusvāra</ab>
<ab>visarga āḥ variants</ab>
<ab>other visarga variants</ab>
<ab>superfluous avagrahas</ab>
<ab>double avagrahas</ab>
<ab>avagrahas to short a</ab>
<ab>internal visarga variants</ab>
<ab>final au/āv</ab>
<ab>final su</ab>
<ab>final i</ab>
<ab>kcch/kś</ab>
<ab>cś/tś</ab>
<ab>cch/ch</ab>
<ab>final t + hi</ab>
<ab>final t + voiced syllable</ab>
<ab>final t + n/m</ab>
<ab>final t + c/j</ab>
<ab>i/y + vowel</ab>
<ab>bhd for bdh</ab>
<ab>remove spaces</ab>
        </normalization>
        <ab type="tagfilters">
<tag subtype="ignore">pc</tag>
<tag subtype="ignore">head</tag>
<tag subtype="ignore">label</tag>
<tag subtype="ignore">note</tag>
<tag subtype="ignore">num</tag>
<tag subtype="ignore">locus</tag>
<tag subtype="ignore">supplied</tag>
<tag subtype="ignore">surplus</tag>
        </ab>
      </editorialDecl>
    </encodingDesc>
    <xenoData>
      <stemma format="nexml" id="stemma0"><nex:nexml xmlns:nex="http://www.nexml.org/2009" version="0.9"><nex:otus id="otus1"><nex:otu id="otu0" label="A"/><nex:otu id="otu1" label="K"/><nex:otu id="otu2" label="H"/><nex:otu id="otu3" label="NE"/></nex:otus><nex:trees otus="otus1" id="trees1"><nex:tree id="guidetree" label="guidetree" xsi:type="nex:FloatTree" xmlns:xsi="http://www.w3.org/2001/XMLSchema-instance"><nex:node id="4706e0de-5b0a-4aaa-9442-f2ed345ec2dc" root="true"/><nex:node id="87a4f939-4019-48b5-984d-f8e23e2f671c"/><nex:node id="5f52f790-73ff-4dc1-861c-468b8a2ef93e" label="A" otu="otu2"/><nex:node id="31e32b01-22b6-4d60-8635-dd426e0891df" label="K" otu="otu3"/><nex:node id="c5d207a5-facd-4c11-8c86-05e5b3645940"/><nex:node id="8c8cd8da-d386-4e07-b6e1-4f0b523b0fbc" label="H" otu="otu5"/><nex:node id="fcb2f01b-5e51-4367-8b1f-76f14bc0154e" label="NE" otu="otu6"/><nex:edge source="4706e0de-5b0a-4aaa-9442-f2ed345ec2dc" target="87a4f939-4019-48b5-984d-f8e23e2f671c" id="edge0" length="0"/><nex:edge source="4706e0de-5b0a-4aaa-9442-f2ed345ec2dc" target="c5d207a5-facd-4c11-8c86-05e5b3645940" id="edge1" length="0"/><nex:edge source="87a4f939-4019-48b5-984d-f8e23e2f671c" target="5f52f790-73ff-4dc1-861c-468b8a2ef93e" id="edge2" length="5.551115123125783e-17"/><nex:edge source="87a4f939-4019-48b5-984d-f8e23e2f671c" target="31e32b01-22b6-4d60-8635-dd426e0891df" id="edge3" length="5.551115123125783e-17"/><nex:edge source="c5d207a5-facd-4c11-8c86-05e5b3645940" target="8c8cd8da-d386-4e07-b6e1-4f0b523b0fbc" id="edge4" length="1"/><nex:edge source="c5d207a5-facd-4c11-8c86-05e5b3645940" target="fcb2f01b-5e51-4367-8b1f-76f14bc0154e" id="edge5" length="0"/></nex:tree></nex:trees></nex:nexml></stemma>
    </xenoData>
  </teiHeader>
<TEI n="A"><text><cl><w n="0" lemma="ā"> ā</w><w n="1">je</w><w n="2" lemma="na">na </w></cl><cl><w n="3">pa</w><w n="4">ya</w><w n="5" lemma="sā">sā </w></cl><cl><w n="6">pi</w><w n="7" lemma="ṣṭvā">ṣṭvā </w></cl><cl><w n="8">tā</w><w n="9">mra</w><w n="10">pā</w><w n="11" lemma="traṃ">traṃ </w></cl><cl><w n="12">pra</w><w n="13">le</w><w n="14">pa</w><w n="15">ye</w><w n="16" lemma="tsa">t | sa</w><w n="17">pta</w><w n="18">kṛ</w><w n="19" lemma="tvaḥ">tvas </w><w n="20" lemma="tu">tu </w><w n="21" lemma="tā">tā </w></cl><cl><w n="22">va</w><w n="23" lemma="rtyaḥ">rtyaś </w></cl><cl><w n="24">chā</w><w n="25">yā</w><w n="26">śu</w><w n="27" lemma="ṣkā">ṣkā </w></cl><cl><w n="28">ru</w><w n="29">jā</w><w n="30">pa</w><w n="31" lemma="hāḥ">hāḥ || </w></cl></text></TEI><TEI n="K"><text><cl><w n="0" lemma="ā"> ā</w><w n="1">je</w><w n="2" lemma="na">na </w></cl><cl><w n="3">pa</w><w n="4">ya</w><w n="5" lemma="sā">sā </w></cl><cl><w n="6">pi</w><w n="7" lemma="ṣṭvā">ṣṭvā </w></cl><cl><w n="8">tā</w><w n="9">mra</w><w n="10">pā</w><w n="11" lemma="traṃ">tram </w></cl><cl><w n="12">pra</w><w n="13">le</w><w n="14">pa</w><w n="15">ye</w><w n="16" lemma="tsa">t | sa</w><w n="17">pta</w><w n="18">kṛ</w><w n="19" lemma="tvaḥ">tvas </w><w n="20" lemma="tu">tu </w><w n="21" lemma="tā">tā </w></cl><cl><w n="22">va</w><w n="23" lemma="rtyaḥ">rttyaḥ </w></cl><cl><w n="24" lemma="chā">cchā</w><w n="25">yā</w><w n="26">śu</w><w n="27" lemma="ṣkā">ṣkā </w></cl><cl><w n="28">ru</w><w n="29">jā</w><w n="30">pa</w><w n="31" lemma="hā">hā | </w></cl></text></TEI><TEI n="H"><text><cl><w n="0" lemma="ā"> ā</w><w n="1">je</w><w n="2" lemma="na">na </w></cl><cl><w n="3">pa</w><w n="4">ya</w><w n="5" lemma="sā">sā </w></cl><cl><w n="6">pi</w><w n="7" lemma="ṣṭvā">ṣṭvā </w></cl><cl><w n="8">tā</w><w n="9">mra</w><w n="10">pā</w><w n="11" lemma="traṃ">tram </w></cl><cl><w n="12">pra</w><w n="13">le</w><w n="14">pa</w><w n="15">ye</w><w n="16" lemma="tsa">t || sa</w><w n="17">pta</w><w n="18">kṛ</w><w n="19" lemma="tyaḥ">tyas </w><w n="20" lemma="tu">tu </w><w n="21" lemma="tā">tā </w></cl><cl><w n="22">va</w><w n="23" lemma="rtyaḥ">rttyaḥ </w></cl><cl><w n="24">śchā</w><w n="25">yā</w><w n="26">śu</w><w n="27" lemma="ṣkā">ṣkā </w></cl><cl><w n="28">ru</w><w n="29">jā</w><w n="30">pa</w><w n="31" lemma="hā">hā | </w></cl></text></TEI><TEI n="NE"><text><cl><w n="0" lemma="ā"> ā</w><w n="1">je</w><w n="2" lemma="na">na </w></cl><cl><w n="3">pa</w><w n="4">ya</w><w n="5" lemma="sā">sā </w></cl><cl><w n="6">pi</w><w n="7" lemma="ṣṭvā">ṣṭvā </w></cl><cl><w n="8">tā</w><w n="9">mra</w><w n="10">pā</w><w n="11" lemma="traṃ">tram </w></cl><cl><w n="12">pra</w><w n="13">le</w><w n="14">pa</w><w n="15">ye</w><w n="16" lemma="tsa">t | sa</w><w n="17">pta</w><w n="18">kṛ</w><w n="19" lemma="tvaḥ">tvas </w><w n="20" lemma="tu">tu </w><w n="21" lemma="tā">tā </w></cl><cl><w n="22">va</w><w n="23" lemma="rtyaḥ">rttyaḥ </w></cl><cl><w n="24" lemma="chā">cchā</w><w n="25">yā</w><w n="26">śu</w><w n="27" lemma="ṣkā">ṣkā </w></cl><cl><w n="28">ru</w><w n="29">jā</w><w n="30">pa</w><w n="31" lemma="hā">hā | </w></cl></text></TEI></teiCorpus>