<?xml version="1.0" encoding="UTF-8"?>
<teiCorpus xmlns="http://www.tei-c.org/ns/1.0" xml:lang="sa-Latn">
  <teiHeader>
<listWit>
<witness xml:id="A" source="06-ut-vulgate-1938-1-30.xml">
<abbr>A</abbr>
<expan>Printed edition: Ācārya 1938: Uttaratantra 1-30</expan>
</witness>
<witness xml:id="K" source="kl_699_uttaratantra-1-30.xml">
<abbr>K</abbr>
<expan>MSS Kathmandu KL 699: Uttaratantra</expan>
<listWit>
<witness xml:id="Kac" n="ac">
<abbr>Kac</abbr>
<expan>MSS Kathmandu KL 699: Uttaratantra [ante correctionem]</expan>
</witness>
<witness xml:id="Kpc" n="pc">
<abbr type="siglum">Kpc</abbr>
<expan>MSS Kathmandu KL 699: Uttaratantra [post correctionem]</expan>
</witness>
</listWit>
</witness>
<witness xml:id="H" source="nak_5-333_uttaratantra-1-30.xml">
<abbr>H</abbr>
<expan>MS Kathmandu NAK 5-333, Uttaratantra</expan>
<listWit>
<witness xml:id="Hac" n="ac">
<abbr>Hac</abbr>
<expan>MS Kathmandu NAK 5-333, Uttaratantra [ante correctionem]</expan>
</witness>
<witness xml:id="Hpc" n="pc">
<abbr type="siglum">Hpc</abbr>
<expan>MS Kathmandu NAK 5-333, Uttaratantra [post correctionem]</expan>
</witness>
</listWit>
</witness>
<witness xml:id="NE" source="provisional-edition_uttaratantra-1-30.xml">
<abbr>NE</abbr>
<expan>The Nepalese Version of the Suśrutasaṃhitā, uttaratantra 1-30, based on the
                    Nepalese MSS</expan>
</witness>
</listWit>
    <encodingDesc>
      <editorialDecl>
        <segmentation>
          <ab type="tokenization">aksara</ab>
          <ab type="blockid">SS.6.20.7</ab>
          <ab type="targetedition">NE</ab>
          <ab type="scoring">
            <ab type="match">1</ab>
            <ab type="mismatch">-1</ab>
            <ab type="gapopen">-2</ab>
            <ab type="gapextend">-0.25</ab>
            <ab type="recursive">true</ab>
            <ab type="realigndepth">20</ab>
            <ab type="distancefunction">ngrams</ab>
            
          </ab>
        </segmentation>
        <normalization method="markup">
<ab>ignore punctuation</ab>
<ab>candrabindu as anusvāra</ab>
<ab>geminated aspirated consonants</ab>
<ab>geminated m after h</ab>
<ab>geminated t</ab>
<ab>geminated consonants after r</ab>
<ab>final nasal variants</ab>
<ab>internal nasal variants</ab>
<ab>final anusvāra variants</ab>
<ab>visarga aḥ before voiced consonants</ab>
<ab>visarga aḥ before vowels</ab>
<ab>visarga aḥ before unvoiced consonants and space + anusvāra</ab>
<ab>visarga āḥ variants</ab>
<ab>other visarga variants</ab>
<ab>superfluous avagrahas</ab>
<ab>double avagrahas</ab>
<ab>avagrahas to short a</ab>
<ab>internal visarga variants</ab>
<ab>final au/āv</ab>
<ab>final su</ab>
<ab>final i</ab>
<ab>kcch/kś</ab>
<ab>cś/tś</ab>
<ab>cch/ch</ab>
<ab>final t + hi</ab>
<ab>final t + voiced syllable</ab>
<ab>final t + n/m</ab>
<ab>final t + c/j</ab>
<ab>i/y + vowel</ab>
<ab>bhd for bdh</ab>
<ab>remove spaces</ab>
        </normalization>
        <ab type="tagfilters">
<tag subtype="ignore">pc</tag>
<tag subtype="ignore">head</tag>
<tag subtype="ignore">label</tag>
<tag subtype="ignore">note</tag>
<tag subtype="ignore">num</tag>
<tag subtype="ignore">locus</tag>
<tag subtype="ignore">supplied</tag>
<tag subtype="ignore">surplus</tag>
        </ab>
      </editorialDecl>
    </encodingDesc>
    <xenoData>
      <stemma format="nexml" id="stemma0"><nex:nexml xmlns:nex="http://www.nexml.org/2009" version="0.9"><nex:otus id="otus1"><nex:otu id="otu0" label="A"/><nex:otu id="otu1" label="Hac"/><nex:otu id="otu2" label="Hpc"/><nex:otu id="otu3" label="K"/><nex:otu id="otu4" label="NE"/></nex:otus><nex:trees otus="otus1" id="trees1"><nex:tree id="guidetree" label="guidetree" xsi:type="nex:FloatTree" xmlns:xsi="http://www.w3.org/2001/XMLSchema-instance"><nex:node id="7078c71c-720e-428e-bacd-4ee9032a8eab" root="true"/><nex:node id="bfbc563b-adc0-4471-b965-c1e249524ad7"/><nex:node id="b1b180f2-2340-4888-a244-d5d4bd9c769d" label="A" otu="otu2"/><nex:node id="9b48f7db-b945-4bba-960f-78f05b915bd1" label="Hac" otu="otu3"/><nex:node id="668430cc-73af-4a96-bae5-3ca79e4ac754"/><nex:node id="f59a4e38-cd8e-4617-bfd5-eca3247d0338"/><nex:node id="a01a5343-231d-4975-b55b-d08c2e2d074b" label="Hpc" otu="otu6"/><nex:node id="07b974e1-fa9a-4cfd-ba99-83151546d682" label="K" otu="otu7"/><nex:node id="12c93b0e-e6dd-49fe-9d35-cb05ad68e2c0" label="NE" otu="otu8"/><nex:edge source="7078c71c-720e-428e-bacd-4ee9032a8eab" target="bfbc563b-adc0-4471-b965-c1e249524ad7" id="edge0" length="0.1541969174795303"/><nex:edge source="7078c71c-720e-428e-bacd-4ee9032a8eab" target="668430cc-73af-4a96-bae5-3ca79e4ac754" id="edge1" length="0.1541969174795303"/><nex:edge source="bfbc563b-adc0-4471-b965-c1e249524ad7" target="b1b180f2-2340-4888-a244-d5d4bd9c769d" id="edge2" length="0.6916061650409393"/><nex:edge source="bfbc563b-adc0-4471-b965-c1e249524ad7" target="9b48f7db-b945-4bba-960f-78f05b915bd1" id="edge3" length="0.3083938349590607"/><nex:edge source="668430cc-73af-4a96-bae5-3ca79e4ac754" target="f59a4e38-cd8e-4617-bfd5-eca3247d0338" id="edge4" length="0"/><nex:edge source="668430cc-73af-4a96-bae5-3ca79e4ac754" target="12c93b0e-e6dd-49fe-9d35-cb05ad68e2c0" id="edge5" length="0.5000000000000001"/><nex:edge source="f59a4e38-cd8e-4617-bfd5-eca3247d0338" target="a01a5343-231d-4975-b55b-d08c2e2d074b" id="edge6" length="0"/><nex:edge source="f59a4e38-cd8e-4617-bfd5-eca3247d0338" target="07b974e1-fa9a-4cfd-ba99-83151546d682" id="edge7" length="0"/></nex:tree></nex:trees></nex:nexml></stemma>
    </xenoData>
  </teiHeader>
<TEI n="A"><text><cl><w n="0" lemma="ya"> ya</w><w n="1" lemma="dā">dā </w><w n="2" lemma="tu">tu </w></cl><cl><w n="3">nā</w><w n="4">ḍī</w><w n="5" lemma="ṣu">ṣu </w></cl><cl><w n="6">vi</w><w n="7">mā</w><w n="8">rga</w></cl><cl><w n="9">mā</w><w n="10">ga</w><w n="11" lemma="taḥ">taḥ </w></cl><cl><w n="12" lemma="sa">sa </w><w n="13">e</w><w n="14"/></cl><cl><w n="15"/><w n="16"/></cl><cl><w n="17"/><w n="18" lemma="va">va </w><w n="19">śa</w><w n="20">bdā</w><w n="21">bhi</w><w n="22">va</w><w n="23">hā</w><w n="24" lemma="su">su </w><w n="25">ti</w><w n="26">ṣṭha</w></cl><cl><w n="27" lemma="ti">ti | </w><w n="28">śrṇo</w><w n="29" lemma="ti">ti </w></cl><cl><w n="30">śa</w><w n="31">bdā</w><w n="32" lemma="nvi">n vi</w><w n="33">vi</w><w n="34">dhāṃ</w></cl><cl><w n="35">sta</w><w n="36" lemma="dā">dā </w></cl><cl><w n="37">na</w><w n="38" lemma="raḥ">raḥ </w></cl><cl><w n="39">pra</w><w n="40">ṇā</w><w n="41">da</w></cl><cl><w n="42">me</w><w n="43" lemma="naṃ">naṃ </w></cl><cl><w n="44">ka</w><w n="45">tha</w><w n="46" lemma="yaṃ">yan</w><w n="47" lemma="ti">ti </w></cl><cl><w n="48">cā</w><w n="49">ma</w><w n="50" lemma="yaṃ">yam || </w></cl></text></TEI><TEI n="Hac"><text><cl><w n="0" lemma="ya"> ya</w><w n="1" lemma="dā">dā </w><w n="2" lemma="ca">ca </w></cl><cl><w n="3">ti</w><w n="4">ṣṭhe</w><w n="5" lemma="ttu">t tu </w></cl><cl><w n="6">vi</w><w n="7">mā</w><w n="8" lemma="rgaṃ">rggam </w></cl><cl><w n="9">ā</w><w n="10">ga</w><w n="11" lemma="taḥ">taḥ </w></cl><cl><w n="12">sa</w><w n="13" lemma="me">me </w><w n="14"/></cl><cl><w n="15">nā</w><w n="16" lemma="ḍīṃ">ḍīṃ </w></cl><cl><w n="17">sa</w><w n="18">ha</w><w n="19">śa</w><w n="20">bda</w><w n="21"/><w n="22"/><w n="23"/><w n="24">vā</w><w n="25">hi</w><w n="26" lemma="nīṃ">nīṃ | </w></cl><cl><w n="27">śṛ</w><w n="28">ṇo</w><w n="29" lemma="ti">ti </w></cl><cl><w n="30">śa</w><w n="31">bdā</w><w n="32" lemma="nvi">n vi</w><w n="33">vi</w><w n="34" lemma="dhāṃ">dhān </w></cl><cl><w n="35">ta</w><w n="36" lemma="thā">thā </w></cl><cl><w n="37">na</w><w n="38" lemma="raḥ">raḥ </w></cl><cl><w n="39">pra</w><w n="40">ṇā</w><w n="41" lemma="daṃ">dam </w></cl><cl><w n="42">e</w><w n="43" lemma="naṃ">naṃ </w></cl><cl><w n="44">ka</w><w n="45">tha</w><w n="46" lemma="yaṃ">yan</w><w n="47" lemma="ti">ti </w></cl><cl><w n="48">cā</w><w n="49">ma</w><w n="50" lemma="yaṃ">yaṃ || </w></cl></text></TEI><TEI n="Hpc"><text><cl><w n="0" lemma="ya"> ya</w><w n="1" lemma="dā">dā </w><w n="2" lemma="ca">ca </w></cl><cl><w n="3">ti</w><w n="4">ṣṭhe</w><w n="5" lemma="ttu">t tu </w></cl><cl><w n="6">vi</w><w n="7">mā</w><w n="8" lemma="rgaṃ">rggam </w></cl><cl><w n="9">ā</w><w n="10">ga</w><w n="11" lemma="taḥ">taḥ </w></cl><cl><w n="12">sa</w><w n="13">me</w><w n="14" lemma="tya">tya3 </w></cl><cl><w n="15">nā</w><w n="16" lemma="ḍīṃ">ḍīṃ </w></cl><cl><w n="17">sa</w><w n="18">ha</w><w n="19">śa</w><w n="20">bda</w><w n="21"/><w n="22"/><w n="23"/><w n="24">vā</w><w n="25">hi</w><w n="26" lemma="nīṃ">nīṃ | </w></cl><cl><w n="27">śṛ</w><w n="28">ṇo</w><w n="29" lemma="ti">ti </w></cl><cl><w n="30">śa</w><w n="31">bdā</w><w n="32" lemma="nvi">n vi</w><w n="33">vi</w><w n="34" lemma="dhāṃ">dhān </w></cl><cl><w n="35">ta</w><w n="36" lemma="thā">thā </w></cl><cl><w n="37">na</w><w n="38" lemma="raḥ">raḥ </w></cl><cl><w n="39">pra</w><w n="40">ṇā</w><w n="41" lemma="daṃ">dam </w></cl><cl><w n="42">e</w><w n="43" lemma="naṃ">naṃ </w></cl><cl><w n="44">ka</w><w n="45">tha</w><w n="46" lemma="yaṃ">yan</w><w n="47" lemma="ti">ti </w></cl><cl><w n="48">cā</w><w n="49">ma</w><w n="50" lemma="yaṃ">yaṃ || </w></cl></text></TEI><TEI n="K"><text><cl><w n="0" lemma="ya"> ya</w><w n="1" lemma="dā">dā </w><w n="2" lemma="ca">ca </w></cl><cl><w n="3">ti</w><w n="4">ṣṭhe</w><w n="5" lemma="ttu">t tu </w></cl><cl><w n="6">vi</w><w n="7">mā</w><w n="8" lemma="rgaṃ">rgam </w></cl><cl><w n="9">ā</w><w n="10">ga</w><w n="11" lemma="taḥ">taḥ </w></cl><cl><w n="12">sa</w><w n="13">me</w><w n="14" lemma="tya">tya </w></cl><cl><w n="15">nā</w><w n="16" lemma="ḍīṃ">ḍīṃ </w></cl><cl><w n="17">sa</w><w n="18">ha</w><w n="19">śa</w><w n="20">bda</w><w n="21"/><w n="22"/><w n="23"/><w n="24">vā</w><w n="25">hi</w><w n="26" lemma="nīṃ">nīṃ | </w></cl><cl><w n="27">śṛ</w><w n="28">ṇo</w><w n="29" lemma="ti">ti </w></cl><cl><w n="30">śa</w><w n="31">bdā</w><w n="32" lemma="nvi">n vi</w><w n="33">vi</w><w n="34" lemma="dhāṃ">dhān </w></cl><cl><w n="35">ta</w><w n="36" lemma="thā">thā </w></cl><cl><w n="37">na</w><w n="38" lemma="raḥ">raḥ </w></cl><cl><w n="39">pra</w><w n="40">ṇā</w><w n="41" lemma="daṃ">dam </w></cl><cl><w n="42">e</w><w n="43" lemma="naṃ">naṃ </w></cl><cl><w n="44">ka</w><w n="45">tha</w><w n="46" lemma="yaṃ">yan</w><w n="47" lemma="ti">ti </w></cl><cl><w n="48">cā</w><w n="49">ma</w><w n="50" lemma="yaṃ">yaṃ | </w></cl></text></TEI><TEI n="NE"><text><cl><w n="0" lemma="ya"> ya</w><w n="1" lemma="dā">dā </w><w n="2" lemma="ca">ca </w></cl><cl><w n="3">ti</w><w n="4">ṣṭhe</w><w n="5" lemma="ttu">t tu </w></cl><cl><w n="6">vi</w><w n="7">mā</w><w n="8" lemma="rgaṃ">rgam </w></cl><cl><w n="9">ā</w><w n="10">ga</w><w n="11" lemma="taḥ">taḥ </w></cl><cl><w n="12">sa</w><w n="13">me</w><w n="14" lemma="tya">tya </w></cl><cl><w n="15">nā</w><w n="16" lemma="ḍīṃ">ḍīṃ </w></cl><cl><w n="17">sa</w><w n="18">ha</w><w n="19">śa</w><w n="20">bda</w><w n="21"/><w n="22"/><w n="23"/><w n="24">vā</w><w n="25">hi</w><w n="26" lemma="nīṃ">nīṃ | </w></cl><cl><w n="27">śṛ</w><w n="28">ṇo</w><w n="29" lemma="ti">ti </w></cl><cl><w n="30">śa</w><w n="31">bdā</w><w n="32" lemma="nvi">n vi</w><w n="33">vi</w><w n="34" lemma="dhāṃ">dhān </w></cl><cl><w n="35">ta</w><w n="36" lemma="thā">thā </w></cl><cl><w n="37">na</w><w n="38" lemma="raḥ">raḥ </w></cl><cl><w n="39">pra</w><w n="40">ṇā</w><w n="41" lemma="daṃ">dam </w></cl><cl><w n="42">e</w><w n="43" lemma="naṃ">naṃ </w></cl><cl><w n="44">ka</w><w n="45">tha</w><w n="46" lemma="yaṃ">yan</w><w n="47" lemma="ti">ti </w></cl><cl><w n="48">cā</w><w n="49">ma</w><w n="50" lemma="yaṃ">yaṃ | </w></cl></text></TEI></teiCorpus>