<?xml version="1.0" encoding="UTF-8"?>
<teiCorpus xmlns="http://www.tei-c.org/ns/1.0" xml:lang="sa-Latn">
  <teiHeader>
<listWit>
<witness xml:id="A" source="06-ut-vulgate-1938-1-30.xml">
<abbr>A</abbr>
<expan>Printed edition: Ācārya 1938: Uttaratantra 1-30</expan>
</witness>
<witness xml:id="K" source="kl_699_uttaratantra-1-30.xml">
<abbr>K</abbr>
<expan>MSS Kathmandu KL 699: Uttaratantra</expan>
<listWit>
<witness xml:id="Kac" n="ac">
<abbr>Kac</abbr>
<expan>MSS Kathmandu KL 699: Uttaratantra [ante correctionem]</expan>
</witness>
<witness xml:id="Kpc" n="pc">
<abbr type="siglum">Kpc</abbr>
<expan>MSS Kathmandu KL 699: Uttaratantra [post correctionem]</expan>
</witness>
</listWit>
</witness>
<witness xml:id="H" source="nak_5-333_uttaratantra-1-30.xml">
<abbr>H</abbr>
<expan>MS Kathmandu NAK 5-333, Uttaratantra</expan>
<listWit>
<witness xml:id="Hac" n="ac">
<abbr>Hac</abbr>
<expan>MS Kathmandu NAK 5-333, Uttaratantra [ante correctionem]</expan>
</witness>
<witness xml:id="Hpc" n="pc">
<abbr type="siglum">Hpc</abbr>
<expan>MS Kathmandu NAK 5-333, Uttaratantra [post correctionem]</expan>
</witness>
</listWit>
</witness>
<witness xml:id="NE" source="provisional-edition_uttaratantra-1-30.xml">
<abbr>NE</abbr>
<expan>The Nepalese Version of the Suśrutasaṃhitā, uttaratantra 1-30, based on the
                    Nepalese MSS</expan>
</witness>
</listWit>
    <encodingDesc>
      <editorialDecl>
        <segmentation>
          <ab type="tokenization">aksara</ab>
          <ab type="blockid">SS.6.13.5.1</ab>
          <ab type="targetedition">NE</ab>
          <ab type="scoring">
            <ab type="match">1</ab>
            <ab type="mismatch">-1</ab>
            <ab type="gapopen">-2</ab>
            <ab type="gapextend">-0.25</ab>
            <ab type="recursive">true</ab>
            <ab type="realigndepth">20</ab>
            <ab type="distancefunction">ngrams</ab>
            
          </ab>
        </segmentation>
        <normalization method="markup">
<ab>ignore punctuation</ab>
<ab>candrabindu as anusvāra</ab>
<ab>geminated aspirated consonants</ab>
<ab>geminated m after h</ab>
<ab>geminated t</ab>
<ab>geminated consonants after r</ab>
<ab>final nasal variants</ab>
<ab>internal nasal variants</ab>
<ab>final anusvāra variants</ab>
<ab>visarga aḥ before voiced consonants</ab>
<ab>visarga aḥ before vowels</ab>
<ab>visarga aḥ before unvoiced consonants and space + anusvāra</ab>
<ab>visarga āḥ variants</ab>
<ab>other visarga variants</ab>
<ab>superfluous avagrahas</ab>
<ab>double avagrahas</ab>
<ab>avagrahas to short a</ab>
<ab>internal visarga variants</ab>
<ab>final au/āv</ab>
<ab>final su</ab>
<ab>final i</ab>
<ab>kcch/kś</ab>
<ab>cś/tś</ab>
<ab>cch/ch</ab>
<ab>final t + hi</ab>
<ab>final t + voiced syllable</ab>
<ab>final t + n/m</ab>
<ab>final t + c/j</ab>
<ab>i/y + vowel</ab>
<ab>bhd for bdh</ab>
<ab>remove spaces</ab>
        </normalization>
        <ab type="tagfilters">
<tag subtype="ignore">pc</tag>
<tag subtype="ignore">head</tag>
<tag subtype="ignore">label</tag>
<tag subtype="ignore">note</tag>
<tag subtype="ignore">num</tag>
<tag subtype="ignore">locus</tag>
<tag subtype="ignore">supplied</tag>
<tag subtype="ignore">surplus</tag>
        </ab>
      </editorialDecl>
    </encodingDesc>
    <xenoData>
      <stemma format="nexml" id="stemma0"><nex:nexml xmlns:nex="http://www.nexml.org/2009" version="0.9"><nex:otus id="otus1"><nex:otu id="otu0" label="H"/><nex:otu id="otu1" label="K"/><nex:otu id="otu2" label="NE"/></nex:otus><nex:trees otus="otus1" id="trees1"><nex:tree id="guidetree" label="guidetree" xsi:type="nex:FloatTree" xmlns:xsi="http://www.w3.org/2001/XMLSchema-instance"><nex:node id="e4d1d2e4-b394-4449-b542-88d108a827ec" root="true"/><nex:node id="6ad2e9c4-0eeb-416a-b343-332d9332a95a"/><nex:node id="0f84e6b6-b820-45a9-8aac-ce1199a563ef" label="H" otu="otu2"/><nex:node id="9707b0ae-2a3a-4f8b-9c82-e08db2218b9f" label="K" otu="otu3"/><nex:node id="31320211-cc6a-4fa7-a030-0d98b423581d" label="NE" otu="otu4"/><nex:edge source="e4d1d2e4-b394-4449-b542-88d108a827ec" target="6ad2e9c4-0eeb-416a-b343-332d9332a95a" id="edge0" length="0"/><nex:edge source="e4d1d2e4-b394-4449-b542-88d108a827ec" target="31320211-cc6a-4fa7-a030-0d98b423581d" id="edge1" length="0"/><nex:edge source="6ad2e9c4-0eeb-416a-b343-332d9332a95a" target="0f84e6b6-b820-45a9-8aac-ce1199a563ef" id="edge2" length="1"/><nex:edge source="6ad2e9c4-0eeb-416a-b343-332d9332a95a" target="9707b0ae-2a3a-4f8b-9c82-e08db2218b9f" id="edge3" length="0"/></nex:tree></nex:trees></nex:nexml></stemma>
    </xenoData>
  </teiHeader>
<TEI n="H"><text><w n="0" lemma="va"> va</w><cl><w n="1">rtma</w><w n="2">nā</w><w n="3" lemma="veḥ">veś </w><w n="4" lemma="ca">ca </w><w n="5" lemma="taṃ">taṃ </w></cl><cl><w n="6">plo</w><w n="7" lemma="taṃ">taṃ </w></cl><cl><w n="8">sa</w><w n="9">sya</w><w n="10" lemma="sthiṃ">sthin </w><w n="11">na</w></cl><cl><w n="12">la</w><w n="13" lemma="taḥ">to </w></cl><cl><w n="14">li</w><w n="15">khe</w><w n="16" lemma="t">t || </w></cl></text></TEI><TEI n="K"><text><w n="0" lemma=""> </w><cl><w n="1">va</w><w n="2">rtvyā</w><w n="3" lemma="veḥ">veś </w><w n="4" lemma="ca">ca </w><w n="5" lemma="ta">ta </w></cl><cl><w n="6">plo</w><w n="7" lemma="taṃ">taṃ </w></cl><cl><w n="8">sa</w><w n="9" lemma="syaḥṃ">syas n</w><w n="10"/><w n="11" lemma="naṃ">naṃ </w></cl><cl><w n="12">ta</w><w n="13" lemma="taḥ">to </w></cl><cl><w n="14">li</w><w n="15">khe</w><w n="16" lemma="t">t | </w></cl></text></TEI><TEI n="NE"><text><w n="0" lemma=""> </w><cl><w n="1">va</w><w n="2">rtvyā</w><w n="3" lemma="veḥ">veś </w><w n="4" lemma="ca">ca </w><w n="5" lemma="ta">ta </w></cl><cl><w n="6">plo</w><w n="7" lemma="taṃ">taṃ </w></cl><cl><w n="8">sa</w><w n="9" lemma="syaḥṃ">syas n</w><w n="10"/><w n="11" lemma="naṃ">naṃ </w></cl><cl><w n="12">ta</w><w n="13" lemma="taḥ">to </w></cl><cl><w n="14">li</w><w n="15">khe</w><w n="16" lemma="t">t | </w></cl></text></TEI></teiCorpus>