<?xml version="1.0" encoding="UTF-8"?>
<teiCorpus xmlns="http://www.tei-c.org/ns/1.0" xml:lang="sa-Latn">
  <teiHeader>
<listWit>
<witness xml:id="A" source="06-ut-vulgate-1938-1-30.xml">
<abbr>A</abbr>
<expan>Printed edition: Ācārya 1938: Uttaratantra 1-30</expan>
</witness>
<witness xml:id="K" source="kl_699_uttaratantra-1-30.xml">
<abbr>K</abbr>
<expan>MSS Kathmandu KL 699: Uttaratantra</expan>
<listWit>
<witness xml:id="Kac" n="ac">
<abbr>Kac</abbr>
<expan>MSS Kathmandu KL 699: Uttaratantra [ante correctionem]</expan>
</witness>
<witness xml:id="Kpc" n="pc">
<abbr type="siglum">Kpc</abbr>
<expan>MSS Kathmandu KL 699: Uttaratantra [post correctionem]</expan>
</witness>
</listWit>
</witness>
<witness xml:id="H" source="nak_5-333_uttaratantra-1-30.xml">
<abbr>H</abbr>
<expan>MS Kathmandu NAK 5-333, Uttaratantra</expan>
<listWit>
<witness xml:id="Hac" n="ac">
<abbr>Hac</abbr>
<expan>MS Kathmandu NAK 5-333, Uttaratantra [ante correctionem]</expan>
</witness>
<witness xml:id="Hpc" n="pc">
<abbr type="siglum">Hpc</abbr>
<expan>MS Kathmandu NAK 5-333, Uttaratantra [post correctionem]</expan>
</witness>
</listWit>
</witness>
<witness xml:id="NE" source="provisional-edition_uttaratantra-1-30.xml">
<abbr>NE</abbr>
<expan>The Nepalese Version of the Suśrutasaṃhitā, uttaratantra 1-30, based on the
                    Nepalese MSS</expan>
</witness>
</listWit>
    <encodingDesc>
      <editorialDecl>
        <segmentation>
          <ab type="tokenization">aksara</ab>
          <ab type="blockid">SS.6.17.40</ab>
          <ab type="targetedition">NE</ab>
          <ab type="scoring">
            <ab type="match">1</ab>
            <ab type="mismatch">-1</ab>
            <ab type="gapopen">-2</ab>
            <ab type="gapextend">-0.25</ab>
            <ab type="recursive">true</ab>
            <ab type="realigndepth">20</ab>
            <ab type="distancefunction">ngrams</ab>
            
          </ab>
        </segmentation>
        <normalization method="markup">
<ab>ignore punctuation</ab>
<ab>candrabindu as anusvāra</ab>
<ab>geminated aspirated consonants</ab>
<ab>geminated m after h</ab>
<ab>geminated t</ab>
<ab>geminated consonants after r</ab>
<ab>final nasal variants</ab>
<ab>internal nasal variants</ab>
<ab>final anusvāra variants</ab>
<ab>visarga aḥ before voiced consonants</ab>
<ab>visarga aḥ before vowels</ab>
<ab>visarga aḥ before unvoiced consonants and space + anusvāra</ab>
<ab>visarga āḥ variants</ab>
<ab>other visarga variants</ab>
<ab>superfluous avagrahas</ab>
<ab>double avagrahas</ab>
<ab>avagrahas to short a</ab>
<ab>internal visarga variants</ab>
<ab>final au/āv</ab>
<ab>final su</ab>
<ab>final i</ab>
<ab>kcch/kś</ab>
<ab>cś/tś</ab>
<ab>cch/ch</ab>
<ab>final t + hi</ab>
<ab>final t + voiced syllable</ab>
<ab>final t + n/m</ab>
<ab>final t + c/j</ab>
<ab>i/y + vowel</ab>
<ab>bhd for bdh</ab>
<ab>remove spaces</ab>
        </normalization>
        <ab type="tagfilters">
<tag subtype="ignore">pc</tag>
<tag subtype="ignore">head</tag>
<tag subtype="ignore">label</tag>
<tag subtype="ignore">note</tag>
<tag subtype="ignore">num</tag>
<tag subtype="ignore">locus</tag>
<tag subtype="ignore">supplied</tag>
<tag subtype="ignore">surplus</tag>
        </ab>
      </editorialDecl>
    </encodingDesc>
    <xenoData>
      <stemma format="nexml" id="stemma0"><nex:nexml xmlns:nex="http://www.nexml.org/2009" version="0.9"><nex:otus id="otus1"><nex:otu id="otu0" label="A"/><nex:otu id="otu1" label="K"/><nex:otu id="otu2" label="H"/><nex:otu id="otu3" label="NE"/></nex:otus><nex:trees otus="otus1" id="trees1"><nex:tree id="guidetree" label="guidetree" xsi:type="nex:FloatTree" xmlns:xsi="http://www.w3.org/2001/XMLSchema-instance"><nex:node id="2b25c5a7-24f6-41ba-822d-4b566dd2744e" root="true"/><nex:node id="347e9666-0b49-4a12-8904-66877f7b1028"/><nex:node id="a5f7cb97-2f43-41fd-a8a1-4068b9d6b90c" label="A" otu="otu2"/><nex:node id="b6dc4090-81a9-491b-b26d-5fc8d84bb819" label="K" otu="otu3"/><nex:node id="65387ee3-1394-4314-a526-2d2d3f8aa987"/><nex:node id="831bc687-5352-41ee-a0fa-0c9f7ba77878" label="H" otu="otu5"/><nex:node id="6cfbb1bc-967d-4fd6-bec3-e1660c50d4c7" label="NE" otu="otu6"/><nex:edge source="2b25c5a7-24f6-41ba-822d-4b566dd2744e" target="347e9666-0b49-4a12-8904-66877f7b1028" id="edge0" length="0.2204481774083648"/><nex:edge source="2b25c5a7-24f6-41ba-822d-4b566dd2744e" target="65387ee3-1394-4314-a526-2d2d3f8aa987" id="edge1" length="0.2204481774083648"/><nex:edge source="347e9666-0b49-4a12-8904-66877f7b1028" target="a5f7cb97-2f43-41fd-a8a1-4068b9d6b90c" id="edge2" length="0.5377340757592866"/><nex:edge source="347e9666-0b49-4a12-8904-66877f7b1028" target="b6dc4090-81a9-491b-b26d-5fc8d84bb819" id="edge3" length="0.46226592424071344"/><nex:edge source="65387ee3-1394-4314-a526-2d2d3f8aa987" target="831bc687-5352-41ee-a0fa-0c9f7ba77878" id="edge4" length="0"/><nex:edge source="65387ee3-1394-4314-a526-2d2d3f8aa987" target="6cfbb1bc-967d-4fd6-bec3-e1660c50d4c7" id="edge5" length="0"/></nex:tree></nex:trees></nex:nexml></stemma>
    </xenoData>
  </teiHeader>
<TEI n="A"><text><w n="0" lemma="bhi"> bhi</w><cl><w n="1">llo</w><w n="2">ṭa</w><w n="3">ga</w><w n="4">ndho</w><w n="5">da</w><w n="6">ka</w><w n="7">se</w><w n="8">ka</w><w n="9">se</w><w n="10">ci</w><w n="11" lemma="taṃ">taṃ </w><w n="12">pra</w><w n="13" lemma="tyaṃ">tyañ</w><w n="14">ja</w><w n="15" lemma="ne">ne </w><w n="16">cā</w><w n="17" lemma="tra">tra </w><w n="18">hi</w><w n="19" lemma="taṃ">taṃ </w><w n="20" lemma="tu">tu </w><w n="21">tu</w><w n="22" lemma="tha">ttha</w><w n="23" lemma="kaṃ">kam | </w><w n="24">sa</w><w n="25">me</w><w n="26">ṣa</w><w n="27" lemma="śṛṃ">śṛṅ</w><w n="28" lemma="gāṃ">gāñ</w><w n="29">ja</w><w n="30">na</w><w n="31">bhā</w><w n="32">ga</w><w n="33">saṃ</w><w n="34">mi</w><w n="35" lemma="taṃ">taṃ </w></cl><cl><w n="36">ja</w><w n="37"/></cl><cl><w n="38">lo</w><w n="39">dbha</w><w n="40"/><w n="41" lemma="vaṃ">vaṃ </w><w n="42">kā</w><w n="43">ca</w><w n="44">ma</w><w n="45" lemma="laṃ">laṃ </w></cl><cl><w n="46">vya</w><w n="47">po</w><w n="48">ha</w><w n="49" lemma="ti">ti || </w></cl></text></TEI><TEI n="K"><text><w n="0" lemma=""> </w><cl><w n="1"/><w n="2"/><w n="3"/><w n="4"/><w n="5"/><w n="6"/><w n="7"/><w n="8"/><w n="9"/><w n="10"/><w n="11"/><w n="12"/><w n="13"/><w n="14"/><w n="15"/><w n="16"/><w n="17"/><w n="18"/><w n="19"/><w n="20"/><w n="21"/><w n="22"/><w n="23"/><w n="24">sa</w><w n="25">me</w><w n="26">ṣa</w><w n="27" lemma="sṛṃ">sṛṅ</w><w n="28" lemma="gāṃ">gāñ</w><w n="29">ja</w><w n="30">na</w><w n="31">bhā</w><w n="32">ga</w><w n="33" lemma="saṃ">sam</w><w n="34">mi</w><w n="35" lemma="taḥ">taḥ </w></cl><cl><w n="36">sa</w><w n="37" lemma="ṅkhaḥ">ṅkho </w></cl><cl><w n="38" lemma="aṃ">ñ</w><w n="39">ja</w><w n="40">nā</w><w n="41"/><w n="42" lemma="tkā">t kā</w><w n="43">ca</w><w n="44">ma</w><w n="45" lemma="laṃ">laṃ </w></cl><cl><w n="46">vya</w><w n="47">po</w><w n="48">ha</w><w n="49" lemma="ti">ti || </w></cl></text></TEI><TEI n="H"><text><w n="0" lemma=""> </w><cl><w n="1"/><w n="2"/><w n="3"/><w n="4"/><w n="5"/><w n="6"/><w n="7"/><w n="8"/><w n="9"/><w n="10"/><w n="11"/><w n="12"/><w n="13"/><w n="14"/><w n="15"/><w n="16"/><w n="17"/><w n="18"/><w n="19"/><w n="20"/><w n="21"/><w n="22"/><w n="23"/><w n="24">sa</w><w n="25">me</w><w n="26">ṣa</w><w n="27" lemma="śṛṃ">śṛṅ</w><w n="28" lemma="gāṃ">gāñ</w><w n="29">ja</w><w n="30">na</w><w n="31">bhā</w><w n="32">ga</w><w n="33" lemma="saṃ">sam</w><w n="34">mi</w><w n="35" lemma="taḥ">taḥ </w></cl><cl><w n="36">śa</w><w n="37" lemma="ṅkhaḥ">ṅkho </w></cl><cl><w n="38" lemma="aṃ">ñ</w><w n="39">ja</w><w n="40">nā</w><w n="41"/><w n="42" lemma="tkā">t kā</w><w n="43">ca</w><w n="44">ma</w><w n="45" lemma="laṃ">laṃ </w></cl><cl><w n="46">vya</w><w n="47">po</w><w n="48">ha</w><w n="49" lemma="ti">ti || </w></cl></text></TEI><TEI n="NE"><text><w n="0" lemma=""> </w><cl><w n="1"/><w n="2"/><w n="3"/><w n="4"/><w n="5"/><w n="6"/><w n="7"/><w n="8"/><w n="9"/><w n="10"/><w n="11"/><w n="12"/><w n="13"/><w n="14"/><w n="15"/><w n="16"/><w n="17"/><w n="18"/><w n="19"/><w n="20"/><w n="21"/><w n="22"/><w n="23"/><w n="24">sa</w><w n="25">me</w><w n="26">ṣa</w><w n="27" lemma="śṛṃ">śṛṅ</w><w n="28" lemma="gāṃ">gāñ</w><w n="29">ja</w><w n="30">na</w><w n="31">bhā</w><w n="32">ga</w><w n="33" lemma="saṃ">sam</w><w n="34">mi</w><w n="35" lemma="taḥ">taḥ </w></cl><cl><w n="36">śa</w><w n="37" lemma="ṅkhaḥ">ṅkho </w></cl><cl><w n="38" lemma="aṃ">'ñ</w><w n="39">ja</w><w n="40">nā</w><w n="41"/><w n="42" lemma="tkā">t kā</w><w n="43">ca</w><w n="44">ma</w><w n="45" lemma="laṃ">laṃ </w></cl><cl><w n="46">vya</w><w n="47">po</w><w n="48">ha</w><w n="49" lemma="ti">ti | </w></cl></text></TEI></teiCorpus>