<?xml version="1.0" encoding="UTF-8"?>
<teiCorpus xmlns="http://www.tei-c.org/ns/1.0" xml:lang="sa-Latn">
  <teiHeader>
<listWit>
<witness xml:id="A" source="06-ut-vulgate-1938-1-30.xml">
<abbr>A</abbr>
<expan>Printed edition: Ācārya 1938: Uttaratantra 1-30</expan>
</witness>
<witness xml:id="K" source="kl_699_uttaratantra-1-30.xml">
<abbr>K</abbr>
<expan>MSS Kathmandu KL 699: Uttaratantra</expan>
<listWit>
<witness xml:id="Kac" n="ac">
<abbr>Kac</abbr>
<expan>MSS Kathmandu KL 699: Uttaratantra [ante correctionem]</expan>
</witness>
<witness xml:id="Kpc" n="pc">
<abbr type="siglum">Kpc</abbr>
<expan>MSS Kathmandu KL 699: Uttaratantra [post correctionem]</expan>
</witness>
</listWit>
</witness>
<witness xml:id="H" source="nak_5-333_uttaratantra-1-30.xml">
<abbr>H</abbr>
<expan>MS Kathmandu NAK 5-333, Uttaratantra</expan>
<listWit>
<witness xml:id="Hac" n="ac">
<abbr>Hac</abbr>
<expan>MS Kathmandu NAK 5-333, Uttaratantra [ante correctionem]</expan>
</witness>
<witness xml:id="Hpc" n="pc">
<abbr type="siglum">Hpc</abbr>
<expan>MS Kathmandu NAK 5-333, Uttaratantra [post correctionem]</expan>
</witness>
</listWit>
</witness>
<witness xml:id="NE" source="provisional-edition_uttaratantra-1-30.xml">
<abbr>NE</abbr>
<expan>The Nepalese Version of the Suśrutasaṃhitā, uttaratantra 1-30, based on the
                    Nepalese MSS</expan>
</witness>
</listWit>
    <encodingDesc>
      <editorialDecl>
        <segmentation>
          <ab type="tokenization">aksara</ab>
          <ab type="blockid">SS.6.18.68</ab>
          <ab type="targetedition">NE</ab>
          <ab type="scoring">
            <ab type="match">1</ab>
            <ab type="mismatch">-1</ab>
            <ab type="gapopen">-2</ab>
            <ab type="gapextend">-0.25</ab>
            <ab type="recursive">true</ab>
            <ab type="realigndepth">20</ab>
            <ab type="distancefunction">ngrams</ab>
            
          </ab>
        </segmentation>
        <normalization method="markup">
<ab>ignore punctuation</ab>
<ab>candrabindu as anusvāra</ab>
<ab>geminated aspirated consonants</ab>
<ab>geminated m after h</ab>
<ab>geminated t</ab>
<ab>geminated consonants after r</ab>
<ab>final nasal variants</ab>
<ab>internal nasal variants</ab>
<ab>final anusvāra variants</ab>
<ab>visarga aḥ before voiced consonants</ab>
<ab>visarga aḥ before vowels</ab>
<ab>visarga aḥ before unvoiced consonants and space + anusvāra</ab>
<ab>visarga āḥ variants</ab>
<ab>other visarga variants</ab>
<ab>superfluous avagrahas</ab>
<ab>double avagrahas</ab>
<ab>avagrahas to short a</ab>
<ab>internal visarga variants</ab>
<ab>final au/āv</ab>
<ab>final su</ab>
<ab>final i</ab>
<ab>kcch/kś</ab>
<ab>cś/tś</ab>
<ab>cch/ch</ab>
<ab>final t + hi</ab>
<ab>final t + voiced syllable</ab>
<ab>final t + n/m</ab>
<ab>final t + c/j</ab>
<ab>i/y + vowel</ab>
<ab>bhd for bdh</ab>
<ab>remove spaces</ab>
        </normalization>
        <ab type="tagfilters">
<tag subtype="ignore">pc</tag>
<tag subtype="ignore">head</tag>
<tag subtype="ignore">label</tag>
<tag subtype="ignore">note</tag>
<tag subtype="ignore">num</tag>
<tag subtype="ignore">locus</tag>
<tag subtype="ignore">supplied</tag>
<tag subtype="ignore">surplus</tag>
        </ab>
      </editorialDecl>
    </encodingDesc>
    <xenoData>
      <stemma format="nexml" id="stemma0"><nex:nexml xmlns:nex="http://www.nexml.org/2009" version="0.9"><nex:otus id="otus1"><nex:otu id="otu0" label="A"/><nex:otu id="otu1" label="H"/><nex:otu id="otu2" label="K"/><nex:otu id="otu3" label="NE"/></nex:otus><nex:trees otus="otus1" id="trees1"><nex:tree id="guidetree" label="guidetree" xsi:type="nex:FloatTree" xmlns:xsi="http://www.w3.org/2001/XMLSchema-instance"><nex:node id="62698923-26b6-47c6-8092-4d78f4f77832" root="true"/><nex:node id="0af5c3cc-9d9b-4d97-8fc8-3b5b769c4dce"/><nex:node id="29aeff9d-edff-4e76-b1cf-5ba92e640b3a" label="A" otu="otu2"/><nex:node id="df26ad25-31fc-4370-aa79-a717d39022c8" label="H" otu="otu3"/><nex:node id="7dd86ac2-ae4b-4de0-ae4b-bd47fea5d6ca"/><nex:node id="5337c032-365d-45ce-9f31-a21a7b7d467d" label="K" otu="otu5"/><nex:node id="f38ce1f2-086e-4637-9f18-37307e27c786" label="NE" otu="otu6"/><nex:edge source="62698923-26b6-47c6-8092-4d78f4f77832" target="0af5c3cc-9d9b-4d97-8fc8-3b5b769c4dce" id="edge0" length="0.2453257617787088"/><nex:edge source="62698923-26b6-47c6-8092-4d78f4f77832" target="7dd86ac2-ae4b-4de0-ae4b-bd47fea5d6ca" id="edge1" length="0.2453257617787088"/><nex:edge source="0af5c3cc-9d9b-4d97-8fc8-3b5b769c4dce" target="29aeff9d-edff-4e76-b1cf-5ba92e640b3a" id="edge2" length="0.5093484764425824"/><nex:edge source="0af5c3cc-9d9b-4d97-8fc8-3b5b769c4dce" target="df26ad25-31fc-4370-aa79-a717d39022c8" id="edge3" length="0.4906515235574176"/><nex:edge source="7dd86ac2-ae4b-4de0-ae4b-bd47fea5d6ca" target="5337c032-365d-45ce-9f31-a21a7b7d467d" id="edge4" length="4.440892098500626e-16"/><nex:edge source="7dd86ac2-ae4b-4de0-ae4b-bd47fea5d6ca" target="f38ce1f2-086e-4637-9f18-37307e27c786" id="edge5" length="0"/></nex:tree></nex:trees></nex:nexml></stemma>
    </xenoData>
  </teiHeader>
<TEI n="A"><text><w n="0" lemma="pra"> pra</w><cl><w n="1">kṣā</w><w n="2">lyā</w><w n="3" lemma="kṣi">kṣi </w><w n="4">ya</w><w n="5">thā</w><w n="6">do</w><w n="7"/><w n="8"/><w n="9"/></cl><cl><w n="10"/><w n="11"/></cl><cl><w n="12"/><w n="13"/></cl><cl><w n="14" lemma="ṣaṃ">ṣaṃ </w><w n="15">kā</w><w n="16" lemma="ryaṃ">ryaṃ </w><w n="17">pra</w><w n="18" lemma="tyaṃ">tyañ</w><w n="19">ja</w><w n="20" lemma="naṃ">naṃ </w><w n="21">ta</w><w n="22" lemma="taḥ">taḥ | </w></cl><cl><w n="23">śra</w><w n="24">mo</w><w n="25">dā</w><w n="26">va</w><w n="27">rta</w><w n="28">ru</w><w n="29">di</w><w n="30">ta</w><w n="31">ma</w><w n="32">dya</w><w n="33">kro</w><w n="34">dha</w><w n="35">bha</w><w n="36">ya</w><w n="37">jva</w><w n="38" lemma="raiḥ">raiḥ || </w></cl></text></TEI><TEI n="H"><text><w n="0" lemma="a"> a</w><cl><w n="1">bā</w><w n="2">dha</w><w n="3">mā</w><w n="4"/><w n="5"/><w n="6"/><w n="7">nā</w><w n="8" lemma="tba">d ba</w><w n="9" lemma="hiḥ">his </w></cl><cl><w n="10">ti</w><w n="11">ṣṭha</w></cl><cl><w n="12" lemma="nbhū">n bhū</w><w n="13" lemma="yaḥ">yaḥ </w></cl><cl><w n="14" lemma="saṃ">sañ</w><w n="15">jā</w><w n="16">ya</w><w n="17" lemma="te">te </w><w n="18"/><w n="19"/><w n="20"/><w n="21">bha</w><w n="22" lemma="yaṃ">yaṃ | </w></cl><cl><w n="23">śra</w><w n="24">mo</w><w n="25">dā</w><w n="26">va</w><w n="27" lemma="rta">rtta</w><w n="28">ru</w><w n="29">di</w><w n="30" lemma="ta">ta,</w><w n="31">ma</w><w n="32">dya</w><w n="33">kro</w><w n="34">dha</w><w n="35">bha</w><w n="36">ya</w><w n="37">jva</w><w n="38" lemma="raiḥ">raiḥ || </w></cl></text></TEI><TEI n="K"><text><w n="0" lemma=""> </w><cl><w n="1"/><w n="2"/><w n="3"/><w n="4">a</w><w n="5">dhā</w><w n="6">va</w><w n="7">nā</w><w n="8" lemma="tba">d ba</w><w n="9" lemma="hiḥ">his </w></cl><cl><w n="10">ti</w><w n="11" lemma="ṣṭhaṃ">ṣṭhaṃ </w></cl><cl><w n="12">bhū</w><w n="13" lemma="yaḥ">yaḥ </w></cl><cl><w n="14" lemma="saṃ">sañ</w><w n="15"/><w n="16"/><w n="17"/><w n="18">ja</w><w n="19">na</w><w n="20">ye</w><w n="21" lemma="tbha">d bha</w><w n="22" lemma="yaṃ">yaṃ | </w></cl><cl><w n="23">śra</w><w n="24">mo</w><w n="25">dā</w><w n="26">va</w><w n="27" lemma="rta">rtta</w><w n="28">ru</w><w n="29">di</w><w n="30">ta</w><w n="31">ma</w><w n="32">dya</w><w n="33">kro</w><w n="34">dha</w><w n="35">bha</w><w n="36">ya</w><w n="37">jva</w><w n="38" lemma="raiḥ">raiḥ | </w></cl></text></TEI><TEI n="NE"><text><w n="0" lemma=""> </w><cl><w n="1"/><w n="2"/><w n="3"/><w n="4">a</w><w n="5">dhā</w><w n="6">va</w><w n="7">nā</w><w n="8" lemma="tba">d ba</w><w n="9" lemma="hiḥ">his </w></cl><cl><w n="10">ti</w><w n="11" lemma="ṣṭhaṃ">ṣṭhaṃ </w></cl><cl><w n="12">bhū</w><w n="13" lemma="yaḥ">yaḥ </w></cl><cl><w n="14" lemma="saṃ">sañ</w><w n="15"/><w n="16"/><w n="17"/><w n="18">ja</w><w n="19">na</w><w n="20">ye</w><w n="21" lemma="tbha">d bha</w><w n="22" lemma="yaṃ">yaṃ | </w></cl><cl><w n="23">śra</w><w n="24">mo</w><w n="25">dā</w><w n="26">va</w><w n="27" lemma="rta">rtta</w><w n="28">ru</w><w n="29">di</w><w n="30">ta</w><w n="31">ma</w><w n="32">dya</w><w n="33">kro</w><w n="34">dha</w><w n="35">bha</w><w n="36">ya</w><w n="37">jva</w><w n="38" lemma="raiḥ">raiḥ | </w></cl></text></TEI></teiCorpus>