<?xml version="1.0" encoding="UTF-8"?>
<teiCorpus xmlns="http://www.tei-c.org/ns/1.0" xml:lang="sa-Latn">
  <teiHeader>
<listWit>
<witness xml:id="A" source="06-ut-vulgate-1938-1-30.xml">
<abbr>A</abbr>
<expan>Printed edition: Ācārya 1938: Uttaratantra 1-30</expan>
</witness>
<witness xml:id="K" source="kl_699_uttaratantra-1-30.xml">
<abbr>K</abbr>
<expan>MSS Kathmandu KL 699: Uttaratantra</expan>
<listWit>
<witness xml:id="Kac" n="ac">
<abbr>Kac</abbr>
<expan>MSS Kathmandu KL 699: Uttaratantra [ante correctionem]</expan>
</witness>
<witness xml:id="Kpc" n="pc">
<abbr type="siglum">Kpc</abbr>
<expan>MSS Kathmandu KL 699: Uttaratantra [post correctionem]</expan>
</witness>
</listWit>
</witness>
<witness xml:id="H" source="nak_5-333_uttaratantra-1-30.xml">
<abbr>H</abbr>
<expan>MS Kathmandu NAK 5-333, Uttaratantra</expan>
<listWit>
<witness xml:id="Hac" n="ac">
<abbr>Hac</abbr>
<expan>MS Kathmandu NAK 5-333, Uttaratantra [ante correctionem]</expan>
</witness>
<witness xml:id="Hpc" n="pc">
<abbr type="siglum">Hpc</abbr>
<expan>MS Kathmandu NAK 5-333, Uttaratantra [post correctionem]</expan>
</witness>
</listWit>
</witness>
<witness xml:id="NE" source="provisional-edition_uttaratantra-1-30.xml">
<abbr>NE</abbr>
<expan>The Nepalese Version of the Suśrutasaṃhitā, uttaratantra 1-30, based on the
                    Nepalese MSS</expan>
</witness>
</listWit>
    <encodingDesc>
      <editorialDecl>
        <segmentation>
          <ab type="tokenization">aksara</ab>
          <ab type="blockid">SS.6.12.15</ab>
          <ab type="targetedition">NE</ab>
          <ab type="scoring">
            <ab type="match">1</ab>
            <ab type="mismatch">-1</ab>
            <ab type="gapopen">-2</ab>
            <ab type="gapextend">-0.25</ab>
            <ab type="recursive">true</ab>
            <ab type="realigndepth">20</ab>
            <ab type="distancefunction">ngrams</ab>
            
          </ab>
        </segmentation>
        <normalization method="markup">
<ab>ignore punctuation</ab>
<ab>candrabindu as anusvāra</ab>
<ab>geminated aspirated consonants</ab>
<ab>geminated m after h</ab>
<ab>geminated t</ab>
<ab>geminated consonants after r</ab>
<ab>final nasal variants</ab>
<ab>internal nasal variants</ab>
<ab>final anusvāra variants</ab>
<ab>visarga aḥ before voiced consonants</ab>
<ab>visarga aḥ before vowels</ab>
<ab>visarga aḥ before unvoiced consonants and space + anusvāra</ab>
<ab>visarga āḥ variants</ab>
<ab>other visarga variants</ab>
<ab>superfluous avagrahas</ab>
<ab>double avagrahas</ab>
<ab>avagrahas to short a</ab>
<ab>internal visarga variants</ab>
<ab>final au/āv</ab>
<ab>final su</ab>
<ab>final i</ab>
<ab>kcch/kś</ab>
<ab>cś/tś</ab>
<ab>cch/ch</ab>
<ab>final t + hi</ab>
<ab>final t + voiced syllable</ab>
<ab>final t + n/m</ab>
<ab>final t + c/j</ab>
<ab>i/y + vowel</ab>
<ab>bhd for bdh</ab>
<ab>remove spaces</ab>
        </normalization>
        <ab type="tagfilters">
<tag subtype="ignore">pc</tag>
<tag subtype="ignore">head</tag>
<tag subtype="ignore">label</tag>
<tag subtype="ignore">note</tag>
<tag subtype="ignore">num</tag>
<tag subtype="ignore">locus</tag>
<tag subtype="ignore">supplied</tag>
<tag subtype="ignore">surplus</tag>
        </ab>
      </editorialDecl>
    </encodingDesc>
    <xenoData>
      <stemma format="nexml" id="stemma0"><nex:nexml xmlns:nex="http://www.nexml.org/2009" version="0.9"><nex:otus id="otus1"><nex:otu id="otu0" label="A"/><nex:otu id="otu1" label="H"/><nex:otu id="otu2" label="K"/><nex:otu id="otu3" label="NE"/></nex:otus><nex:trees otus="otus1" id="trees1"><nex:tree id="guidetree" label="guidetree" xsi:type="nex:FloatTree" xmlns:xsi="http://www.w3.org/2001/XMLSchema-instance"><nex:node id="4c9cc26b-9d27-4967-8233-672d5296b464" root="true"/><nex:node id="c4eabd4d-3f4b-416f-b49c-50473d032db7"/><nex:node id="564177e9-896d-44e6-873a-4324a72c89be" label="A" otu="otu2"/><nex:node id="e4e14861-cc33-4c18-aee9-f2087f41609e" label="H" otu="otu3"/><nex:node id="fd3e5881-7524-46f0-918f-af8693c1b464"/><nex:node id="1224a433-e3e5-42cb-93e9-7d0f3e4ece0e" label="K" otu="otu5"/><nex:node id="92915b0e-70d3-41cc-b5a1-bd9ee2d34a69" label="NE" otu="otu6"/><nex:edge source="4c9cc26b-9d27-4967-8233-672d5296b464" target="c4eabd4d-3f4b-416f-b49c-50473d032db7" id="edge0" length="0.19650560318772697"/><nex:edge source="4c9cc26b-9d27-4967-8233-672d5296b464" target="fd3e5881-7524-46f0-918f-af8693c1b464" id="edge1" length="0.19650560318772697"/><nex:edge source="c4eabd4d-3f4b-416f-b49c-50473d032db7" target="564177e9-896d-44e6-873a-4324a72c89be" id="edge2" length="0.6069887936245459"/><nex:edge source="c4eabd4d-3f4b-416f-b49c-50473d032db7" target="e4e14861-cc33-4c18-aee9-f2087f41609e" id="edge3" length="0.39301120637545406"/><nex:edge source="fd3e5881-7524-46f0-918f-af8693c1b464" target="1224a433-e3e5-42cb-93e9-7d0f3e4ece0e" id="edge4" length="0"/><nex:edge source="fd3e5881-7524-46f0-918f-af8693c1b464" target="92915b0e-70d3-41cc-b5a1-bd9ee2d34a69" id="edge5" length="0"/></nex:tree></nex:trees></nex:nexml></stemma>
    </xenoData>
  </teiHeader>
<TEI n="A"><text><w n="0" lemma="syā"> syā</w><cl><w n="1" lemma="daṃ">dañ</w><w n="2">ja</w><w n="3" lemma="naṃ">naṃ </w><w n="4">ghṛ</w><w n="5" lemma="taṃ">taṃ </w></cl><cl><w n="6">kṣau</w><w n="7" lemma="draṃ">draṃ </w></cl><cl><w n="8"/><w n="9"/><w n="10"/></cl><cl><w n="11"/><w n="12">si</w><w n="13">ro</w><w n="14">tpā</w><w n="15">ta</w><w n="16" lemma="sya">sya </w></cl><cl><w n="17">bhe</w><w n="18">ṣa</w><w n="19" lemma="jaṃ">jam | </w></cl><cl><w n="20">ta</w><w n="21">dva</w><w n="22">tsai</w><w n="23">ndha</w><w n="24">va</w><w n="25">kā</w><w n="26">sī</w><w n="27" lemma="saṃ">saṃ </w></cl><cl><w n="28">sta</w><w n="29">nya</w><w n="30">ghṛ</w><w n="31" lemma="ṣṭaṃ">ṣṭaṃ </w><w n="32" lemma="ca">ca </w></cl><cl><w n="33">pū</w><w n="34">ji</w><w n="35" lemma="taṃ">tam || </w></cl></text></TEI><TEI n="H"><text><w n="0" lemma=""> </w><cl><w n="1"/><w n="2"/><w n="3"/><w n="4">sa</w><w n="5" lemma="rpiḥ">rppiḥ </w></cl><cl><w n="6">kṣau</w><w n="7" lemma="draṃ">draṃ </w></cl><cl><w n="8" lemma="cāṃ">cāñ</w><w n="9">ja</w><w n="10">na</w></cl><cl><w n="11">syā</w><w n="12">tsi</w><w n="13">ro</w><w n="14">tpā</w><w n="15">ta</w><w n="16" lemma="sya">sya </w></cl><cl><w n="17">bhe</w><w n="18">ṣa</w><w n="19" lemma="jaṃ">jaṃ | </w></cl><cl><w n="20">ta</w><w n="21">dva</w><w n="22" lemma="tsai">t sai</w><w n="23">ndha</w><w n="24">va</w><w n="25">kā</w><w n="26">sī</w><w n="27" lemma="saṃ">saṃ </w></cl><cl><w n="28">sta</w><w n="29">nya</w><w n="30">yu</w><w n="31" lemma="ktaṃ">ktaṃ </w><w n="32" lemma="tu">tu </w></cl><cl><w n="33">pū</w><w n="34">ji</w><w n="35" lemma="taṃ">taṃ || </w></cl></text></TEI><TEI n="K"><text><w n="0" lemma=""> </w><cl><w n="1"/><w n="2"/><w n="3"/><w n="4">sa</w><w n="5" lemma="rpiḥ">rpiḥ </w></cl><cl><w n="6">kṣau</w><w n="7" lemma="draṃ">draṃ </w></cl><cl><w n="8" lemma="cāṃ">cāñ</w><w n="9">ja</w><w n="10" lemma="naṃ">naṃ </w></cl><cl><w n="11">syā</w><w n="12" lemma="tsi">t si</w><w n="13">ro</w><w n="14">tpā</w><w n="15">ta</w><w n="16" lemma="sya">sya </w></cl><cl><w n="17">bhe</w><w n="18">ṣa</w><w n="19" lemma="jaṃ">jaṃ | </w></cl><cl><w n="20">ta</w><w n="21">dva</w><w n="22" lemma="tsai">t sai</w><w n="23">ndha</w><w n="24">va</w><w n="25">kā</w><w n="26">sī</w><w n="27" lemma="saṃ">saṃ </w></cl><cl><w n="28">sta</w><w n="29">nya</w><w n="30">yu</w><w n="31" lemma="ktaṃ">ktaṃ </w><w n="32" lemma="tu">tu </w></cl><cl><w n="33">pū</w><w n="34">ji</w><w n="35" lemma="taṃ">taṃ || </w></cl></text></TEI><TEI n="NE"><text><w n="0" lemma=""> </w><cl><w n="1"/><w n="2"/><w n="3"/><w n="4">sa</w><w n="5" lemma="rpiḥ">rpiḥ </w></cl><cl><w n="6">kṣau</w><w n="7" lemma="draṃ">draṃ </w></cl><cl><w n="8" lemma="cāṃ">cāñ</w><w n="9">ja</w><w n="10" lemma="naṃ">naṃ </w></cl><cl><w n="11">syā</w><w n="12" lemma="tsi">t si</w><w n="13">ro</w><w n="14">tpā</w><w n="15">ta</w><w n="16" lemma="sya">sya </w></cl><cl><w n="17">bhe</w><w n="18">ṣa</w><w n="19" lemma="jaṃ">jaṃ | </w></cl><cl><w n="20">ta</w><w n="21">dva</w><w n="22" lemma="tsai">t sai</w><w n="23">ndha</w><w n="24">va</w><w n="25">kā</w><w n="26">sī</w><w n="27" lemma="saṃ">saṃ </w></cl><cl><w n="28">sta</w><w n="29">nya</w><w n="30">yu</w><w n="31" lemma="ktaṃ">ktaṃ </w><w n="32" lemma="tu">tu </w></cl><cl><w n="33">pū</w><w n="34">ji</w><w n="35" lemma="taṃ">taṃ || </w></cl></text></TEI></teiCorpus>