<?xml version="1.0" encoding="UTF-8"?>
<teiCorpus xmlns="http://www.tei-c.org/ns/1.0" xml:lang="sa-Latn">
  <teiHeader>
<listWit>
<witness xml:id="A" source="06-ut-vulgate-1938-1-30.xml">
<abbr>A</abbr>
<expan>Printed edition: Ācārya 1938: Uttaratantra 1-30</expan>
</witness>
<witness xml:id="K" source="kl_699_uttaratantra-1-30.xml">
<abbr>K</abbr>
<expan>MSS Kathmandu KL 699: Uttaratantra</expan>
<listWit>
<witness xml:id="Kac" n="ac">
<abbr>Kac</abbr>
<expan>MSS Kathmandu KL 699: Uttaratantra [ante correctionem]</expan>
</witness>
<witness xml:id="Kpc" n="pc">
<abbr type="siglum">Kpc</abbr>
<expan>MSS Kathmandu KL 699: Uttaratantra [post correctionem]</expan>
</witness>
</listWit>
</witness>
<witness xml:id="H" source="nak_5-333_uttaratantra-1-30.xml">
<abbr>H</abbr>
<expan>MS Kathmandu NAK 5-333, Uttaratantra</expan>
<listWit>
<witness xml:id="Hac" n="ac">
<abbr>Hac</abbr>
<expan>MS Kathmandu NAK 5-333, Uttaratantra [ante correctionem]</expan>
</witness>
<witness xml:id="Hpc" n="pc">
<abbr type="siglum">Hpc</abbr>
<expan>MS Kathmandu NAK 5-333, Uttaratantra [post correctionem]</expan>
</witness>
</listWit>
</witness>
<witness xml:id="NE" source="provisional-edition_uttaratantra-1-30.xml">
<abbr>NE</abbr>
<expan>The Nepalese Version of the Suśrutasaṃhitā, uttaratantra 1-30, based on the
                    Nepalese MSS</expan>
</witness>
</listWit>
    <encodingDesc>
      <editorialDecl>
        <segmentation>
          <ab type="tokenization">aksara</ab>
          <ab type="blockid">SS.6.15.25</ab>
          <ab type="targetedition">NE</ab>
          <ab type="scoring">
            <ab type="match">1</ab>
            <ab type="mismatch">-1</ab>
            <ab type="gapopen">-2</ab>
            <ab type="gapextend">-0.25</ab>
            <ab type="recursive">true</ab>
            <ab type="realigndepth">20</ab>
            <ab type="distancefunction">ngrams</ab>
            
          </ab>
        </segmentation>
        <normalization method="markup">
<ab>ignore punctuation</ab>
<ab>candrabindu as anusvāra</ab>
<ab>geminated aspirated consonants</ab>
<ab>geminated m after h</ab>
<ab>geminated t</ab>
<ab>geminated consonants after r</ab>
<ab>final nasal variants</ab>
<ab>internal nasal variants</ab>
<ab>final anusvāra variants</ab>
<ab>visarga aḥ before voiced consonants</ab>
<ab>visarga aḥ before vowels</ab>
<ab>visarga aḥ before unvoiced consonants and space + anusvāra</ab>
<ab>visarga āḥ variants</ab>
<ab>other visarga variants</ab>
<ab>superfluous avagrahas</ab>
<ab>double avagrahas</ab>
<ab>avagrahas to short a</ab>
<ab>internal visarga variants</ab>
<ab>final au/āv</ab>
<ab>final su</ab>
<ab>final i</ab>
<ab>kcch/kś</ab>
<ab>cś/tś</ab>
<ab>cch/ch</ab>
<ab>final t + hi</ab>
<ab>final t + voiced syllable</ab>
<ab>final t + n/m</ab>
<ab>final t + c/j</ab>
<ab>i/y + vowel</ab>
<ab>bhd for bdh</ab>
<ab>remove spaces</ab>
        </normalization>
        <ab type="tagfilters">
<tag subtype="ignore">pc</tag>
<tag subtype="ignore">head</tag>
<tag subtype="ignore">label</tag>
<tag subtype="ignore">note</tag>
<tag subtype="ignore">num</tag>
<tag subtype="ignore">locus</tag>
<tag subtype="ignore">supplied</tag>
<tag subtype="ignore">surplus</tag>
        </ab>
      </editorialDecl>
    </encodingDesc>
    <xenoData>
      <stemma format="nexml" id="stemma0"><nex:nexml xmlns:nex="http://www.nexml.org/2009" version="0.9"><nex:otus id="otus1"><nex:otu id="otu0" label="A"/><nex:otu id="otu1" label="H"/><nex:otu id="otu2" label="K"/><nex:otu id="otu3" label="NE"/></nex:otus><nex:trees otus="otus1" id="trees1"><nex:tree id="guidetree" label="guidetree" xsi:type="nex:FloatTree" xmlns:xsi="http://www.w3.org/2001/XMLSchema-instance"><nex:node id="4f4050f7-2c6c-4fbe-84ce-d079edab935d" root="true"/><nex:node id="7b700e03-3541-40c8-85fc-eed544ef57a9"/><nex:node id="6883c714-b371-4099-91db-3b9428092778" label="A" otu="otu2"/><nex:node id="0dcf68ad-77c5-4291-8e5a-1ec8bd9235a4" label="H" otu="otu3"/><nex:node id="f24a8fa4-0d5b-4025-8a76-6be6bd2c9ba2"/><nex:node id="eb19072c-29e7-431a-b874-ad6e2fe55b1b" label="K" otu="otu5"/><nex:node id="56681563-f812-47a0-8758-b5272059cdf5" label="NE" otu="otu6"/><nex:edge source="4f4050f7-2c6c-4fbe-84ce-d079edab935d" target="7b700e03-3541-40c8-85fc-eed544ef57a9" id="edge0" length="0.23899774249831762"/><nex:edge source="4f4050f7-2c6c-4fbe-84ce-d079edab935d" target="f24a8fa4-0d5b-4025-8a76-6be6bd2c9ba2" id="edge1" length="0.23899774249831762"/><nex:edge source="7b700e03-3541-40c8-85fc-eed544ef57a9" target="6883c714-b371-4099-91db-3b9428092778" id="edge2" length="0.5041444914145935"/><nex:edge source="7b700e03-3541-40c8-85fc-eed544ef57a9" target="0dcf68ad-77c5-4291-8e5a-1ec8bd9235a4" id="edge3" length="0.4703351987289709"/><nex:edge source="f24a8fa4-0d5b-4025-8a76-6be6bd2c9ba2" target="eb19072c-29e7-431a-b874-ad6e2fe55b1b" id="edge4" length="0"/><nex:edge source="f24a8fa4-0d5b-4025-8a76-6be6bd2c9ba2" target="56681563-f812-47a0-8758-b5272059cdf5" id="edge5" length="0"/></nex:tree></nex:trees></nex:nexml></stemma>
    </xenoData>
  </teiHeader>
<TEI n="A"><text><cl><w n="0" lemma="le"> le</w><w n="1">kha</w><w n="2">nī</w><w n="3">yā</w><w n="4" lemma="ni">ni </w></cl><cl><w n="5">cū</w><w n="6">rṇā</w><w n="7" lemma="ni">ni </w></cl><cl><w n="8">vyā</w><w n="9">dhi</w><w n="10">śe</w><w n="11">ṣa</w><w n="12" lemma="sya">sya </w></cl><cl><w n="13">bhe</w><w n="14">ṣa</w><w n="15" lemma="jaṃ">jam | </w></cl><cl><w n="16">śa</w><w n="17" lemma="ṅkhaṃ">ṅkhaṃ </w></cl><cl><w n="18">sa</w><w n="19">mu</w><w n="20">dra</w><w n="21">phe</w><w n="22" lemma="naṃ">naṃ </w><w n="23" lemma="ca">ca </w></cl><cl><w n="24" lemma="maṃ">maṇ</w><w n="25">ḍū</w><w n="26" lemma="kīṃ">kīṃ </w><w n="27" lemma="ca">ca </w></cl><cl><w n="28">sa</w><w n="29">mu</w><w n="30">dra</w><w n="31" lemma="jāṃ">jām || </w></cl></text></TEI><TEI n="H"><text><cl><w n="0">le</w><w n="1">kha</w><w n="2">nī</w><w n="3">yā</w><w n="4" lemma="ni">ni </w></cl><cl><w n="5">tī</w><w n="6">kṣṇā</w><w n="7" lemma="ni">ni </w></cl><cl><w n="8">vyā</w><w n="9">dhi</w><w n="10">śe</w><w n="11">ṣa</w><w n="12" lemma="sya">sya </w></cl><cl><w n="13">bhe</w><w n="14">ṣa</w><w n="15" lemma="jaṃ">jaṃ | </w></cl><cl><w n="16">śaṃ</w><w n="17" lemma="khaṃ">khaṃ </w></cl><cl><w n="18">sa</w><w n="19">mū</w><w n="20">dra</w><w n="21">phe</w><w n="22" lemma="naṃ">nañ </w><w n="23" lemma="ca">ca </w></cl><cl><w n="24" lemma="maṃ">maṇ</w><w n="25">ḍū</w><w n="26" lemma="kaṃ">kañ </w><w n="27" lemma="ca">ca </w></cl><cl><w n="28">sa</w><w n="29">mu</w><w n="30">dra</w><w n="31" lemma="jaṃ">jaṃ ||</w></cl></text></TEI><TEI n="K"><text><cl><w n="0">le</w><w n="1">kha</w><w n="2">nī</w><w n="3">yā</w><w n="4" lemma="ni">ni </w></cl><cl><w n="5">tī</w><w n="6">kṣṇā</w><w n="7" lemma="ni">ni </w></cl><cl><w n="8">vyā</w><w n="9">dhi</w><w n="10">śe</w><w n="11">ṣa</w><w n="12" lemma="sya">sya </w></cl><cl><w n="13">bhe</w><w n="14">ṣa</w><w n="15" lemma="jaṃ">jaṃ || </w></cl><cl><w n="16">saṃ</w><w n="17" lemma="khaṃ">khaṃ </w></cl><cl><w n="18">sa</w><w n="19">mu</w><w n="20">dra</w><w n="21">phe</w><w n="22" lemma="naṃ">nañ </w><w n="23" lemma="ca">ca </w></cl><cl><w n="24" lemma="maṃ">maṇ</w><w n="25">ḍu</w><w n="26" lemma="kaṃ">kañ </w><w n="27" lemma="ca">ca </w></cl><cl><w n="28">sa</w><w n="29">mu</w><w n="30">dra</w><w n="31" lemma="jaᳵ">jaᳵ |</w></cl></text></TEI><TEI n="NE"><text><cl><w n="0" lemma="le"> le</w><w n="1">kha</w><w n="2">nī</w><w n="3">yā</w><w n="4" lemma="ni">ni </w></cl><cl><w n="5">tī</w><w n="6">kṣṇā</w><w n="7" lemma="ni">ni </w></cl><cl><w n="8">vyā</w><w n="9">dhi</w><w n="10">śe</w><w n="11">ṣa</w><w n="12" lemma="sya">sya </w></cl><cl><w n="13">bhe</w><w n="14">ṣa</w><w n="15" lemma="jaṃ">jaṃ || </w></cl><cl><w n="16">saṃ</w><w n="17" lemma="khaṃ">khaṃ </w></cl><cl><w n="18">sa</w><w n="19">mu</w><w n="20">dra</w><w n="21">phe</w><w n="22" lemma="naṃ">nañ </w><w n="23" lemma="ca">ca </w></cl><cl><w n="24" lemma="maṃ">maṇ</w><w n="25">ḍu</w><w n="26" lemma="kaṃ">kañ </w><w n="27" lemma="ca">ca </w></cl><cl><w n="28">sa</w><w n="29">mu</w><w n="30">dra</w><w n="31" lemma="jaᳵ">jaᳵ |</w></cl></text></TEI></teiCorpus>