<?xml version="1.0" encoding="UTF-8"?>
<teiCorpus xmlns="http://www.tei-c.org/ns/1.0" xml:lang="sa-Latn">
  <teiHeader>
<listWit>
<witness xml:id="A" source="06-ut-vulgate-1938-1-30.xml">
<abbr>A</abbr>
<expan>Printed edition: Ācārya 1938: Uttaratantra 1-30</expan>
</witness>
<witness xml:id="K" source="kl_699_uttaratantra-1-30.xml">
<abbr>K</abbr>
<expan>MSS Kathmandu KL 699: Uttaratantra</expan>
<listWit>
<witness xml:id="Kac" n="ac">
<abbr>Kac</abbr>
<expan>MSS Kathmandu KL 699: Uttaratantra [ante correctionem]</expan>
</witness>
<witness xml:id="Kpc" n="pc">
<abbr type="siglum">Kpc</abbr>
<expan>MSS Kathmandu KL 699: Uttaratantra [post correctionem]</expan>
</witness>
</listWit>
</witness>
<witness xml:id="H" source="nak_5-333_uttaratantra-1-30.xml">
<abbr>H</abbr>
<expan>MS Kathmandu NAK 5-333, Uttaratantra</expan>
<listWit>
<witness xml:id="Hac" n="ac">
<abbr>Hac</abbr>
<expan>MS Kathmandu NAK 5-333, Uttaratantra [ante correctionem]</expan>
</witness>
<witness xml:id="Hpc" n="pc">
<abbr type="siglum">Hpc</abbr>
<expan>MS Kathmandu NAK 5-333, Uttaratantra [post correctionem]</expan>
</witness>
</listWit>
</witness>
<witness xml:id="NE" source="provisional-edition_uttaratantra-1-30.xml">
<abbr>NE</abbr>
<expan>The Nepalese Version of the Suśrutasaṃhitā, uttaratantra 1-30, based on the
                    Nepalese MSS</expan>
</witness>
</listWit>
    <encodingDesc>
      <editorialDecl>
        <segmentation>
          <ab type="tokenization">aksara</ab>
          <ab type="blockid">SS.6.17.66a</ab>
          <ab type="targetedition">NE</ab>
          <ab type="scoring">
            <ab type="match">1</ab>
            <ab type="mismatch">-1</ab>
            <ab type="gapopen">-2</ab>
            <ab type="gapextend">-0.25</ab>
            <ab type="recursive">true</ab>
            <ab type="realigndepth">20</ab>
            <ab type="distancefunction">ngrams</ab>
            
          </ab>
        </segmentation>
        <normalization method="markup">
<ab>ignore punctuation</ab>
<ab>candrabindu as anusvāra</ab>
<ab>geminated aspirated consonants</ab>
<ab>geminated m after h</ab>
<ab>geminated t</ab>
<ab>geminated consonants after r</ab>
<ab>final nasal variants</ab>
<ab>internal nasal variants</ab>
<ab>final anusvāra variants</ab>
<ab>visarga aḥ before voiced consonants</ab>
<ab>visarga aḥ before vowels</ab>
<ab>visarga aḥ before unvoiced consonants and space + anusvāra</ab>
<ab>visarga āḥ variants</ab>
<ab>other visarga variants</ab>
<ab>superfluous avagrahas</ab>
<ab>double avagrahas</ab>
<ab>avagrahas to short a</ab>
<ab>internal visarga variants</ab>
<ab>final au/āv</ab>
<ab>final su</ab>
<ab>final i</ab>
<ab>kcch/kś</ab>
<ab>cś/tś</ab>
<ab>cch/ch</ab>
<ab>final t + hi</ab>
<ab>final t + voiced syllable</ab>
<ab>final t + n/m</ab>
<ab>final t + c/j</ab>
<ab>i/y + vowel</ab>
<ab>bhd for bdh</ab>
<ab>remove spaces</ab>
        </normalization>
        <ab type="tagfilters">
<tag subtype="ignore">pc</tag>
<tag subtype="ignore">head</tag>
<tag subtype="ignore">label</tag>
<tag subtype="ignore">note</tag>
<tag subtype="ignore">num</tag>
<tag subtype="ignore">locus</tag>
<tag subtype="ignore">supplied</tag>
<tag subtype="ignore">surplus</tag>
        </ab>
      </editorialDecl>
    </encodingDesc>
    <xenoData>
      <stemma format="nexml" id="stemma0"><nex:nexml xmlns:nex="http://www.nexml.org/2009" version="0.9"><nex:otus id="otus1"><nex:otu id="otu0" label="A"/><nex:otu id="otu1" label="H"/><nex:otu id="otu2" label="K"/><nex:otu id="otu3" label="NE"/></nex:otus><nex:trees otus="otus1" id="trees1"><nex:tree id="guidetree" label="guidetree" xsi:type="nex:FloatTree" xmlns:xsi="http://www.w3.org/2001/XMLSchema-instance"><nex:node id="28f0dac9-3b42-46e8-bade-f03978043dff" root="true"/><nex:node id="97da66f3-6488-4909-b9a3-3c71712e936b"/><nex:node id="1334430f-b97e-4767-a464-0dfd232ebce1" label="A" otu="otu2"/><nex:node id="005c02ad-c72c-40c7-a5ec-e40fcad0c523" label="H" otu="otu3"/><nex:node id="91b19168-2e59-47fd-8bce-523fc808eaa2"/><nex:node id="e3df61d9-8c6f-4635-9f85-da3333852ff9" label="K" otu="otu5"/><nex:node id="dec729c3-00e6-418c-8ac9-9b8a10bb885a" label="NE" otu="otu6"/><nex:edge source="28f0dac9-3b42-46e8-bade-f03978043dff" target="97da66f3-6488-4909-b9a3-3c71712e936b" id="edge0" length="0"/><nex:edge source="28f0dac9-3b42-46e8-bade-f03978043dff" target="91b19168-2e59-47fd-8bce-523fc808eaa2" id="edge1" length="0"/><nex:edge source="97da66f3-6488-4909-b9a3-3c71712e936b" target="1334430f-b97e-4767-a464-0dfd232ebce1" id="edge2" length="1"/><nex:edge source="97da66f3-6488-4909-b9a3-3c71712e936b" target="005c02ad-c72c-40c7-a5ec-e40fcad0c523" id="edge3" length="0"/><nex:edge source="91b19168-2e59-47fd-8bce-523fc808eaa2" target="e3df61d9-8c6f-4635-9f85-da3333852ff9" id="edge4" length="5.551115123125783e-17"/><nex:edge source="91b19168-2e59-47fd-8bce-523fc808eaa2" target="dec729c3-00e6-418c-8ac9-9b8a10bb885a" id="edge5" length="5.551115123125783e-17"/></nex:tree></nex:trees></nex:nexml></stemma>
    </xenoData>
  </teiHeader>
<TEI n="A"><text><cl><w n="0" lemma="sne"> sne</w><w n="1">hā</w><w n="2" lemma="tyaiḥ">d yair </w></cl><cl><w n="3">u</w><w n="4">pa</w><w n="5" lemma="paṃ">pan</w><w n="6">na</w><w n="7" lemma="sya">sya </w></cl><cl><w n="8"/><w n="9"/><w n="10"/><w n="11"/></cl><cl><w n="12"/><w n="13"/></cl><cl><w n="14">vya</w><w n="15" lemma="dhaḥ">dho </w><w n="16">bhū</w><w n="17" lemma="yaḥ">yo </w><w n="18">vi</w><w n="19">dhī</w><w n="20">ya</w><w n="21" lemma="te">te |)</w></cl></text></TEI><TEI n="H"><text><cl><w n="0" lemma="sne"> sne</w><w n="1">hā</w><w n="2" lemma="dyaiḥ">dyair </w></cl><cl><w n="3">u</w><w n="4">pa</w><w n="5" lemma="paṃ">pan</w><w n="6">na</w><w n="7" lemma="sya">sya </w></cl><cl><w n="8">vi</w><w n="9">da</w><w n="10">dhī</w><w n="11" lemma="ta">ta </w></cl><cl><w n="12">pu</w><w n="13" lemma="naḥ">nar </w></cl><cl><w n="14" lemma="vya">vvya</w><w n="15" lemma="dhaṃ">dhaṃ ||</w><w n="16"/><w n="17"/><w n="18"/><w n="19"/><w n="20"/><w n="21"/></cl></text></TEI><TEI n="K"><text><cl><w n="0" lemma="sne"> sne</w><w n="1">hā</w><w n="2" lemma="dyaiḥ">dyair </w></cl><cl><w n="3">u</w><w n="4">pa</w><w n="5" lemma="paṃ">pan</w><w n="6">na</w><w n="7" lemma="sya">sya </w></cl><cl><w n="8">vi</w><w n="9">da</w><w n="10">dhī</w><w n="11" lemma="ta">ta </w></cl><cl><w n="12">pu</w><w n="13" lemma="naḥ">nar </w></cl><cl><w n="14">vya</w><w n="15" lemma="dhaṃ">dhaṃ ||</w><w n="16"/><w n="17"/><w n="18"/><w n="19"/><w n="20"/><w n="21"/></cl></text></TEI><TEI n="NE"><text><cl><w n="0" lemma="sne"> sne</w><w n="1">hā</w><w n="2" lemma="dyaiḥ">dyair </w></cl><cl><w n="3">u</w><w n="4">pa</w><w n="5" lemma="paṃ">pan</w><w n="6">na</w><w n="7" lemma="sya">sya </w></cl><cl><w n="8">vi</w><w n="9">da</w><w n="10">dhī</w><w n="11" lemma="ta">ta </w></cl><cl><w n="12">pu</w><w n="13" lemma="naḥ">nar </w></cl><cl><w n="14">vya</w><w n="15" lemma="dhaṃ">dhaṃ ||58||</w><w n="16"/><w n="17"/><w n="18"/><w n="19"/><w n="20"/><w n="21"/></cl></text></TEI></teiCorpus>