<?xml version="1.0" encoding="UTF-8"?>
<teiCorpus xmlns="http://www.tei-c.org/ns/1.0" xml:lang="sa-Latn">
  <teiHeader>
<listWit>
<witness xml:id="A" source="06-ut-vulgate-1938-1-30.xml">
<abbr>A</abbr>
<expan>Printed edition: Ācārya 1938: Uttaratantra 1-30</expan>
</witness>
<witness xml:id="K" source="kl_699_uttaratantra-1-30.xml">
<abbr>K</abbr>
<expan>MSS Kathmandu KL 699: Uttaratantra</expan>
<listWit>
<witness xml:id="Kac" n="ac">
<abbr>Kac</abbr>
<expan>MSS Kathmandu KL 699: Uttaratantra [ante correctionem]</expan>
</witness>
<witness xml:id="Kpc" n="pc">
<abbr type="siglum">Kpc</abbr>
<expan>MSS Kathmandu KL 699: Uttaratantra [post correctionem]</expan>
</witness>
</listWit>
</witness>
<witness xml:id="H" source="nak_5-333_uttaratantra-1-30.xml">
<abbr>H</abbr>
<expan>MS Kathmandu NAK 5-333, Uttaratantra</expan>
<listWit>
<witness xml:id="Hac" n="ac">
<abbr>Hac</abbr>
<expan>MS Kathmandu NAK 5-333, Uttaratantra [ante correctionem]</expan>
</witness>
<witness xml:id="Hpc" n="pc">
<abbr type="siglum">Hpc</abbr>
<expan>MS Kathmandu NAK 5-333, Uttaratantra [post correctionem]</expan>
</witness>
</listWit>
</witness>
<witness xml:id="NE" source="provisional-edition_uttaratantra-1-30.xml">
<abbr>NE</abbr>
<expan>The Nepalese Version of the Suśrutasaṃhitā, uttaratantra 1-30, based on the
                    Nepalese MSS</expan>
</witness>
</listWit>
    <encodingDesc>
      <editorialDecl>
        <segmentation>
          <ab type="tokenization">aksara</ab>
          <ab type="blockid">SS.6.18.11</ab>
          <ab type="targetedition">NE</ab>
          <ab type="scoring">
            <ab type="match">1</ab>
            <ab type="mismatch">-1</ab>
            <ab type="gapopen">-2</ab>
            <ab type="gapextend">-0.25</ab>
            <ab type="recursive">true</ab>
            <ab type="realigndepth">20</ab>
            <ab type="distancefunction">ngrams</ab>
            
          </ab>
        </segmentation>
        <normalization method="markup">
<ab>ignore punctuation</ab>
<ab>candrabindu as anusvāra</ab>
<ab>geminated aspirated consonants</ab>
<ab>geminated m after h</ab>
<ab>geminated t</ab>
<ab>geminated consonants after r</ab>
<ab>final nasal variants</ab>
<ab>internal nasal variants</ab>
<ab>final anusvāra variants</ab>
<ab>visarga aḥ before voiced consonants</ab>
<ab>visarga aḥ before vowels</ab>
<ab>visarga aḥ before unvoiced consonants and space + anusvāra</ab>
<ab>visarga āḥ variants</ab>
<ab>other visarga variants</ab>
<ab>superfluous avagrahas</ab>
<ab>double avagrahas</ab>
<ab>avagrahas to short a</ab>
<ab>internal visarga variants</ab>
<ab>final au/āv</ab>
<ab>final su</ab>
<ab>final i</ab>
<ab>kcch/kś</ab>
<ab>cś/tś</ab>
<ab>cch/ch</ab>
<ab>final t + hi</ab>
<ab>final t + voiced syllable</ab>
<ab>final t + n/m</ab>
<ab>final t + c/j</ab>
<ab>i/y + vowel</ab>
<ab>bhd for bdh</ab>
<ab>remove spaces</ab>
        </normalization>
        <ab type="tagfilters">
<tag subtype="ignore">pc</tag>
<tag subtype="ignore">head</tag>
<tag subtype="ignore">label</tag>
<tag subtype="ignore">note</tag>
<tag subtype="ignore">num</tag>
<tag subtype="ignore">locus</tag>
<tag subtype="ignore">supplied</tag>
<tag subtype="ignore">surplus</tag>
        </ab>
      </editorialDecl>
    </encodingDesc>
    <xenoData>
      <stemma format="nexml" id="stemma0"><nex:nexml xmlns:nex="http://www.nexml.org/2009" version="0.9"><nex:otus id="otus1"><nex:otu id="otu0" label="A"/><nex:otu id="otu1" label="H"/><nex:otu id="otu2" label="K"/><nex:otu id="otu3" label="NE"/></nex:otus><nex:trees otus="otus1" id="trees1"><nex:tree id="guidetree" label="guidetree" xsi:type="nex:FloatTree" xmlns:xsi="http://www.w3.org/2001/XMLSchema-instance"><nex:node id="6f0419e4-c967-43a0-acba-a2a8ff0a95eb" root="true"/><nex:node id="d63b4d65-4331-4223-9420-12d43c802249"/><nex:node id="9447bc50-27c0-47e6-b5d4-67edf054d124" label="A" otu="otu2"/><nex:node id="ff5df36a-6d8e-4252-b3f9-64f77a7f1a46" label="H" otu="otu3"/><nex:node id="638483b0-a217-493e-a28e-8ffa38a0d075"/><nex:node id="1884f64f-fd26-42fc-b954-233a14e94c64" label="K" otu="otu5"/><nex:node id="8af6440c-bb34-43d1-a2a8-c4be75cc7436" label="NE" otu="otu6"/><nex:edge source="6f0419e4-c967-43a0-acba-a2a8ff0a95eb" target="d63b4d65-4331-4223-9420-12d43c802249" id="edge0" length="0"/><nex:edge source="6f0419e4-c967-43a0-acba-a2a8ff0a95eb" target="638483b0-a217-493e-a28e-8ffa38a0d075" id="edge1" length="0"/><nex:edge source="d63b4d65-4331-4223-9420-12d43c802249" target="9447bc50-27c0-47e6-b5d4-67edf054d124" id="edge2" length="0.5"/><nex:edge source="d63b4d65-4331-4223-9420-12d43c802249" target="ff5df36a-6d8e-4252-b3f9-64f77a7f1a46" id="edge3" length="0.5"/><nex:edge source="638483b0-a217-493e-a28e-8ffa38a0d075" target="1884f64f-fd26-42fc-b954-233a14e94c64" id="edge4" length="0.5"/><nex:edge source="638483b0-a217-493e-a28e-8ffa38a0d075" target="8af6440c-bb34-43d1-a2a8-c4be75cc7436" id="edge5" length="0.5"/></nex:tree></nex:trees></nex:nexml></stemma>
    </xenoData>
  </teiHeader>
<TEI n="A"><text><cl><w n="0" lemma="sviṃ"> svin</w><w n="1">ne</w><w n="2" lemma="na">na </w></cl><cl><w n="3">ya</w><w n="4">va</w><w n="5">pi</w><w n="6">ṣṭe</w><w n="7" lemma="na">na </w></cl><cl><w n="8">sne</w><w n="9">ha</w><w n="10">vī</w><w n="11">rye</w><w n="12">ri</w><w n="13" lemma="taṃ">taṃ </w></cl><cl><w n="14">ta</w><w n="15" lemma="taḥ">taḥ | </w></cl><cl><w n="16">ya</w><w n="17">thā</w><w n="18" lemma="svaṃ">svaṃ </w></cl><cl><w n="19">dhū</w><w n="20">ma</w><w n="21">pā</w><w n="22">ne</w><w n="23" lemma="na">na </w></cl><cl><w n="24">ka</w><w n="25" lemma="phaṃ">pham </w></cl><cl><w n="26">a</w><w n="27" lemma="sya">sya </w></cl><cl><w n="28">vi</w><w n="29">śo</w><w n="30">dha</w><w n="31">ye</w><w n="32" lemma="t">t || </w></cl></text></TEI><TEI n="H"><text><cl><w n="0" lemma="sviṃ"> svin</w><w n="1">ne</w><w n="2" lemma="na">na </w></cl><cl><w n="3">ya</w><w n="4">va</w><w n="5">pi</w><w n="6">ṣṭe</w><w n="7" lemma="na">na , </w></cl><cl><w n="8">sne</w><w n="9">ha</w><w n="10">vī</w><w n="11">rye</w><w n="12">ri</w><w n="13" lemma="taṃ">tan </w></cl><cl><w n="14">ta</w><w n="15" lemma="taḥ">taḥ | </w></cl><cl><w n="16">ya</w><w n="17">thā</w><w n="18" lemma="svaṃ">svaṃ </w></cl><cl><w n="19">dhū</w><w n="20">ma</w><w n="21">pā</w><w n="22">ne</w><w n="23" lemma="na">na </w></cl><cl><w n="24">ka</w><w n="25" lemma="phaṃ">pham </w></cl><cl><w n="26">a</w><w n="27" lemma="sya">sya </w></cl><cl><w n="28">vi</w><w n="29">śo</w><w n="30">dha</w><w n="31">ye</w><w n="32" lemma="t">t || </w></cl></text></TEI><TEI n="K"><text><cl><w n="0" lemma="sviṃ"> svin</w><w n="1">ne</w><w n="2" lemma="na">na </w></cl><cl><w n="3">ya</w><w n="4">va</w><w n="5">pi</w><w n="6">ṣṭe</w><w n="7" lemma="na">na </w></cl><cl><w n="8">sne</w><w n="9">ha</w><w n="10">vī</w><w n="11">rye</w><w n="12">ri</w><w n="13" lemma="taṃ">taṃ </w></cl><cl><w n="14">ta</w><w n="15" lemma="taḥ">taḥ | </w></cl><cl><w n="16">ya</w><w n="17">thā</w><w n="18" lemma="svaṃ">svaṃ </w></cl><cl><w n="19">dhū</w><w n="20">ma</w><w n="21">pā</w><w n="22">ne</w><w n="23" lemma="na">na </w></cl><cl><w n="24">ka</w><w n="25" lemma="phaṃ">pham </w></cl><cl><w n="26">a</w><w n="27" lemma="sya">sya </w></cl><cl><w n="28">vi</w><w n="29">śo</w><w n="30">dha</w><w n="31">ye</w><w n="32" lemma="t">t | </w></cl></text></TEI><TEI n="NE"><text><cl><w n="0" lemma="sviṃ"> svin</w><w n="1">ne</w><w n="2" lemma="na">na </w></cl><cl><w n="3">ya</w><w n="4">va</w><w n="5">pi</w><w n="6">ṣṭe</w><w n="7" lemma="na">na </w></cl><cl><w n="8">sne</w><w n="9">ha</w><w n="10">vī</w><w n="11">rye</w><w n="12">ri</w><w n="13" lemma="taṃ">taṃ </w></cl><cl><w n="14">ta</w><w n="15" lemma="taḥ">taḥ | </w></cl><cl><w n="16">ya</w><w n="17">thā</w><w n="18" lemma="svaṃ">svaṃ </w></cl><cl><w n="19">dhū</w><w n="20">ma</w><w n="21">pā</w><w n="22">ne</w><w n="23" lemma="na">na </w></cl><cl><w n="24">ka</w><w n="25" lemma="phaṃ">pham </w></cl><cl><w n="26">a</w><w n="27" lemma="sya">sya </w></cl><cl><w n="28">vi</w><w n="29">śo</w><w n="30">dha</w><w n="31">ye</w><w n="32" lemma="t">t | </w></cl></text></TEI></teiCorpus>