<?xml version="1.0" encoding="UTF-8"?>
<teiCorpus xmlns="http://www.tei-c.org/ns/1.0" xml:lang="sa-Latn">
  <teiHeader>
<listWit>
<witness xml:id="A" source="06-ut-vulgate-1938-1-30.xml">
<abbr>A</abbr>
<expan>Printed edition: Ācārya 1938: Uttaratantra 1-30</expan>
</witness>
<witness xml:id="K" source="kl_699_uttaratantra-1-30.xml">
<abbr>K</abbr>
<expan>MSS Kathmandu KL 699: Uttaratantra</expan>
<listWit>
<witness xml:id="Kac" n="ac">
<abbr>Kac</abbr>
<expan>MSS Kathmandu KL 699: Uttaratantra [ante correctionem]</expan>
</witness>
<witness xml:id="Kpc" n="pc">
<abbr type="siglum">Kpc</abbr>
<expan>MSS Kathmandu KL 699: Uttaratantra [post correctionem]</expan>
</witness>
</listWit>
</witness>
<witness xml:id="H" source="nak_5-333_uttaratantra-1-30.xml">
<abbr>H</abbr>
<expan>MS Kathmandu NAK 5-333, Uttaratantra</expan>
<listWit>
<witness xml:id="Hac" n="ac">
<abbr>Hac</abbr>
<expan>MS Kathmandu NAK 5-333, Uttaratantra [ante correctionem]</expan>
</witness>
<witness xml:id="Hpc" n="pc">
<abbr type="siglum">Hpc</abbr>
<expan>MS Kathmandu NAK 5-333, Uttaratantra [post correctionem]</expan>
</witness>
</listWit>
</witness>
<witness xml:id="NE" source="provisional-edition_uttaratantra-1-30.xml">
<abbr>NE</abbr>
<expan>The Nepalese Version of the Suśrutasaṃhitā, uttaratantra 1-30, based on the
                    Nepalese MSS</expan>
</witness>
</listWit>
    <encodingDesc>
      <editorialDecl>
        <segmentation>
          <ab type="tokenization">aksara</ab>
          <ab type="blockid">SS.6.18.21</ab>
          <ab type="targetedition">NE</ab>
          <ab type="scoring">
            <ab type="match">1</ab>
            <ab type="mismatch">-1</ab>
            <ab type="gapopen">-2</ab>
            <ab type="gapextend">-0.25</ab>
            <ab type="recursive">true</ab>
            <ab type="realigndepth">20</ab>
            <ab type="distancefunction">ngrams</ab>
            
          </ab>
        </segmentation>
        <normalization method="markup">
<ab>ignore punctuation</ab>
<ab>candrabindu as anusvāra</ab>
<ab>geminated aspirated consonants</ab>
<ab>geminated m after h</ab>
<ab>geminated t</ab>
<ab>geminated consonants after r</ab>
<ab>final nasal variants</ab>
<ab>internal nasal variants</ab>
<ab>final anusvāra variants</ab>
<ab>visarga aḥ before voiced consonants</ab>
<ab>visarga aḥ before vowels</ab>
<ab>visarga aḥ before unvoiced consonants and space + anusvāra</ab>
<ab>visarga āḥ variants</ab>
<ab>other visarga variants</ab>
<ab>superfluous avagrahas</ab>
<ab>double avagrahas</ab>
<ab>avagrahas to short a</ab>
<ab>internal visarga variants</ab>
<ab>final au/āv</ab>
<ab>final su</ab>
<ab>final i</ab>
<ab>kcch/kś</ab>
<ab>cś/tś</ab>
<ab>cch/ch</ab>
<ab>final t + hi</ab>
<ab>final t + voiced syllable</ab>
<ab>final t + n/m</ab>
<ab>final t + c/j</ab>
<ab>i/y + vowel</ab>
<ab>bhd for bdh</ab>
<ab>remove spaces</ab>
        </normalization>
        <ab type="tagfilters">
<tag subtype="ignore">pc</tag>
<tag subtype="ignore">head</tag>
<tag subtype="ignore">label</tag>
<tag subtype="ignore">note</tag>
<tag subtype="ignore">num</tag>
<tag subtype="ignore">locus</tag>
<tag subtype="ignore">supplied</tag>
<tag subtype="ignore">surplus</tag>
        </ab>
      </editorialDecl>
    </encodingDesc>
    <xenoData>
      <stemma format="nexml" id="stemma0"><nex:nexml xmlns:nex="http://www.nexml.org/2009" version="0.9"><nex:otus id="otus1"><nex:otu id="otu0" label="A"/><nex:otu id="otu1" label="H"/><nex:otu id="otu2" label="Kpc"/><nex:otu id="otu3" label="NE"/><nex:otu id="otu4" label="Kac"/></nex:otus><nex:trees otus="otus1" id="trees1"><nex:tree id="guidetree" label="guidetree" xsi:type="nex:FloatTree" xmlns:xsi="http://www.w3.org/2001/XMLSchema-instance"><nex:node id="207cdea2-a37a-4030-a4ef-a94274034fc2" root="true"/><nex:node id="cdee0a06-d39a-47fa-824b-2dbc46a12b72"/><nex:node id="fdeeb79d-e1d2-40af-a57b-c90bb14bd123" label="A" otu="otu2"/><nex:node id="31094fae-1a78-44d2-a891-3ce9ccbb3f5d" label="H" otu="otu3"/><nex:node id="78538e75-2996-4e29-9146-c6eb68855f0c"/><nex:node id="07d99023-2264-4f86-ae1c-55732bd0a6fe"/><nex:node id="b33e3413-c106-465d-bd30-5175547d9e46" label="Kpc" otu="otu6"/><nex:node id="298ccdd6-50f6-4a13-9c27-1221c03e11cb" label="NE" otu="otu7"/><nex:node id="1b84bef7-707b-4840-a581-e10630f9f56c" label="Kac" otu="otu8"/><nex:edge source="207cdea2-a37a-4030-a4ef-a94274034fc2" target="cdee0a06-d39a-47fa-824b-2dbc46a12b72" id="edge0" length="0.08310116213884094"/><nex:edge source="207cdea2-a37a-4030-a4ef-a94274034fc2" target="78538e75-2996-4e29-9146-c6eb68855f0c" id="edge1" length="0.08310116213884094"/><nex:edge source="cdee0a06-d39a-47fa-824b-2dbc46a12b72" target="fdeeb79d-e1d2-40af-a57b-c90bb14bd123" id="edge2" length="0.5244001473000465"/><nex:edge source="cdee0a06-d39a-47fa-824b-2dbc46a12b72" target="31094fae-1a78-44d2-a891-3ce9ccbb3f5d" id="edge3" length="0.46831144160461446"/><nex:edge source="78538e75-2996-4e29-9146-c6eb68855f0c" target="07d99023-2264-4f86-ae1c-55732bd0a6fe" id="edge4" length="0.02692489305750173"/><nex:edge source="78538e75-2996-4e29-9146-c6eb68855f0c" target="1b84bef7-707b-4840-a581-e10630f9f56c" id="edge5" length="0.5719621018288523"/><nex:edge source="07d99023-2264-4f86-ae1c-55732bd0a6fe" target="b33e3413-c106-465d-bd30-5175547d9e46" id="edge6" length="0"/><nex:edge source="07d99023-2264-4f86-ae1c-55732bd0a6fe" target="298ccdd6-50f6-4a13-9c27-1221c03e11cb" id="edge7" length="0"/></nex:tree></nex:trees></nex:nexml></stemma>
    </xenoData>
  </teiHeader>
<TEI n="A"><text><cl><w n="0" lemma="pu"> pu</w><w n="1">ṭa</w><w n="2">pā</w><w n="3" lemma="kaḥ">kaḥ </w></cl><cl><w n="4">pra</w><w n="5">yo</w><w n="6">kta</w><w n="7" lemma="vyaḥ">vyo </w></cl><cl><w n="8">ne</w><w n="9">tre</w><w n="10" lemma="ṣu">ṣu </w></cl><cl><w n="11">bhi</w><w n="12">ṣa</w><w n="13" lemma="jā">jā </w></cl><cl><w n="14">bha</w><w n="15">ve</w><w n="16" lemma="tsne">t | sne</w><w n="17">ha</w><w n="18" lemma="naḥ">no </w><w n="19">le</w><w n="20">kha</w><w n="21">nī</w></cl><cl><w n="22"/><w n="23" lemma="yaḥ">yaś </w></cl><cl><w n="24" lemma="ca">ca </w><w n="25"/></cl><cl><w n="26">ro</w><w n="27">pa</w><w n="28">ṇī</w></cl><cl><w n="29" lemma="yaḥ">yaś </w><w n="30" lemma="ca">ca </w><w n="31" lemma="sa">sa </w></cl><cl><w n="32">tri</w><w n="33" lemma="dhā">dhā || </w></cl></text></TEI><TEI n="H"><text><cl><w n="0" lemma="pu"> pu</w><w n="1">ṭa</w><w n="2">pā</w><w n="3" lemma="kaḥ">kaḥ </w></cl><cl><w n="4">pra</w><w n="5">yo</w><w n="6">kta</w><w n="7" lemma="vyaḥ">vyo , </w></cl><cl><w n="8">ne</w><w n="9">tre</w><w n="10" lemma="ṣu">ṣu </w></cl><cl><w n="11">bhi</w><w n="12">ṣa</w><w n="13" lemma="jā">jā </w></cl><cl><w n="14">bha</w><w n="15">ve</w><w n="16" lemma="tsne">t | sne</w><w n="17">ha</w><w n="18">no</w><w n="19">lle</w><w n="20">kha</w><w n="21" lemma="naḥ">naś </w></cl><cl><w n="22">cā</w><w n="23" lemma="pi">pi </w></cl><cl><w n="24">ta</w><w n="25" lemma="thā">thā </w></cl><cl><w n="26">ro</w><w n="27">pa</w><w n="28" lemma="ṇaṃ">ṇam </w></cl><cl><w n="29">e</w><w n="30" lemma="va">va </w><w n="31" lemma="ca">ca || </w></cl><cl><w n="32"/><w n="33"/></cl></text></TEI><TEI n="Kpc"><text><cl><w n="0" lemma="pu"> pu</w><w n="1">ṭa</w><w n="2">pā</w><w n="3" lemma="kaḥ">kaḥ </w></cl><cl><w n="4">pra</w><w n="5">yo</w><w n="6">kta</w><w n="7" lemma="vyaḥ">vyo </w></cl><cl><w n="8">ne</w><w n="9">tre</w><w n="10" lemma="ṣu">ṣu </w></cl><cl><w n="11">bhi</w><w n="12">ṣa</w><w n="13" lemma="jā">jā </w></cl><cl><w n="14">bha</w><w n="15">ve</w><w n="16" lemma="tsne">t | sne</w><w n="17">ha</w><w n="18">no</w><w n="19">le</w><w n="20">kha</w><w n="21" lemma="naḥ">naś </w></cl><cl><w n="22">cā</w><w n="23" lemma="pi">pi </w></cl><cl><w n="24">ta</w><w n="25" lemma="thā">thā </w></cl><cl><w n="26">ro</w><w n="27">pa</w><w n="28" lemma="ṇa">ṇa </w></cl><cl><w n="29">e</w><w n="30" lemma="va">va </w><w n="31" lemma="ca">ca | </w></cl><cl><w n="32"/><w n="33"/></cl></text></TEI><TEI n="NE"><text><cl><w n="0" lemma="pu"> pu</w><w n="1">ṭa</w><w n="2">pā</w><w n="3" lemma="kaḥ">kaḥ </w></cl><cl><w n="4">pra</w><w n="5">yo</w><w n="6">kta</w><w n="7" lemma="vyaḥ">vyo </w></cl><cl><w n="8">ne</w><w n="9">tre</w><w n="10" lemma="ṣu">ṣu </w></cl><cl><w n="11">bhi</w><w n="12">ṣa</w><w n="13" lemma="jā">jā </w></cl><cl><w n="14">bha</w><w n="15">ve</w><w n="16" lemma="tsne">t | sne</w><w n="17">ha</w><w n="18">no</w><w n="19">le</w><w n="20">kha</w><w n="21" lemma="naḥ">naś </w></cl><cl><w n="22">cā</w><w n="23" lemma="pi">pi </w></cl><cl><w n="24">ta</w><w n="25" lemma="thā">thā </w></cl><cl><w n="26">ro</w><w n="27">pa</w><w n="28" lemma="ṇa">ṇa </w></cl><cl><w n="29">e</w><w n="30" lemma="va">va </w><w n="31" lemma="ca">ca | </w></cl><cl><w n="32"/><w n="33"/></cl></text></TEI><TEI n="Kac"><text><cl><w n="0" lemma="pu"> pu</w><w n="1">ṭa</w><w n="2">pā</w><w n="3" lemma="ka">ka </w></cl><cl><w n="4">pra</w><w n="5">yo</w><w n="6">kta</w><w n="7" lemma="vyaḥ">vyo </w></cl><cl><w n="8">ne</w><w n="9">tre</w><w n="10" lemma="ṣu">ṣu </w></cl><cl><w n="11">bhi</w><w n="12">ṣa</w><w n="13" lemma="jā">jā </w></cl><cl><w n="14">bha</w><w n="15">ve</w><w n="16" lemma="tsne">t | sne</w><w n="17">ha</w><w n="18">no</w><w n="19">le</w><w n="20">kha</w><w n="21" lemma="naḥ">naś </w></cl><cl><w n="22">cā</w><w n="23" lemma="pi">pi </w></cl><cl><w n="24">ta</w><w n="25" lemma="thā">thā </w></cl><cl><w n="26">ro</w><w n="27">pa</w><w n="28" lemma="ṇa">ṇa </w></cl><cl><w n="29">e</w><w n="30" lemma="va">va </w><w n="31" lemma="ca">ca | </w></cl><cl><w n="32"/><w n="33"/></cl></text></TEI></teiCorpus>