<?xml version="1.0" encoding="UTF-8"?>
<teiCorpus xmlns="http://www.tei-c.org/ns/1.0" xml:lang="sa-Latn">
  <teiHeader>
<listWit>
<witness xml:id="A" source="06-ut-vulgate-1938-1-30.xml">
<abbr>A</abbr>
<expan>Printed edition: Ācārya 1938: Uttaratantra 1-30</expan>
</witness>
<witness xml:id="K" source="kl_699_uttaratantra-1-30.xml">
<abbr>K</abbr>
<expan>MSS Kathmandu KL 699: Uttaratantra</expan>
<listWit>
<witness xml:id="Kac" n="ac">
<abbr>Kac</abbr>
<expan>MSS Kathmandu KL 699: Uttaratantra [ante correctionem]</expan>
</witness>
<witness xml:id="Kpc" n="pc">
<abbr type="siglum">Kpc</abbr>
<expan>MSS Kathmandu KL 699: Uttaratantra [post correctionem]</expan>
</witness>
</listWit>
</witness>
<witness xml:id="H" source="nak_5-333_uttaratantra-1-30.xml">
<abbr>H</abbr>
<expan>MS Kathmandu NAK 5-333, Uttaratantra</expan>
<listWit>
<witness xml:id="Hac" n="ac">
<abbr>Hac</abbr>
<expan>MS Kathmandu NAK 5-333, Uttaratantra [ante correctionem]</expan>
</witness>
<witness xml:id="Hpc" n="pc">
<abbr type="siglum">Hpc</abbr>
<expan>MS Kathmandu NAK 5-333, Uttaratantra [post correctionem]</expan>
</witness>
</listWit>
</witness>
<witness xml:id="NE" source="provisional-edition_uttaratantra-1-30.xml">
<abbr>NE</abbr>
<expan>The Nepalese Version of the Suśrutasaṃhitā, uttaratantra 1-30, based on the
                    Nepalese MSS</expan>
</witness>
</listWit>
    <encodingDesc>
      <editorialDecl>
        <segmentation>
          <ab type="tokenization">aksara</ab>
          <ab type="blockid">SS.6.12.27</ab>
          <ab type="targetedition">NE</ab>
          <ab type="scoring">
            <ab type="match">1</ab>
            <ab type="mismatch">-1</ab>
            <ab type="gapopen">-2</ab>
            <ab type="gapextend">-0.25</ab>
            <ab type="recursive">true</ab>
            <ab type="realigndepth">20</ab>
            <ab type="distancefunction">ngrams</ab>
            
          </ab>
        </segmentation>
        <normalization method="markup">
<ab>ignore punctuation</ab>
<ab>candrabindu as anusvāra</ab>
<ab>geminated aspirated consonants</ab>
<ab>geminated m after h</ab>
<ab>geminated t</ab>
<ab>geminated consonants after r</ab>
<ab>final nasal variants</ab>
<ab>internal nasal variants</ab>
<ab>final anusvāra variants</ab>
<ab>visarga aḥ before voiced consonants</ab>
<ab>visarga aḥ before vowels</ab>
<ab>visarga aḥ before unvoiced consonants and space + anusvāra</ab>
<ab>visarga āḥ variants</ab>
<ab>other visarga variants</ab>
<ab>superfluous avagrahas</ab>
<ab>double avagrahas</ab>
<ab>avagrahas to short a</ab>
<ab>internal visarga variants</ab>
<ab>final au/āv</ab>
<ab>final su</ab>
<ab>final i</ab>
<ab>kcch/kś</ab>
<ab>cś/tś</ab>
<ab>cch/ch</ab>
<ab>final t + hi</ab>
<ab>final t + voiced syllable</ab>
<ab>final t + n/m</ab>
<ab>final t + c/j</ab>
<ab>i/y + vowel</ab>
<ab>bhd for bdh</ab>
<ab>remove spaces</ab>
        </normalization>
        <ab type="tagfilters">
<tag subtype="ignore">pc</tag>
<tag subtype="ignore">head</tag>
<tag subtype="ignore">label</tag>
<tag subtype="ignore">note</tag>
<tag subtype="ignore">num</tag>
<tag subtype="ignore">locus</tag>
<tag subtype="ignore">supplied</tag>
<tag subtype="ignore">surplus</tag>
        </ab>
      </editorialDecl>
    </encodingDesc>
    <xenoData>
      <stemma format="nexml" id="stemma0"><nex:nexml xmlns:nex="http://www.nexml.org/2009" version="0.9"><nex:otus id="otus1"><nex:otu id="otu0" label="A"/><nex:otu id="otu1" label="H"/><nex:otu id="otu2" label="K"/><nex:otu id="otu3" label="NE"/></nex:otus><nex:trees otus="otus1" id="trees1"><nex:tree id="guidetree" label="guidetree" xsi:type="nex:FloatTree" xmlns:xsi="http://www.w3.org/2001/XMLSchema-instance"><nex:node id="8286f7a1-1ee2-4924-9cfb-ee4d3fa31332" root="true"/><nex:node id="4ded91ae-a95f-4b6c-8bb9-71e19cf347e1"/><nex:node id="42c88edb-f019-445e-87c4-b56d39785a49" label="A" otu="otu2"/><nex:node id="86f7fa0e-07a9-4249-9bd8-80fc77e0678a" label="H" otu="otu3"/><nex:node id="9b014722-5d08-46cd-bdfc-adf854939e14"/><nex:node id="d6e91e00-116e-4d63-93ea-2305cc7d5fb6" label="K" otu="otu5"/><nex:node id="5390bae8-85dc-47fc-871d-20c3de8cd5af" label="NE" otu="otu6"/><nex:edge source="8286f7a1-1ee2-4924-9cfb-ee4d3fa31332" target="4ded91ae-a95f-4b6c-8bb9-71e19cf347e1" id="edge0" length="0.22235925887253705"/><nex:edge source="8286f7a1-1ee2-4924-9cfb-ee4d3fa31332" target="9b014722-5d08-46cd-bdfc-adf854939e14" id="edge1" length="0.22235925887253705"/><nex:edge source="4ded91ae-a95f-4b6c-8bb9-71e19cf347e1" target="42c88edb-f019-445e-87c4-b56d39785a49" id="edge2" length="0.5552814822549259"/><nex:edge source="4ded91ae-a95f-4b6c-8bb9-71e19cf347e1" target="86f7fa0e-07a9-4249-9bd8-80fc77e0678a" id="edge3" length="0.39281794924166547"/><nex:edge source="9b014722-5d08-46cd-bdfc-adf854939e14" target="d6e91e00-116e-4d63-93ea-2305cc7d5fb6" id="edge4" length="0"/><nex:edge source="9b014722-5d08-46cd-bdfc-adf854939e14" target="5390bae8-85dc-47fc-871d-20c3de8cd5af" id="edge5" length="0"/></nex:tree></nex:trees></nex:nexml></stemma>
    </xenoData>
  </teiHeader>
<TEI n="A"><text><cl><w n="0" lemma="saṃ"> saṃ</w><w n="1">pā</w><w n="2">di</w><w n="3">ta</w><w n="4" lemma="sya">sya </w></cl><cl><w n="5">vi</w><w n="6">dhi</w><w n="7" lemma="nā">nā </w></cl><cl><w n="8">kṛ</w><w n="9">tsne</w><w n="10" lemma="na">na </w></cl><cl><w n="11" lemma="syaṃ">syan</w><w n="12">da</w><w n="13">ghā</w><w n="14">ti</w><w n="15" lemma="nā">nā | </w></cl><cl><w n="16">a</w><w n="17">ne</w><w n="18">nā</w><w n="19">pa</w><w n="20">ha</w><w n="21">re</w><w n="22" lemma="cchu">c chu</w><w n="23">kra</w><w n="24">ma</w><w n="25">vra</w><w n="26" lemma="ṇaṃ">ṇaṃ </w></cl><cl><w n="27">ku</w><w n="28">śa</w><w n="29" lemma="laḥ">lo </w></cl><cl><w n="30">bhi</w><w n="31">ṣa</w><w n="32" lemma="k">k || </w></cl></text></TEI><TEI n="H"><text><cl><w n="0" lemma="saṃ"> sam</w><w n="1">pā</w><w n="2">di</w><w n="3">ta</w><w n="4" lemma="sya">sya </w></cl><cl><w n="5">vi</w><w n="6"/><w n="7" lemma="dhnā">dhnā¦ </w></cl><cl><w n="8">kṛ</w><w n="9">tsne</w><w n="10" lemma="na">na </w></cl><cl><w n="11" lemma="syaṃ">syan</w><w n="12">da</w><w n="13">ghā</w><w n="14">ti</w><w n="15" lemma="nā">nā | </w></cl><cl><w n="16">a</w><w n="17">ne</w><w n="18">nā</w><w n="19">pa</w><w n="20">ca</w><w n="21">re</w><w n="22" lemma="tcu">c cu</w><w n="23">kra</w><w n="24">ma</w><w n="25">vra</w><w n="26" lemma="ṇaṃ">ṇaṃ </w></cl><cl><w n="27">ku</w><w n="28">śa</w><w n="29" lemma="laḥ">lo </w></cl><cl><w n="30">bhi</w><w n="31">ṣa</w><w n="32" lemma="k">k || </w></cl></text></TEI><TEI n="K"><text><cl><w n="0" lemma="saṃ"> sam</w><w n="1">pā</w><w n="2">di</w><w n="3">ta</w><w n="4" lemma="sya">sya </w></cl><cl><w n="5">vi</w><w n="6"/><w n="7" lemma="dhnā">dhnā </w></cl><cl><w n="8">kṛ</w><w n="9">tsne</w><w n="10" lemma="na">na </w></cl><cl><w n="11" lemma="syaṃ">syan</w><w n="12">da</w><w n="13">ghā</w><w n="14">ti</w><w n="15" lemma="nā">nā | </w></cl><cl><w n="16">a</w><w n="17">ne</w><w n="18">nā</w><w n="19">pā</w><w n="20">ca</w><w n="21">re</w><w n="22" lemma="tcu">c cu</w><w n="23">kra</w><w n="24">ma</w><w n="25">vra</w><w n="26" lemma="ṇaṃ">ṇaṃ </w></cl><cl><w n="27">ku</w><w n="28">śa</w><w n="29" lemma="laḥ">lo </w></cl><cl><w n="30">bhi</w><w n="31">ṣa</w><w n="32" lemma="k">k | </w></cl></text></TEI><TEI n="NE"><text><cl><w n="0" lemma="saṃ"> sam</w><w n="1">pā</w><w n="2">di</w><w n="3">ta</w><w n="4" lemma="sya">sya </w></cl><cl><w n="5">vi</w><w n="6"/><w n="7" lemma="dhnā">dhnā </w></cl><cl><w n="8">kṛ</w><w n="9">tsne</w><w n="10" lemma="na">na </w></cl><cl><w n="11" lemma="syaṃ">syan</w><w n="12">da</w><w n="13">ghā</w><w n="14">ti</w><w n="15" lemma="nā">nā | </w></cl><cl><w n="16">a</w><w n="17">ne</w><w n="18">nā</w><w n="19">pā</w><w n="20">ca</w><w n="21">re</w><w n="22" lemma="tcu">c cu</w><w n="23">kra</w><w n="24">ma</w><w n="25">vra</w><w n="26" lemma="ṇaṃ">ṇaṃ </w></cl><cl><w n="27">ku</w><w n="28">śa</w><w n="29" lemma="laḥ">lo </w></cl><cl><w n="30">bhi</w><w n="31">ṣa</w><w n="32" lemma="k">k | </w></cl></text></TEI></teiCorpus>