<?xml version="1.0" encoding="UTF-8"?>
<teiCorpus xmlns="http://www.tei-c.org/ns/1.0" xml:lang="sa-Latn">
  <teiHeader>
<listWit>
<witness xml:id="A" source="06-ut-vulgate-1938-1-30.xml">
<abbr>A</abbr>
<expan>Printed edition: Ācārya 1938: Uttaratantra 1-30</expan>
</witness>
<witness xml:id="K" source="kl_699_uttaratantra-1-30.xml">
<abbr>K</abbr>
<expan>MSS Kathmandu KL 699: Uttaratantra</expan>
<listWit>
<witness xml:id="Kac" n="ac">
<abbr>Kac</abbr>
<expan>MSS Kathmandu KL 699: Uttaratantra [ante correctionem]</expan>
</witness>
<witness xml:id="Kpc" n="pc">
<abbr type="siglum">Kpc</abbr>
<expan>MSS Kathmandu KL 699: Uttaratantra [post correctionem]</expan>
</witness>
</listWit>
</witness>
<witness xml:id="H" source="nak_5-333_uttaratantra-1-30.xml">
<abbr>H</abbr>
<expan>MS Kathmandu NAK 5-333, Uttaratantra</expan>
<listWit>
<witness xml:id="Hac" n="ac">
<abbr>Hac</abbr>
<expan>MS Kathmandu NAK 5-333, Uttaratantra [ante correctionem]</expan>
</witness>
<witness xml:id="Hpc" n="pc">
<abbr type="siglum">Hpc</abbr>
<expan>MS Kathmandu NAK 5-333, Uttaratantra [post correctionem]</expan>
</witness>
</listWit>
</witness>
<witness xml:id="NE" source="provisional-edition_uttaratantra-1-30.xml">
<abbr>NE</abbr>
<expan>The Nepalese Version of the Suśrutasaṃhitā, uttaratantra 1-30, based on the
                    Nepalese MSS</expan>
</witness>
</listWit>
    <encodingDesc>
      <editorialDecl>
        <segmentation>
          <ab type="tokenization">aksara</ab>
          <ab type="blockid">SS.6.18.80</ab>
          <ab type="targetedition">NE</ab>
          <ab type="scoring">
            <ab type="match">1</ab>
            <ab type="mismatch">-1</ab>
            <ab type="gapopen">-2</ab>
            <ab type="gapextend">-0.25</ab>
            <ab type="recursive">true</ab>
            <ab type="realigndepth">20</ab>
            <ab type="distancefunction">ngrams</ab>
            
          </ab>
        </segmentation>
        <normalization method="markup">
<ab>ignore punctuation</ab>
<ab>candrabindu as anusvāra</ab>
<ab>geminated aspirated consonants</ab>
<ab>geminated m after h</ab>
<ab>geminated t</ab>
<ab>geminated consonants after r</ab>
<ab>final nasal variants</ab>
<ab>internal nasal variants</ab>
<ab>final anusvāra variants</ab>
<ab>visarga aḥ before voiced consonants</ab>
<ab>visarga aḥ before vowels</ab>
<ab>visarga aḥ before unvoiced consonants and space + anusvāra</ab>
<ab>visarga āḥ variants</ab>
<ab>other visarga variants</ab>
<ab>superfluous avagrahas</ab>
<ab>double avagrahas</ab>
<ab>avagrahas to short a</ab>
<ab>internal visarga variants</ab>
<ab>final au/āv</ab>
<ab>final su</ab>
<ab>final i</ab>
<ab>kcch/kś</ab>
<ab>cś/tś</ab>
<ab>cch/ch</ab>
<ab>final t + hi</ab>
<ab>final t + voiced syllable</ab>
<ab>final t + n/m</ab>
<ab>final t + c/j</ab>
<ab>i/y + vowel</ab>
<ab>bhd for bdh</ab>
<ab>remove spaces</ab>
        </normalization>
        <ab type="tagfilters">
<tag subtype="ignore">pc</tag>
<tag subtype="ignore">head</tag>
<tag subtype="ignore">label</tag>
<tag subtype="ignore">note</tag>
<tag subtype="ignore">num</tag>
<tag subtype="ignore">locus</tag>
<tag subtype="ignore">supplied</tag>
<tag subtype="ignore">surplus</tag>
        </ab>
      </editorialDecl>
    </encodingDesc>
    <xenoData>
      <stemma format="nexml" id="stemma0"><nex:nexml xmlns:nex="http://www.nexml.org/2009" version="0.9"><nex:otus id="otus1"><nex:otu id="otu0" label="A"/><nex:otu id="otu1" label="Kac"/><nex:otu id="otu2" label="H"/><nex:otu id="otu3" label="Kpc"/><nex:otu id="otu4" label="NE"/></nex:otus><nex:trees otus="otus1" id="trees1"><nex:tree id="guidetree" label="guidetree" xsi:type="nex:FloatTree" xmlns:xsi="http://www.w3.org/2001/XMLSchema-instance"><nex:node id="c0c18835-837c-4217-bd6d-cca81a5e4dc4" root="true"/><nex:node id="258ecfcb-baac-42bc-864a-7e509cd628d3"/><nex:node id="293839b7-a0b9-4473-bdff-10321cbd56bd"/><nex:node id="84a4cce6-8f27-40af-861d-846b15f0c4a1" label="A" otu="otu3"/><nex:node id="b392c590-1cbe-43ff-aa46-21ae68a3e917" label="Kac" otu="otu4"/><nex:node id="6aed585d-7925-410a-9942-0dcffd6f80fc" label="H" otu="otu5"/><nex:node id="fa8d3dcf-e3f3-4dad-966a-2866ce5eda7a"/><nex:node id="23441da7-496a-4e0e-b15d-fabb906243c9" label="Kpc" otu="otu7"/><nex:node id="99590777-b5f1-45d7-966c-a70f3b5eff83" label="NE" otu="otu8"/><nex:edge source="c0c18835-837c-4217-bd6d-cca81a5e4dc4" target="258ecfcb-baac-42bc-864a-7e509cd628d3" id="edge0" length="0"/><nex:edge source="c0c18835-837c-4217-bd6d-cca81a5e4dc4" target="fa8d3dcf-e3f3-4dad-966a-2866ce5eda7a" id="edge1" length="0"/><nex:edge source="258ecfcb-baac-42bc-864a-7e509cd628d3" target="293839b7-a0b9-4473-bdff-10321cbd56bd" id="edge2" length="0.10225075443666137"/><nex:edge source="258ecfcb-baac-42bc-864a-7e509cd628d3" target="6aed585d-7925-410a-9942-0dcffd6f80fc" id="edge3" length="0.24999999999999983"/><nex:edge source="fa8d3dcf-e3f3-4dad-966a-2866ce5eda7a" target="23441da7-496a-4e0e-b15d-fabb906243c9" id="edge4" length="5.551115123125783e-17"/><nex:edge source="fa8d3dcf-e3f3-4dad-966a-2866ce5eda7a" target="99590777-b5f1-45d7-966c-a70f3b5eff83" id="edge5" length="5.551115123125783e-17"/><nex:edge source="293839b7-a0b9-4473-bdff-10321cbd56bd" target="84a4cce6-8f27-40af-861d-846b15f0c4a1" id="edge6" length="0.630406647100001"/><nex:edge source="293839b7-a0b9-4473-bdff-10321cbd56bd" target="b392c590-1cbe-43ff-aa46-21ae68a3e917" id="edge7" length="0.36959335289999895"/></nex:tree></nex:trees></nex:nexml></stemma>
    </xenoData>
  </teiHeader>
<TEI n="A"><text><cl><w n="0" lemma="kiṃ"> kiñ</w><w n="1">ci</w><w n="2" lemma="tdhī">d dhī</w><w n="3">na</w><w n="4">vi</w><w n="5">kā</w><w n="6" lemma="raṃ">raṃ </w></cl><cl><w n="7">syā</w><w n="8" lemma="tta">t ta</w><w n="9">rpa</w><w n="10">ṇā</w><w n="11" lemma="thi">d dhi </w><w n="12">kṛ</w><w n="13">tā</w><w n="14">da</w><w n="15" lemma="ti">ti | </w></cl><cl><w n="16">ta</w><w n="17" lemma="tra">tra </w></cl><cl><w n="18">do</w><w n="19">ṣa</w><w n="20"/><w n="21">ha</w><w n="22" lemma="raṃ">raṃ </w></cl><cl><w n="23">rū</w><w n="24" lemma="kṣaṃ">kṣaṃ </w></cl><cl><w n="25">bhe</w><w n="26">ṣa</w><w n="27" lemma="jaṃ">jaṃ </w></cl><cl><w n="28">śa</w><w n="29">sya</w><w n="30" lemma="te">te </w></cl><cl><w n="31">mṛ</w><w n="32" lemma="du">du || </w></cl></text></TEI><TEI n="Kac"><text><cl><w n="0" lemma="kiṃ"> kiñ</w><w n="1">ci</w><w n="2" lemma="tdhī">d dhī</w><w n="3">na</w><w n="4">vi</w><w n="5">kā</w><w n="6" lemma="raḥ">raḥ </w></cl><cl><w n="7">syā</w><w n="8" lemma="tta">t ta</w><w n="9">rpa</w><w n="10">ṇā</w><w n="11" lemma="tvi">d vi</w><w n="12">kṛ</w><w n="13">tā</w><w n="14" lemma="ta">d a</w><w n="15" lemma="pi">pi | </w></cl><cl><w n="16">ta</w><w n="17" lemma="tra">tra </w></cl><cl><w n="18">do</w><w n="19">ṣa</w><w n="20">ā</w><w n="21">ha</w><w n="22" lemma="raṃ">raṃ </w></cl><cl><w n="23">rū</w><w n="24" lemma="kṣaṃ">kṣaṃ </w></cl><cl><w n="25">vi</w><w n="26">dhā</w><w n="27" lemma="naṃ">naṃ </w></cl><cl><w n="28">śa</w><w n="29">sya</w><w n="30" lemma="te">te </w></cl><cl><w n="31">mṛ</w><w n="32" lemma="duḥ">duḥ </w></cl></text></TEI><TEI n="H"><text><cl><w n="0" lemma="kiṃ"> kiñ</w><w n="1">ci</w><w n="2" lemma="tdhī">d dhī</w><w n="3">na</w><w n="4">vi</w><w n="5">kā</w><w n="6" lemma="raḥ">raḥ </w></cl><cl><w n="7" lemma="syā">syā,</w><w n="8" lemma="tta">t ta</w><w n="9" lemma="rpa">rppa</w><w n="10">ṇā</w><w n="11" lemma="tvi">d vi</w><w n="12">kṛ</w><w n="13">tā</w><w n="14" lemma="ta">d a</w><w n="15" lemma="pi">pi | </w></cl><cl><w n="16">ta</w><w n="17" lemma="tra">tra </w></cl><cl><w n="18">do</w><w n="19">ṣa</w><w n="20"/><w n="21">ha</w><w n="22" lemma="raṃ">raṃ </w></cl><cl><w n="23">rū</w><w n="24" lemma="kṣaṃ">kṣaṃ, </w></cl><cl><w n="25">vi</w><w n="26">dhā</w><w n="27" lemma="naṃ">naṃ </w></cl><cl><w n="28">śa</w><w n="29">sya</w><w n="30" lemma="te">te </w></cl><cl><w n="31">mṛ</w><w n="32" lemma="duḥ">duḥ || </w></cl></text></TEI><TEI n="Kpc"><text><cl><w n="0" lemma="kiṃ"> kiñ</w><w n="1">ci</w><w n="2" lemma="tdhī">d dhī</w><w n="3">na</w><w n="4">vi</w><w n="5">kā</w><w n="6" lemma="raḥ">raḥ </w></cl><cl><w n="7">syā</w><w n="8" lemma="tta">t ta</w><w n="9">rpa</w><w n="10">ṇā</w><w n="11" lemma="tvi">d vi</w><w n="12">kṛ</w><w n="13">tā</w><w n="14" lemma="ta">d a</w><w n="15" lemma="pi">pi | </w></cl><cl><w n="16">ta</w><w n="17" lemma="tra">tra </w></cl><cl><w n="18">do</w><w n="19">ṣa</w><w n="20"/><w n="21">ha</w><w n="22" lemma="raṃ">raṃ </w></cl><cl><w n="23">rū</w><w n="24" lemma="kṣaṃ">kṣaṃ </w></cl><cl><w n="25">vi</w><w n="26">dhā</w><w n="27" lemma="naṃ">naṃ </w></cl><cl><w n="28">śa</w><w n="29">sya</w><w n="30" lemma="te">te </w></cl><cl><w n="31">mṛ</w><w n="32" lemma="du">du | </w></cl></text></TEI><TEI n="NE"><text><cl><w n="0" lemma="kiṃ"> kiñ</w><w n="1">ci</w><w n="2" lemma="tdhī">d dhī</w><w n="3">na</w><w n="4">vi</w><w n="5">kā</w><w n="6" lemma="raḥ">raḥ </w></cl><cl><w n="7">syā</w><w n="8" lemma="tta">t ta</w><w n="9">rpa</w><w n="10">ṇā</w><w n="11" lemma="tvi">d vi</w><w n="12">kṛ</w><w n="13">tā</w><w n="14" lemma="ta">d a</w><w n="15" lemma="pi">pi | </w></cl><cl><w n="16">ta</w><w n="17" lemma="tra">tra </w></cl><cl><w n="18">do</w><w n="19">ṣa</w><w n="20"/><w n="21">ha</w><w n="22" lemma="raṃ">raṃ </w></cl><cl><w n="23">rū</w><w n="24" lemma="kṣaṃ">kṣaṃ </w></cl><cl><w n="25">vi</w><w n="26">dhā</w><w n="27" lemma="naṃ">naṃ </w></cl><cl><w n="28">śa</w><w n="29">sya</w><w n="30" lemma="te">te </w></cl><cl><w n="31">mṛ</w><w n="32" lemma="du">du | </w></cl></text></TEI></teiCorpus>