<?xml version="1.0" encoding="UTF-8"?>
<teiCorpus xmlns="http://www.tei-c.org/ns/1.0" xml:lang="sa-Latn">
  <teiHeader>
<listWit>
<witness xml:id="A" source="06-ut-vulgate-1938-1-30.xml">
<abbr>A</abbr>
<expan>Printed edition: Ācārya 1938: Uttaratantra 1-30</expan>
</witness>
<witness xml:id="K" source="kl_699_uttaratantra-1-30.xml">
<abbr>K</abbr>
<expan>MSS Kathmandu KL 699: Uttaratantra</expan>
<listWit>
<witness xml:id="Kac" n="ac">
<abbr>Kac</abbr>
<expan>MSS Kathmandu KL 699: Uttaratantra [ante correctionem]</expan>
</witness>
<witness xml:id="Kpc" n="pc">
<abbr type="siglum">Kpc</abbr>
<expan>MSS Kathmandu KL 699: Uttaratantra [post correctionem]</expan>
</witness>
</listWit>
</witness>
<witness xml:id="H" source="nak_5-333_uttaratantra-1-30.xml">
<abbr>H</abbr>
<expan>MS Kathmandu NAK 5-333, Uttaratantra</expan>
<listWit>
<witness xml:id="Hac" n="ac">
<abbr>Hac</abbr>
<expan>MS Kathmandu NAK 5-333, Uttaratantra [ante correctionem]</expan>
</witness>
<witness xml:id="Hpc" n="pc">
<abbr type="siglum">Hpc</abbr>
<expan>MS Kathmandu NAK 5-333, Uttaratantra [post correctionem]</expan>
</witness>
</listWit>
</witness>
<witness xml:id="NE" source="provisional-edition_uttaratantra-1-30.xml">
<abbr>NE</abbr>
<expan>The Nepalese Version of the Suśrutasaṃhitā, uttaratantra 1-30, based on the
                    Nepalese MSS</expan>
</witness>
</listWit>
    <encodingDesc>
      <editorialDecl>
        <segmentation>
          <ab type="tokenization">aksara</ab>
          <ab type="blockid">SS.6.18.65</ab>
          <ab type="targetedition">NE</ab>
          <ab type="scoring">
            <ab type="match">1</ab>
            <ab type="mismatch">-1</ab>
            <ab type="gapopen">-2</ab>
            <ab type="gapextend">-0.25</ab>
            <ab type="recursive">true</ab>
            <ab type="realigndepth">20</ab>
            <ab type="distancefunction">ngrams</ab>
            
          </ab>
        </segmentation>
        <normalization method="markup">
<ab>ignore punctuation</ab>
<ab>candrabindu as anusvāra</ab>
<ab>geminated aspirated consonants</ab>
<ab>geminated m after h</ab>
<ab>geminated t</ab>
<ab>geminated consonants after r</ab>
<ab>final nasal variants</ab>
<ab>internal nasal variants</ab>
<ab>final anusvāra variants</ab>
<ab>visarga aḥ before voiced consonants</ab>
<ab>visarga aḥ before vowels</ab>
<ab>visarga aḥ before unvoiced consonants and space + anusvāra</ab>
<ab>visarga āḥ variants</ab>
<ab>other visarga variants</ab>
<ab>superfluous avagrahas</ab>
<ab>double avagrahas</ab>
<ab>avagrahas to short a</ab>
<ab>internal visarga variants</ab>
<ab>final au/āv</ab>
<ab>final su</ab>
<ab>final i</ab>
<ab>kcch/kś</ab>
<ab>cś/tś</ab>
<ab>cch/ch</ab>
<ab>final t + hi</ab>
<ab>final t + voiced syllable</ab>
<ab>final t + n/m</ab>
<ab>final t + c/j</ab>
<ab>i/y + vowel</ab>
<ab>bhd for bdh</ab>
<ab>remove spaces</ab>
        </normalization>
        <ab type="tagfilters">
<tag subtype="ignore">pc</tag>
<tag subtype="ignore">head</tag>
<tag subtype="ignore">label</tag>
<tag subtype="ignore">note</tag>
<tag subtype="ignore">num</tag>
<tag subtype="ignore">locus</tag>
<tag subtype="ignore">supplied</tag>
<tag subtype="ignore">surplus</tag>
        </ab>
      </editorialDecl>
    </encodingDesc>
    <xenoData>
      <stemma format="nexml" id="stemma0"><nex:nexml xmlns:nex="http://www.nexml.org/2009" version="0.9"><nex:otus id="otus1"><nex:otu id="otu0" label="A"/><nex:otu id="otu1" label="H"/><nex:otu id="otu2" label="K"/><nex:otu id="otu3" label="NE"/></nex:otus><nex:trees otus="otus1" id="trees1"><nex:tree id="guidetree" label="guidetree" xsi:type="nex:FloatTree" xmlns:xsi="http://www.w3.org/2001/XMLSchema-instance"><nex:node id="92a8fe30-a139-4480-a2e8-c8dfe01fe9ed" root="true"/><nex:node id="46b931a8-0065-49e2-8e96-abdb0d705ec9"/><nex:node id="4ee195cc-04f1-4d07-8250-13ea195b595e" label="A" otu="otu2"/><nex:node id="72a70011-b36a-4f83-9cf5-490e79ccd5d8" label="H" otu="otu3"/><nex:node id="9bbd3c44-017d-4f49-9933-722789363973"/><nex:node id="0700555d-41aa-4e9d-9e30-ee6362680cd1" label="K" otu="otu5"/><nex:node id="b463258e-16ec-4d3f-8913-8689391fc795" label="NE" otu="otu6"/><nex:edge source="92a8fe30-a139-4480-a2e8-c8dfe01fe9ed" target="46b931a8-0065-49e2-8e96-abdb0d705ec9" id="edge0" length="0.2546863075547547"/><nex:edge source="92a8fe30-a139-4480-a2e8-c8dfe01fe9ed" target="9bbd3c44-017d-4f49-9933-722789363973" id="edge1" length="0.2546863075547547"/><nex:edge source="46b931a8-0065-49e2-8e96-abdb0d705ec9" target="4ee195cc-04f1-4d07-8250-13ea195b595e" id="edge2" length="0.4809110748204301"/><nex:edge source="46b931a8-0065-49e2-8e96-abdb0d705ec9" target="72a70011-b36a-4f83-9cf5-490e79ccd5d8" id="edge3" length="0.4588921915603618"/><nex:edge source="9bbd3c44-017d-4f49-9933-722789363973" target="0700555d-41aa-4e9d-9e30-ee6362680cd1" id="edge4" length="1.1102230246251565e-16"/><nex:edge source="9bbd3c44-017d-4f49-9933-722789363973" target="b463258e-16ec-4d3f-8913-8689391fc795" id="edge5" length="1.1102230246251565e-16"/></nex:tree></nex:trees></nex:nexml></stemma>
    </xenoData>
  </teiHeader>
<TEI n="A"><text><cl><w n="0" lemma="ā"> ā</w><w n="1" lemma="pāṃ">pāṅ</w><w n="2" lemma="gyaṃ">gyaṃ </w><w n="3" lemma="vā">vā </w></cl><cl><w n="4">ya</w><w n="5">thā</w><w n="6">yo</w><w n="7" lemma="gaṃ">gaṃ </w></cl><cl><w n="8">ku</w><w n="9">ryā</w><w n="10" lemma="tcā">c cā</w><w n="11" lemma="pi">pi </w></cl><cl><w n="12">ga</w><w n="13">tā</w><w n="14">ga</w><w n="15" lemma="taṃ">tam | </w></cl><cl><w n="16">va</w><w n="17">rtmo</w><w n="18"/><w n="19">pa</w><w n="20">le</w><w n="21" lemma="pi">pi </w></cl><cl><w n="22" lemma="vā">vā </w><w n="23">ya</w></cl><cl><w n="24">tta</w><w n="25"/></cl><cl><w n="26" lemma="daṃ">daṅ</w><w n="27">gu</w><w n="28">lyai</w><w n="29" lemma="va">va </w></cl><cl><w n="30">pra</w><w n="31">yo</w><w n="32">ja</w><w n="33">ye</w><w n="34" lemma="t">t || </w></cl></text></TEI><TEI n="H"><text><cl><w n="0" lemma="a"> a</w><w n="1">pāṃ</w><w n="2" lemma="gaṃ">gaṃ </w><w n="3" lemma="vā">vā </w></cl><cl><w n="4">ya</w><w n="5">thā</w><w n="6">yo</w><w n="7" lemma="gaṃ">ga,m </w></cl><cl><w n="8">a</w><w n="9">tha</w><w n="10">vā</w><w n="11" lemma="pi">pi </w></cl><cl><w n="12">ga</w><w n="13">tā</w><w n="14">ga</w><w n="15" lemma="taṃ">taṃ || </w></cl><cl><w n="16">va</w><w n="17" lemma="rtṃ">rtm</w><w n="18">mā</w><w n="19">va</w><w n="20">la</w><w n="21" lemma="pi">pi </w></cl><cl><w n="22"/><w n="23">ya</w></cl><cl><w n="24" lemma="tcā">c cā</w><w n="25" lemma="pi">pi , </w></cl><cl><w n="26">a</w><w n="27">tu</w><w n="28">lyai</w><w n="29" lemma="va">va </w></cl><cl><w n="30">pra</w><w n="31">yo</w><w n="32">ja</w><w n="33">ye</w><w n="34" lemma="t">t | </w></cl></text></TEI><TEI n="K"><text><cl><w n="0" lemma="a"> a</w><w n="1" lemma="pāṃ">pāṅ</w><w n="2" lemma="gaṃ">gam </w><w n="3" lemma="vā">vā </w></cl><cl><w n="4">ya</w><w n="5">thā</w><w n="6">do</w><w n="7" lemma="ṣaṃ">ṣam </w></cl><cl><w n="8">a</w><w n="9">tha</w><w n="10">vā</w><w n="11" lemma="pi">pi </w></cl><cl><w n="12">ga</w><w n="13">tā</w><w n="14">ga</w><w n="15" lemma="tāṃ">tāṃ | </w></cl><cl><w n="16">va</w><w n="17"/><w n="18">rtmā</w><w n="19">va</w><w n="20" lemma="le">le </w><w n="21" lemma="pi">pi </w></cl><cl><w n="22">vā</w><w n="23" lemma="sāṃ">sāṃ </w></cl><cl><w n="24">vā</w><w n="25" lemma="pi">py </w></cl><cl><w n="26" lemma="aṃ">aṅ</w><w n="27">gu</w><w n="28">lyai</w><w n="29" lemma="va">va </w></cl><cl><w n="30">pra</w><w n="31">yo</w><w n="32">ja</w><w n="33">ye</w><w n="34" lemma="t">t | </w></cl></text></TEI><TEI n="NE"><text><cl><w n="0" lemma="a"> a</w><w n="1" lemma="pāṃ">pāṅ</w><w n="2" lemma="gaṃ">gam </w><w n="3" lemma="vā">vā </w></cl><cl><w n="4">ya</w><w n="5">thā</w><w n="6">do</w><w n="7" lemma="ṣaṃ">ṣam </w></cl><cl><w n="8">a</w><w n="9">tha</w><w n="10">vā</w><w n="11" lemma="pi">pi </w></cl><cl><w n="12">ga</w><w n="13">tā</w><w n="14">ga</w><w n="15" lemma="tāṃ">tāṃ | </w></cl><cl><w n="16">va</w><w n="17"/><w n="18">rtmā</w><w n="19">va</w><w n="20" lemma="le">le </w><w n="21" lemma="pi">pi </w></cl><cl><w n="22">vā</w><w n="23" lemma="sāṃ">sāṃ </w></cl><cl><w n="24">vā</w><w n="25" lemma="pi">py </w></cl><cl><w n="26" lemma="aṃ">aṅ</w><w n="27">gu</w><w n="28">lyai</w><w n="29" lemma="va">va </w></cl><cl><w n="30">pra</w><w n="31">yo</w><w n="32">ja</w><w n="33">ye</w><w n="34" lemma="t">t | </w></cl></text></TEI></teiCorpus>