<?xml version="1.0" encoding="UTF-8"?>
<teiCorpus xmlns="http://www.tei-c.org/ns/1.0" xml:lang="sa-Latn">
  <teiHeader>
<listWit>
<witness xml:id="A" source="06-ut-vulgate-1938-1-30.xml">
<abbr>A</abbr>
<expan>Printed edition: Ācārya 1938: Uttaratantra 1-30</expan>
</witness>
<witness xml:id="K" source="kl_699_uttaratantra-1-30.xml">
<abbr>K</abbr>
<expan>MSS Kathmandu KL 699: Uttaratantra</expan>
<listWit>
<witness xml:id="Kac" n="ac">
<abbr>Kac</abbr>
<expan>MSS Kathmandu KL 699: Uttaratantra [ante correctionem]</expan>
</witness>
<witness xml:id="Kpc" n="pc">
<abbr type="siglum">Kpc</abbr>
<expan>MSS Kathmandu KL 699: Uttaratantra [post correctionem]</expan>
</witness>
</listWit>
</witness>
<witness xml:id="H" source="nak_5-333_uttaratantra-1-30.xml">
<abbr>H</abbr>
<expan>MS Kathmandu NAK 5-333, Uttaratantra</expan>
<listWit>
<witness xml:id="Hac" n="ac">
<abbr>Hac</abbr>
<expan>MS Kathmandu NAK 5-333, Uttaratantra [ante correctionem]</expan>
</witness>
<witness xml:id="Hpc" n="pc">
<abbr type="siglum">Hpc</abbr>
<expan>MS Kathmandu NAK 5-333, Uttaratantra [post correctionem]</expan>
</witness>
</listWit>
</witness>
<witness xml:id="NE" source="provisional-edition_uttaratantra-1-30.xml">
<abbr>NE</abbr>
<expan>The Nepalese Version of the Suśrutasaṃhitā, uttaratantra 1-30, based on the
                    Nepalese MSS</expan>
</witness>
</listWit>
    <encodingDesc>
      <editorialDecl>
        <segmentation>
          <ab type="tokenization">aksara</ab>
          <ab type="blockid">SS.6.16.trailer</ab>
          <ab type="targetedition">NE</ab>
          <ab type="scoring">
            <ab type="match">1</ab>
            <ab type="mismatch">-1</ab>
            <ab type="gapopen">-2</ab>
            <ab type="gapextend">-0.25</ab>
            <ab type="recursive">true</ab>
            <ab type="realigndepth">20</ab>
            <ab type="distancefunction">ngrams</ab>
            
          </ab>
        </segmentation>
        <normalization method="markup">
<ab>ignore punctuation</ab>
<ab>candrabindu as anusvāra</ab>
<ab>geminated aspirated consonants</ab>
<ab>geminated m after h</ab>
<ab>geminated t</ab>
<ab>geminated consonants after r</ab>
<ab>final nasal variants</ab>
<ab>internal nasal variants</ab>
<ab>final anusvāra variants</ab>
<ab>visarga aḥ before voiced consonants</ab>
<ab>visarga aḥ before vowels</ab>
<ab>visarga aḥ before unvoiced consonants and space + anusvāra</ab>
<ab>visarga āḥ variants</ab>
<ab>other visarga variants</ab>
<ab>superfluous avagrahas</ab>
<ab>double avagrahas</ab>
<ab>avagrahas to short a</ab>
<ab>internal visarga variants</ab>
<ab>final au/āv</ab>
<ab>final su</ab>
<ab>final i</ab>
<ab>kcch/kś</ab>
<ab>cś/tś</ab>
<ab>cch/ch</ab>
<ab>final t + hi</ab>
<ab>final t + voiced syllable</ab>
<ab>final t + n/m</ab>
<ab>final t + c/j</ab>
<ab>i/y + vowel</ab>
<ab>bhd for bdh</ab>
<ab>remove spaces</ab>
        </normalization>
        <ab type="tagfilters">
<tag subtype="ignore">pc</tag>
<tag subtype="ignore">head</tag>
<tag subtype="ignore">label</tag>
<tag subtype="ignore">note</tag>
<tag subtype="ignore">num</tag>
<tag subtype="ignore">locus</tag>
<tag subtype="ignore">supplied</tag>
<tag subtype="ignore">surplus</tag>
        </ab>
      </editorialDecl>
    </encodingDesc>
    <xenoData>
      <stemma format="nexml" id="stemma0"><nex:nexml xmlns:nex="http://www.nexml.org/2009" version="0.9"><nex:otus id="otus1"><nex:otu id="otu0" label="A"/><nex:otu id="otu1" label="H"/><nex:otu id="otu2" label="K"/><nex:otu id="otu3" label="NE"/></nex:otus><nex:trees otus="otus1" id="trees1"><nex:tree id="guidetree" label="guidetree" xsi:type="nex:FloatTree" xmlns:xsi="http://www.w3.org/2001/XMLSchema-instance"><nex:node id="db74e39a-bb01-4d94-89cb-c55c16eaa791" root="true"/><nex:node id="601bf582-b039-4112-b8d8-a213632cbc98"/><nex:node id="48335245-b238-4178-9961-0672b96e6a16" label="A" otu="otu2"/><nex:node id="25938b80-e4f6-4170-b164-2c47f320e792" label="H" otu="otu3"/><nex:node id="af7d9eb7-53ae-402d-a1ce-126c814ff9ca"/><nex:node id="45118384-e766-4529-9608-b2e588e67d07" label="K" otu="otu5"/><nex:node id="350683cf-edbc-43d1-8ab9-65584c269a5f" label="NE" otu="otu6"/><nex:edge source="db74e39a-bb01-4d94-89cb-c55c16eaa791" target="601bf582-b039-4112-b8d8-a213632cbc98" id="edge0" length="0.023016355879068084"/><nex:edge source="db74e39a-bb01-4d94-89cb-c55c16eaa791" target="af7d9eb7-53ae-402d-a1ce-126c814ff9ca" id="edge1" length="0.023016355879068084"/><nex:edge source="601bf582-b039-4112-b8d8-a213632cbc98" target="48335245-b238-4178-9961-0672b96e6a16" id="edge2" length="0.45396728824186383"/><nex:edge source="601bf582-b039-4112-b8d8-a213632cbc98" target="25938b80-e4f6-4170-b164-2c47f320e792" id="edge3" length="0.45396728824186383"/><nex:edge source="af7d9eb7-53ae-402d-a1ce-126c814ff9ca" target="45118384-e766-4529-9608-b2e588e67d07" id="edge4" length="0.5"/><nex:edge source="af7d9eb7-53ae-402d-a1ce-126c814ff9ca" target="350683cf-edbc-43d1-8ab9-65584c269a5f" id="edge5" length="0.5"/></nex:tree></nex:trees></nex:nexml></stemma>
    </xenoData>
  </teiHeader>
<TEI n="A"><text><w n="0">i</w><cl><w n="1" lemma="ti">ti </w><w n="2">su</w><w n="3">śru</w><w n="4">ta</w><w n="5">saṃ</w><w n="6">hi</w><w n="7">tā</w><w n="8" lemma="yāṃ">yām </w><w n="9">u</w><w n="10">tta</w><w n="11">ra</w><w n="12" lemma="taṃ">tan</w><w n="13" lemma="trāṃ">trān</w><w n="14">ta</w><w n="15">rga</w><w n="16" lemma="te">te </w><w n="17">śā</w><w n="18">lā</w><w n="19">kya</w></cl><cl><w n="20" lemma="taṃ">tan</w><w n="21" lemma="tre">tre </w><w n="22">pa</w><w n="23">kṣma</w><w n="24">ga</w><w n="25">ta</w><w n="26">ro</w><w n="27">ga</w><w n="28">pra</w><w n="29">ti</w><w n="30">ṣe</w><w n="31" lemma="dhaḥ">dho </w><w n="32">nā</w><w n="33" lemma="ma">ma </w><w n="34">ṣo</w><w n="35">ḍa</w><w n="36" lemma="śaḥ">śo </w><w n="37" lemma="a">'</w><w n="38">dhyā</w><w n="39" lemma="yaḥ">yaḥ ||16 ||</w></cl></text></TEI><TEI n="H"><text><w n="0" lemma=""> </w><cl><w n="1"/><w n="2"/><w n="3"/><w n="4"/><w n="5"/><w n="6"/><w n="7"/><w n="8"/><w n="9"/><w n="10"/><w n="11"/><w n="12"/><w n="13"/><w n="14"/><w n="15"/><w n="16"/><w n="17">śā</w><w n="18">lā</w><w n="19" lemma="kye">kye </w></cl><cl><w n="20"/><w n="21"/><w n="22">pa</w><w n="23">kṣma</w><w n="24">ga</w><w n="25">ta</w><w n="26">ro</w><w n="27">ga</w><w n="28">pra</w><w n="29">ti</w><w n="30">ṣe</w><w n="31" lemma="dhaṃ">dham </w><w n="32" lemma="paṃ">pañ</w><w n="33">ca</w><w n="34">da</w><w n="35">śa</w><w n="36" lemma="maḥ">mo </w><w n="37" lemma="a">'</w><w n="38">dhyā</w><w n="39" lemma="yaḥ">yaḥ || || </w></cl></text></TEI><TEI n="K"><text><w n="0" lemma=""> </w><cl><w n="1"/><w n="2"/><w n="3"/><w n="4"/><w n="5"/><w n="6"/><w n="7"/><w n="8"/><w n="9"/><w n="10"/><w n="11"/><w n="12"/><w n="13"/><w n="14"/><w n="15"/><w n="16"/><w n="17">śā</w><w n="18">lā</w><w n="19" lemma="kye">kye 3 || 0 || </w></cl><cl><w n="20"/><w n="21"/><w n="22"/><w n="23"/><w n="24"/><w n="25"/><w n="26"/><w n="27"/><w n="28"/><w n="29"/><w n="30"/><w n="31"/><w n="32"/><w n="33"/><w n="34"/><w n="35"/><w n="36"/><w n="37"/><w n="38"/><w n="39"/></cl></text></TEI><TEI n="NE"><text><w n="0" lemma=""> </w><cl><w n="1"/><w n="2"/><w n="3"/><w n="4"/><w n="5"/><w n="6"/><w n="7"/><w n="8"/><w n="9"/><w n="10"/><w n="11"/><w n="12"/><w n="13"/><w n="14"/><w n="15"/><w n="16"/><w n="17">śā</w><w n="18">lā</w><w n="19" lemma="kye">kye 15 || 0 || </w></cl><cl><w n="20"/><w n="21"/><w n="22"/><w n="23"/><w n="24"/><w n="25"/><w n="26"/><w n="27"/><w n="28"/><w n="29"/><w n="30"/><w n="31"/><w n="32"/><w n="33"/><w n="34"/><w n="35"/><w n="36"/><w n="37"/><w n="38"/><w n="39"/></cl></text></TEI></teiCorpus>