<?xml version="1.0" encoding="UTF-8"?>
<teiCorpus xmlns="http://www.tei-c.org/ns/1.0" xml:lang="sa-Latn">
  <teiHeader>
<listWit>
<witness xml:id="A" source="06-ut-vulgate-1938-1-30.xml">
<abbr>A</abbr>
<expan>Printed edition: Ācārya 1938: Uttaratantra 1-30</expan>
</witness>
<witness xml:id="K" source="kl_699_uttaratantra-1-30.xml">
<abbr>K</abbr>
<expan>MSS Kathmandu KL 699: Uttaratantra</expan>
<listWit>
<witness xml:id="Kac" n="ac">
<abbr>Kac</abbr>
<expan>MSS Kathmandu KL 699: Uttaratantra [ante correctionem]</expan>
</witness>
<witness xml:id="Kpc" n="pc">
<abbr type="siglum">Kpc</abbr>
<expan>MSS Kathmandu KL 699: Uttaratantra [post correctionem]</expan>
</witness>
</listWit>
</witness>
<witness xml:id="H" source="nak_5-333_uttaratantra-1-30.xml">
<abbr>H</abbr>
<expan>MS Kathmandu NAK 5-333, Uttaratantra</expan>
<listWit>
<witness xml:id="Hac" n="ac">
<abbr>Hac</abbr>
<expan>MS Kathmandu NAK 5-333, Uttaratantra [ante correctionem]</expan>
</witness>
<witness xml:id="Hpc" n="pc">
<abbr type="siglum">Hpc</abbr>
<expan>MS Kathmandu NAK 5-333, Uttaratantra [post correctionem]</expan>
</witness>
</listWit>
</witness>
<witness xml:id="NE" source="provisional-edition_uttaratantra-1-30.xml">
<abbr>NE</abbr>
<expan>The Nepalese Version of the Suśrutasaṃhitā, uttaratantra 1-30, based on the
                    Nepalese MSS</expan>
</witness>
</listWit>
    <encodingDesc>
      <editorialDecl>
        <segmentation>
          <ab type="tokenization">aksara</ab>
          <ab type="blockid">SS.6.18.100</ab>
          <ab type="targetedition">NE</ab>
          <ab type="scoring">
            <ab type="match">1</ab>
            <ab type="mismatch">-1</ab>
            <ab type="gapopen">-2</ab>
            <ab type="gapextend">-0.25</ab>
            <ab type="recursive">true</ab>
            <ab type="realigndepth">20</ab>
            <ab type="distancefunction">ngrams</ab>
            
          </ab>
        </segmentation>
        <normalization method="markup">
<ab>ignore punctuation</ab>
<ab>candrabindu as anusvāra</ab>
<ab>geminated aspirated consonants</ab>
<ab>geminated m after h</ab>
<ab>geminated t</ab>
<ab>geminated consonants after r</ab>
<ab>final nasal variants</ab>
<ab>internal nasal variants</ab>
<ab>final anusvāra variants</ab>
<ab>visarga aḥ before voiced consonants</ab>
<ab>visarga aḥ before vowels</ab>
<ab>visarga aḥ before unvoiced consonants and space + anusvāra</ab>
<ab>visarga āḥ variants</ab>
<ab>other visarga variants</ab>
<ab>superfluous avagrahas</ab>
<ab>double avagrahas</ab>
<ab>avagrahas to short a</ab>
<ab>internal visarga variants</ab>
<ab>final au/āv</ab>
<ab>final su</ab>
<ab>final i</ab>
<ab>kcch/kś</ab>
<ab>cś/tś</ab>
<ab>cch/ch</ab>
<ab>final t + hi</ab>
<ab>final t + voiced syllable</ab>
<ab>final t + n/m</ab>
<ab>final t + c/j</ab>
<ab>i/y + vowel</ab>
<ab>bhd for bdh</ab>
<ab>remove spaces</ab>
        </normalization>
        <ab type="tagfilters">
<tag subtype="ignore">pc</tag>
<tag subtype="ignore">head</tag>
<tag subtype="ignore">label</tag>
<tag subtype="ignore">note</tag>
<tag subtype="ignore">num</tag>
<tag subtype="ignore">locus</tag>
<tag subtype="ignore">supplied</tag>
<tag subtype="ignore">surplus</tag>
        </ab>
      </editorialDecl>
    </encodingDesc>
    <xenoData>
      <stemma format="nexml" id="stemma0"><nex:nexml xmlns:nex="http://www.nexml.org/2009" version="0.9"><nex:otus id="otus1"><nex:otu id="otu0" label="A"/><nex:otu id="otu1" label="H"/><nex:otu id="otu2" label="K"/><nex:otu id="otu3" label="NE"/></nex:otus><nex:trees otus="otus1" id="trees1"><nex:tree id="guidetree" label="guidetree" xsi:type="nex:FloatTree" xmlns:xsi="http://www.w3.org/2001/XMLSchema-instance"><nex:node id="4e6d72b0-daf1-4ddf-9c69-b7b99b256775" root="true"/><nex:node id="1abdf2e4-fa78-4a87-a158-a1d5fc28c34f"/><nex:node id="1911831d-e58a-4de3-8d27-233c9b3b7b5d" label="A" otu="otu2"/><nex:node id="d635232e-402e-41a2-b589-516f9ff54f6f" label="H" otu="otu3"/><nex:node id="a4c6759c-349d-42d6-8b23-7e72d69710c6"/><nex:node id="7d192cf4-d417-4635-9bad-08c84b76a9c8" label="K" otu="otu5"/><nex:node id="b63499bc-7f20-4146-b489-aa20006dfbf0" label="NE" otu="otu6"/><nex:edge source="4e6d72b0-daf1-4ddf-9c69-b7b99b256775" target="1abdf2e4-fa78-4a87-a158-a1d5fc28c34f" id="edge0" length="0.3469927574446235"/><nex:edge source="4e6d72b0-daf1-4ddf-9c69-b7b99b256775" target="a4c6759c-349d-42d6-8b23-7e72d69710c6" id="edge1" length="0.3469927574446235"/><nex:edge source="1abdf2e4-fa78-4a87-a158-a1d5fc28c34f" target="1911831d-e58a-4de3-8d27-233c9b3b7b5d" id="edge2" length="0.3060144851107529"/><nex:edge source="1abdf2e4-fa78-4a87-a158-a1d5fc28c34f" target="d635232e-402e-41a2-b589-516f9ff54f6f" id="edge3" length="0.2597617142045934"/><nex:edge source="a4c6759c-349d-42d6-8b23-7e72d69710c6" target="7d192cf4-d417-4635-9bad-08c84b76a9c8" id="edge4" length="0"/><nex:edge source="a4c6759c-349d-42d6-8b23-7e72d69710c6" target="b63499bc-7f20-4146-b489-aa20006dfbf0" id="edge5" length="0"/></nex:tree></nex:trees></nex:nexml></stemma>
    </xenoData>
  </teiHeader>
<TEI n="A"><text><cl><w n="0" lemma="ma"> ma</w><w n="1">naḥ</w><w n="2">śi</w><w n="3" lemma="lāṃ">lāṃ </w></cl><cl><w n="4">de</w><w n="5">va</w><w n="6">kā</w><w n="7" lemma="ṣṭhaṃ">ṣṭhaṃ </w></cl><cl><w n="8">ra</w><w n="9">ja</w><w n="10" lemma="nyau">nyau </w></cl><cl><w n="11">tri</w><w n="12">pha</w><w n="13">lo</w><w n="14">ṣa</w><w n="15" lemma="ṇaṃ">ṇam | </w></cl><cl><w n="16">lā</w><w n="17">kṣā</w><w n="18">la</w><w n="19">śu</w><w n="20">na</w><w n="21" lemma="maṃ">mañ</w><w n="22">ji</w><w n="23">ṣṭhā</w></cl><cl><w n="24">sai</w><w n="25">ndha</w><w n="26">vai</w><w n="27" lemma="lāḥ">lāḥ </w></cl><cl><w n="28">sa</w><w n="29">mā</w><w n="30">kṣi</w><w n="31" lemma="kāḥ">kāḥ || </w></cl></text></TEI><TEI n="H"><text><cl><w n="0" lemma="ma"> ma</w><w n="1">naḥ</w><w n="2">śi</w><w n="3" lemma="lāṃ">lān </w></cl><cl><w n="4">de</w><w n="5">va</w><w n="6">kā</w><w n="7" lemma="ṣṭhaṃ">ṣṭhaṃ, </w></cl><cl><w n="8">ra</w><w n="9">ja</w><w n="10" lemma="ne">ne </w></cl><cl><w n="11">tri</w><w n="12">pha</w><w n="13">lo</w><w n="14">ṣa</w><w n="15" lemma="ṇaṃ">ṇaṃ || </w></cl><cl><w n="16">drā</w><w n="17">kṣā</w><w n="18">la</w><w n="19">śu</w><w n="20">na</w><w n="21" lemma="maṃ">mañ</w><w n="22">ji</w><w n="23" lemma="ṣṭhā">ṣṭhā,</w></cl><cl><w n="24">sai</w><w n="25">ndha</w><w n="26">vai</w><w n="27" lemma="lāḥ">lāḥ </w></cl><cl><w n="28">sa</w><w n="29">śai</w><w n="30">ri</w><w n="31" lemma="kāḥ">kāḥ | </w></cl></text></TEI><TEI n="K"><text><cl><w n="0" lemma="ma"> ma</w><w n="1">naḥ</w><w n="2">śi</w><w n="3" lemma="lā">lā </w></cl><cl><w n="4">de</w><w n="5">va</w><w n="6">kā</w><w n="7" lemma="ṣṭhaṃ">ṣṭhaṃ </w></cl><cl><w n="8">ra</w><w n="9">ja</w><w n="10" lemma="ne">ne </w></cl><cl><w n="11">tri</w><w n="12">pha</w><w n="13">lo</w><w n="14">ṣa</w><w n="15" lemma="ṇaṃ">ṇaṃ | </w></cl><cl><w n="16">drā</w><w n="17">kṣā</w><w n="18">ma</w><w n="19">dhu</w><w n="20">ka</w><w n="21" lemma="maṃ">mañ</w><w n="22">ji</w><w n="23" lemma="ṣṭhāḥ">ṣṭhāḥ </w></cl><cl><w n="24">sai</w><w n="25">ndha</w><w n="26">ve</w><w n="27" lemma="lāḥ">lāḥ </w></cl><cl><w n="28">sa</w><w n="29">gai</w><w n="30">ri</w><w n="31" lemma="kāḥ">kāḥ | </w></cl></text></TEI><TEI n="NE"><text><cl><w n="0" lemma="ma"> ma</w><w n="1">naḥ</w><w n="2">śi</w><w n="3" lemma="lā">lā </w></cl><cl><w n="4">de</w><w n="5">va</w><w n="6">kā</w><w n="7" lemma="ṣṭhaṃ">ṣṭhaṃ </w></cl><cl><w n="8">ra</w><w n="9">ja</w><w n="10" lemma="ne">ne </w></cl><cl><w n="11">tri</w><w n="12">pha</w><w n="13">lo</w><w n="14">ṣa</w><w n="15" lemma="ṇaṃ">ṇaṃ | </w></cl><cl><w n="16">drā</w><w n="17">kṣā</w><w n="18">ma</w><w n="19">dhu</w><w n="20">ka</w><w n="21" lemma="maṃ">mañ</w><w n="22">ji</w><w n="23" lemma="ṣṭhāḥ">ṣṭhāḥ </w></cl><cl><w n="24">sai</w><w n="25">ndha</w><w n="26">ve</w><w n="27" lemma="lāḥ">lāḥ </w></cl><cl><w n="28">sa</w><w n="29">gai</w><w n="30">ri</w><w n="31" lemma="kāḥ">kāḥ | </w></cl></text></TEI></teiCorpus>