<?xml version="1.0" encoding="UTF-8"?>
<teiCorpus xmlns="http://www.tei-c.org/ns/1.0" xml:lang="sa-Latn">
  <teiHeader>
<listWit>
<witness xml:id="A" source="06-ut-vulgate-1938-1-30.xml">
<abbr>A</abbr>
<expan>Printed edition: Ācārya 1938: Uttaratantra 1-30</expan>
</witness>
<witness xml:id="K" source="kl_699_uttaratantra-1-30.xml">
<abbr>K</abbr>
<expan>MSS Kathmandu KL 699: Uttaratantra</expan>
<listWit>
<witness xml:id="Kac" n="ac">
<abbr>Kac</abbr>
<expan>MSS Kathmandu KL 699: Uttaratantra [ante correctionem]</expan>
</witness>
<witness xml:id="Kpc" n="pc">
<abbr type="siglum">Kpc</abbr>
<expan>MSS Kathmandu KL 699: Uttaratantra [post correctionem]</expan>
</witness>
</listWit>
</witness>
<witness xml:id="H" source="nak_5-333_uttaratantra-1-30.xml">
<abbr>H</abbr>
<expan>MS Kathmandu NAK 5-333, Uttaratantra</expan>
<listWit>
<witness xml:id="Hac" n="ac">
<abbr>Hac</abbr>
<expan>MS Kathmandu NAK 5-333, Uttaratantra [ante correctionem]</expan>
</witness>
<witness xml:id="Hpc" n="pc">
<abbr type="siglum">Hpc</abbr>
<expan>MS Kathmandu NAK 5-333, Uttaratantra [post correctionem]</expan>
</witness>
</listWit>
</witness>
<witness xml:id="NE" source="provisional-edition_uttaratantra-1-30.xml">
<abbr>NE</abbr>
<expan>The Nepalese Version of the Suśrutasaṃhitā, uttaratantra 1-30, based on the
                    Nepalese MSS</expan>
</witness>
</listWit>
    <encodingDesc>
      <editorialDecl>
        <segmentation>
          <ab type="tokenization">aksara</ab>
          <ab type="blockid">SS.6.16.4ab</ab>
          <ab type="targetedition">NE</ab>
          <ab type="scoring">
            <ab type="match">1</ab>
            <ab type="mismatch">-1</ab>
            <ab type="gapopen">-2</ab>
            <ab type="gapextend">-0.25</ab>
            <ab type="recursive">true</ab>
            <ab type="realigndepth">20</ab>
            <ab type="distancefunction">ngrams</ab>
            
          </ab>
        </segmentation>
        <normalization method="markup">
<ab>ignore punctuation</ab>
<ab>candrabindu as anusvāra</ab>
<ab>geminated aspirated consonants</ab>
<ab>geminated m after h</ab>
<ab>geminated t</ab>
<ab>geminated consonants after r</ab>
<ab>final nasal variants</ab>
<ab>internal nasal variants</ab>
<ab>final anusvāra variants</ab>
<ab>visarga aḥ before voiced consonants</ab>
<ab>visarga aḥ before vowels</ab>
<ab>visarga aḥ before unvoiced consonants and space + anusvāra</ab>
<ab>visarga āḥ variants</ab>
<ab>other visarga variants</ab>
<ab>superfluous avagrahas</ab>
<ab>double avagrahas</ab>
<ab>avagrahas to short a</ab>
<ab>internal visarga variants</ab>
<ab>final au/āv</ab>
<ab>final su</ab>
<ab>final i</ab>
<ab>kcch/kś</ab>
<ab>cś/tś</ab>
<ab>cch/ch</ab>
<ab>final t + hi</ab>
<ab>final t + voiced syllable</ab>
<ab>final t + n/m</ab>
<ab>final t + c/j</ab>
<ab>i/y + vowel</ab>
<ab>bhd for bdh</ab>
<ab>remove spaces</ab>
        </normalization>
        <ab type="tagfilters">
<tag subtype="ignore">pc</tag>
<tag subtype="ignore">head</tag>
<tag subtype="ignore">label</tag>
<tag subtype="ignore">note</tag>
<tag subtype="ignore">num</tag>
<tag subtype="ignore">locus</tag>
<tag subtype="ignore">supplied</tag>
<tag subtype="ignore">surplus</tag>
        </ab>
      </editorialDecl>
    </encodingDesc>
    <xenoData>
      <stemma format="nexml" id="stemma0"><nex:nexml xmlns:nex="http://www.nexml.org/2009" version="0.9"><nex:otus id="otus1"><nex:otu id="otu0" label="A"/><nex:otu id="otu1" label="H"/><nex:otu id="otu2" label="K"/><nex:otu id="otu3" label="NE"/></nex:otus><nex:trees otus="otus1" id="trees1"><nex:tree id="guidetree" label="guidetree" xsi:type="nex:FloatTree" xmlns:xsi="http://www.w3.org/2001/XMLSchema-instance"><nex:node id="2276ec3f-0096-4cc7-8067-1c969479fa65" root="true"/><nex:node id="f0ffe3f4-6d45-48c4-b25d-beac638baf36"/><nex:node id="2ce04968-f9be-401c-b0b1-aada7d9592a6" label="A" otu="otu2"/><nex:node id="384ff3d5-15e0-4e97-8b66-153b328c7e12" label="H" otu="otu3"/><nex:node id="216ad027-72af-4fc0-b926-ea6d44188cce"/><nex:node id="019799c0-5911-42e7-843e-56fb28585989" label="K" otu="otu5"/><nex:node id="dec220b8-fec4-46c6-9dd0-9857857fa734" label="NE" otu="otu6"/><nex:edge source="2276ec3f-0096-4cc7-8067-1c969479fa65" target="f0ffe3f4-6d45-48c4-b25d-beac638baf36" id="edge0" length="0.2447574341026562"/><nex:edge source="2276ec3f-0096-4cc7-8067-1c969479fa65" target="216ad027-72af-4fc0-b926-ea6d44188cce" id="edge1" length="0.2447574341026562"/><nex:edge source="f0ffe3f4-6d45-48c4-b25d-beac638baf36" target="2ce04968-f9be-401c-b0b1-aada7d9592a6" id="edge2" length="0.5104851317946877"/><nex:edge source="f0ffe3f4-6d45-48c4-b25d-beac638baf36" target="384ff3d5-15e0-4e97-8b66-153b328c7e12" id="edge3" length="0.4895148682053123"/><nex:edge source="216ad027-72af-4fc0-b926-ea6d44188cce" target="019799c0-5911-42e7-843e-56fb28585989" id="edge4" length="0"/><nex:edge source="216ad027-72af-4fc0-b926-ea6d44188cce" target="dec220b8-fec4-46c6-9dd0-9857857fa734" id="edge5" length="0"/></nex:tree></nex:trees></nex:nexml></stemma>
    </xenoData>
  </teiHeader>
<TEI n="A"><text><cl><w n="0" lemma="bhru"> bhru</w><w n="1" lemma="voḥ">vor </w></cl><cl><w n="2">a</w><w n="3">dha</w><w n="4">stā</w><w n="5" lemma="tpa">t pa</w><w n="6">ri</w><w n="7">mu</w><w n="8" lemma="cya">cya </w></cl><cl><w n="9">bhā</w><w n="10" lemma="gau">gau </w></cl><cl><w n="11">pa</w><w n="12">kṣmā</w><w n="13">śri</w><w n="14" lemma="taṃ">taṃ </w></cl><cl><w n="15">cai</w><w n="16" lemma="kaṃ">kam </w><w n="17">a</w><w n="18" lemma="taḥ">to </w></cl><cl><w n="19" lemma="a">'</w><w n="20">va</w></cl><cl><w n="21" lemma="kṛṃ">kṛn</w><w n="22">te</w><w n="23" lemma="t">t |</w></cl></text></TEI><TEI n="H"><text><cl><w n="0" lemma="bhru"> bhru</w><w n="1" lemma="voḥ">vor </w></cl><cl><w n="2">a</w><w n="3">dha</w><w n="4">stā</w><w n="5" lemma="tpa">t pa</w><w n="6">ri</w><w n="7">mu</w><w n="8" lemma="cya">cya¦ </w></cl><cl><w n="9">bhā</w><w n="10" lemma="gau">gau </w></cl><cl><w n="11">pa</w><w n="12">kṣmā</w><w n="13">śri</w><w n="14" lemma="taṃ">tañ </w></cl><cl><w n="15">cai</w><w n="16">ka</w><w n="17">ta</w><w n="18" lemma="maḥ">mas </w></cl><cl><w n="19"/><w n="20" lemma="tu">tu </w></cl><cl><w n="21" lemma="chiṃ">cchin</w><w n="22">dyā</w><w n="23" lemma="t">t |</w></cl></text></TEI><TEI n="K"><text><cl><w n="0" lemma="bhru"> bhru</w><w n="1" lemma="voḥ">vor </w></cl><cl><w n="2">a</w><w n="3">dha</w><w n="4">stā</w><w n="5" lemma="tpa">t pa</w><w n="6">ri</w><w n="7">mu</w><w n="8" lemma="cya">cya </w></cl><cl><w n="9">bhā</w><w n="10" lemma="gau">gau </w></cl><cl><w n="11">pa</w><w n="12">kṣmā</w><w n="13">śri</w><w n="14" lemma="taṃ">taṃ </w></cl><cl><w n="15">cai</w><w n="16">ka</w><w n="17">ma</w><w n="18" lemma="taḥ">tas </w></cl><cl><w n="19"/><w n="20" lemma="tu">tu </w></cl><cl><w n="21" lemma="chiṃ">cchin</w><w n="22">dyā</w><w n="23" lemma="t">t |</w></cl></text></TEI><TEI n="NE"><text><cl><w n="0" lemma="bhru"> bhru</w><w n="1" lemma="voḥ">vor </w></cl><cl><w n="2">a</w><w n="3">dha</w><w n="4">stā</w><w n="5" lemma="tpa">t pa</w><w n="6">ri</w><w n="7">mu</w><w n="8" lemma="cya">cya </w></cl><cl><w n="9">bhā</w><w n="10" lemma="gau">gau </w></cl><cl><w n="11">pa</w><w n="12">kṣmā</w><w n="13">śri</w><w n="14" lemma="taṃ">taṃ </w></cl><cl><w n="15">cai</w><w n="16">ka</w><w n="17">ma</w><w n="18" lemma="taḥ">tas </w></cl><cl><w n="19"/><w n="20" lemma="tu">tu </w></cl><cl><w n="21" lemma="chiṃ">cchin</w><w n="22">dyā</w><w n="23" lemma="t">t |</w></cl></text></TEI></teiCorpus>