<?xml version="1.0" encoding="UTF-8"?>
<teiCorpus xmlns="http://www.tei-c.org/ns/1.0" xml:lang="sa-Latn">
  <teiHeader>
<listWit>
<witness xml:id="A" source="06-ut-vulgate-1938-1-30.xml">
<abbr>A</abbr>
<expan>Printed edition: Ācārya 1938: Uttaratantra 1-30</expan>
</witness>
<witness xml:id="K" source="kl_699_uttaratantra-1-30.xml">
<abbr>K</abbr>
<expan>MSS Kathmandu KL 699: Uttaratantra</expan>
<listWit>
<witness xml:id="Kac" n="ac">
<abbr>Kac</abbr>
<expan>MSS Kathmandu KL 699: Uttaratantra [ante correctionem]</expan>
</witness>
<witness xml:id="Kpc" n="pc">
<abbr type="siglum">Kpc</abbr>
<expan>MSS Kathmandu KL 699: Uttaratantra [post correctionem]</expan>
</witness>
</listWit>
</witness>
<witness xml:id="H" source="nak_5-333_uttaratantra-1-30.xml">
<abbr>H</abbr>
<expan>MS Kathmandu NAK 5-333, Uttaratantra</expan>
<listWit>
<witness xml:id="Hac" n="ac">
<abbr>Hac</abbr>
<expan>MS Kathmandu NAK 5-333, Uttaratantra [ante correctionem]</expan>
</witness>
<witness xml:id="Hpc" n="pc">
<abbr type="siglum">Hpc</abbr>
<expan>MS Kathmandu NAK 5-333, Uttaratantra [post correctionem]</expan>
</witness>
</listWit>
</witness>
<witness xml:id="NE" source="provisional-edition_uttaratantra-1-30.xml">
<abbr>NE</abbr>
<expan>The Nepalese Version of the Suśrutasaṃhitā, uttaratantra 1-30, based on the
                    Nepalese MSS</expan>
</witness>
</listWit>
    <encodingDesc>
      <editorialDecl>
        <segmentation>
          <ab type="tokenization">aksara</ab>
          <ab type="blockid">SS.6.1.25</ab>
          <ab type="targetedition">NE</ab>
          <ab type="scoring">
            <ab type="match">1</ab>
            <ab type="mismatch">-1</ab>
            <ab type="gapopen">-2</ab>
            <ab type="gapextend">-0.25</ab>
            <ab type="recursive">true</ab>
            <ab type="realigndepth">20</ab>
            <ab type="distancefunction">ngrams</ab>
            
          </ab>
        </segmentation>
        <normalization method="markup">
<ab>ignore punctuation</ab>
<ab>candrabindu as anusvāra</ab>
<ab>geminated aspirated consonants</ab>
<ab>geminated m after h</ab>
<ab>geminated t</ab>
<ab>geminated consonants after r</ab>
<ab>final nasal variants</ab>
<ab>internal nasal variants</ab>
<ab>final anusvāra variants</ab>
<ab>visarga aḥ before voiced consonants</ab>
<ab>visarga aḥ before vowels</ab>
<ab>visarga aḥ before unvoiced consonants and space + anusvāra</ab>
<ab>visarga āḥ variants</ab>
<ab>other visarga variants</ab>
<ab>superfluous avagrahas</ab>
<ab>double avagrahas</ab>
<ab>avagrahas to short a</ab>
<ab>internal visarga variants</ab>
<ab>final au/āv</ab>
<ab>final su</ab>
<ab>final i</ab>
<ab>kcch/kś</ab>
<ab>cś/tś</ab>
<ab>cch/ch</ab>
<ab>final t + hi</ab>
<ab>final t + voiced syllable</ab>
<ab>final t + n/m</ab>
<ab>final t + c/j</ab>
<ab>i/y + vowel</ab>
<ab>bhd for bdh</ab>
<ab>remove spaces</ab>
        </normalization>
        <ab type="tagfilters">
<tag subtype="ignore">pc</tag>
<tag subtype="ignore">head</tag>
<tag subtype="ignore">label</tag>
<tag subtype="ignore">note</tag>
<tag subtype="ignore">num</tag>
<tag subtype="ignore">locus</tag>
<tag subtype="ignore">supplied</tag>
<tag subtype="ignore">surplus</tag>
        </ab>
      </editorialDecl>
    </encodingDesc>
    <xenoData>
      <stemma format="nexml" id="stemma0"><nex:nexml xmlns:nex="http://www.nexml.org/2009" version="0.9"><nex:otus id="otus1"><nex:otu id="otu0" label="A"/><nex:otu id="otu1" label="H"/><nex:otu id="otu2" label="K"/><nex:otu id="otu3" label="NE"/></nex:otus><nex:trees otus="otus1" id="trees1"><nex:tree id="guidetree" label="guidetree" xsi:type="nex:FloatTree" xmlns:xsi="http://www.w3.org/2001/XMLSchema-instance"><nex:node id="d35520f9-8531-4621-88c8-7715164c469c" root="true"/><nex:node id="d61b477a-cebd-46bb-b61e-5bb7c0e08436"/><nex:node id="bc9a3eb2-7144-4ece-b9f5-00f2ab8acdf0" label="A" otu="otu2"/><nex:node id="d6772452-429d-4485-9c31-865c87a33838" label="H" otu="otu3"/><nex:node id="0070f2ab-2928-44ff-97df-31cedfefe8d8"/><nex:node id="4fa9ebb2-abd9-4034-a67f-6b93ea2d72e3" label="K" otu="otu5"/><nex:node id="1b066b30-8b8b-4f47-b868-27cec0ebabb9" label="NE" otu="otu6"/><nex:edge source="d35520f9-8531-4621-88c8-7715164c469c" target="d61b477a-cebd-46bb-b61e-5bb7c0e08436" id="edge0" length="0.1527454560578837"/><nex:edge source="d35520f9-8531-4621-88c8-7715164c469c" target="0070f2ab-2928-44ff-97df-31cedfefe8d8" id="edge1" length="0.1527454560578837"/><nex:edge source="d61b477a-cebd-46bb-b61e-5bb7c0e08436" target="bc9a3eb2-7144-4ece-b9f5-00f2ab8acdf0" id="edge2" length="0.6483542712315367"/><nex:edge source="d61b477a-cebd-46bb-b61e-5bb7c0e08436" target="d6772452-429d-4485-9c31-865c87a33838" id="edge3" length="0.35164572876846334"/><nex:edge source="0070f2ab-2928-44ff-97df-31cedfefe8d8" target="4fa9ebb2-abd9-4034-a67f-6b93ea2d72e3" id="edge4" length="0"/><nex:edge source="0070f2ab-2928-44ff-97df-31cedfefe8d8" target="1b066b30-8b8b-4f47-b868-27cec0ebabb9" id="edge5" length="0"/></nex:tree></nex:trees></nex:nexml></stemma>
    </xenoData>
  </teiHeader>
<TEI n="A"><text><cl><w n="0" lemma="saṃ"> saṅ</w><w n="1">kṣe</w><w n="2">pa</w><w n="3" lemma="taḥ">taḥ </w></cl><cl><w n="4">kri</w><w n="5">yā</w><w n="6">yo</w><w n="7" lemma="gaḥ">go </w></cl><cl><w n="8">ni</w><w n="9">dā</w><w n="10">na</w><w n="11">pa</w><w n="12">ri</w><w n="13">va</w><w n="14">rja</w><w n="15" lemma="naṃ">nam | </w></cl><cl><w n="16">vā</w><w n="17">tā</w><w n="18">dī</w><w n="19" lemma="nāṃ">nāṃ </w></cl><cl><w n="20">pra</w><w n="21">tī</w><w n="22">ghā</w><w n="23" lemma="taḥ">taḥ </w><w n="24">pro</w><w n="25" lemma="ktaḥ">kto </w></cl><cl><w n="26">vi</w><w n="27">sta</w><w n="28">ra</w><w n="29" lemma="taḥ">taḥ </w></cl><cl><w n="30">pu</w><w n="31" lemma="naḥ">naḥ || </w></cl></text></TEI><TEI n="H"><text><cl><w n="0">saṃ</w><w n="1">kṣe</w><w n="2">pa</w><w n="3" lemma="taḥ">taḥ </w></cl><cl><w n="4">kri</w><w n="5">yā</w><w n="6">yo</w><w n="7" lemma="gaḥ">go </w></cl><cl><w n="8">ni</w><w n="9">dā</w><w n="10">na</w><w n="11">pa</w><w n="12">ri</w><w n="13">va</w><w n="14" lemma="rja">rjja</w><w n="15" lemma="naṃ">naṃ | </w></cl><cl><w n="16">vā</w><w n="17">tā</w><w n="18">dī</w><w n="19" lemma="nāṃ">nām</w></cl><cl><w n="20">pra</w><w n="21">tī</w><w n="22">kā</w><w n="23" lemma="raḥ">raḥ </w><w n="24">pro</w><w n="25" lemma="ktaḥ">kto </w></cl><cl><w n="26">vi</w><w n="27">sta</w><w n="28">ra</w><w n="29" lemma="ṇaḥ">ṇaḥ </w></cl><cl><w n="30">pu</w><w n="31" lemma="rā">rā ||</w></cl></text></TEI><TEI n="K"><text><cl><w n="0">saṃ</w><w n="1">kṣe</w><w n="2">pa</w><w n="3" lemma="taḥ">taḥ </w></cl><cl><w n="4">kri</w><w n="5">yā</w><w n="6">yo</w><w n="7" lemma="gaḥ">go </w></cl><cl><w n="8">ni</w><w n="9">dā</w><w n="10">na</w><w n="11">pa</w><w n="12">ri</w><w n="13">va</w><w n="14">rja</w><w n="15" lemma="naṃ">naṃ | </w></cl><cl><w n="16">vā</w><w n="17">tā</w><w n="18">dī</w><w n="19" lemma="nāṃ">nāṃ </w></cl><cl><w n="20">pra</w><w n="21">tī</w><w n="22">kā</w><w n="23" lemma="raḥ">raḥ </w><w n="24">pro</w><w n="25" lemma="ktaḥ">kto </w></cl><cl><w n="26">vi</w><w n="27">sta</w><w n="28">ra</w><w n="29" lemma="taḥ">taḥ </w></cl><cl><w n="30">pu</w><w n="31" lemma="rā">rā |</w></cl></text></TEI><TEI n="NE"><text><cl><w n="0" lemma="saṃ"> saṃ</w><w n="1">kṣe</w><w n="2">pa</w><w n="3" lemma="taḥ">taḥ </w></cl><cl><w n="4">kri</w><w n="5">yā</w><w n="6">yo</w><w n="7" lemma="gaḥ">go </w></cl><cl><w n="8">ni</w><w n="9">dā</w><w n="10">na</w><w n="11">pa</w><w n="12">ri</w><w n="13">va</w><w n="14">rja</w><w n="15" lemma="naṃ">naṃ | </w></cl><cl><w n="16">vā</w><w n="17">tā</w><w n="18">dī</w><w n="19" lemma="nāṃ">nāṃ </w></cl><cl><w n="20">pra</w><w n="21">tī</w><w n="22">kā</w><w n="23">raḥ</w><w n="24">pro</w><w n="25" lemma="ktaḥ">kto </w></cl><cl><w n="26">vi</w><w n="27">sta</w><w n="28">ra</w><w n="29" lemma="taḥ">taḥ </w></cl><cl><w n="30">pu</w><w n="31" lemma="rā">rā |</w></cl></text></TEI></teiCorpus>