<?xml version="1.0" encoding="UTF-8"?>
<teiCorpus xmlns="http://www.tei-c.org/ns/1.0" xml:lang="sa-Latn">
  <teiHeader>
<listWit>
<witness xml:id="A" source="06-ut-vulgate-1938-1-30.xml">
<abbr>A</abbr>
<expan>Printed edition: Ācārya 1938: Uttaratantra 1-30</expan>
</witness>
<witness xml:id="K" source="kl_699_uttaratantra-1-30.xml">
<abbr>K</abbr>
<expan>MSS Kathmandu KL 699: Uttaratantra</expan>
<listWit>
<witness xml:id="Kac" n="ac">
<abbr>Kac</abbr>
<expan>MSS Kathmandu KL 699: Uttaratantra [ante correctionem]</expan>
</witness>
<witness xml:id="Kpc" n="pc">
<abbr type="siglum">Kpc</abbr>
<expan>MSS Kathmandu KL 699: Uttaratantra [post correctionem]</expan>
</witness>
</listWit>
</witness>
<witness xml:id="H" source="nak_5-333_uttaratantra-1-30.xml">
<abbr>H</abbr>
<expan>MS Kathmandu NAK 5-333, Uttaratantra</expan>
<listWit>
<witness xml:id="Hac" n="ac">
<abbr>Hac</abbr>
<expan>MS Kathmandu NAK 5-333, Uttaratantra [ante correctionem]</expan>
</witness>
<witness xml:id="Hpc" n="pc">
<abbr type="siglum">Hpc</abbr>
<expan>MS Kathmandu NAK 5-333, Uttaratantra [post correctionem]</expan>
</witness>
</listWit>
</witness>
<witness xml:id="NE" source="provisional-edition_uttaratantra-1-30.xml">
<abbr>NE</abbr>
<expan>The Nepalese Version of the Suśrutasaṃhitā, uttaratantra 1-30, based on the
                    Nepalese MSS</expan>
</witness>
</listWit>
    <encodingDesc>
      <editorialDecl>
        <segmentation>
          <ab type="tokenization">aksara</ab>
          <ab type="blockid">SS.6.13.14</ab>
          <ab type="targetedition">NE</ab>
          <ab type="scoring">
            <ab type="match">1</ab>
            <ab type="mismatch">-1</ab>
            <ab type="gapopen">-2</ab>
            <ab type="gapextend">-0.25</ab>
            <ab type="recursive">true</ab>
            <ab type="realigndepth">20</ab>
            <ab type="distancefunction">ngrams</ab>
            
          </ab>
        </segmentation>
        <normalization method="markup">
<ab>ignore punctuation</ab>
<ab>candrabindu as anusvāra</ab>
<ab>geminated aspirated consonants</ab>
<ab>geminated m after h</ab>
<ab>geminated t</ab>
<ab>geminated consonants after r</ab>
<ab>final nasal variants</ab>
<ab>internal nasal variants</ab>
<ab>final anusvāra variants</ab>
<ab>visarga aḥ before voiced consonants</ab>
<ab>visarga aḥ before vowels</ab>
<ab>visarga aḥ before unvoiced consonants and space + anusvāra</ab>
<ab>visarga āḥ variants</ab>
<ab>other visarga variants</ab>
<ab>superfluous avagrahas</ab>
<ab>double avagrahas</ab>
<ab>avagrahas to short a</ab>
<ab>internal visarga variants</ab>
<ab>final au/āv</ab>
<ab>final su</ab>
<ab>final i</ab>
<ab>kcch/kś</ab>
<ab>cś/tś</ab>
<ab>cch/ch</ab>
<ab>final t + hi</ab>
<ab>final t + voiced syllable</ab>
<ab>final t + n/m</ab>
<ab>final t + c/j</ab>
<ab>i/y + vowel</ab>
<ab>bhd for bdh</ab>
<ab>remove spaces</ab>
        </normalization>
        <ab type="tagfilters">
<tag subtype="ignore">pc</tag>
<tag subtype="ignore">head</tag>
<tag subtype="ignore">label</tag>
<tag subtype="ignore">note</tag>
<tag subtype="ignore">num</tag>
<tag subtype="ignore">locus</tag>
<tag subtype="ignore">supplied</tag>
<tag subtype="ignore">surplus</tag>
        </ab>
      </editorialDecl>
    </encodingDesc>
    <xenoData>
      <stemma format="nexml" id="stemma0"><nex:nexml xmlns:nex="http://www.nexml.org/2009" version="0.9"><nex:otus id="otus1"><nex:otu id="otu0" label="A"/><nex:otu id="otu1" label="K"/><nex:otu id="otu2" label="NE"/></nex:otus><nex:trees otus="otus1" id="trees1"><nex:tree id="guidetree" label="guidetree" xsi:type="nex:FloatTree" xmlns:xsi="http://www.w3.org/2001/XMLSchema-instance"><nex:node id="d28e4af1-b135-45a8-9c0b-232a4a85d549" root="true"/><nex:node id="c173894e-cc54-492e-92fa-0dddb97d9649"/><nex:node id="04e55dbe-c9c7-4ba0-9c62-d8b9f3250ccb" label="A" otu="otu2"/><nex:node id="e4ebb565-c1a3-4a5b-bec4-87aaf36b0eb4" label="K" otu="otu3"/><nex:node id="4072a2e5-e2fe-4482-bfa6-099e1df0bb66" label="NE" otu="otu4"/><nex:edge source="d28e4af1-b135-45a8-9c0b-232a4a85d549" target="c173894e-cc54-492e-92fa-0dddb97d9649" id="edge0" length="0"/><nex:edge source="d28e4af1-b135-45a8-9c0b-232a4a85d549" target="4072a2e5-e2fe-4482-bfa6-099e1df0bb66" id="edge1" length="0"/><nex:edge source="c173894e-cc54-492e-92fa-0dddb97d9649" target="04e55dbe-c9c7-4ba0-9c62-d8b9f3250ccb" id="edge2" length="1"/><nex:edge source="c173894e-cc54-492e-92fa-0dddb97d9649" target="e4ebb565-c1a3-4a5b-bec4-87aaf36b0eb4" id="edge3" length="0"/></nex:tree></nex:trees></nex:nexml></stemma>
    </xenoData>
  </teiHeader>
<TEI n="A"><text><cl><w n="0" lemma="sne"> sne</w><w n="1">ha</w><w n="2">sve</w><w n="3">dā</w><w n="4">di</w><w n="5">ri</w><w n="6" lemma="ṣṭaḥ">ṣṭaḥ </w></cl><cl><w n="7">syā</w><w n="8" lemma="tkra">t kra</w><w n="9">ma</w><w n="10">sta</w><w n="11">trā</w><w n="12">ni</w><w n="13">lā</w><w n="14">pa</w><w n="15" lemma="haḥ">haḥ | </w></cl><cl><w n="16">va</w><w n="17">rtmā</w><w n="18">va</w><w n="19">ba</w><w n="20" lemma="ndhaṃ">ndhaṃ </w><w n="21">kli</w><w n="22" lemma="ṣṭaṃ">ṣṭaṃ </w><w n="23" lemma="ca">ca </w></cl><cl><w n="24">ba</w><w n="25">ha</w><w n="26" lemma="laṃ">laṃ </w></cl><cl><w n="27">ya</w><w n="28" lemma="tca">c ca </w></cl><cl><w n="29">kī</w><w n="30">rti</w><w n="31" lemma="taṃ">tam || </w></cl></text></TEI><TEI n="K"><text><cl><w n="0" lemma="sne"> sne</w><w n="1">ha</w><w n="2">sve</w><w n="3">dā</w><w n="4">di</w><w n="5">ri</w><w n="6" lemma="ṣṭaṃ">ṣṭaṃ </w></cl><cl><w n="7">syā</w><w n="8" lemma="tkra">t kra</w><w n="9">ma</w><w n="10">sta</w><w n="11">trā</w><w n="12">ni</w><w n="13">lā</w><w n="14">pa</w><w n="15" lemma="haḥ">haḥ | </w></cl><cl><w n="16">va</w><w n="17">rtmā</w><w n="18">va</w><w n="19">va</w><w n="20" lemma="dha">ddha</w><w n="21">kli</w><w n="22" lemma="ṣṭaṃ">ṣṭaṃ </w><w n="23" lemma="ca">ca </w></cl><cl><w n="24">va</w><w n="25">ha</w><w n="26" lemma="laṃ">laṃ </w></cl><cl><w n="27">ya</w><w n="28" lemma="tca">c ca </w></cl><cl><w n="29">kī</w><w n="30">rti</w><w n="31" lemma="taṃ">taṃ | </w></cl></text></TEI><TEI n="NE"><text><cl><w n="0" lemma="sne"> sne</w><w n="1">ha</w><w n="2">sve</w><w n="3">dā</w><w n="4">di</w><w n="5">ri</w><w n="6" lemma="ṣṭaṃ">ṣṭaṃ </w></cl><cl><w n="7">syā</w><w n="8" lemma="tkra">t kra</w><w n="9">ma</w><w n="10">sta</w><w n="11">trā</w><w n="12">ni</w><w n="13">lā</w><w n="14">pa</w><w n="15" lemma="haḥ">haḥ | </w></cl><cl><w n="16">va</w><w n="17">rtmā</w><w n="18">va</w><w n="19">va</w><w n="20" lemma="dha">ddha</w><w n="21">kli</w><w n="22" lemma="ṣṭaṃ">ṣṭaṃ </w><w n="23" lemma="ca">ca </w></cl><cl><w n="24">va</w><w n="25">ha</w><w n="26" lemma="laṃ">laṃ </w></cl><cl><w n="27">ya</w><w n="28" lemma="tca">c ca </w></cl><cl><w n="29">kī</w><w n="30">rti</w><w n="31" lemma="taṃ">taṃ | </w></cl></text></TEI></teiCorpus>