<?xml version="1.0" encoding="UTF-8"?>
<teiCorpus xmlns="http://www.tei-c.org/ns/1.0" xml:lang="sa-Latn">
  <teiHeader>
<listWit>
<witness xml:id="A" source="06-ut-vulgate-1938-1-30.xml">
<abbr>A</abbr>
<expan>Printed edition: Ācārya 1938: Uttaratantra 1-30</expan>
</witness>
<witness xml:id="K" source="kl_699_uttaratantra-1-30.xml">
<abbr>K</abbr>
<expan>MSS Kathmandu KL 699: Uttaratantra</expan>
<listWit>
<witness xml:id="Kac" n="ac">
<abbr>Kac</abbr>
<expan>MSS Kathmandu KL 699: Uttaratantra [ante correctionem]</expan>
</witness>
<witness xml:id="Kpc" n="pc">
<abbr type="siglum">Kpc</abbr>
<expan>MSS Kathmandu KL 699: Uttaratantra [post correctionem]</expan>
</witness>
</listWit>
</witness>
<witness xml:id="H" source="nak_5-333_uttaratantra-1-30.xml">
<abbr>H</abbr>
<expan>MS Kathmandu NAK 5-333, Uttaratantra</expan>
<listWit>
<witness xml:id="Hac" n="ac">
<abbr>Hac</abbr>
<expan>MS Kathmandu NAK 5-333, Uttaratantra [ante correctionem]</expan>
</witness>
<witness xml:id="Hpc" n="pc">
<abbr type="siglum">Hpc</abbr>
<expan>MS Kathmandu NAK 5-333, Uttaratantra [post correctionem]</expan>
</witness>
</listWit>
</witness>
<witness xml:id="NE" source="provisional-edition_uttaratantra-1-30.xml">
<abbr>NE</abbr>
<expan>The Nepalese Version of the Suśrutasaṃhitā, uttaratantra 1-30, based on the
                    Nepalese MSS</expan>
</witness>
</listWit>
    <encodingDesc>
      <editorialDecl>
        <segmentation>
          <ab type="tokenization">aksara</ab>
          <ab type="blockid">SS.6.18.15</ab>
          <ab type="targetedition">NE</ab>
          <ab type="scoring">
            <ab type="match">1</ab>
            <ab type="mismatch">-1</ab>
            <ab type="gapopen">-2</ab>
            <ab type="gapextend">-0.25</ab>
            <ab type="recursive">true</ab>
            <ab type="realigndepth">20</ab>
            <ab type="distancefunction">ngrams</ab>
            
          </ab>
        </segmentation>
        <normalization method="markup">
<ab>ignore punctuation</ab>
<ab>candrabindu as anusvāra</ab>
<ab>geminated aspirated consonants</ab>
<ab>geminated m after h</ab>
<ab>geminated t</ab>
<ab>geminated consonants after r</ab>
<ab>final nasal variants</ab>
<ab>internal nasal variants</ab>
<ab>final anusvāra variants</ab>
<ab>visarga aḥ before voiced consonants</ab>
<ab>visarga aḥ before vowels</ab>
<ab>visarga aḥ before unvoiced consonants and space + anusvāra</ab>
<ab>visarga āḥ variants</ab>
<ab>other visarga variants</ab>
<ab>superfluous avagrahas</ab>
<ab>double avagrahas</ab>
<ab>avagrahas to short a</ab>
<ab>internal visarga variants</ab>
<ab>final au/āv</ab>
<ab>final su</ab>
<ab>final i</ab>
<ab>kcch/kś</ab>
<ab>cś/tś</ab>
<ab>cch/ch</ab>
<ab>final t + hi</ab>
<ab>final t + voiced syllable</ab>
<ab>final t + n/m</ab>
<ab>final t + c/j</ab>
<ab>i/y + vowel</ab>
<ab>bhd for bdh</ab>
<ab>remove spaces</ab>
        </normalization>
        <ab type="tagfilters">
<tag subtype="ignore">pc</tag>
<tag subtype="ignore">head</tag>
<tag subtype="ignore">label</tag>
<tag subtype="ignore">note</tag>
<tag subtype="ignore">num</tag>
<tag subtype="ignore">locus</tag>
<tag subtype="ignore">supplied</tag>
<tag subtype="ignore">surplus</tag>
        </ab>
      </editorialDecl>
    </encodingDesc>
    <xenoData>
      <stemma format="nexml" id="stemma0"><nex:nexml xmlns:nex="http://www.nexml.org/2009" version="0.9"><nex:otus id="otus1"><nex:otu id="otu0" label="A"/><nex:otu id="otu1" label="H"/><nex:otu id="otu2" label="K"/><nex:otu id="otu3" label="NE"/></nex:otus><nex:trees otus="otus1" id="trees1"><nex:tree id="guidetree" label="guidetree" xsi:type="nex:FloatTree" xmlns:xsi="http://www.w3.org/2001/XMLSchema-instance"><nex:node id="c9029c93-79ea-476f-a27d-8b46a3411b87" root="true"/><nex:node id="932c656d-d150-4446-92c8-d680dfffe56c"/><nex:node id="fee0f734-8945-4075-97a8-cdc6d23791cf" label="A" otu="otu2"/><nex:node id="6a9469f0-301c-4647-b8e1-be7029238979" label="H" otu="otu3"/><nex:node id="24aa5366-d81d-4c9f-b88d-f68bf24a25e2"/><nex:node id="9c8e9928-89d6-4fcd-801d-84f770da7c65" label="K" otu="otu5"/><nex:node id="e5a60988-69f1-4ab4-b434-5b32b32e6e4c" label="NE" otu="otu6"/><nex:edge source="c9029c93-79ea-476f-a27d-8b46a3411b87" target="932c656d-d150-4446-92c8-d680dfffe56c" id="edge0" length="0.2143637674347335"/><nex:edge source="c9029c93-79ea-476f-a27d-8b46a3411b87" target="24aa5366-d81d-4c9f-b88d-f68bf24a25e2" id="edge1" length="0.2143637674347335"/><nex:edge source="932c656d-d150-4446-92c8-d680dfffe56c" target="fee0f734-8945-4075-97a8-cdc6d23791cf" id="edge2" length="0.571272465130533"/><nex:edge source="932c656d-d150-4446-92c8-d680dfffe56c" target="6a9469f0-301c-4647-b8e1-be7029238979" id="edge3" length="0.428727534869467"/><nex:edge source="24aa5366-d81d-4c9f-b88d-f68bf24a25e2" target="9c8e9928-89d6-4fcd-801d-84f770da7c65" id="edge4" length="0"/><nex:edge source="24aa5366-d81d-4c9f-b88d-f68bf24a25e2" target="e5a60988-69f1-4ab4-b434-5b32b32e6e4c" id="edge5" length="0"/></nex:tree></nex:trees></nex:nexml></stemma>
    </xenoData>
  </teiHeader>
<TEI n="A"><text><cl><w n="0" lemma="rū"> rū</w><w n="1" lemma="kṣaṃ">kṣam </w></cl><cl><w n="2">ā</w><w n="3">vi</w><w n="4" lemma="laṃ">lam </w></cl><cl><w n="5">a</w><w n="6">srā</w><w n="7" lemma="ḍhyaṃ">ḍhyam </w></cl><cl><w n="8">a</w><w n="9">sa</w><w n="10" lemma="haṃ">haṃ </w></cl><cl><w n="11">rū</w><w n="12">pa</w><w n="13">da</w><w n="14">rśa</w><w n="15" lemma="ne">ne | </w></cl><cl><w n="16">vyā</w><w n="17">dhi</w><w n="18">vṛ</w><w n="19" lemma="dhiḥ">ddhiś </w><w n="20" lemma="ca">ca </w></cl><cl><w n="21">ta</w><w n="22">jjñe</w><w n="23" lemma="yaṃ">yaṃ </w></cl><cl><w n="24">hī</w><w n="25">na</w><w n="26">ta</w><w n="27">rpi</w><w n="28">ta</w></cl><cl><w n="29">ma</w><w n="30" lemma="kṣi">kṣi </w><w n="31" lemma="ca">ca || </w></cl></text></TEI><TEI n="H"><text><cl><w n="0" lemma="rū"> rū</w><w n="1" lemma="kṣaṃ">kṣam </w></cl><cl><w n="2">ā</w><w n="3">vi</w><w n="4" lemma="laṃ">lam </w></cl><cl><w n="5">a</w><w n="6">srā</w><w n="7" lemma="vaṃ">va,m </w></cl><cl><w n="8">a</w><w n="9">sa</w><w n="10" lemma="haṃ">haṃ </w></cl><cl><w n="11">rū</w><w n="12">pa</w><w n="13">da</w><w n="14">rśa</w><w n="15" lemma="ne">ne | </w></cl><cl><w n="16">vyā</w><w n="17">dhi</w><w n="18">vṛ</w><w n="19" lemma="dhiḥ">ddhiś </w><w n="20" lemma="ca">ca </w></cl><cl><w n="21">ta</w><w n="22">jje</w><w n="23" lemma="yaṃ">yaṃ , </w></cl><cl><w n="24">hī</w><w n="25">na</w><w n="26">ta</w><w n="27" lemma="rpa">rppa</w><w n="28" lemma="ṇaṃ">ṇam </w></cl><cl><w n="29">a</w><w n="30">kṣi</w><w n="31" lemma="taḥ">taḥ || </w></cl></text></TEI><TEI n="K"><text><cl><w n="0" lemma="rū"> rū</w><w n="1" lemma="kṣaṃ">kṣam </w></cl><cl><w n="2">ā</w><w n="3">vi</w><w n="4" lemma="laṃ">lam </w></cl><cl><w n="5">a</w><w n="6">srā</w><w n="7" lemma="vaṃ">vam </w></cl><cl><w n="8">a</w><w n="9">sa</w><w n="10" lemma="haṃ">haṃ </w></cl><cl><w n="11">rū</w><w n="12">pa</w><w n="13">da</w><w n="14">rśa</w><w n="15" lemma="ne">ne | </w></cl><cl><w n="16">vyā</w><w n="17">dhi</w><w n="18">vṛ</w><w n="19" lemma="dhiḥ">ddhiś </w><w n="20" lemma="ca">ca </w></cl><cl><w n="21">ta</w><w n="22">jñe</w><w n="23" lemma="yaṃ">yaṃ </w></cl><cl><w n="24">hī</w><w n="25">na</w><w n="26">ta</w><w n="27">rpa</w><w n="28" lemma="ṇaṃ">ṇam </w></cl><cl><w n="29">a</w><w n="30">kṣi</w><w n="31" lemma="taḥ">taḥ | </w></cl></text></TEI><TEI n="NE"><text><cl><w n="0" lemma="rū"> rū</w><w n="1" lemma="kṣaṃ">kṣam </w></cl><cl><w n="2">ā</w><w n="3">vi</w><w n="4" lemma="laṃ">lam </w></cl><cl><w n="5">a</w><w n="6">srā</w><w n="7" lemma="vaṃ">vam </w></cl><cl><w n="8">a</w><w n="9">sa</w><w n="10" lemma="haṃ">haṃ </w></cl><cl><w n="11">rū</w><w n="12">pa</w><w n="13">da</w><w n="14">rśa</w><w n="15" lemma="ne">ne | </w></cl><cl><w n="16">vyā</w><w n="17">dhi</w><w n="18">vṛ</w><w n="19" lemma="dhiḥ">ddhiś </w><w n="20" lemma="ca">ca </w></cl><cl><w n="21">ta</w><w n="22">jñe</w><w n="23" lemma="yaṃ">yaṃ </w></cl><cl><w n="24">hī</w><w n="25">na</w><w n="26">ta</w><w n="27">rpa</w><w n="28" lemma="ṇaṃ">ṇam </w></cl><cl><w n="29">a</w><w n="30">kṣi</w><w n="31" lemma="taḥ">taḥ | </w></cl></text></TEI></teiCorpus>