<?xml version="1.0" encoding="UTF-8"?>
<teiCorpus xmlns="http://www.tei-c.org/ns/1.0" xml:lang="sa-Latn">
  <teiHeader>
<listWit>
<witness xml:id="A" source="06-ut-vulgate-1938-1-30.xml">
<abbr>A</abbr>
<expan>Printed edition: Ācārya 1938: Uttaratantra 1-30</expan>
</witness>
<witness xml:id="K" source="kl_699_uttaratantra-1-30.xml">
<abbr>K</abbr>
<expan>MSS Kathmandu KL 699: Uttaratantra</expan>
<listWit>
<witness xml:id="Kac" n="ac">
<abbr>Kac</abbr>
<expan>MSS Kathmandu KL 699: Uttaratantra [ante correctionem]</expan>
</witness>
<witness xml:id="Kpc" n="pc">
<abbr type="siglum">Kpc</abbr>
<expan>MSS Kathmandu KL 699: Uttaratantra [post correctionem]</expan>
</witness>
</listWit>
</witness>
<witness xml:id="H" source="nak_5-333_uttaratantra-1-30.xml">
<abbr>H</abbr>
<expan>MS Kathmandu NAK 5-333, Uttaratantra</expan>
<listWit>
<witness xml:id="Hac" n="ac">
<abbr>Hac</abbr>
<expan>MS Kathmandu NAK 5-333, Uttaratantra [ante correctionem]</expan>
</witness>
<witness xml:id="Hpc" n="pc">
<abbr type="siglum">Hpc</abbr>
<expan>MS Kathmandu NAK 5-333, Uttaratantra [post correctionem]</expan>
</witness>
</listWit>
</witness>
<witness xml:id="NE" source="provisional-edition_uttaratantra-1-30.xml">
<abbr>NE</abbr>
<expan>The Nepalese Version of the Suśrutasaṃhitā, uttaratantra 1-30, based on the
                    Nepalese MSS</expan>
</witness>
</listWit>
    <encodingDesc>
      <editorialDecl>
        <segmentation>
          <ab type="tokenization">aksara</ab>
          <ab type="blockid">SS.6.1.6</ab>
          <ab type="targetedition">NE</ab>
          <ab type="scoring">
            <ab type="match">1</ab>
            <ab type="mismatch">-1</ab>
            <ab type="gapopen">-2</ab>
            <ab type="gapextend">-0.25</ab>
            <ab type="recursive">true</ab>
            <ab type="realigndepth">20</ab>
            <ab type="distancefunction">ngrams</ab>
            
          </ab>
        </segmentation>
        <normalization method="markup">
<ab>ignore punctuation</ab>
<ab>candrabindu as anusvāra</ab>
<ab>geminated aspirated consonants</ab>
<ab>geminated m after h</ab>
<ab>geminated t</ab>
<ab>geminated consonants after r</ab>
<ab>final nasal variants</ab>
<ab>internal nasal variants</ab>
<ab>final anusvāra variants</ab>
<ab>visarga aḥ before voiced consonants</ab>
<ab>visarga aḥ before vowels</ab>
<ab>visarga aḥ before unvoiced consonants and space + anusvāra</ab>
<ab>visarga āḥ variants</ab>
<ab>other visarga variants</ab>
<ab>superfluous avagrahas</ab>
<ab>double avagrahas</ab>
<ab>avagrahas to short a</ab>
<ab>internal visarga variants</ab>
<ab>final au/āv</ab>
<ab>final su</ab>
<ab>final i</ab>
<ab>kcch/kś</ab>
<ab>cś/tś</ab>
<ab>cch/ch</ab>
<ab>final t + hi</ab>
<ab>final t + voiced syllable</ab>
<ab>final t + n/m</ab>
<ab>final t + c/j</ab>
<ab>i/y + vowel</ab>
<ab>bhd for bdh</ab>
<ab>remove spaces</ab>
        </normalization>
        <ab type="tagfilters">
<tag subtype="ignore">pc</tag>
<tag subtype="ignore">head</tag>
<tag subtype="ignore">label</tag>
<tag subtype="ignore">note</tag>
<tag subtype="ignore">num</tag>
<tag subtype="ignore">locus</tag>
<tag subtype="ignore">supplied</tag>
<tag subtype="ignore">surplus</tag>
        </ab>
      </editorialDecl>
    </encodingDesc>
    <xenoData>
      <stemma format="nexml" id="stemma0"><nex:nexml xmlns:nex="http://www.nexml.org/2009" version="0.9"><nex:otus id="otus1"><nex:otu id="otu0" label="A"/><nex:otu id="otu1" label="H"/><nex:otu id="otu2" label="K"/><nex:otu id="otu3" label="NE"/></nex:otus><nex:trees otus="otus1" id="trees1"><nex:tree id="guidetree" label="guidetree" xsi:type="nex:FloatTree" xmlns:xsi="http://www.w3.org/2001/XMLSchema-instance"><nex:node id="cec436d8-b7d7-4c33-ba2a-136ca2cbc63b" root="true"/><nex:node id="4d9fb229-352a-41cb-a1ea-c3f29f6f4f89"/><nex:node id="b866523a-570e-4c2b-ad17-ff969c4e6ce7" label="A" otu="otu2"/><nex:node id="977276d0-6c13-429c-ab98-dbfe45f6daec" label="H" otu="otu3"/><nex:node id="56356c14-13f2-4c0f-9fad-3b658d7c5888"/><nex:node id="c1bf5acb-e863-459e-ba0c-69ee0992ae72" label="K" otu="otu5"/><nex:node id="43ae6a14-e61f-4c82-9075-d75beb08b9d6" label="NE" otu="otu6"/><nex:edge source="cec436d8-b7d7-4c33-ba2a-136ca2cbc63b" target="4d9fb229-352a-41cb-a1ea-c3f29f6f4f89" id="edge0" length="0.23863354652992008"/><nex:edge source="cec436d8-b7d7-4c33-ba2a-136ca2cbc63b" target="56356c14-13f2-4c0f-9fad-3b658d7c5888" id="edge1" length="0.23863354652992008"/><nex:edge source="4d9fb229-352a-41cb-a1ea-c3f29f6f4f89" target="b866523a-570e-4c2b-ad17-ff969c4e6ce7" id="edge2" length="0.4984440819817764"/><nex:edge source="4d9fb229-352a-41cb-a1ea-c3f29f6f4f89" target="977276d0-6c13-429c-ab98-dbfe45f6daec" id="edge3" length="0.46738835461947575"/><nex:edge source="56356c14-13f2-4c0f-9fad-3b658d7c5888" target="c1bf5acb-e863-459e-ba0c-69ee0992ae72" id="edge4" length="5.551115123125783e-17"/><nex:edge source="56356c14-13f2-4c0f-9fad-3b658d7c5888" target="43ae6a14-e61f-4c82-9075-d75beb08b9d6" id="edge5" length="5.551115123125783e-17"/></nex:tree></nex:trees></nex:nexml></stemma>
    </xenoData>
  </teiHeader>
<TEI n="A"><text><cl><w n="0" lemma="ṣa"> ṣa</w><w n="1" lemma="ṭsu">ṭsu </w></cl><cl><w n="2">kā</w><w n="3">ya</w><w n="4">ci</w><w n="5">ki</w><w n="6">tsā</w><w n="7" lemma="su">su </w><w n="8" lemma="ye">ye </w></cl><cl><w n="9">co</w><w n="10" lemma="ktāḥ">ktāḥ </w></cl><cl><w n="11">pa</w><w n="12">ra</w><w n="13">ma</w><w n="14">rṣi</w><w n="15" lemma="bhiḥ">bhiḥ | </w></cl><cl><w n="16">u</w><w n="17">pa</w><w n="18">sa</w><w n="19">rgā</w><w n="20">da</w><w n="21" lemma="yaḥ">yo </w></cl><cl><w n="22">ro</w><w n="23" lemma="gā">gā </w></cl><cl><w n="24" lemma="ye">ye </w><w n="25"/><w n="26">cā</w><w n="27" lemma="pi">py </w></cl><cl><w n="28">ā</w><w n="29" lemma="gaṃ">gan</w><w n="30">ta</w><w n="31" lemma="vaḥ">vaḥ </w></cl><cl><w n="32">smṛ</w><w n="33" lemma="tāḥ">tāḥ || </w></cl></text></TEI><TEI n="H"><text><cl><w n="0">ṣa</w><w n="1" lemma="ṭsu">ṭsu </w></cl><cl><w n="2">kā</w><w n="3">ya</w><w n="4">ci</w><w n="5">ki</w><w n="6">tsā</w><w n="7" lemma="su">su </w><w n="8" lemma="ye">ye </w></cl><cl><w n="9">co</w><w n="10" lemma="ktāḥ">ktāḥ </w></cl><cl><w n="11">pa</w><w n="12">ra</w><w n="13"/><w n="14">rṣi</w><w n="15" lemma="ṇā">ṇā | </w></cl><cl><w n="16">u</w><w n="17">pa</w><w n="18">sa</w><w n="19" lemma="rgā">rggā</w><w n="20">da</w><w n="21" lemma="yaḥ">yo </w></cl><cl><w n="22">do</w><w n="23" lemma="ṣā">ṣā </w></cl><cl><w n="24" lemma="yaḥ">yo </w><w n="25" lemma="a"/><w n="26">cā</w><w n="27" lemma="pi">py </w></cl><cl><w n="28">ā</w><w n="29" lemma="gaṃ">gan</w><w n="30">ta</w><w n="31" lemma="vaḥ">vaḥ </w></cl><cl><w n="32">smṛ</w><w n="33" lemma="tāḥ">tāḥ ||</w></cl></text></TEI><TEI n="K"><text><cl><w n="0">ṣa</w><w n="1" lemma="ṭsu">ṭsu </w></cl><cl><w n="2">kā</w><w n="3">ya</w><w n="4">ci</w><w n="5">ki</w><w n="6">tsā</w><w n="7" lemma="su">su </w><w n="8" lemma="ye">ye </w></cl><cl><w n="9">co</w><w n="10" lemma="ktāḥ">ktāḥ </w></cl><cl><w n="11">pa</w><w n="12">ra</w><w n="13">ma</w><w n="14">rṣi</w><w n="15" lemma="ṇā">ṇā | </w></cl><cl><w n="16">u</w><w n="17">pa</w><w n="18">sa</w><w n="19">rgā</w><w n="20">da</w><w n="21" lemma="yaḥ">yo </w></cl><cl><w n="22">do</w><w n="23" lemma="ṣā">ṣā </w></cl><cl><w n="24">ye</w><w n="25"/><w n="26">nā</w><w n="27" lemma="pi">py </w></cl><cl><w n="28">ā</w><w n="29" lemma="gaṃ">gan</w><w n="30">ta</w><w n="31" lemma="vaḥ">vaḥ </w></cl><cl><w n="32">smṛ</w><w n="33" lemma="tāḥ">tāḥ ||</w></cl></text></TEI><TEI n="NE"><text><cl><w n="0" lemma="ṣa"> ṣa</w><w n="1" lemma="ṭsu">ṭsu </w></cl><cl><w n="2">kā</w><w n="3">ya</w><w n="4">ci</w><w n="5">ki</w><w n="6">tsā</w><w n="7" lemma="su">su </w><w n="8" lemma="ye">ye </w></cl><cl><w n="9">co</w><w n="10" lemma="ktāḥ">ktāḥ </w></cl><cl><w n="11">pa</w><w n="12">ra</w><w n="13">ma</w><w n="14">rṣi</w><w n="15" lemma="ṇā">ṇā | </w></cl><cl><w n="16">u</w><w n="17">pa</w><w n="18">sa</w><w n="19">rgā</w><w n="20">da</w><w n="21" lemma="yaḥ">yo </w></cl><cl><w n="22">do</w><w n="23" lemma="ṣā">ṣā </w></cl><cl><w n="24">ye</w><w n="25"/><w n="26">nā</w><w n="27" lemma="pi">py </w></cl><cl><w n="28">ā</w><w n="29" lemma="gaṃ">gan</w><w n="30">ta</w><w n="31" lemma="vaḥ">vaḥ </w></cl><cl><w n="32">smṛ</w><w n="33" lemma="tāḥ">tāḥ ||</w></cl></text></TEI></teiCorpus>