<?xml version="1.0" encoding="UTF-8"?>
<teiCorpus xmlns="http://www.tei-c.org/ns/1.0" xml:lang="sa-Latn">
  <teiHeader>
<listWit>
<witness xml:id="A" source="06-ut-vulgate-1938-1-30.xml">
<abbr>A</abbr>
<expan>Printed edition: Ācārya 1938: Uttaratantra 1-30</expan>
</witness>
<witness xml:id="K" source="kl_699_uttaratantra-1-30.xml">
<abbr>K</abbr>
<expan>MSS Kathmandu KL 699: Uttaratantra</expan>
<listWit>
<witness xml:id="Kac" n="ac">
<abbr>Kac</abbr>
<expan>MSS Kathmandu KL 699: Uttaratantra [ante correctionem]</expan>
</witness>
<witness xml:id="Kpc" n="pc">
<abbr type="siglum">Kpc</abbr>
<expan>MSS Kathmandu KL 699: Uttaratantra [post correctionem]</expan>
</witness>
</listWit>
</witness>
<witness xml:id="H" source="nak_5-333_uttaratantra-1-30.xml">
<abbr>H</abbr>
<expan>MS Kathmandu NAK 5-333, Uttaratantra</expan>
<listWit>
<witness xml:id="Hac" n="ac">
<abbr>Hac</abbr>
<expan>MS Kathmandu NAK 5-333, Uttaratantra [ante correctionem]</expan>
</witness>
<witness xml:id="Hpc" n="pc">
<abbr type="siglum">Hpc</abbr>
<expan>MS Kathmandu NAK 5-333, Uttaratantra [post correctionem]</expan>
</witness>
</listWit>
</witness>
<witness xml:id="NE" source="provisional-edition_uttaratantra-1-30.xml">
<abbr>NE</abbr>
<expan>The Nepalese Version of the Suśrutasaṃhitā, uttaratantra 1-30, based on the
                    Nepalese MSS</expan>
</witness>
</listWit>
    <encodingDesc>
      <editorialDecl>
        <segmentation>
          <ab type="tokenization">aksara</ab>
          <ab type="blockid">SS.6.1.13</ab>
          <ab type="targetedition">NE</ab>
          <ab type="scoring">
            <ab type="match">1</ab>
            <ab type="mismatch">-1</ab>
            <ab type="gapopen">-2</ab>
            <ab type="gapextend">-0.25</ab>
            <ab type="recursive">true</ab>
            <ab type="realigndepth">20</ab>
            <ab type="distancefunction">ngrams</ab>
            
          </ab>
        </segmentation>
        <normalization method="markup">
<ab>ignore punctuation</ab>
<ab>candrabindu as anusvāra</ab>
<ab>geminated aspirated consonants</ab>
<ab>geminated m after h</ab>
<ab>geminated t</ab>
<ab>geminated consonants after r</ab>
<ab>final nasal variants</ab>
<ab>internal nasal variants</ab>
<ab>final anusvāra variants</ab>
<ab>visarga aḥ before voiced consonants</ab>
<ab>visarga aḥ before vowels</ab>
<ab>visarga aḥ before unvoiced consonants and space + anusvāra</ab>
<ab>visarga āḥ variants</ab>
<ab>other visarga variants</ab>
<ab>superfluous avagrahas</ab>
<ab>double avagrahas</ab>
<ab>avagrahas to short a</ab>
<ab>internal visarga variants</ab>
<ab>final au/āv</ab>
<ab>final su</ab>
<ab>final i</ab>
<ab>kcch/kś</ab>
<ab>cś/tś</ab>
<ab>cch/ch</ab>
<ab>final t + hi</ab>
<ab>final t + voiced syllable</ab>
<ab>final t + n/m</ab>
<ab>final t + c/j</ab>
<ab>i/y + vowel</ab>
<ab>bhd for bdh</ab>
<ab>remove spaces</ab>
        </normalization>
        <ab type="tagfilters">
<tag subtype="ignore">pc</tag>
<tag subtype="ignore">head</tag>
<tag subtype="ignore">label</tag>
<tag subtype="ignore">note</tag>
<tag subtype="ignore">num</tag>
<tag subtype="ignore">locus</tag>
<tag subtype="ignore">supplied</tag>
<tag subtype="ignore">surplus</tag>
        </ab>
      </editorialDecl>
    </encodingDesc>
    <xenoData>
      <stemma format="nexml" id="stemma0"><nex:nexml xmlns:nex="http://www.nexml.org/2009" version="0.9"><nex:otus id="otus1"><nex:otu id="otu0" label="A"/><nex:otu id="otu1" label="H"/><nex:otu id="otu2" label="K"/><nex:otu id="otu3" label="NE"/></nex:otus><nex:trees otus="otus1" id="trees1"><nex:tree id="guidetree" label="guidetree" xsi:type="nex:FloatTree" xmlns:xsi="http://www.w3.org/2001/XMLSchema-instance"><nex:node id="2193a039-b6d7-4086-ba6e-68e3494ed825" root="true"/><nex:node id="d112c681-54e2-4f9a-be0c-34801d18fc9f"/><nex:node id="86bbe417-f0df-4efb-b4fa-c5496f636030" label="A" otu="otu2"/><nex:node id="7bb58b4e-0e1a-4894-8603-775790ab4f98" label="H" otu="otu3"/><nex:node id="72c0e96d-dadf-4e1c-a223-f07fbed60340"/><nex:node id="aaa013e0-4eee-4ff7-8177-50f566c768a1" label="K" otu="otu5"/><nex:node id="7a895939-c070-45a2-a56f-c7b9c4c07291" label="NE" otu="otu6"/><nex:edge source="2193a039-b6d7-4086-ba6e-68e3494ed825" target="d112c681-54e2-4f9a-be0c-34801d18fc9f" id="edge0" length="0.19373526594636903"/><nex:edge source="2193a039-b6d7-4086-ba6e-68e3494ed825" target="72c0e96d-dadf-4e1c-a223-f07fbed60340" id="edge1" length="0.19373526594636903"/><nex:edge source="d112c681-54e2-4f9a-be0c-34801d18fc9f" target="86bbe417-f0df-4efb-b4fa-c5496f636030" id="edge2" length="0.5582106337678647"/><nex:edge source="d112c681-54e2-4f9a-be0c-34801d18fc9f" target="7bb58b4e-0e1a-4894-8603-775790ab4f98" id="edge3" length="0.44178936623213527"/><nex:edge source="72c0e96d-dadf-4e1c-a223-f07fbed60340" target="aaa013e0-4eee-4ff7-8177-50f566c768a1" id="edge4" length="1.1102230246251565e-16"/><nex:edge source="72c0e96d-dadf-4e1c-a223-f07fbed60340" target="7a895939-c070-45a2-a56f-c7b9c4c07291" id="edge5" length="1.1102230246251565e-16"/></nex:tree></nex:trees></nex:nexml></stemma>
    </xenoData>
  </teiHeader>
<TEI n="A"><text><cl><w n="0" lemma="ne"> ne</w><w n="1">trā</w><w n="2">yā</w><w n="3">ma</w><w n="4">tri</w><w n="5">bhā</w><w n="6" lemma="gaṃ">gaṃ </w><w n="7" lemma="tu">tu </w></cl><cl><w n="8">kṛ</w><w n="9">ṣṇa</w><w n="10" lemma="maṃ">maṇ</w><w n="11">ḍa</w><w n="12">la</w></cl><cl><w n="13">mu</w><w n="14">cya</w><w n="15" lemma="te">te | </w></cl><cl><w n="16">kṛ</w><w n="17">ṣṇā</w><w n="18" lemma="tsa">t sa</w><w n="19">pta</w><w n="20" lemma="maṃ">mam </w></cl><cl><w n="21">i</w><w n="22" lemma="cchaṃ">cchan</w><w n="23" lemma="ti">ti </w></cl><cl><w n="24">dṛ</w><w n="25" lemma="ṣṭiṃ">ṣṭiṃ </w></cl><cl><w n="26">dṛ</w><w n="27">ṣṭi</w><w n="28">vi</w><w n="29">śā</w></cl><cl><w n="30">ra</w><w n="31" lemma="dāḥ">dāḥ || </w></cl></text></TEI><TEI n="H"><text><cl><w n="0">ne</w><w n="1">trā</w><w n="2" lemma="yāṃ">yām </w><w n="3">a</w><w n="4">vi</w><w n="5">bhā</w><w n="6" lemma="gaḥ">gas </w><w n="7" lemma="tu">tu </w></cl><cl><w n="8">kṛ</w><w n="9" lemma="ṣṇaṃ">ṣṇam </w><w n="10" lemma="maṃ">maṇ</w><w n="11">ḍa</w><w n="12" lemma="laṃ">lam </w></cl><cl><w n="13">u</w><w n="14">cya</w><w n="15" lemma="te">te | </w></cl><cl><w n="16">kṛ</w><w n="17"/><w n="18">tsa</w><w n="19">pta</w><w n="20" lemma="maṃ">mam </w></cl><cl><w n="21">i</w><w n="22" lemma="cchaṃ">cchan</w><w n="23" lemma="ti">ti </w></cl><cl><w n="24">dṛ</w><w n="25" lemma="ṣṭiṃ">ṣṭiṃ </w></cl><cl><w n="26">dṛ</w><w n="27">ṣṭi</w><w n="28">vi</w><w n="29" lemma="daḥ">do </w></cl><cl><w n="30">ja</w><w n="31" lemma="nāḥ">nāḥ ||</w></cl></text></TEI><TEI n="K"><text><cl><w n="0">ne</w><w n="1">trā</w><w n="2">yā</w><w n="3">ma</w><w n="4">vi</w><w n="5">bhā</w><w n="6" lemma="gaḥ">gas </w><w n="7" lemma="tu">tu </w></cl><cl><w n="8">kṛ</w><w n="9" lemma="ṣṇaṃ">ṣṇam</w><w n="10" lemma="maṃ">maṇ</w><w n="11">ḍa</w><w n="12" lemma="laṃ">lam </w></cl><cl><w n="13">u</w><w n="14">cya</w><w n="15" lemma="te">te | </w></cl><cl><w n="16">kṛ</w><w n="17">ṣṇā</w><w n="18" lemma="tsa">t sa</w><w n="19">pta</w><w n="20" lemma="maṃ">mam </w></cl><cl><w n="21">i</w><w n="22" lemma="cchaṃ">cchan</w><w n="23" lemma="ti">ti </w></cl><cl><w n="24">dṛ</w><w n="25" lemma="ṣṭiṃ">ṣṭiṃ </w></cl><cl><w n="26">dṛ</w><w n="27">ṣṭi</w><w n="28">vi</w><w n="29" lemma="daḥ">do </w></cl><cl><w n="30">ja</w><w n="31" lemma="nāḥ">nāḥ |</w></cl></text></TEI><TEI n="NE"><text><cl><w n="0" lemma="ne"> ne</w><w n="1">trā</w><w n="2">yā</w><w n="3">ma</w><w n="4">vi</w><w n="5">bhā</w><w n="6" lemma="gaḥ">gas </w><w n="7" lemma="tu">tu </w></cl><cl><w n="8">kṛ</w><w n="9" lemma="ṣṇaṃ">ṣṇam</w><w n="10" lemma="maṃ">maṇ</w><w n="11">ḍa</w><w n="12" lemma="laṃ">lam </w></cl><cl><w n="13">u</w><w n="14">cya</w><w n="15" lemma="te">te | </w></cl><cl><w n="16">kṛ</w><w n="17">ṣṇā</w><w n="18" lemma="tsa">t sa</w><w n="19">pta</w><w n="20" lemma="maṃ">mam </w></cl><cl><w n="21">i</w><w n="22" lemma="cchaṃ">cchan</w><w n="23" lemma="ti">ti </w></cl><cl><w n="24">dṛ</w><w n="25" lemma="ṣṭiṃ">ṣṭiṃ </w></cl><cl><w n="26">dṛ</w><w n="27">ṣṭi</w><w n="28">vi</w><w n="29" lemma="daḥ">do </w></cl><cl><w n="30">ja</w><w n="31" lemma="nāḥ">nāḥ |</w></cl></text></TEI></teiCorpus>