<?xml version="1.0" encoding="UTF-8"?>
<teiCorpus xmlns="http://www.tei-c.org/ns/1.0" xml:lang="sa-Latn">
  <teiHeader>
<listWit>
<witness xml:id="A" source="06-ut-vulgate-1938-1-30.xml">
<abbr>A</abbr>
<expan>Printed edition: Ācārya 1938: Uttaratantra 1-30</expan>
</witness>
<witness xml:id="K" source="kl_699_uttaratantra-1-30.xml">
<abbr>K</abbr>
<expan>MSS Kathmandu KL 699: Uttaratantra</expan>
<listWit>
<witness xml:id="Kac" n="ac">
<abbr>Kac</abbr>
<expan>MSS Kathmandu KL 699: Uttaratantra [ante correctionem]</expan>
</witness>
<witness xml:id="Kpc" n="pc">
<abbr type="siglum">Kpc</abbr>
<expan>MSS Kathmandu KL 699: Uttaratantra [post correctionem]</expan>
</witness>
</listWit>
</witness>
<witness xml:id="H" source="nak_5-333_uttaratantra-1-30.xml">
<abbr>H</abbr>
<expan>MS Kathmandu NAK 5-333, Uttaratantra</expan>
<listWit>
<witness xml:id="Hac" n="ac">
<abbr>Hac</abbr>
<expan>MS Kathmandu NAK 5-333, Uttaratantra [ante correctionem]</expan>
</witness>
<witness xml:id="Hpc" n="pc">
<abbr type="siglum">Hpc</abbr>
<expan>MS Kathmandu NAK 5-333, Uttaratantra [post correctionem]</expan>
</witness>
</listWit>
</witness>
<witness xml:id="NE" source="provisional-edition_uttaratantra-1-30.xml">
<abbr>NE</abbr>
<expan>The Nepalese Version of the Suśrutasaṃhitā, uttaratantra 1-30, based on the
                    Nepalese MSS</expan>
</witness>
</listWit>
    <encodingDesc>
      <editorialDecl>
        <segmentation>
          <ab type="tokenization">aksara</ab>
          <ab type="blockid">SS.6.12.38</ab>
          <ab type="targetedition">NE</ab>
          <ab type="scoring">
            <ab type="match">1</ab>
            <ab type="mismatch">-1</ab>
            <ab type="gapopen">-2</ab>
            <ab type="gapextend">-0.25</ab>
            <ab type="recursive">true</ab>
            <ab type="realigndepth">20</ab>
            <ab type="distancefunction">ngrams</ab>
            
          </ab>
        </segmentation>
        <normalization method="markup">
<ab>ignore punctuation</ab>
<ab>candrabindu as anusvāra</ab>
<ab>geminated aspirated consonants</ab>
<ab>geminated m after h</ab>
<ab>geminated t</ab>
<ab>geminated consonants after r</ab>
<ab>final nasal variants</ab>
<ab>internal nasal variants</ab>
<ab>final anusvāra variants</ab>
<ab>visarga aḥ before voiced consonants</ab>
<ab>visarga aḥ before vowels</ab>
<ab>visarga aḥ before unvoiced consonants and space + anusvāra</ab>
<ab>visarga āḥ variants</ab>
<ab>other visarga variants</ab>
<ab>superfluous avagrahas</ab>
<ab>double avagrahas</ab>
<ab>avagrahas to short a</ab>
<ab>internal visarga variants</ab>
<ab>final au/āv</ab>
<ab>final su</ab>
<ab>final i</ab>
<ab>kcch/kś</ab>
<ab>cś/tś</ab>
<ab>cch/ch</ab>
<ab>final t + hi</ab>
<ab>final t + voiced syllable</ab>
<ab>final t + n/m</ab>
<ab>final t + c/j</ab>
<ab>i/y + vowel</ab>
<ab>bhd for bdh</ab>
<ab>remove spaces</ab>
        </normalization>
        <ab type="tagfilters">
<tag subtype="ignore">pc</tag>
<tag subtype="ignore">head</tag>
<tag subtype="ignore">label</tag>
<tag subtype="ignore">note</tag>
<tag subtype="ignore">num</tag>
<tag subtype="ignore">locus</tag>
<tag subtype="ignore">supplied</tag>
<tag subtype="ignore">surplus</tag>
        </ab>
      </editorialDecl>
    </encodingDesc>
    <xenoData>
      <stemma format="nexml" id="stemma0"><nex:nexml xmlns:nex="http://www.nexml.org/2009" version="0.9"><nex:otus id="otus1"><nex:otu id="otu0" label="A"/><nex:otu id="otu1" label="H"/><nex:otu id="otu2" label="K"/><nex:otu id="otu3" label="NE"/></nex:otus><nex:trees otus="otus1" id="trees1"><nex:tree id="guidetree" label="guidetree" xsi:type="nex:FloatTree" xmlns:xsi="http://www.w3.org/2001/XMLSchema-instance"><nex:node id="a69fdfe3-7aad-4e41-a811-cd33c9c13876" root="true"/><nex:node id="40fec36b-9ddf-418a-a9ac-5b03d65c1c37"/><nex:node id="c480531c-20c9-4a66-a472-6063afb70aec" label="A" otu="otu2"/><nex:node id="f05a88cf-ef64-4d03-8a3b-bcac1348be78" label="H" otu="otu3"/><nex:node id="161e95a0-1a26-4075-a419-6395e9b5e434"/><nex:node id="3f15aeac-4df6-43ba-bcf1-cd81232885db" label="K" otu="otu5"/><nex:node id="ff6cd6db-a64b-45d3-84a8-f4a22725277b" label="NE" otu="otu6"/><nex:edge source="a69fdfe3-7aad-4e41-a811-cd33c9c13876" target="40fec36b-9ddf-418a-a9ac-5b03d65c1c37" id="edge0" length="0.19472971892051266"/><nex:edge source="a69fdfe3-7aad-4e41-a811-cd33c9c13876" target="161e95a0-1a26-4075-a419-6395e9b5e434" id="edge1" length="0.19472971892051266"/><nex:edge source="40fec36b-9ddf-418a-a9ac-5b03d65c1c37" target="c480531c-20c9-4a66-a472-6063afb70aec" id="edge2" length="0.6019179588941996"/><nex:edge source="40fec36b-9ddf-418a-a9ac-5b03d65c1c37" target="f05a88cf-ef64-4d03-8a3b-bcac1348be78" id="edge3" length="0.39808204110580037"/><nex:edge source="161e95a0-1a26-4075-a419-6395e9b5e434" target="3f15aeac-4df6-43ba-bcf1-cd81232885db" id="edge4" length="0"/><nex:edge source="161e95a0-1a26-4075-a419-6395e9b5e434" target="ff6cd6db-a64b-45d3-84a8-f4a22725277b" id="edge5" length="0"/></nex:tree></nex:trees></nex:nexml></stemma>
    </xenoData>
  </teiHeader>
<TEI n="A"><text><cl><w n="0" lemma="sa"> sa</w><w n="1">śo</w><w n="2" lemma="phaḥ">phaś </w></cl><cl><w n="3">cā</w><w n="4" lemma="pi">py </w><w n="5">a</w><w n="6">śo</w><w n="7" lemma="phaḥ">phaś </w><w n="8" lemma="ca">ca </w><w n="9" lemma="dvau">dvau </w></cl><cl><w n="10">pā</w><w n="11" lemma="kau">kau </w><w n="12" lemma="yau">yau </w></cl><cl><w n="13">pra</w><w n="14">kī</w><w n="15">rti</w><w n="16" lemma="tau">tau | </w></cl><cl><w n="17">sne</w><w n="18"/><w n="19"/></cl><cl><w n="20"/><w n="21">ha</w><w n="22">sve</w><w n="23">do</w><w n="24">pa</w><w n="25" lemma="paṃ">pan</w><w n="26">na</w><w n="27" lemma="sya">sya </w></cl><cl><w n="28">ta</w><w n="29" lemma="tra">tra </w></cl><cl><w n="30">vi</w><w n="31" lemma="dhvā">ddhvā </w></cl><cl><w n="32">si</w><w n="33" lemma="rāṃ">rāṃ </w></cl><cl><w n="34">bhi</w><w n="35">ṣa</w><w n="36" lemma="k">k || </w></cl></text></TEI><TEI n="H"><text><cl><w n="0" lemma="sa"> sa</w><w n="1">śo</w><w n="2" lemma="phaḥ">phaś </w></cl><cl><w n="3">cā</w><w n="4"/><w n="5">pya</w><w n="6">śo</w><w n="7" lemma="phaṃ">phañ </w><w n="8" lemma="ca">ca </w><w n="9" lemma="dvau">dvau </w></cl><cl><w n="10">pā</w><w n="11" lemma="kau">kau </w><w n="12" lemma="yau">yau </w></cl><cl><w n="13">pra</w><w n="14">kī</w><w n="15">rti</w><w n="16" lemma="tau">tau | </w></cl><cl><w n="17">śā</w><w n="18">rī</w><w n="19" lemma="rā">rā </w></cl><cl><w n="20">hi</w><w n="21">tā</w><w n="22" lemma="ste">ste </w><w n="23"/><w n="24"/><w n="25"/><w n="26"/><w n="27"/></cl><cl><w n="28"/><w n="29" lemma="tra">tra </w></cl><cl><w n="30">vi</w><w n="31" lemma="da">da </w></cl><cl><w n="32">si</w><w n="33" lemma="rāṃ">rām </w></cl><cl><w n="34">bhi</w><w n="35">ṣa</w><w n="36" lemma="k">k ||</w></cl></text></TEI><TEI n="K"><text><cl><w n="0" lemma="sa"> sa</w><w n="1">śo</w><w n="2" lemma="phaḥ">phaś </w></cl><cl><w n="3">cā</w><w n="4"/><w n="5">pya</w><w n="6">śo</w><w n="7" lemma="phaṃ">phañ </w><w n="8" lemma="ca">ca </w><w n="9" lemma="dvau">dvau </w></cl><cl><w n="10">pā</w><w n="11" lemma="kau">kau </w><w n="12" lemma="yau">yau </w></cl><cl><w n="13">pra</w><w n="14">kī</w><w n="15">rti</w><w n="16" lemma="tau">tau | </w></cl><cl><w n="17">śā</w><w n="18">rī</w><w n="19" lemma="rā">rā </w></cl><cl><w n="20">hi</w><w n="21"/><w n="22"/><w n="23"/><w n="24"/><w n="25"/><w n="26"/><w n="27" lemma="tāḥ">tās </w></cl><cl><w n="28">ta</w><w n="29" lemma="tra">tra </w></cl><cl><w n="30">vi</w><w n="31" lemma="da">da </w></cl><cl><w n="32">si</w><w n="33" lemma="rāṃ">rām </w></cl><cl><w n="34">bhi</w><w n="35">ṣa</w><w n="36" lemma="k">k |</w></cl></text></TEI><TEI n="NE"><text><cl><w n="0" lemma="sa"> sa</w><w n="1">śo</w><w n="2" lemma="phaḥ">phaś </w></cl><cl><w n="3">cā</w><w n="4"/><w n="5">pya</w><w n="6">śo</w><w n="7" lemma="phaṃ">phañ </w><w n="8" lemma="ca">ca </w><w n="9" lemma="dvau">dvau </w></cl><cl><w n="10">pā</w><w n="11" lemma="kau">kau </w><w n="12" lemma="yau">yau </w></cl><cl><w n="13">pra</w><w n="14">kī</w><w n="15">rti</w><w n="16" lemma="tau">tau | </w></cl><cl><w n="17">śā</w><w n="18">rī</w><w n="19" lemma="rā">rā </w></cl><cl><w n="20">hi</w><w n="21"/><w n="22"/><w n="23"/><w n="24"/><w n="25"/><w n="26"/><w n="27" lemma="tāḥ">tās </w></cl><cl><w n="28">ta</w><w n="29" lemma="tra">tra </w></cl><cl><w n="30">vi</w><w n="31" lemma="da">da </w></cl><cl><w n="32">si</w><w n="33" lemma="rāṃ">rām </w></cl><cl><w n="34">bhi</w><w n="35">ṣa</w><w n="36" lemma="k">k |</w></cl></text></TEI></teiCorpus>