<?xml version="1.0" encoding="UTF-8"?>
<teiCorpus xmlns="http://www.tei-c.org/ns/1.0" xml:lang="sa-Latn">
  <teiHeader>
<listWit>
<witness xml:id="A" source="06-ut-vulgate-1938-1-30.xml">
<abbr>A</abbr>
<expan>Printed edition: Ācārya 1938: Uttaratantra 1-30</expan>
</witness>
<witness xml:id="K" source="kl_699_uttaratantra-1-30.xml">
<abbr>K</abbr>
<expan>MSS Kathmandu KL 699: Uttaratantra</expan>
<listWit>
<witness xml:id="Kac" n="ac">
<abbr>Kac</abbr>
<expan>MSS Kathmandu KL 699: Uttaratantra [ante correctionem]</expan>
</witness>
<witness xml:id="Kpc" n="pc">
<abbr type="siglum">Kpc</abbr>
<expan>MSS Kathmandu KL 699: Uttaratantra [post correctionem]</expan>
</witness>
</listWit>
</witness>
<witness xml:id="H" source="nak_5-333_uttaratantra-1-30.xml">
<abbr>H</abbr>
<expan>MS Kathmandu NAK 5-333, Uttaratantra</expan>
<listWit>
<witness xml:id="Hac" n="ac">
<abbr>Hac</abbr>
<expan>MS Kathmandu NAK 5-333, Uttaratantra [ante correctionem]</expan>
</witness>
<witness xml:id="Hpc" n="pc">
<abbr type="siglum">Hpc</abbr>
<expan>MS Kathmandu NAK 5-333, Uttaratantra [post correctionem]</expan>
</witness>
</listWit>
</witness>
<witness xml:id="NE" source="provisional-edition_uttaratantra-1-30.xml">
<abbr>NE</abbr>
<expan>The Nepalese Version of the Suśrutasaṃhitā, uttaratantra 1-30, based on the
                    Nepalese MSS</expan>
</witness>
</listWit>
    <encodingDesc>
      <editorialDecl>
        <segmentation>
          <ab type="tokenization">aksara</ab>
          <ab type="blockid">SS.6.13.6cd</ab>
          <ab type="targetedition">NE</ab>
          <ab type="scoring">
            <ab type="match">1</ab>
            <ab type="mismatch">-1</ab>
            <ab type="gapopen">-2</ab>
            <ab type="gapextend">-0.25</ab>
            <ab type="recursive">true</ab>
            <ab type="realigndepth">20</ab>
            <ab type="distancefunction">ngrams</ab>
            
          </ab>
        </segmentation>
        <normalization method="markup">
<ab>ignore punctuation</ab>
<ab>candrabindu as anusvāra</ab>
<ab>geminated aspirated consonants</ab>
<ab>geminated m after h</ab>
<ab>geminated t</ab>
<ab>geminated consonants after r</ab>
<ab>final nasal variants</ab>
<ab>internal nasal variants</ab>
<ab>final anusvāra variants</ab>
<ab>visarga aḥ before voiced consonants</ab>
<ab>visarga aḥ before vowels</ab>
<ab>visarga aḥ before unvoiced consonants and space + anusvāra</ab>
<ab>visarga āḥ variants</ab>
<ab>other visarga variants</ab>
<ab>superfluous avagrahas</ab>
<ab>double avagrahas</ab>
<ab>avagrahas to short a</ab>
<ab>internal visarga variants</ab>
<ab>final au/āv</ab>
<ab>final su</ab>
<ab>final i</ab>
<ab>kcch/kś</ab>
<ab>cś/tś</ab>
<ab>cch/ch</ab>
<ab>final t + hi</ab>
<ab>final t + voiced syllable</ab>
<ab>final t + n/m</ab>
<ab>final t + c/j</ab>
<ab>i/y + vowel</ab>
<ab>bhd for bdh</ab>
<ab>remove spaces</ab>
        </normalization>
        <ab type="tagfilters">
<tag subtype="ignore">pc</tag>
<tag subtype="ignore">head</tag>
<tag subtype="ignore">label</tag>
<tag subtype="ignore">note</tag>
<tag subtype="ignore">num</tag>
<tag subtype="ignore">locus</tag>
<tag subtype="ignore">supplied</tag>
<tag subtype="ignore">surplus</tag>
        </ab>
      </editorialDecl>
    </encodingDesc>
    <xenoData>
      <stemma format="nexml" id="stemma0"><nex:nexml xmlns:nex="http://www.nexml.org/2009" version="0.9"><nex:otus id="otus1"><nex:otu id="otu0" label="A"/><nex:otu id="otu1" label="H"/><nex:otu id="otu2" label="K"/><nex:otu id="otu3" label="NE"/></nex:otus><nex:trees otus="otus1" id="trees1"><nex:tree id="guidetree" label="guidetree" xsi:type="nex:FloatTree" xmlns:xsi="http://www.w3.org/2001/XMLSchema-instance"><nex:node id="50bb06b8-2527-4b2d-8f8a-175398a6d529" root="true"/><nex:node id="4f1548bf-9404-4417-84be-48c579331a81"/><nex:node id="6b7b8562-5a24-47af-af90-ec688bd08121" label="A" otu="otu2"/><nex:node id="752da3e5-128f-4457-978d-a02fa2400342" label="H" otu="otu3"/><nex:node id="f25b7d45-2aff-4742-9e34-20ce62cabe3a"/><nex:node id="b4788b16-704c-41d5-895a-34b292ffc317" label="K" otu="otu5"/><nex:node id="9de0947b-8c8f-407d-90b8-be113714a40a" label="NE" otu="otu6"/><nex:edge source="50bb06b8-2527-4b2d-8f8a-175398a6d529" target="4f1548bf-9404-4417-84be-48c579331a81" id="edge0" length="0"/><nex:edge source="50bb06b8-2527-4b2d-8f8a-175398a6d529" target="f25b7d45-2aff-4742-9e34-20ce62cabe3a" id="edge1" length="0"/><nex:edge source="4f1548bf-9404-4417-84be-48c579331a81" target="6b7b8562-5a24-47af-af90-ec688bd08121" id="edge2" length="1"/><nex:edge source="4f1548bf-9404-4417-84be-48c579331a81" target="752da3e5-128f-4457-978d-a02fa2400342" id="edge3" length="0"/><nex:edge source="f25b7d45-2aff-4742-9e34-20ce62cabe3a" target="b4788b16-704c-41d5-895a-34b292ffc317" id="edge4" length="0"/><nex:edge source="f25b7d45-2aff-4742-9e34-20ce62cabe3a" target="9de0947b-8c8f-407d-90b8-be113714a40a" id="edge5" length="0"/></nex:tree></nex:trees></nex:nexml></stemma>
    </xenoData>
  </teiHeader>
<TEI n="A"><text><w n="0" lemma="li"> li</w><cl><w n="1">khe</w><w n="2" lemma="ccha">c cha</w><w n="3">stre</w><w n="4" lemma="ṇa">ṇa </w></cl><cl><w n="5">pa</w><w n="6" lemma="traiḥ">trair </w></cl><cl><w n="7"/><w n="8"/><w n="9" lemma="vā">vā </w></cl><cl><w n="10">ta</w><w n="11" lemma="taḥ">to </w></cl><cl><w n="12">ra</w><w n="13" lemma="kte">kte </w></cl><cl><w n="14">sthi</w><w n="15" lemma="te">te </w></cl><cl><w n="16">pu</w><w n="17" lemma="naḥ">naḥ || </w></cl></text></TEI><TEI n="H"><text><w n="0" lemma=""> </w><cl><w n="1"/><w n="2">śa</w><w n="3">stre</w><w n="4" lemma="ṇa">ṇa </w></cl><cl><w n="5">pa</w><w n="6" lemma="traiḥ">trair </w></cl><cl><w n="7">a</w><w n="8">tha</w><w n="9" lemma="vā">vā </w></cl><cl><w n="10">ta</w><w n="11" lemma="taḥ">to </w></cl><cl><w n="12">ra</w><w n="13" lemma="kte">kte </w></cl><cl><w n="14">sthi</w><w n="15" lemma="te">te </w></cl><cl><w n="16">pu</w><w n="17" lemma="naḥ">naḥ |</w></cl></text></TEI><TEI n="K"><text><w n="0" lemma=""> </w><cl><w n="1"/><w n="2">śa</w><w n="3">stre</w><w n="4" lemma="ṇa">ṇa </w></cl><cl><w n="5">pa</w><w n="6" lemma="traiḥ">trair </w></cl><cl><w n="7">a</w><w n="8">tha</w><w n="9" lemma="vā">vā </w></cl><cl><w n="10">ta</w><w n="11" lemma="taḥ">to </w></cl><cl><w n="12">ra</w><w n="13" lemma="kte">kte </w></cl><cl><w n="14">sthi</w><w n="15" lemma="te">te </w></cl><cl><w n="16">pu</w><w n="17" lemma="naḥ">naḥ | </w></cl></text></TEI><TEI n="NE"><text><w n="0" lemma=""> </w><cl><w n="1"/><w n="2">śa</w><w n="3">stre</w><w n="4" lemma="ṇa">ṇa </w></cl><cl><w n="5">pa</w><w n="6" lemma="traiḥ">trair </w></cl><cl><w n="7">a</w><w n="8">tha</w><w n="9" lemma="vā">vā </w></cl><cl><w n="10">ta</w><w n="11" lemma="taḥ">to </w></cl><cl><w n="12">ra</w><w n="13" lemma="kte">kte </w></cl><cl><w n="14">sthi</w><w n="15" lemma="te">te </w></cl><cl><w n="16">pu</w><w n="17" lemma="naḥ">naḥ | </w></cl></text></TEI></teiCorpus>