<?xml version="1.0" encoding="UTF-8"?>
<teiCorpus xmlns="http://www.tei-c.org/ns/1.0" xml:lang="sa-Latn">
  <teiHeader>
<listWit>
<witness xml:id="A" source="06-ut-vulgate-1938-1-30.xml">
<abbr>A</abbr>
<expan>Printed edition: Ācārya 1938: Uttaratantra 1-30</expan>
</witness>
<witness xml:id="K" source="kl_699_uttaratantra-1-30.xml">
<abbr>K</abbr>
<expan>MSS Kathmandu KL 699: Uttaratantra</expan>
<listWit>
<witness xml:id="Kac" n="ac">
<abbr>Kac</abbr>
<expan>MSS Kathmandu KL 699: Uttaratantra [ante correctionem]</expan>
</witness>
<witness xml:id="Kpc" n="pc">
<abbr type="siglum">Kpc</abbr>
<expan>MSS Kathmandu KL 699: Uttaratantra [post correctionem]</expan>
</witness>
</listWit>
</witness>
<witness xml:id="H" source="nak_5-333_uttaratantra-1-30.xml">
<abbr>H</abbr>
<expan>MS Kathmandu NAK 5-333, Uttaratantra</expan>
<listWit>
<witness xml:id="Hac" n="ac">
<abbr>Hac</abbr>
<expan>MS Kathmandu NAK 5-333, Uttaratantra [ante correctionem]</expan>
</witness>
<witness xml:id="Hpc" n="pc">
<abbr type="siglum">Hpc</abbr>
<expan>MS Kathmandu NAK 5-333, Uttaratantra [post correctionem]</expan>
</witness>
</listWit>
</witness>
<witness xml:id="NE" source="provisional-edition_uttaratantra-1-30.xml">
<abbr>NE</abbr>
<expan>The Nepalese Version of the Suśrutasaṃhitā, uttaratantra 1-30, based on the
                    Nepalese MSS</expan>
</witness>
</listWit>
    <encodingDesc>
      <editorialDecl>
        <segmentation>
          <ab type="tokenization">aksara</ab>
          <ab type="blockid">SS.6.18.71</ab>
          <ab type="targetedition">NE</ab>
          <ab type="scoring">
            <ab type="match">1</ab>
            <ab type="mismatch">-1</ab>
            <ab type="gapopen">-2</ab>
            <ab type="gapextend">-0.25</ab>
            <ab type="recursive">true</ab>
            <ab type="realigndepth">20</ab>
            <ab type="distancefunction">ngrams</ab>
            
          </ab>
        </segmentation>
        <normalization method="markup">
<ab>ignore punctuation</ab>
<ab>candrabindu as anusvāra</ab>
<ab>geminated aspirated consonants</ab>
<ab>geminated m after h</ab>
<ab>geminated t</ab>
<ab>geminated consonants after r</ab>
<ab>final nasal variants</ab>
<ab>internal nasal variants</ab>
<ab>final anusvāra variants</ab>
<ab>visarga aḥ before voiced consonants</ab>
<ab>visarga aḥ before vowels</ab>
<ab>visarga aḥ before unvoiced consonants and space + anusvāra</ab>
<ab>visarga āḥ variants</ab>
<ab>other visarga variants</ab>
<ab>superfluous avagrahas</ab>
<ab>double avagrahas</ab>
<ab>avagrahas to short a</ab>
<ab>internal visarga variants</ab>
<ab>final au/āv</ab>
<ab>final su</ab>
<ab>final i</ab>
<ab>kcch/kś</ab>
<ab>cś/tś</ab>
<ab>cch/ch</ab>
<ab>final t + hi</ab>
<ab>final t + voiced syllable</ab>
<ab>final t + n/m</ab>
<ab>final t + c/j</ab>
<ab>i/y + vowel</ab>
<ab>bhd for bdh</ab>
<ab>remove spaces</ab>
        </normalization>
        <ab type="tagfilters">
<tag subtype="ignore">pc</tag>
<tag subtype="ignore">head</tag>
<tag subtype="ignore">label</tag>
<tag subtype="ignore">note</tag>
<tag subtype="ignore">num</tag>
<tag subtype="ignore">locus</tag>
<tag subtype="ignore">supplied</tag>
<tag subtype="ignore">surplus</tag>
        </ab>
      </editorialDecl>
    </encodingDesc>
    <xenoData>
      <stemma format="nexml" id="stemma0"><nex:nexml xmlns:nex="http://www.nexml.org/2009" version="0.9"><nex:otus id="otus1"><nex:otu id="otu0" label="A"/><nex:otu id="otu1" label="H"/><nex:otu id="otu2" label="K"/><nex:otu id="otu3" label="NE"/></nex:otus><nex:trees otus="otus1" id="trees1"><nex:tree id="guidetree" label="guidetree" xsi:type="nex:FloatTree" xmlns:xsi="http://www.w3.org/2001/XMLSchema-instance"><nex:node id="165f48af-f536-4d72-991a-3767733e3a94" root="true"/><nex:node id="47300bc9-b6ad-40a3-a6b5-69bc8d2ba4bf"/><nex:node id="f90697d5-12c9-453e-86d9-cefdddb21b87" label="A" otu="otu2"/><nex:node id="0660d7ee-dcf2-47f3-88db-3ed8e7d3cfb6" label="H" otu="otu3"/><nex:node id="648d6bf1-583b-41c6-a2e1-9e5e88dfc3f4"/><nex:node id="f7e6e9f4-6c81-44d8-8231-1e001d35c510" label="K" otu="otu5"/><nex:node id="af796e02-46d8-4c2b-ac6d-edb7c4fbfaa3" label="NE" otu="otu6"/><nex:edge source="165f48af-f536-4d72-991a-3767733e3a94" target="47300bc9-b6ad-40a3-a6b5-69bc8d2ba4bf" id="edge0" length="0.14794083457079243"/><nex:edge source="165f48af-f536-4d72-991a-3767733e3a94" target="648d6bf1-583b-41c6-a2e1-9e5e88dfc3f4" id="edge1" length="0.14794083457079243"/><nex:edge source="47300bc9-b6ad-40a3-a6b5-69bc8d2ba4bf" target="f90697d5-12c9-453e-86d9-cefdddb21b87" id="edge2" length="0.6671047984459153"/><nex:edge source="47300bc9-b6ad-40a3-a6b5-69bc8d2ba4bf" target="0660d7ee-dcf2-47f3-88db-3ed8e7d3cfb6" id="edge3" length="0.3328952015540847"/><nex:edge source="648d6bf1-583b-41c6-a2e1-9e5e88dfc3f4" target="f7e6e9f4-6c81-44d8-8231-1e001d35c510" id="edge4" length="2.220446049250313e-16"/><nex:edge source="648d6bf1-583b-41c6-a2e1-9e5e88dfc3f4" target="af796e02-46d8-4c2b-ac6d-edb7c4fbfaa3" id="edge5" length="0"/></nex:tree></nex:trees></nex:nexml></stemma>
    </xenoData>
  </teiHeader>
<TEI n="A"><text><cl><w n="0" lemma="saṃ"> saṃ</w><w n="1">ra</w><w n="2">mbha</w><w n="3">śū</w><w n="4" lemma="lau">lau </w><w n="5">na</w><w n="6" lemma="syāṃ">syān</w><w n="7" lemma="te">te </w></cl><cl><w n="8">śi</w><w n="9">ro</w><w n="10">ru</w><w n="11" lemma="ji">ji </w></cl><cl><w n="12">śi</w><w n="13">ro</w><w n="14">ru</w><w n="15" lemma="jaṃ">jam | </w></cl><cl><w n="16">śi</w><w n="17">raḥ</w><w n="18">snā</w><w n="19" lemma="te">te </w></cl><cl><w n="20" lemma="a">'</w><w n="21">ti</w><w n="22">śī</w><w n="23" lemma="te">te </w><w n="24" lemma="ca">ca </w></cl><cl><w n="25">ra</w><w n="26" lemma="vau">vāv </w></cl><cl><w n="27">a</w><w n="28">nu</w><w n="29">di</w><w n="30" lemma="te">te </w></cl><cl><w n="31" lemma="a">'</w><w n="32" lemma="pi">pi </w></cl><cl><w n="33" lemma="ca">ca || </w></cl></text></TEI><TEI n="H"><text><cl><w n="0" lemma="saṃ"> saṃ</w><w n="1">ra</w><w n="2">mbha</w><w n="3">bhū</w><w n="4">lau</w><w n="5">na</w><w n="6" lemma="syāṃ">syān</w><w n="7" lemma="te">te </w></cl><cl><w n="8">pra</w><w n="9">ti</w><w n="10">śyā</w><w n="11" lemma="yaṃ">yaṃ </w></cl><cl><w n="12">ka</w><w n="13">ro</w><w n="14" lemma="ti">ti </w><w n="15" lemma="ca">ca | </w></cl><cl><w n="16">śi</w><w n="17">ra</w><w n="18">snā</w><w n="19" lemma="te">te </w></cl><cl><w n="20"/><w n="21">ti</w><w n="22">śī</w><w n="23" lemma="te">te </w><w n="24" lemma="ca">ca , </w></cl><cl><w n="25">ra</w><w n="26" lemma="vau">vāv </w></cl><cl><w n="27">a</w><w n="28">nu</w><w n="29">di</w><w n="30" lemma="te">te </w></cl><cl><w n="31"/><w n="32" lemma="pi">pi </w></cl><cl><w n="33" lemma="ca">ca ,|| </w></cl></text></TEI><TEI n="K"><text><cl><w n="0" lemma="saṃ"> saṃ</w><w n="1">ra</w><w n="2">mbha</w><w n="3">śū</w><w n="4">lau</w><w n="5">na</w><w n="6" lemma="syāṃ">syān</w><w n="7" lemma="te">te </w></cl><cl><w n="8">pra</w><w n="9">ti</w><w n="10">śyā</w><w n="11" lemma="yaṃ">yaṃ </w></cl><cl><w n="12">ka</w><w n="13">ro</w><w n="14" lemma="ti">ti </w><w n="15" lemma="ca">ca | </w></cl><cl><w n="16">śi</w><w n="17">ra</w><w n="18">snā</w><w n="19" lemma="te">te </w></cl><cl><w n="20"/><w n="21">ti</w><w n="22">śī</w><w n="23" lemma="te">te </w><w n="24" lemma="ca">ca </w></cl><cl><w n="25">ra</w><w n="26" lemma="vau">vāv </w></cl><cl><w n="27">a</w><w n="28">nu</w><w n="29">di</w><w n="30" lemma="te">te </w></cl><cl><w n="31"/><w n="32" lemma="pi">pi </w></cl><cl><w n="33" lemma="ca">ca | </w></cl></text></TEI><TEI n="NE"><text><cl><w n="0" lemma="saṃ"> saṃ</w><w n="1">ra</w><w n="2">mbha</w><w n="3">śū</w><w n="4">lau</w><w n="5">na</w><w n="6" lemma="syāṃ">syān</w><w n="7" lemma="te">te </w></cl><cl><w n="8">pra</w><w n="9">ti</w><w n="10">śyā</w><w n="11" lemma="yaṃ">yaṃ </w></cl><cl><w n="12">ka</w><w n="13">ro</w><w n="14" lemma="ti">ti </w><w n="15" lemma="ca">ca | </w></cl><cl><w n="16">śi</w><w n="17">ra</w><w n="18">snā</w><w n="19" lemma="te">te </w></cl><cl><w n="20"/><w n="21">ti</w><w n="22">śī</w><w n="23" lemma="te">te </w><w n="24" lemma="ca">ca </w></cl><cl><w n="25">ra</w><w n="26" lemma="vau">vāv </w></cl><cl><w n="27">a</w><w n="28">nu</w><w n="29">di</w><w n="30" lemma="te">te </w></cl><cl><w n="31"/><w n="32" lemma="pi">pi </w></cl><cl><w n="33" lemma="ca">ca | </w></cl></text></TEI></teiCorpus>