<?xml version="1.0" encoding="UTF-8"?>
<teiCorpus xmlns="http://www.tei-c.org/ns/1.0" xml:lang="sa-Latn">
  <teiHeader>
<listWit>
<witness xml:id="A" source="06-ut-vulgate-1938-1-30.xml">
<abbr>A</abbr>
<expan>Printed edition: Ācārya 1938: Uttaratantra 1-30</expan>
</witness>
<witness xml:id="K" source="kl_699_uttaratantra-1-30.xml">
<abbr>K</abbr>
<expan>MSS Kathmandu KL 699: Uttaratantra</expan>
<listWit>
<witness xml:id="Kac" n="ac">
<abbr>Kac</abbr>
<expan>MSS Kathmandu KL 699: Uttaratantra [ante correctionem]</expan>
</witness>
<witness xml:id="Kpc" n="pc">
<abbr type="siglum">Kpc</abbr>
<expan>MSS Kathmandu KL 699: Uttaratantra [post correctionem]</expan>
</witness>
</listWit>
</witness>
<witness xml:id="H" source="nak_5-333_uttaratantra-1-30.xml">
<abbr>H</abbr>
<expan>MS Kathmandu NAK 5-333, Uttaratantra</expan>
<listWit>
<witness xml:id="Hac" n="ac">
<abbr>Hac</abbr>
<expan>MS Kathmandu NAK 5-333, Uttaratantra [ante correctionem]</expan>
</witness>
<witness xml:id="Hpc" n="pc">
<abbr type="siglum">Hpc</abbr>
<expan>MS Kathmandu NAK 5-333, Uttaratantra [post correctionem]</expan>
</witness>
</listWit>
</witness>
<witness xml:id="NE" source="provisional-edition_uttaratantra-1-30.xml">
<abbr>NE</abbr>
<expan>The Nepalese Version of the Suśrutasaṃhitā, uttaratantra 1-30, based on the
                    Nepalese MSS</expan>
</witness>
</listWit>
    <encodingDesc>
      <editorialDecl>
        <segmentation>
          <ab type="tokenization">aksara</ab>
          <ab type="blockid">SS.6.11.18</ab>
          <ab type="targetedition">NE</ab>
          <ab type="scoring">
            <ab type="match">1</ab>
            <ab type="mismatch">-1</ab>
            <ab type="gapopen">-2</ab>
            <ab type="gapextend">-0.25</ab>
            <ab type="recursive">true</ab>
            <ab type="realigndepth">20</ab>
            <ab type="distancefunction">ngrams</ab>
            
          </ab>
        </segmentation>
        <normalization method="markup">
<ab>ignore punctuation</ab>
<ab>candrabindu as anusvāra</ab>
<ab>geminated aspirated consonants</ab>
<ab>geminated m after h</ab>
<ab>geminated t</ab>
<ab>geminated consonants after r</ab>
<ab>final nasal variants</ab>
<ab>internal nasal variants</ab>
<ab>final anusvāra variants</ab>
<ab>visarga aḥ before voiced consonants</ab>
<ab>visarga aḥ before vowels</ab>
<ab>visarga aḥ before unvoiced consonants and space + anusvāra</ab>
<ab>visarga āḥ variants</ab>
<ab>other visarga variants</ab>
<ab>superfluous avagrahas</ab>
<ab>double avagrahas</ab>
<ab>avagrahas to short a</ab>
<ab>internal visarga variants</ab>
<ab>final au/āv</ab>
<ab>final su</ab>
<ab>final i</ab>
<ab>kcch/kś</ab>
<ab>cś/tś</ab>
<ab>cch/ch</ab>
<ab>final t + hi</ab>
<ab>final t + voiced syllable</ab>
<ab>final t + n/m</ab>
<ab>final t + c/j</ab>
<ab>i/y + vowel</ab>
<ab>bhd for bdh</ab>
<ab>remove spaces</ab>
        </normalization>
        <ab type="tagfilters">
<tag subtype="ignore">pc</tag>
<tag subtype="ignore">head</tag>
<tag subtype="ignore">label</tag>
<tag subtype="ignore">note</tag>
<tag subtype="ignore">num</tag>
<tag subtype="ignore">locus</tag>
<tag subtype="ignore">supplied</tag>
<tag subtype="ignore">surplus</tag>
        </ab>
      </editorialDecl>
    </encodingDesc>
    <xenoData>
      <stemma format="nexml" id="stemma0"><nex:nexml xmlns:nex="http://www.nexml.org/2009" version="0.9"><nex:otus id="otus1"><nex:otu id="otu0" label="A"/><nex:otu id="otu1" label="H"/><nex:otu id="otu2" label="K"/><nex:otu id="otu3" label="NE"/></nex:otus><nex:trees otus="otus1" id="trees1"><nex:tree id="guidetree" label="guidetree" xsi:type="nex:FloatTree" xmlns:xsi="http://www.w3.org/2001/XMLSchema-instance"><nex:node id="1d542cc5-6684-44e7-bb27-c4b2ed28fbe9" root="true"/><nex:node id="73e707b3-1d67-4dc3-9cff-6db3af06782f"/><nex:node id="7d28b9c4-bfc1-4b68-a8ec-8ad5afd6f783" label="A" otu="otu2"/><nex:node id="3810b331-d05a-4c84-bf7f-b075c37a0d72" label="H" otu="otu3"/><nex:node id="fc643863-be7d-49f9-bcfe-c7240f2ac57a"/><nex:node id="a031a41e-21c2-4291-ba95-be1a3e5a3da3" label="K" otu="otu5"/><nex:node id="bd44cde4-67a3-4c7d-9f48-7ed679bfd14a" label="NE" otu="otu6"/><nex:edge source="1d542cc5-6684-44e7-bb27-c4b2ed28fbe9" target="73e707b3-1d67-4dc3-9cff-6db3af06782f" id="edge0" length="0.23776354992510423"/><nex:edge source="1d542cc5-6684-44e7-bb27-c4b2ed28fbe9" target="fc643863-be7d-49f9-bcfe-c7240f2ac57a" id="edge1" length="0.23776354992510423"/><nex:edge source="73e707b3-1d67-4dc3-9cff-6db3af06782f" target="7d28b9c4-bfc1-4b68-a8ec-8ad5afd6f783" id="edge2" length="0.5067471900448108"/><nex:edge source="73e707b3-1d67-4dc3-9cff-6db3af06782f" target="3810b331-d05a-4c84-bf7f-b075c37a0d72" id="edge3" length="0.4661300532501633"/><nex:edge source="fc643863-be7d-49f9-bcfe-c7240f2ac57a" target="a031a41e-21c2-4291-ba95-be1a3e5a3da3" id="edge4" length="0"/><nex:edge source="fc643863-be7d-49f9-bcfe-c7240f2ac57a" target="bd44cde4-67a3-4c7d-9f48-7ed679bfd14a" id="edge5" length="0"/></nex:tree></nex:trees></nex:nexml></stemma>
    </xenoData>
  </teiHeader>
<TEI n="A"><text><cl><w n="0" lemma="su"> su</w><w n="1">rā</w><w n="2">pra</w><w n="3">pi</w><w n="4" lemma="ṣṭaṃ">ṣṭaṃ </w></cl><cl><w n="5" lemma="tvi">tv i</w><w n="6" lemma="daṃ">dam </w><w n="7" lemma="aṃ">añ</w><w n="8">ja</w><w n="9" lemma="naṃ">naṃ </w><w n="10" lemma="hi">hi </w></cl><cl><w n="11" lemma="kaṃ">kaṇ</w><w n="12" lemma="ḍvāṃ">ḍvāṃ </w><w n="13" lemma="ca">ca </w></cl><cl><w n="14">śo</w><w n="15" lemma="phe">phe </w><w n="16" lemma="ca">ca </w></cl><cl><w n="17">hi</w><w n="18" lemma="taṃ">taṃ </w></cl><cl><w n="19">va</w><w n="20" lemma="daṃ">dan</w><w n="21" lemma="ti">ti | </w></cl><cl><w n="22" lemma="syaṃ">syan</w><w n="23">dā</w><w n="24">dhi</w><w n="25">ma</w><w n="26">ntha</w><w n="27">kra</w><w n="28">ma</w></cl><cl><w n="29">mā</w><w n="30">ca</w><w n="31">re</w><w n="32" lemma="tca">c ca </w></cl><cl><w n="33">sa</w><w n="34">rve</w><w n="35" lemma="ṣu">ṣu </w></cl><cl><w n="36">cai</w><w n="37">te</w><w n="38" lemma="ṣu">ṣu </w></cl><cl><w n="39">sa</w><w n="40">dā</w></cl><cl><w n="41">pra</w><w n="42">ma</w><w n="43" lemma="ttaḥ">ttaḥ || </w></cl><cl><w n="44" lemma="vi">(vi</w><w n="45">śe</w></cl><cl><w n="46">ṣa</w><w n="47" lemma="taḥ">to </w><w n="48">nā</w><w n="49">va</w><w n="50" lemma="naṃ">nam </w><w n="51">e</w><w n="52" lemma="va">va </w><w n="53">kā</w><w n="54" lemma="ryaṃ">ryaṃ </w><w n="55">saṃ</w><w n="56">sa</w><w n="57">rja</w><w n="58" lemma="naṃ">naṃ </w><w n="59">cā</w><w n="60" lemma="pi">pi </w><w n="61">ya</w><w n="62">tho</w><w n="63">pa</w><w n="64">di</w><w n="65" lemma="ṣṭaṃ">ṣṭam)</w></cl></text></TEI><TEI n="H"><text><cl><w n="0" lemma="su"> su</w><w n="1">rā</w><w n="2"/><w n="3">pi</w><w n="4">ṣṭa</w></cl><cl><w n="5" lemma="nsvi">n svi</w><w n="6" lemma="daṃ">dam </w><w n="7" lemma="aṃ">añ</w><w n="8">ja</w><w n="9" lemma="naṃ">nan </w><w n="10" lemma="tu">tu </w></cl><cl><w n="11" lemma="kaṃ">kaṇ</w><w n="12">ḍvā</w><w n="13"/></cl><cl><w n="14" lemma="ñśo">ñ śo</w><w n="15" lemma="phe">phe </w><w n="16" lemma="ca">ca </w></cl><cl><w n="17">hi</w><w n="18" lemma="taṃ">taṃ </w></cl><cl><w n="19">va</w><w n="20" lemma="daṃ">dan</w><w n="21" lemma="ti">ti || </w></cl><cl><w n="22" lemma="syaṃ">syan</w><w n="23">dā</w><w n="24">dhi</w><w n="25">ma</w><w n="26">ntha</w><w n="27">kra</w><w n="28" lemma="maṃ">mam </w></cl><cl><w n="29">ā</w><w n="30">ca</w><w n="31">re</w><w n="32" lemma="tca">c ca </w></cl><cl><w n="33">sa</w><w n="34" lemma="rve">rvve</w><w n="35" lemma="ṣu">ṣu </w></cl><cl><w n="36">cai</w><w n="37">te</w><w n="38" lemma="ṣu">ṣu </w></cl><cl><w n="39">sa</w><w n="40">dā</w></cl><cl><w n="41">pra</w><w n="42">ma</w><w n="43" lemma="tta">tta </w></cl><cl><w n="44">i</w><w n="45" lemma="ti">ti || || </w></cl><cl><w n="46"/><w n="47"/><w n="48"/><w n="49"/><w n="50"/><w n="51"/><w n="52"/><w n="53"/><w n="54"/><w n="55"/><w n="56"/><w n="57"/><w n="58"/><w n="59"/><w n="60"/><w n="61"/><w n="62"/><w n="63"/><w n="64"/><w n="65"/></cl></text></TEI><TEI n="K"><text><cl><w n="0" lemma="su"> su</w><w n="1">rā</w><w n="2">su</w><w n="3">pi</w><w n="4" lemma="ṣṭaṃ">ṣṭaṃ </w></cl><cl><w n="5">svi</w><w n="6">da</w><w n="7" lemma="maṃ">mañ</w><w n="8">ja</w><w n="9" lemma="naṃ">nan </w><w n="10" lemma="tu">tu </w></cl><cl><w n="11" lemma="kaṃ">kaṇ</w><w n="12" lemma="ḍvāṃ">ḍvāñ </w><w n="13" lemma="ca">ca </w></cl><cl><w n="14">śo</w><w n="15" lemma="phe">phe </w><w n="16" lemma="ca">ca </w></cl><cl><w n="17">hi</w><w n="18" lemma="taṃ">taṃ </w></cl><cl><w n="19">va</w><w n="20" lemma="daṃ">dan</w><w n="21" lemma="ti">ti | </w></cl><cl><w n="22" lemma="syaṃ">syan</w><w n="23">dā</w><w n="24">dhi</w><w n="25">ma</w><w n="26">ntha</w><w n="27">kra</w><w n="28" lemma="maṃ">mam </w></cl><cl><w n="29">ā</w><w n="30">ca</w><w n="31">re</w><w n="32" lemma="tca">c ca </w></cl><cl><w n="33">sa</w><w n="34">rve</w><w n="35" lemma="ṣu">ṣu </w></cl><cl><w n="36">cai</w><w n="37">te</w><w n="38" lemma="ṣu">ṣu </w></cl><cl><w n="39">sa</w><w n="40" lemma="dā">dā </w></cl><cl><w n="41">pra</w><w n="42">ma</w><w n="43" lemma="tta">tta </w></cl><cl><w n="44">i</w><w n="45" lemma="ti">ti || </w></cl><cl><w n="46"/><w n="47"/><w n="48"/><w n="49"/><w n="50"/><w n="51"/><w n="52"/><w n="53"/><w n="54"/><w n="55"/><w n="56"/><w n="57"/><w n="58"/><w n="59"/><w n="60"/><w n="61"/><w n="62"/><w n="63"/><w n="64"/><w n="65"/></cl></text></TEI><TEI n="NE"><text><cl><w n="0" lemma="su"> su</w><w n="1">rā</w><w n="2">su</w><w n="3">pi</w><w n="4" lemma="ṣṭaṃ">ṣṭaṃ </w></cl><cl><w n="5">svi</w><w n="6">da</w><w n="7" lemma="maṃ">mañ</w><w n="8">ja</w><w n="9" lemma="naṃ">nan </w><w n="10" lemma="tu">tu </w></cl><cl><w n="11" lemma="kaṃ">kaṇ</w><w n="12" lemma="ḍvāṃ">ḍvāñ </w><w n="13" lemma="ca">ca </w></cl><cl><w n="14">śo</w><w n="15" lemma="phe">phe </w><w n="16" lemma="ca">ca </w></cl><cl><w n="17">hi</w><w n="18" lemma="taṃ">taṃ </w></cl><cl><w n="19">va</w><w n="20" lemma="daṃ">dan</w><w n="21" lemma="ti">ti | </w></cl><cl><w n="22" lemma="syaṃ">syan</w><w n="23">dā</w><w n="24">dhi</w><w n="25">ma</w><w n="26">ntha</w><w n="27">kra</w><w n="28" lemma="maṃ">mam </w></cl><cl><w n="29">ā</w><w n="30">ca</w><w n="31">re</w><w n="32" lemma="tca">c ca </w></cl><cl><w n="33">sa</w><w n="34">rve</w><w n="35" lemma="ṣu">ṣu </w></cl><cl><w n="36">cai</w><w n="37">te</w><w n="38" lemma="ṣu">ṣu </w></cl><cl><w n="39">sa</w><w n="40" lemma="dā">dā </w></cl><cl><w n="41">pra</w><w n="42">ma</w><w n="43" lemma="tta">tta </w></cl><cl><w n="44">i</w><w n="45" lemma="ti">ti || </w></cl><cl><w n="46"/><w n="47"/><w n="48"/><w n="49"/><w n="50"/><w n="51"/><w n="52"/><w n="53"/><w n="54"/><w n="55"/><w n="56"/><w n="57"/><w n="58"/><w n="59"/><w n="60"/><w n="61"/><w n="62"/><w n="63"/><w n="64"/><w n="65"/></cl></text></TEI></teiCorpus>