<?xml version="1.0" encoding="UTF-8"?>
<teiCorpus xmlns="http://www.tei-c.org/ns/1.0" xml:lang="sa-Latn">
  <teiHeader>
<listWit>
<witness xml:id="A" source="06-ut-vulgate-1938-1-30.xml">
<abbr>A</abbr>
<expan>Printed edition: Ācārya 1938: Uttaratantra 1-30</expan>
</witness>
<witness xml:id="K" source="kl_699_uttaratantra-1-30.xml">
<abbr>K</abbr>
<expan>MSS Kathmandu KL 699: Uttaratantra</expan>
<listWit>
<witness xml:id="Kac" n="ac">
<abbr>Kac</abbr>
<expan>MSS Kathmandu KL 699: Uttaratantra [ante correctionem]</expan>
</witness>
<witness xml:id="Kpc" n="pc">
<abbr type="siglum">Kpc</abbr>
<expan>MSS Kathmandu KL 699: Uttaratantra [post correctionem]</expan>
</witness>
</listWit>
</witness>
<witness xml:id="H" source="nak_5-333_uttaratantra-1-30.xml">
<abbr>H</abbr>
<expan>MS Kathmandu NAK 5-333, Uttaratantra</expan>
<listWit>
<witness xml:id="Hac" n="ac">
<abbr>Hac</abbr>
<expan>MS Kathmandu NAK 5-333, Uttaratantra [ante correctionem]</expan>
</witness>
<witness xml:id="Hpc" n="pc">
<abbr type="siglum">Hpc</abbr>
<expan>MS Kathmandu NAK 5-333, Uttaratantra [post correctionem]</expan>
</witness>
</listWit>
</witness>
<witness xml:id="NE" source="provisional-edition_uttaratantra-1-30.xml">
<abbr>NE</abbr>
<expan>The Nepalese Version of the Suśrutasaṃhitā, uttaratantra 1-30, based on the
                    Nepalese MSS</expan>
</witness>
</listWit>
    <encodingDesc>
      <editorialDecl>
        <segmentation>
          <ab type="tokenization">aksara</ab>
          <ab type="blockid">SS.6.18.31</ab>
          <ab type="targetedition">NE</ab>
          <ab type="scoring">
            <ab type="match">1</ab>
            <ab type="mismatch">-1</ab>
            <ab type="gapopen">-2</ab>
            <ab type="gapextend">-0.25</ab>
            <ab type="recursive">true</ab>
            <ab type="realigndepth">20</ab>
            <ab type="distancefunction">ngrams</ab>
            
          </ab>
        </segmentation>
        <normalization method="markup">
<ab>ignore punctuation</ab>
<ab>candrabindu as anusvāra</ab>
<ab>geminated aspirated consonants</ab>
<ab>geminated m after h</ab>
<ab>geminated t</ab>
<ab>geminated consonants after r</ab>
<ab>final nasal variants</ab>
<ab>internal nasal variants</ab>
<ab>final anusvāra variants</ab>
<ab>visarga aḥ before voiced consonants</ab>
<ab>visarga aḥ before vowels</ab>
<ab>visarga aḥ before unvoiced consonants and space + anusvāra</ab>
<ab>visarga āḥ variants</ab>
<ab>other visarga variants</ab>
<ab>superfluous avagrahas</ab>
<ab>double avagrahas</ab>
<ab>avagrahas to short a</ab>
<ab>internal visarga variants</ab>
<ab>final au/āv</ab>
<ab>final su</ab>
<ab>final i</ab>
<ab>kcch/kś</ab>
<ab>cś/tś</ab>
<ab>cch/ch</ab>
<ab>final t + hi</ab>
<ab>final t + voiced syllable</ab>
<ab>final t + n/m</ab>
<ab>final t + c/j</ab>
<ab>i/y + vowel</ab>
<ab>bhd for bdh</ab>
<ab>remove spaces</ab>
        </normalization>
        <ab type="tagfilters">
<tag subtype="ignore">pc</tag>
<tag subtype="ignore">head</tag>
<tag subtype="ignore">label</tag>
<tag subtype="ignore">note</tag>
<tag subtype="ignore">num</tag>
<tag subtype="ignore">locus</tag>
<tag subtype="ignore">supplied</tag>
<tag subtype="ignore">surplus</tag>
        </ab>
      </editorialDecl>
    </encodingDesc>
    <xenoData>
      <stemma format="nexml" id="stemma0"><nex:nexml xmlns:nex="http://www.nexml.org/2009" version="0.9"><nex:otus id="otus1"><nex:otu id="otu0" label="A"/><nex:otu id="otu1" label="NE"/></nex:otus><nex:trees otus="otus1" id="trees1"><nex:tree id="guidetree" label="guidetree" xsi:type="nex:FloatTree" xmlns:xsi="http://www.w3.org/2001/XMLSchema-instance"><nex:node id="46adfe81-a7ee-4f0d-86bc-878e09408fc0" root="true"/><nex:node id="0a12bff8-f11a-4e07-a370-029b897bae02" label="A" otu="otu1"/><nex:node id="0f6c3bb9-c337-4fda-bdc8-ad098517bc79" label="NE" otu="otu2"/><nex:edge source="46adfe81-a7ee-4f0d-86bc-878e09408fc0" target="0a12bff8-f11a-4e07-a370-029b897bae02" id="edge0" length="0.5"/><nex:edge source="46adfe81-a7ee-4f0d-86bc-878e09408fc0" target="0f6c3bb9-c337-4fda-bdc8-ad098517bc79" id="edge1" length="0.5"/></nex:tree></nex:trees></nex:nexml></stemma>
    </xenoData>
  </teiHeader>
<TEI n="A"><text><cl><w n="0" lemma=""> </w><w n="1">pra</w><w n="2" lemma="saṃ">san</w><w n="3">na</w><w n="4">va</w><w n="5" lemma="rṇaṃ">rṇaṃ </w><w n="6">vi</w><w n="7">śa</w><w n="8" lemma="daṃ">daṃ </w><w n="9">vā</w><w n="10">tā</w><w n="11">ta</w><w n="12">pa</w><w n="13">sa</w><w n="14" lemma="haṃ">haṃ </w><w n="15">la</w><w n="16" lemma="ghu">ghu | </w><w n="17">su</w><w n="18">kha</w><w n="19">sva</w><w n="20">pnā</w><w n="21">va</w><w n="22">bo</w><w n="23">dhya</w><w n="24" lemma="kṣi">kṣi </w><w n="25">pu</w><w n="26">ṭa</w><w n="27">pā</w><w n="28">ka</w><w n="29">gu</w><w n="30" lemma="ṇāṃ">ṇān</w><w n="31">vi</w><w n="32" lemma="taṃ">tam || </w></cl></text></TEI><TEI n="NE"><text><cl><w n="0"/><w n="1"/><w n="2"/><w n="3"/><w n="4"/><w n="5"/><w n="6"/><w n="7"/><w n="8"/><w n="9"/><w n="10"/><w n="11"/><w n="12"/><w n="13"/><w n="14"/><w n="15"/><w n="16"/><w n="17"/><w n="18"/><w n="19"/><w n="20"/><w n="21"/><w n="22"/><w n="23"/><w n="24"/><w n="25"/><w n="26"/><w n="27"/><w n="28"/><w n="29"/><w n="30"/><w n="31"/><w n="32"/></cl></text></TEI></teiCorpus>