<?xml version="1.0" encoding="UTF-8"?>
<teiCorpus xmlns="http://www.tei-c.org/ns/1.0" xml:lang="sa-Latn">
  <teiHeader>
<listWit>
<witness xml:id="A" source="06-ut-vulgate-1938-1-30.xml">
<abbr>A</abbr>
<expan>Printed edition: Ācārya 1938: Uttaratantra 1-30</expan>
</witness>
<witness xml:id="K" source="kl_699_uttaratantra-1-30.xml">
<abbr>K</abbr>
<expan>MSS Kathmandu KL 699: Uttaratantra</expan>
<listWit>
<witness xml:id="Kac" n="ac">
<abbr>Kac</abbr>
<expan>MSS Kathmandu KL 699: Uttaratantra [ante correctionem]</expan>
</witness>
<witness xml:id="Kpc" n="pc">
<abbr type="siglum">Kpc</abbr>
<expan>MSS Kathmandu KL 699: Uttaratantra [post correctionem]</expan>
</witness>
</listWit>
</witness>
<witness xml:id="H" source="nak_5-333_uttaratantra-1-30.xml">
<abbr>H</abbr>
<expan>MS Kathmandu NAK 5-333, Uttaratantra</expan>
<listWit>
<witness xml:id="Hac" n="ac">
<abbr>Hac</abbr>
<expan>MS Kathmandu NAK 5-333, Uttaratantra [ante correctionem]</expan>
</witness>
<witness xml:id="Hpc" n="pc">
<abbr type="siglum">Hpc</abbr>
<expan>MS Kathmandu NAK 5-333, Uttaratantra [post correctionem]</expan>
</witness>
</listWit>
</witness>
<witness xml:id="NE" source="provisional-edition_uttaratantra-1-30.xml">
<abbr>NE</abbr>
<expan>The Nepalese Version of the Suśrutasaṃhitā, uttaratantra 1-30, based on the
                    Nepalese MSS</expan>
</witness>
</listWit>
    <encodingDesc>
      <editorialDecl>
        <segmentation>
          <ab type="tokenization">aksara</ab>
          <ab type="blockid">SS.6.19.16ab</ab>
          <ab type="targetedition">NE</ab>
          <ab type="scoring">
            <ab type="match">1</ab>
            <ab type="mismatch">-1</ab>
            <ab type="gapopen">-2</ab>
            <ab type="gapextend">-0.25</ab>
            <ab type="recursive">true</ab>
            <ab type="realigndepth">20</ab>
            <ab type="distancefunction">ngrams</ab>
            
          </ab>
        </segmentation>
        <normalization method="markup">
<ab>ignore punctuation</ab>
<ab>candrabindu as anusvāra</ab>
<ab>geminated aspirated consonants</ab>
<ab>geminated m after h</ab>
<ab>geminated t</ab>
<ab>geminated consonants after r</ab>
<ab>final nasal variants</ab>
<ab>internal nasal variants</ab>
<ab>final anusvāra variants</ab>
<ab>visarga aḥ before voiced consonants</ab>
<ab>visarga aḥ before vowels</ab>
<ab>visarga aḥ before unvoiced consonants and space + anusvāra</ab>
<ab>visarga āḥ variants</ab>
<ab>other visarga variants</ab>
<ab>superfluous avagrahas</ab>
<ab>double avagrahas</ab>
<ab>avagrahas to short a</ab>
<ab>internal visarga variants</ab>
<ab>final au/āv</ab>
<ab>final su</ab>
<ab>final i</ab>
<ab>kcch/kś</ab>
<ab>cś/tś</ab>
<ab>cch/ch</ab>
<ab>final t + hi</ab>
<ab>final t + voiced syllable</ab>
<ab>final t + n/m</ab>
<ab>final t + c/j</ab>
<ab>i/y + vowel</ab>
<ab>bhd for bdh</ab>
<ab>remove spaces</ab>
        </normalization>
        <ab type="tagfilters">
<tag subtype="ignore">pc</tag>
<tag subtype="ignore">head</tag>
<tag subtype="ignore">label</tag>
<tag subtype="ignore">note</tag>
<tag subtype="ignore">num</tag>
<tag subtype="ignore">locus</tag>
<tag subtype="ignore">supplied</tag>
<tag subtype="ignore">surplus</tag>
        </ab>
      </editorialDecl>
    </encodingDesc>
    <xenoData>
      <stemma format="nexml" id="stemma0"><nex:nexml xmlns:nex="http://www.nexml.org/2009" version="0.9"><nex:otus id="otus1"><nex:otu id="otu0" label="A"/><nex:otu id="otu1" label="H"/><nex:otu id="otu2" label="K"/><nex:otu id="otu3" label="NE"/></nex:otus><nex:trees otus="otus1" id="trees1"><nex:tree id="guidetree" label="guidetree" xsi:type="nex:FloatTree" xmlns:xsi="http://www.w3.org/2001/XMLSchema-instance"><nex:node id="4476dff2-a11e-495a-8c54-3d0eff43d5cb" root="true"/><nex:node id="18fd08bd-9478-4cdd-a415-08da3ec0e0a7"/><nex:node id="f7fdc9d8-bc7c-4298-a9aa-07bb056ad823" label="A" otu="otu2"/><nex:node id="b4815be2-6528-42aa-8c54-9f7b057773db" label="H" otu="otu3"/><nex:node id="9ac8a0ba-9c42-4d6a-acf8-c82691f9cfc8"/><nex:node id="347f3a89-3970-464b-bbc3-2c23ed9921a0" label="K" otu="otu5"/><nex:node id="d2b0783d-8444-467a-92ba-f2caaa3de411" label="NE" otu="otu6"/><nex:edge source="4476dff2-a11e-495a-8c54-3d0eff43d5cb" target="18fd08bd-9478-4cdd-a415-08da3ec0e0a7" id="edge0" length="0.17356638288536475"/><nex:edge source="4476dff2-a11e-495a-8c54-3d0eff43d5cb" target="9ac8a0ba-9c42-4d6a-acf8-c82691f9cfc8" id="edge1" length="0.17356638288536475"/><nex:edge source="18fd08bd-9478-4cdd-a415-08da3ec0e0a7" target="f7fdc9d8-bc7c-4298-a9aa-07bb056ad823" id="edge2" length="0.6528672342292707"/><nex:edge source="18fd08bd-9478-4cdd-a415-08da3ec0e0a7" target="b4815be2-6528-42aa-8c54-9f7b057773db" id="edge3" length="0.34713276577072927"/><nex:edge source="9ac8a0ba-9c42-4d6a-acf8-c82691f9cfc8" target="347f3a89-3970-464b-bbc3-2c23ed9921a0" id="edge4" length="0"/><nex:edge source="9ac8a0ba-9c42-4d6a-acf8-c82691f9cfc8" target="d2b0783d-8444-467a-92ba-f2caaa3de411" id="edge5" length="0"/></nex:tree></nex:trees></nex:nexml></stemma>
    </xenoData>
  </teiHeader>
<TEI n="A"><text><cl><w n="0" lemma="sro"> sro</w><w n="1">to</w><w n="2">ja</w><w n="3">śa</w><w n="4">ṅkha</w><w n="5">da</w><w n="6">dhi</w><w n="7">sai</w><w n="8">ndha</w><w n="9">va</w><w n="10">ma</w><w n="11">rdha</w><w n="12">pa</w><w n="13" lemma="kṣaṃ">kṣaṃ </w></cl><cl><w n="14"/><w n="15"/><w n="16"/><w n="17"/></cl><w n="18">śu</w><cl><w n="19" lemma="kraṃ">kraṃ </w><w n="20">śi</w><w n="21">śo</w><w n="22">rnu</w><w n="23">da</w><w n="24" lemma="ti">ti </w><w n="25">bhā</w><w n="26">vi</w><w n="27">ta</w><w n="28" lemma="maṃ">mañ</w><w n="29">ja</w><w n="30">ne</w></cl><cl><w n="31" lemma="na">na | </w></cl></text></TEI><TEI n="H"><text><cl><w n="0" lemma="sro"> sro</w><w n="1">to</w><w n="2">ja</w><w n="3">śaṃ</w><w n="4">kha</w><w n="5">da</w><w n="6">dhi</w><w n="7">sai</w><w n="8">ndha</w><w n="9">va</w><w n="10">ma</w><w n="11" lemma="rdha">rddha</w><w n="12">pa</w><w n="13" lemma="kṣaṃ">kṣa,m </w></cl><cl><w n="14">ā</w><w n="15">bhā</w><w n="16">vi</w><w n="17" lemma="taṃ">taṃ </w></cl><w n="18" lemma="tu">tu </w><cl><w n="19">śi</w><w n="20">śu</w><w n="21">śu</w><w n="22">kra</w><w n="23" lemma="taṃ">tañ</w><w n="24">ja</w><w n="25" lemma="naṃ">nan </w><w n="26" lemma="tu">tu | </w><w n="27"/><w n="28"/><w n="29"/><w n="30"/></cl><cl><w n="31"/></cl></text></TEI><TEI n="K"><text><cl><w n="0" lemma="sro"> sro</w><w n="1">to</w><w n="2">ja</w><w n="3">śaṃ</w><w n="4">kha</w><w n="5">da</w><w n="6">dhi</w><w n="7">sai</w><w n="8">ndha</w><w n="9">va</w><w n="10">ma</w><w n="11">rdha</w><w n="12">pa</w><w n="13" lemma="kṣaṃ">kṣam </w></cl><cl><w n="14">ā</w><w n="15">bhā</w><w n="16">vi</w><w n="17" lemma="taṃ">taṃ </w></cl><w n="18" lemma="tu">tu </w><cl><w n="19">śi</w><w n="20">śu</w><w n="21">śu</w><w n="22">kra</w><w n="23"/><w n="24"/><w n="25"/><w n="26"/><w n="27">ta</w><w n="28" lemma="daṃ">dañ</w><w n="29">ja</w><w n="30" lemma="naṃ">nan </w></cl><cl><w n="31" lemma="tu">tu | </w></cl></text></TEI><TEI n="NE"><text><cl><w n="0" lemma="sro"> sro</w><w n="1">to</w><w n="2">ja</w><w n="3">śaṃ</w><w n="4">kha</w><w n="5">da</w><w n="6">dhi</w><w n="7">sai</w><w n="8">ndha</w><w n="9">va</w><w n="10">ma</w><w n="11">rdha</w><w n="12">pa</w><w n="13" lemma="kṣaṃ">kṣam </w></cl><cl><w n="14">ā</w><w n="15">bhā</w><w n="16">vi</w><w n="17" lemma="taṃ">taṃ </w></cl><w n="18" lemma="tu">tu </w><cl><w n="19">śi</w><w n="20">śu</w><w n="21">śu</w><w n="22">kra</w><w n="23"/><w n="24"/><w n="25"/><w n="26"/><w n="27">ta</w><w n="28" lemma="daṃ">dañ</w><w n="29">ja</w><w n="30" lemma="naṃ">nan </w></cl><cl><w n="31" lemma="tu">tu | </w></cl></text></TEI></teiCorpus>