<?xml version="1.0" encoding="UTF-8"?>
<teiCorpus xmlns="http://www.tei-c.org/ns/1.0" xml:lang="sa-Latn">
  <teiHeader>
<listWit>
<witness xml:id="A" source="06-ut-vulgate-1938-1-30.xml">
<abbr>A</abbr>
<expan>Printed edition: Ācārya 1938: Uttaratantra 1-30</expan>
</witness>
<witness xml:id="K" source="kl_699_uttaratantra-1-30.xml">
<abbr>K</abbr>
<expan>MSS Kathmandu KL 699: Uttaratantra</expan>
<listWit>
<witness xml:id="Kac" n="ac">
<abbr>Kac</abbr>
<expan>MSS Kathmandu KL 699: Uttaratantra [ante correctionem]</expan>
</witness>
<witness xml:id="Kpc" n="pc">
<abbr type="siglum">Kpc</abbr>
<expan>MSS Kathmandu KL 699: Uttaratantra [post correctionem]</expan>
</witness>
</listWit>
</witness>
<witness xml:id="H" source="nak_5-333_uttaratantra-1-30.xml">
<abbr>H</abbr>
<expan>MS Kathmandu NAK 5-333, Uttaratantra</expan>
<listWit>
<witness xml:id="Hac" n="ac">
<abbr>Hac</abbr>
<expan>MS Kathmandu NAK 5-333, Uttaratantra [ante correctionem]</expan>
</witness>
<witness xml:id="Hpc" n="pc">
<abbr type="siglum">Hpc</abbr>
<expan>MS Kathmandu NAK 5-333, Uttaratantra [post correctionem]</expan>
</witness>
</listWit>
</witness>
<witness xml:id="NE" source="provisional-edition_uttaratantra-1-30.xml">
<abbr>NE</abbr>
<expan>The Nepalese Version of the Suśrutasaṃhitā, uttaratantra 1-30, based on the
                    Nepalese MSS</expan>
</witness>
</listWit>
    <encodingDesc>
      <editorialDecl>
        <segmentation>
          <ab type="tokenization">aksara</ab>
          <ab type="blockid">SS.6.18.83</ab>
          <ab type="targetedition">NE</ab>
          <ab type="scoring">
            <ab type="match">1</ab>
            <ab type="mismatch">-1</ab>
            <ab type="gapopen">-2</ab>
            <ab type="gapextend">-0.25</ab>
            <ab type="recursive">true</ab>
            <ab type="realigndepth">20</ab>
            <ab type="distancefunction">ngrams</ab>
            
          </ab>
        </segmentation>
        <normalization method="markup">
<ab>ignore punctuation</ab>
<ab>candrabindu as anusvāra</ab>
<ab>geminated aspirated consonants</ab>
<ab>geminated m after h</ab>
<ab>geminated t</ab>
<ab>geminated consonants after r</ab>
<ab>final nasal variants</ab>
<ab>internal nasal variants</ab>
<ab>final anusvāra variants</ab>
<ab>visarga aḥ before voiced consonants</ab>
<ab>visarga aḥ before vowels</ab>
<ab>visarga aḥ before unvoiced consonants and space + anusvāra</ab>
<ab>visarga āḥ variants</ab>
<ab>other visarga variants</ab>
<ab>superfluous avagrahas</ab>
<ab>double avagrahas</ab>
<ab>avagrahas to short a</ab>
<ab>internal visarga variants</ab>
<ab>final au/āv</ab>
<ab>final su</ab>
<ab>final i</ab>
<ab>kcch/kś</ab>
<ab>cś/tś</ab>
<ab>cch/ch</ab>
<ab>final t + hi</ab>
<ab>final t + voiced syllable</ab>
<ab>final t + n/m</ab>
<ab>final t + c/j</ab>
<ab>i/y + vowel</ab>
<ab>bhd for bdh</ab>
<ab>remove spaces</ab>
        </normalization>
        <ab type="tagfilters">
<tag subtype="ignore">pc</tag>
<tag subtype="ignore">head</tag>
<tag subtype="ignore">label</tag>
<tag subtype="ignore">note</tag>
<tag subtype="ignore">num</tag>
<tag subtype="ignore">locus</tag>
<tag subtype="ignore">supplied</tag>
<tag subtype="ignore">surplus</tag>
        </ab>
      </editorialDecl>
    </encodingDesc>
    <xenoData>
      <stemma format="nexml" id="stemma0"><nex:nexml xmlns:nex="http://www.nexml.org/2009" version="0.9"><nex:otus id="otus1"><nex:otu id="otu0" label="A"/><nex:otu id="otu1" label="H"/><nex:otu id="otu2" label="K"/><nex:otu id="otu3" label="NE"/></nex:otus><nex:trees otus="otus1" id="trees1"><nex:tree id="guidetree" label="guidetree" xsi:type="nex:FloatTree" xmlns:xsi="http://www.w3.org/2001/XMLSchema-instance"><nex:node id="ae2c1889-46fa-499e-a9c2-8117947a3ecc" root="true"/><nex:node id="108b25fd-8b05-48ed-995a-95b96689eadd"/><nex:node id="fc9c773c-633a-4ea5-a33e-baac645211fc" label="A" otu="otu2"/><nex:node id="4b6e4fa5-3ce2-4c5d-875b-6c1713490642" label="H" otu="otu3"/><nex:node id="dd9217a6-e9aa-48aa-aa48-ed02eff90b16"/><nex:node id="5eeb4613-a0ea-4047-b5bf-eded11a44409" label="K" otu="otu5"/><nex:node id="b63c188e-5954-4e08-9f29-0c4072db2f06" label="NE" otu="otu6"/><nex:edge source="ae2c1889-46fa-499e-a9c2-8117947a3ecc" target="108b25fd-8b05-48ed-995a-95b96689eadd" id="edge0" length="0.22641354803880712"/><nex:edge source="ae2c1889-46fa-499e-a9c2-8117947a3ecc" target="dd9217a6-e9aa-48aa-aa48-ed02eff90b16" id="edge1" length="0.22641354803880712"/><nex:edge source="108b25fd-8b05-48ed-995a-95b96689eadd" target="fc9c773c-633a-4ea5-a33e-baac645211fc" id="edge2" length="0.5471729039223856"/><nex:edge source="108b25fd-8b05-48ed-995a-95b96689eadd" target="4b6e4fa5-3ce2-4c5d-875b-6c1713490642" id="edge3" length="0.3943318297158641"/><nex:edge source="dd9217a6-e9aa-48aa-aa48-ed02eff90b16" target="5eeb4613-a0ea-4047-b5bf-eded11a44409" id="edge4" length="1.1102230246251565e-16"/><nex:edge source="dd9217a6-e9aa-48aa-aa48-ed02eff90b16" target="b63c188e-5954-4e08-9f29-0c4072db2f06" id="edge5" length="1.1102230246251565e-16"/></nex:tree></nex:trees></nex:nexml></stemma>
    </xenoData>
  </teiHeader>
<TEI n="A"><text><cl><w n="0" lemma="pu"> pu</w><w n="1">ṭa</w><w n="2">pā</w><w n="3">ka</w><w n="4">kri</w><w n="5">yā</w><w n="6">dyā</w><w n="7" lemma="su">su </w></cl><cl><w n="8">kri</w><w n="9">yā</w><w n="10" lemma="su">sv </w></cl><cl><w n="11">e</w><w n="12">ṣai</w><w n="13">va</w><w n="14" lemma="kri">(kri</w><w n="15">yā</w><w n="16">sve</w><w n="17">kai</w><w n="18" lemma="va">va) </w></cl><cl><w n="19">ka</w><w n="20">lpa</w><w n="21" lemma="nā">nā | </w></cl><cl><w n="22">sa</w><w n="23">ha</w><w n="24">sra</w><w n="25" lemma="śaḥ">śaś </w></cl><cl><w n="26" lemma="cāṃ">cāñ</w><w n="27">ja</w></cl><cl><w n="28">ne</w><w n="29" lemma="ṣu">ṣu </w><w n="30"/></cl><cl><w n="31">bī</w><w n="32">je</w><w n="33">no</w><w n="34">kte</w><w n="35" lemma="na">na </w></cl><cl><w n="36">pū</w><w n="37">ji</w><w n="38" lemma="tāḥ">tāḥ || </w></cl><cl><w n="39"/><w n="40"/><w n="41"/></cl><cl><w n="42"/><w n="43"/><w n="44"/><w n="45"/><w n="46"/><w n="47"/><w n="48"/><w n="49"/><w n="50"/></cl><cl><w n="51"/><w n="52"/><w n="53"/><w n="54"/><w n="55"/><w n="56"/><w n="57"/><w n="58"/><w n="59"/></cl><cl><w n="60"/><w n="61"/><w n="62"/></cl><cl><w n="63"/><w n="64"/><w n="65"/><w n="66"/><w n="67"/><w n="68"/><w n="69"/></cl><cl><w n="70"/></cl></text></TEI><TEI n="H"><text><cl><w n="0" lemma="pu"> pu</w><w n="1">ṭa</w><w n="2">pā</w><w n="3">ka</w><w n="4">kri</w><w n="5">yā</w><w n="6">dyā</w><w n="7" lemma="su">su , </w></cl><cl><w n="8">kri</w><w n="9">yā</w><w n="10" lemma="su">sv </w></cl><cl><w n="11">e</w><w n="12">ṣai</w><w n="13"/><w n="14"/><w n="15"/><w n="16"/><w n="17"/><w n="18" lemma="va">va </w></cl><cl><w n="19">ka</w><w n="20">lpa</w><w n="21" lemma="nā">nā | </w></cl><cl><w n="22">sa</w><w n="23">ha</w><w n="24">sra</w><w n="25" lemma="śaḥ">śaś </w></cl><cl><w n="26" lemma="cāṃ">cāñ</w><w n="27">ja</w></cl><cl><w n="28" lemma="ne">ne </w><w n="29"/><w n="30" lemma="ca">ca , </w></cl><cl><w n="31">bī</w><w n="32">je</w><w n="33">nā</w><w n="34">ne</w><w n="35" lemma="na">na </w></cl><cl><w n="36">pū</w><w n="37">ji</w><w n="38" lemma="tā">tāḥ || </w></cl><cl><w n="39" lemma="aṃ">añ</w><w n="40">ja</w><w n="41" lemma="naṃ">nan </w></cl><cl><w n="42">na</w><w n="43">sya</w><w n="44">ka</w><w n="45">va</w><w n="46" lemma="la">la,</w><w n="47">dhū</w><w n="48">ma</w><w n="49">pā</w><w n="50" lemma="naṃ">nam </w></cl><cl><w n="51">a</w><w n="52">nu</w><w n="53">kra</w><w n="54">mā</w><w n="55" lemma="tyu">t | yu</w><w n="56">jyā</w><w n="57" lemma="tya">d ya</w><w n="58">thā</w><w n="59" lemma="rthaṃ">rtham </w></cl><cl><w n="60">e</w><w n="61">tā</w><w n="62" lemma="ni">ni , </w></cl><cl><w n="63">pṛ</w><w n="64"/><w n="65"/><w n="66">tha</w><w n="67" lemma="ga">g a</w><w n="68">thā</w><w n="69" lemma="pi">pi </w></cl><cl><w n="70" lemma="vā">vā || </w></cl></text></TEI><TEI n="K"><text><cl><w n="0" lemma="pu"> pu</w><w n="1">ṭa</w><w n="2">pā</w><w n="3">ka</w><w n="4">kri</w><w n="5">yā</w><w n="6">dyā</w><w n="7" lemma="su">su </w></cl><cl><w n="8">kri</w><w n="9">yā</w><w n="10" lemma="su">sv </w></cl><cl><w n="11">e</w><w n="12">ṣai</w><w n="13"/><w n="14"/><w n="15"/><w n="16"/><w n="17"/><w n="18" lemma="va">va </w></cl><cl><w n="19">ka</w><w n="20">lpa</w><w n="21" lemma="nā">nā | </w></cl><cl><w n="22">sa</w><w n="23">ha</w><w n="24">sra</w><w n="25" lemma="śaḥ">śo </w></cl><cl><w n="26" lemma="a"/><w n="27" lemma="pi">pi </w></cl><cl><w n="28">ku</w><w n="29">rvī</w><w n="30" lemma="ta">ta </w></cl><cl><w n="31">bī</w><w n="32">je</w><w n="33">nā</w><w n="34">ne</w><w n="35" lemma="na">na </w></cl><cl><w n="36">pū</w><w n="37">ji</w><w n="38" lemma="taḥ">taḥ || </w></cl><cl><w n="39" lemma="aṃ">añ</w><w n="40">ja</w><w n="41" lemma="naṃ">nan </w></cl><cl><w n="42">na</w><w n="43">sya</w><w n="44">ka</w><w n="45">va</w><w n="46">la</w><w n="47">dhū</w><w n="48">ma</w><w n="49">pā</w><w n="50" lemma="naṃ">nam </w></cl><cl><w n="51">a</w><w n="52">nu</w><w n="53">kra</w><w n="54">mā</w><w n="55" lemma="tyuṃ">t | yuñ</w><w n="56">jyā</w><w n="57" lemma="tya">d ya</w><w n="58">thā</w><w n="59" lemma="rthaṃ">rtham </w></cl><cl><w n="60">e</w><w n="61">tā</w><w n="62" lemma="ni">ni </w></cl><cl><w n="63">pṛ</w><w n="64">tha</w><w n="65" lemma="kpṛ">k pṛ</w><w n="66">tha</w><w n="67" lemma="ga">g a</w><w n="68">thā</w><w n="69" lemma="pi">pi </w></cl><cl><w n="70" lemma="vā">vā | </w></cl></text></TEI><TEI n="NE"><text><cl><w n="0" lemma="pu"> pu</w><w n="1">ṭa</w><w n="2">pā</w><w n="3">ka</w><w n="4">kri</w><w n="5">yā</w><w n="6">dyā</w><w n="7" lemma="su">su </w></cl><cl><w n="8">kri</w><w n="9">yā</w><w n="10" lemma="su">sv </w></cl><cl><w n="11">e</w><w n="12">ṣai</w><w n="13"/><w n="14"/><w n="15"/><w n="16"/><w n="17"/><w n="18" lemma="va">va </w></cl><cl><w n="19">ka</w><w n="20">lpa</w><w n="21" lemma="nā">nā | </w></cl><cl><w n="22">sa</w><w n="23">ha</w><w n="24">sra</w><w n="25" lemma="śaḥ">śo </w></cl><cl><w n="26" lemma="a"/><w n="27" lemma="pi">pi </w></cl><cl><w n="28">ku</w><w n="29">rvī</w><w n="30" lemma="ta">ta </w></cl><cl><w n="31">bī</w><w n="32">je</w><w n="33">nā</w><w n="34">ne</w><w n="35" lemma="na">na </w></cl><cl><w n="36">pū</w><w n="37">ji</w><w n="38" lemma="taḥ">taḥ || </w></cl><cl><w n="39" lemma="aṃ">añ</w><w n="40">ja</w><w n="41" lemma="naṃ">nan </w></cl><cl><w n="42">na</w><w n="43">sya</w><w n="44">ka</w><w n="45">va</w><w n="46">la</w><w n="47">dhū</w><w n="48">ma</w><w n="49">pā</w><w n="50" lemma="naṃ">nam </w></cl><cl><w n="51">a</w><w n="52">nu</w><w n="53">kra</w><w n="54">mā</w><w n="55" lemma="tyuṃ">t | yuñ</w><w n="56">jyā</w><w n="57" lemma="tya">d ya</w><w n="58">thā</w><w n="59" lemma="rthaṃ">rtham </w></cl><cl><w n="60">e</w><w n="61">tā</w><w n="62" lemma="ni">ni </w></cl><cl><w n="63">pṛ</w><w n="64">tha</w><w n="65" lemma="kpṛ">k pṛ</w><w n="66">tha</w><w n="67" lemma="ga">g a</w><w n="68">thā</w><w n="69" lemma="pi">pi </w></cl><cl><w n="70" lemma="vā">vā | </w></cl></text></TEI></teiCorpus>