<?xml version="1.0" encoding="UTF-8"?>
<teiCorpus xmlns="http://www.tei-c.org/ns/1.0" xml:lang="sa-Latn">
  <teiHeader>
<listWit>
<witness xml:id="A" source="06-ut-vulgate-1938-1-30.xml">
<abbr>A</abbr>
<expan>Printed edition: Ācārya 1938: Uttaratantra 1-30</expan>
</witness>
<witness xml:id="K" source="kl_699_uttaratantra-1-30.xml">
<abbr>K</abbr>
<expan>MSS Kathmandu KL 699: Uttaratantra</expan>
<listWit>
<witness xml:id="Kac" n="ac">
<abbr>Kac</abbr>
<expan>MSS Kathmandu KL 699: Uttaratantra [ante correctionem]</expan>
</witness>
<witness xml:id="Kpc" n="pc">
<abbr type="siglum">Kpc</abbr>
<expan>MSS Kathmandu KL 699: Uttaratantra [post correctionem]</expan>
</witness>
</listWit>
</witness>
<witness xml:id="H" source="nak_5-333_uttaratantra-1-30.xml">
<abbr>H</abbr>
<expan>MS Kathmandu NAK 5-333, Uttaratantra</expan>
<listWit>
<witness xml:id="Hac" n="ac">
<abbr>Hac</abbr>
<expan>MS Kathmandu NAK 5-333, Uttaratantra [ante correctionem]</expan>
</witness>
<witness xml:id="Hpc" n="pc">
<abbr type="siglum">Hpc</abbr>
<expan>MS Kathmandu NAK 5-333, Uttaratantra [post correctionem]</expan>
</witness>
</listWit>
</witness>
<witness xml:id="NE" source="provisional-edition_uttaratantra-1-30.xml">
<abbr>NE</abbr>
<expan>The Nepalese Version of the Suśrutasaṃhitā, uttaratantra 1-30, based on the
                    Nepalese MSS</expan>
</witness>
</listWit>
    <encodingDesc>
      <editorialDecl>
        <segmentation>
          <ab type="tokenization">aksara</ab>
          <ab type="blockid">SS.6.13.10</ab>
          <ab type="targetedition">NE</ab>
          <ab type="scoring">
            <ab type="match">1</ab>
            <ab type="mismatch">-1</ab>
            <ab type="gapopen">-2</ab>
            <ab type="gapextend">-0.25</ab>
            <ab type="recursive">true</ab>
            <ab type="realigndepth">20</ab>
            <ab type="distancefunction">ngrams</ab>
            
          </ab>
        </segmentation>
        <normalization method="markup">
<ab>ignore punctuation</ab>
<ab>candrabindu as anusvāra</ab>
<ab>geminated aspirated consonants</ab>
<ab>geminated m after h</ab>
<ab>geminated t</ab>
<ab>geminated consonants after r</ab>
<ab>final nasal variants</ab>
<ab>internal nasal variants</ab>
<ab>final anusvāra variants</ab>
<ab>visarga aḥ before voiced consonants</ab>
<ab>visarga aḥ before vowels</ab>
<ab>visarga aḥ before unvoiced consonants and space + anusvāra</ab>
<ab>visarga āḥ variants</ab>
<ab>other visarga variants</ab>
<ab>superfluous avagrahas</ab>
<ab>double avagrahas</ab>
<ab>avagrahas to short a</ab>
<ab>internal visarga variants</ab>
<ab>final au/āv</ab>
<ab>final su</ab>
<ab>final i</ab>
<ab>kcch/kś</ab>
<ab>cś/tś</ab>
<ab>cch/ch</ab>
<ab>final t + hi</ab>
<ab>final t + voiced syllable</ab>
<ab>final t + n/m</ab>
<ab>final t + c/j</ab>
<ab>i/y + vowel</ab>
<ab>bhd for bdh</ab>
<ab>remove spaces</ab>
        </normalization>
        <ab type="tagfilters">
<tag subtype="ignore">pc</tag>
<tag subtype="ignore">head</tag>
<tag subtype="ignore">label</tag>
<tag subtype="ignore">note</tag>
<tag subtype="ignore">num</tag>
<tag subtype="ignore">locus</tag>
<tag subtype="ignore">supplied</tag>
<tag subtype="ignore">surplus</tag>
        </ab>
      </editorialDecl>
    </encodingDesc>
    <xenoData>
      <stemma format="nexml" id="stemma0"><nex:nexml xmlns:nex="http://www.nexml.org/2009" version="0.9"><nex:otus id="otus1"><nex:otu id="otu0" label="A"/><nex:otu id="otu1" label="H"/><nex:otu id="otu2" label="K"/><nex:otu id="otu3" label="NE"/></nex:otus><nex:trees otus="otus1" id="trees1"><nex:tree id="guidetree" label="guidetree" xsi:type="nex:FloatTree" xmlns:xsi="http://www.w3.org/2001/XMLSchema-instance"><nex:node id="ff6c0b32-7170-4611-81a8-9968e214e3a8" root="true"/><nex:node id="1cf6bd9f-7191-42be-b0c5-acd1ffc63ee4"/><nex:node id="8ac1cc84-2c83-4475-b135-a65f61df38d1" label="A" otu="otu2"/><nex:node id="e568f84d-01c5-4c02-af5f-fa1997b0bd8d" label="H" otu="otu3"/><nex:node id="f59a96e4-86bd-466e-8cf0-e763ae6251eb"/><nex:node id="85d06dd3-945d-4ef2-8022-07f3a4e4b111" label="K" otu="otu5"/><nex:node id="82709fdd-8b4a-495d-b308-b1119a80cd6a" label="NE" otu="otu6"/><nex:edge source="ff6c0b32-7170-4611-81a8-9968e214e3a8" target="1cf6bd9f-7191-42be-b0c5-acd1ffc63ee4" id="edge0" length="0.2305276687861777"/><nex:edge source="ff6c0b32-7170-4611-81a8-9968e214e3a8" target="f59a96e4-86bd-466e-8cf0-e763ae6251eb" id="edge1" length="0.2305276687861777"/><nex:edge source="1cf6bd9f-7191-42be-b0c5-acd1ffc63ee4" target="8ac1cc84-2c83-4475-b135-a65f61df38d1" id="edge2" length="0.5389446624276444"/><nex:edge source="1cf6bd9f-7191-42be-b0c5-acd1ffc63ee4" target="e568f84d-01c5-4c02-af5f-fa1997b0bd8d" id="edge3" length="0.4610553375723556"/><nex:edge source="f59a96e4-86bd-466e-8cf0-e763ae6251eb" target="85d06dd3-945d-4ef2-8022-07f3a4e4b111" id="edge4" length="1.1102230246251565e-16"/><nex:edge source="f59a96e4-86bd-466e-8cf0-e763ae6251eb" target="82709fdd-8b4a-495d-b308-b1119a80cd6a" id="edge5" length="1.1102230246251565e-16"/></nex:tree></nex:trees></nex:nexml></stemma>
    </xenoData>
  </teiHeader>
<TEI n="A"><text><w n="0" lemma="sa"> sa</w><cl><w n="1" lemma="maṃ">maṃ </w><w n="2">na</w><w n="3">kha</w><w n="4"/><w n="5"/><w n="6">ni</w><w n="7" lemma="bhaṃ">bhaṃ </w></cl><cl><w n="8">va</w><w n="9" lemma="rtma">rtma </w></cl><cl><w n="10">li</w><w n="11">khi</w><w n="12" lemma="taṃ">taṃ </w></cl><cl><w n="13">sa</w><w n="14">mya</w><w n="15" lemma="gi">g i</w><w n="16">ṣya</w><w n="17" lemma="te">te | </w></cl><cl><w n="18">ra</w><w n="19" lemma="ktaṃ">ktam </w><w n="20">a</w><w n="21" lemma="kṣi">kṣi </w></cl><cl><w n="22">sra</w><w n="23">ve</w></cl><cl><w n="24" lemma="tskaṃ">t skan</w><w n="25" lemma="naṃ">naṃ </w></cl><cl><w n="26">kṣa</w><w n="27">tā</w><w n="28" lemma="ccha">c cha</w><w n="29">stra</w><w n="30">kṛ</w><w n="31">tā</w><w n="32" lemma="tdhru">d dhru</w><w n="33" lemma="vaṃ">vam || </w></cl><cl><w n="34"/><w n="35"/><w n="36"/><w n="37"/><w n="38"/></cl></text></TEI><TEI n="H"><text><w n="0" lemma=""> </w><cl><w n="1"/><w n="2">na</w><w n="3">kha</w><w n="4">srā</w><w n="5">yu</w><w n="6">ni</w><w n="7" lemma="bhaṃ">bhaṃ </w></cl><cl><w n="8">va</w><w n="9" lemma="rtma">rtma </w></cl><cl><w n="10">li</w><w n="11">khi</w><w n="12" lemma="taṃ">taṃ </w></cl><cl><w n="13">sa</w><w n="14">mya</w><w n="15">gi</w><w n="16">ṣya</w><w n="17" lemma="te">te | </w></cl><cl><w n="18">ra</w><w n="19">kta</w><w n="20">ma</w><w n="21" lemma="kṣi">kṣi </w></cl><cl><w n="22">sra</w><w n="23" lemma="ve">ve </w></cl><cl><w n="24" lemma="skaṃ">skan</w><w n="25" lemma="naṃ">naṃ </w></cl><cl><w n="26"/><w n="27"/><w n="28"/><w n="29"/><w n="30">ni</w><w n="31"/><w n="32">mi</w><w n="33" lemma="raṃ">raṃ </w></cl><cl><w n="34">vyā</w><w n="35">dhi</w><w n="36">ni</w><w n="37">rja</w><w n="38" lemma="yaḥ">yaḥ || </w></cl></text></TEI><TEI n="K"><text><w n="0" lemma=""> </w><cl><w n="1"/><w n="2">na</w><w n="3">kha</w><w n="4">snā</w><w n="5">yu</w><w n="6">ni</w><w n="7" lemma="bhaṃ">bhaṃ </w></cl><cl><w n="8">va</w><w n="9" lemma="rtma">rtma </w></cl><cl><w n="10">li</w><w n="11">khi</w><w n="12" lemma="taṃ">taṃ </w></cl><cl><w n="13">sa</w><w n="14">mya</w><w n="15" lemma="gi">g i</w><w n="16">ṣya</w><w n="17" lemma="te">te | </w></cl><cl><w n="18">ra</w><w n="19">kta</w><w n="20">ma</w><w n="21" lemma="kṣi">kṣi </w></cl><cl><w n="22">sra</w><w n="23" lemma="ve">ve </w></cl><cl><w n="24" lemma="skaṃ">skan</w><w n="25" lemma="naṃ">naṃ </w></cl><cl><w n="26"/><w n="27"/><w n="28"/><w n="29"/><w n="30"/><w n="31">ti</w><w n="32">mi</w><w n="33" lemma="raṃ">raṃ </w></cl><cl><w n="34">vyā</w><w n="35">dhya</w><w n="36">ni</w><w n="37">rja</w><w n="38" lemma="yaḥ">yaḥ | </w></cl></text></TEI><TEI n="NE"><text><w n="0" lemma=""> </w><cl><w n="1"/><w n="2">na</w><w n="3">kha</w><w n="4">snā</w><w n="5">yu</w><w n="6">ni</w><w n="7" lemma="bhaṃ">bhaṃ </w></cl><cl><w n="8">va</w><w n="9" lemma="rtma">rtma </w></cl><cl><w n="10">li</w><w n="11">khi</w><w n="12" lemma="taṃ">taṃ </w></cl><cl><w n="13">sa</w><w n="14">mya</w><w n="15" lemma="gi">g i</w><w n="16">ṣya</w><w n="17" lemma="te">te | </w></cl><cl><w n="18">ra</w><w n="19">kta</w><w n="20">ma</w><w n="21" lemma="kṣi">kṣi </w></cl><cl><w n="22">sra</w><w n="23" lemma="ve">ve </w></cl><cl><w n="24" lemma="skaṃ">skan</w><w n="25" lemma="naṃ">naṃ </w></cl><cl><w n="26"/><w n="27"/><w n="28"/><w n="29"/><w n="30"/><w n="31">ti</w><w n="32">mi</w><w n="33" lemma="raṃ">raṃ </w></cl><cl><w n="34">vyā</w><w n="35">dhya</w><w n="36">ni</w><w n="37">rja</w><w n="38" lemma="yaḥ">yaḥ | </w></cl></text></TEI></teiCorpus>