<?xml version="1.0" encoding="UTF-8"?>
<teiCorpus xmlns="http://www.tei-c.org/ns/1.0" xml:lang="sa-Latn">
  <teiHeader>
<listWit>
<witness xml:id="A" source="06-ut-vulgate-1938-1-30.xml">
<abbr>A</abbr>
<expan>Printed edition: Ācārya 1938: Uttaratantra 1-30</expan>
</witness>
<witness xml:id="K" source="kl_699_uttaratantra-1-30.xml">
<abbr>K</abbr>
<expan>MSS Kathmandu KL 699: Uttaratantra</expan>
<listWit>
<witness xml:id="Kac" n="ac">
<abbr>Kac</abbr>
<expan>MSS Kathmandu KL 699: Uttaratantra [ante correctionem]</expan>
</witness>
<witness xml:id="Kpc" n="pc">
<abbr type="siglum">Kpc</abbr>
<expan>MSS Kathmandu KL 699: Uttaratantra [post correctionem]</expan>
</witness>
</listWit>
</witness>
<witness xml:id="H" source="nak_5-333_uttaratantra-1-30.xml">
<abbr>H</abbr>
<expan>MS Kathmandu NAK 5-333, Uttaratantra</expan>
<listWit>
<witness xml:id="Hac" n="ac">
<abbr>Hac</abbr>
<expan>MS Kathmandu NAK 5-333, Uttaratantra [ante correctionem]</expan>
</witness>
<witness xml:id="Hpc" n="pc">
<abbr type="siglum">Hpc</abbr>
<expan>MS Kathmandu NAK 5-333, Uttaratantra [post correctionem]</expan>
</witness>
</listWit>
</witness>
<witness xml:id="NE" source="provisional-edition_uttaratantra-1-30.xml">
<abbr>NE</abbr>
<expan>The Nepalese Version of the Suśrutasaṃhitā, uttaratantra 1-30, based on the
                    Nepalese MSS</expan>
</witness>
</listWit>
    <encodingDesc>
      <editorialDecl>
        <segmentation>
          <ab type="tokenization">aksara</ab>
          <ab type="blockid">SS.6.18.28</ab>
          <ab type="targetedition">NE</ab>
          <ab type="scoring">
            <ab type="match">1</ab>
            <ab type="mismatch">-1</ab>
            <ab type="gapopen">-2</ab>
            <ab type="gapextend">-0.25</ab>
            <ab type="recursive">true</ab>
            <ab type="realigndepth">20</ab>
            <ab type="distancefunction">ngrams</ab>
            
          </ab>
        </segmentation>
        <normalization method="markup">
<ab>ignore punctuation</ab>
<ab>candrabindu as anusvāra</ab>
<ab>geminated aspirated consonants</ab>
<ab>geminated m after h</ab>
<ab>geminated t</ab>
<ab>geminated consonants after r</ab>
<ab>final nasal variants</ab>
<ab>internal nasal variants</ab>
<ab>final anusvāra variants</ab>
<ab>visarga aḥ before voiced consonants</ab>
<ab>visarga aḥ before vowels</ab>
<ab>visarga aḥ before unvoiced consonants and space + anusvāra</ab>
<ab>visarga āḥ variants</ab>
<ab>other visarga variants</ab>
<ab>superfluous avagrahas</ab>
<ab>double avagrahas</ab>
<ab>avagrahas to short a</ab>
<ab>internal visarga variants</ab>
<ab>final au/āv</ab>
<ab>final su</ab>
<ab>final i</ab>
<ab>kcch/kś</ab>
<ab>cś/tś</ab>
<ab>cch/ch</ab>
<ab>final t + hi</ab>
<ab>final t + voiced syllable</ab>
<ab>final t + n/m</ab>
<ab>final t + c/j</ab>
<ab>i/y + vowel</ab>
<ab>bhd for bdh</ab>
<ab>remove spaces</ab>
        </normalization>
        <ab type="tagfilters">
<tag subtype="ignore">pc</tag>
<tag subtype="ignore">head</tag>
<tag subtype="ignore">label</tag>
<tag subtype="ignore">note</tag>
<tag subtype="ignore">num</tag>
<tag subtype="ignore">locus</tag>
<tag subtype="ignore">supplied</tag>
<tag subtype="ignore">surplus</tag>
        </ab>
      </editorialDecl>
    </encodingDesc>
    <xenoData>
      <stemma format="nexml" id="stemma0"><nex:nexml xmlns:nex="http://www.nexml.org/2009" version="0.9"><nex:otus id="otus1"><nex:otu id="otu0" label="A"/><nex:otu id="otu1" label="H"/><nex:otu id="otu2" label="K"/><nex:otu id="otu3" label="NE"/></nex:otus><nex:trees otus="otus1" id="trees1"><nex:tree id="guidetree" label="guidetree" xsi:type="nex:FloatTree" xmlns:xsi="http://www.w3.org/2001/XMLSchema-instance"><nex:node id="06dbc17c-e37c-48df-a6d2-fe90e7d2a702" root="true"/><nex:node id="d10cc9fe-6f3a-4686-af7d-f708b63df661"/><nex:node id="938e6965-4d44-4e40-b331-3f6a38485d3e" label="A" otu="otu2"/><nex:node id="f6ff0b27-a90d-43a5-a5c8-4e5ae41ebdef" label="H" otu="otu3"/><nex:node id="7d30bdf5-a460-4b09-a13d-18acc532ec57"/><nex:node id="0a2446ba-fa4c-430a-9164-3a674c3be5c3" label="K" otu="otu5"/><nex:node id="0d96c806-24a5-4b86-90d7-117713bc0c19" label="NE" otu="otu6"/><nex:edge source="06dbc17c-e37c-48df-a6d2-fe90e7d2a702" target="d10cc9fe-6f3a-4686-af7d-f708b63df661" id="edge0" length="0.22114198100708035"/><nex:edge source="06dbc17c-e37c-48df-a6d2-fe90e7d2a702" target="7d30bdf5-a460-4b09-a13d-18acc532ec57" id="edge1" length="0.22114198100708035"/><nex:edge source="d10cc9fe-6f3a-4686-af7d-f708b63df661" target="938e6965-4d44-4e40-b331-3f6a38485d3e" id="edge2" length="0.49952609890039307"/><nex:edge source="d10cc9fe-6f3a-4686-af7d-f708b63df661" target="f6ff0b27-a90d-43a5-a5c8-4e5ae41ebdef" id="edge3" length="0.46450431424233235"/><nex:edge source="7d30bdf5-a460-4b09-a13d-18acc532ec57" target="0a2446ba-fa4c-430a-9164-3a674c3be5c3" id="edge4" length="0"/><nex:edge source="7d30bdf5-a460-4b09-a13d-18acc532ec57" target="0d96c806-24a5-4b86-90d7-117713bc0c19" id="edge5" length="0"/></nex:tree></nex:trees></nex:nexml></stemma>
    </xenoData>
  </teiHeader>
<TEI n="A"><text><cl><w n="0" lemma="e"> e</w><w n="1">kā</w><w n="2" lemma="haṃ">haṃ </w><w n="3" lemma="vā">vā </w></cl><cl><w n="4">dvya</w><w n="5" lemma="haṃ">haṃ </w></cl><cl><w n="6">vā</w><w n="7" lemma="pi">pi </w></cl><cl><w n="8">trya</w><w n="9" lemma="haṃ">haṃ </w></cl><cl><w n="10">vā</w><w n="11"/></cl><cl><w n="12">pya</w><w n="13">va</w><w n="14">cā</w><w n="15">ra</w><w n="16" lemma="ṇaṃ">ṇam | </w></cl><cl><w n="17" lemma="yaṃ">yan</w><w n="18">tra</w><w n="19" lemma="ṇā">ṇā </w><w n="20" lemma="tu">tu </w></cl><cl><w n="21">kri</w><w n="22">yā</w><w n="23">kā</w><w n="24">lā</w></cl><cl><w n="25" lemma="tdvi">d dvi</w><w n="26">gu</w><w n="27" lemma="ṇaṃ">ṇaṃ </w></cl><cl><w n="28">kā</w><w n="29" lemma="laṃ">lam </w></cl><cl><w n="30">i</w><w n="31">ṣya</w><w n="32" lemma="te">te || </w></cl></text></TEI><TEI n="H"><text><cl><w n="0" lemma="e"> e</w><w n="1">kā</w><w n="2" lemma="haṃ">ham </w><w n="3" lemma="vā">vā </w></cl><cl><w n="4">a</w><w n="5" lemma="haṃ">hañ </w></cl><cl><w n="6">cai</w><w n="7" lemma="ṣāṃ">ṣāṃ , </w></cl><cl><w n="8">trya</w><w n="9" lemma="haṃ">ham </w></cl><cl><w n="10">vā</w><w n="11" lemma="pi">py </w></cl><cl><w n="12">a</w><w n="13">va</w><w n="14">cā</w><w n="15">ra</w><w n="16" lemma="ṇaṃ">ṇaṃ || </w></cl><cl><w n="17" lemma="yaṃ">yan</w><w n="18">tra</w><w n="19" lemma="ṇā">ṇā </w><w n="20" lemma="tu">tu </w></cl><cl><w n="21">kri</w><w n="22">yā</w><w n="23">kā</w><w n="24" lemma="lā">lā </w></cl><cl><w n="25">dvi</w><w n="26">gu</w><w n="27" lemma="ṇaṃ">ṇaṃ </w></cl><cl><w n="28">kā</w><w n="29" lemma="laṃ">lam </w></cl><cl><w n="30">i</w><w n="31">ṣya</w><w n="32" lemma="te">te | </w></cl></text></TEI><TEI n="K"><text><cl><w n="0" lemma="e"> e</w><w n="1">kā</w><w n="2" lemma="haṃ">haṃ </w><w n="3" lemma="vā">vā </w></cl><cl><w n="4">dvya</w><w n="5" lemma="haṃ">ham </w></cl><cl><w n="6">vā</w><w n="7" lemma="pi">pi </w></cl><cl><w n="8">trya</w><w n="9" lemma="ha">ha </w></cl><cl><w n="10">vā</w><w n="11" lemma="pi">py </w></cl><cl><w n="12">a</w><w n="13">va</w><w n="14">cā</w><w n="15">ra</w><w n="16" lemma="ṇaṃ">ṇaṃ | </w></cl><cl><w n="17" lemma="yaṃ">yan</w><w n="18">tra</w><w n="19" lemma="ṇā">ṇā </w><w n="20" lemma="tu">tu </w></cl><cl><w n="21">kri</w><w n="22">yā</w><w n="23">kā</w><w n="24" lemma="lā">lā </w></cl><cl><w n="25">dvi</w><w n="26">gu</w><w n="27" lemma="ṇaṃ">ṇaṃ </w></cl><cl><w n="28">kā</w><w n="29" lemma="laṃ">lam </w></cl><cl><w n="30">i</w><w n="31">ṣya</w><w n="32" lemma="te">te | </w></cl></text></TEI><TEI n="NE"><text><cl><w n="0" lemma="e"> e</w><w n="1">kā</w><w n="2" lemma="haṃ">haṃ </w><w n="3" lemma="vā">vā </w></cl><cl><w n="4">dvya</w><w n="5" lemma="haṃ">ham </w></cl><cl><w n="6">vā</w><w n="7" lemma="pi">pi </w></cl><cl><w n="8">trya</w><w n="9" lemma="ha">ha </w></cl><cl><w n="10">vā</w><w n="11" lemma="pi">py </w></cl><cl><w n="12">a</w><w n="13">va</w><w n="14">cā</w><w n="15">ra</w><w n="16" lemma="ṇaṃ">ṇaṃ | </w></cl><cl><w n="17" lemma="yaṃ">yan</w><w n="18">tra</w><w n="19" lemma="ṇā">ṇā </w><w n="20" lemma="tu">tu </w></cl><cl><w n="21">kri</w><w n="22">yā</w><w n="23">kā</w><w n="24" lemma="lā">lā </w></cl><cl><w n="25">dvi</w><w n="26">gu</w><w n="27" lemma="ṇaṃ">ṇaṃ </w></cl><cl><w n="28">kā</w><w n="29" lemma="laṃ">lam </w></cl><cl><w n="30">i</w><w n="31">ṣya</w><w n="32" lemma="te">te | </w></cl></text></TEI></teiCorpus>