<?xml version="1.0" encoding="UTF-8"?>
<teiCorpus xmlns="http://www.tei-c.org/ns/1.0" xml:lang="sa-Latn">
  <teiHeader>
<listWit>
<witness xml:id="A" source="06-ut-vulgate-1938-1-30.xml">
<abbr>A</abbr>
<expan>Printed edition: Ācārya 1938: Uttaratantra 1-30</expan>
</witness>
<witness xml:id="K" source="kl_699_uttaratantra-1-30.xml">
<abbr>K</abbr>
<expan>MSS Kathmandu KL 699: Uttaratantra</expan>
<listWit>
<witness xml:id="Kac" n="ac">
<abbr>Kac</abbr>
<expan>MSS Kathmandu KL 699: Uttaratantra [ante correctionem]</expan>
</witness>
<witness xml:id="Kpc" n="pc">
<abbr type="siglum">Kpc</abbr>
<expan>MSS Kathmandu KL 699: Uttaratantra [post correctionem]</expan>
</witness>
</listWit>
</witness>
<witness xml:id="H" source="nak_5-333_uttaratantra-1-30.xml">
<abbr>H</abbr>
<expan>MS Kathmandu NAK 5-333, Uttaratantra</expan>
<listWit>
<witness xml:id="Hac" n="ac">
<abbr>Hac</abbr>
<expan>MS Kathmandu NAK 5-333, Uttaratantra [ante correctionem]</expan>
</witness>
<witness xml:id="Hpc" n="pc">
<abbr type="siglum">Hpc</abbr>
<expan>MS Kathmandu NAK 5-333, Uttaratantra [post correctionem]</expan>
</witness>
</listWit>
</witness>
<witness xml:id="NE" source="provisional-edition_uttaratantra-1-30.xml">
<abbr>NE</abbr>
<expan>The Nepalese Version of the Suśrutasaṃhitā, uttaratantra 1-30, based on the
                    Nepalese MSS</expan>
</witness>
</listWit>
    <encodingDesc>
      <editorialDecl>
        <segmentation>
          <ab type="tokenization">aksara</ab>
          <ab type="blockid">SS.6.17.65</ab>
          <ab type="targetedition">NE</ab>
          <ab type="scoring">
            <ab type="match">1</ab>
            <ab type="mismatch">-1</ab>
            <ab type="gapopen">-2</ab>
            <ab type="gapextend">-0.25</ab>
            <ab type="recursive">true</ab>
            <ab type="realigndepth">20</ab>
            <ab type="distancefunction">ngrams</ab>
            
          </ab>
        </segmentation>
        <normalization method="markup">
<ab>ignore punctuation</ab>
<ab>candrabindu as anusvāra</ab>
<ab>geminated aspirated consonants</ab>
<ab>geminated m after h</ab>
<ab>geminated t</ab>
<ab>geminated consonants after r</ab>
<ab>final nasal variants</ab>
<ab>internal nasal variants</ab>
<ab>final anusvāra variants</ab>
<ab>visarga aḥ before voiced consonants</ab>
<ab>visarga aḥ before vowels</ab>
<ab>visarga aḥ before unvoiced consonants and space + anusvāra</ab>
<ab>visarga āḥ variants</ab>
<ab>other visarga variants</ab>
<ab>superfluous avagrahas</ab>
<ab>double avagrahas</ab>
<ab>avagrahas to short a</ab>
<ab>internal visarga variants</ab>
<ab>final au/āv</ab>
<ab>final su</ab>
<ab>final i</ab>
<ab>kcch/kś</ab>
<ab>cś/tś</ab>
<ab>cch/ch</ab>
<ab>final t + hi</ab>
<ab>final t + voiced syllable</ab>
<ab>final t + n/m</ab>
<ab>final t + c/j</ab>
<ab>i/y + vowel</ab>
<ab>bhd for bdh</ab>
<ab>remove spaces</ab>
        </normalization>
        <ab type="tagfilters">
<tag subtype="ignore">pc</tag>
<tag subtype="ignore">head</tag>
<tag subtype="ignore">label</tag>
<tag subtype="ignore">note</tag>
<tag subtype="ignore">num</tag>
<tag subtype="ignore">locus</tag>
<tag subtype="ignore">supplied</tag>
<tag subtype="ignore">surplus</tag>
        </ab>
      </editorialDecl>
    </encodingDesc>
    <xenoData>
      <stemma format="nexml" id="stemma0"><nex:nexml xmlns:nex="http://www.nexml.org/2009" version="0.9"><nex:otus id="otus1"><nex:otu id="otu0" label="A"/><nex:otu id="otu1" label="H"/><nex:otu id="otu2" label="K"/><nex:otu id="otu3" label="NE"/></nex:otus><nex:trees otus="otus1" id="trees1"><nex:tree id="guidetree" label="guidetree" xsi:type="nex:FloatTree" xmlns:xsi="http://www.w3.org/2001/XMLSchema-instance"><nex:node id="1f383bba-60ab-43d2-a49b-e8cae353c6fb" root="true"/><nex:node id="8839d589-74fc-4f11-9e75-706438bb822d"/><nex:node id="4b1d8f19-6747-4307-a4c9-f044cb9f4892" label="A" otu="otu2"/><nex:node id="f1e516a3-28b2-405c-a21d-1d0f95915b02" label="H" otu="otu3"/><nex:node id="a76429f9-a439-4bbd-b512-be0475fcb154"/><nex:node id="e44273b6-05c4-4922-be67-9fcc0b61d6cb" label="K" otu="otu5"/><nex:node id="9234d31a-ba2b-4797-a9a0-2dd4d518bda8" label="NE" otu="otu6"/><nex:edge source="1f383bba-60ab-43d2-a49b-e8cae353c6fb" target="8839d589-74fc-4f11-9e75-706438bb822d" id="edge0" length="0.02225117839943705"/><nex:edge source="1f383bba-60ab-43d2-a49b-e8cae353c6fb" target="a76429f9-a439-4bbd-b512-be0475fcb154" id="edge1" length="0.02225117839943705"/><nex:edge source="8839d589-74fc-4f11-9e75-706438bb822d" target="4b1d8f19-6747-4307-a4c9-f044cb9f4892" id="edge2" length="0.5019784339792559"/><nex:edge source="8839d589-74fc-4f11-9e75-706438bb822d" target="f1e516a3-28b2-405c-a21d-1d0f95915b02" id="edge3" length="0.49281229652801295"/><nex:edge source="a76429f9-a439-4bbd-b512-be0475fcb154" target="e44273b6-05c4-4922-be67-9fcc0b61d6cb" id="edge4" length="0.43837280968917514"/><nex:edge source="a76429f9-a439-4bbd-b512-be0475fcb154" target="9234d31a-ba2b-4797-a9a0-2dd4d518bda8" id="edge5" length="0.346830759900402"/></nex:tree></nex:trees></nex:nexml></stemma>
    </xenoData>
  </teiHeader>
<TEI n="A"><text><w n="0" lemma="ta"> ta</w><cl><w n="1">dā</w><w n="2" lemma="sau">sau </w><w n="3">li</w><w n="4">khi</w><w n="5" lemma="tā">tā </w><w n="6">sa</w><w n="7">mya</w><w n="8" lemma="gjñe">g jñe</w><w n="9" lemma="yā">yā </w><w n="10" lemma="yā">yā </w><w n="11">cā</w><w n="12" lemma="pi">pi </w><w n="13">ni</w><w n="14">rvya</w><w n="15" lemma="thā">thā | </w><w n="16" lemma="e">(e</w><w n="17" lemma="vaṃ">vaṃ </w></cl><cl><w n="18" lemma="tva">tv a</w><w n="19">śa</w><w n="20" lemma="kye">kye </w></cl><cl><w n="21">ni</w><w n="22">rha</w><w n="23" lemma="rtuṃ">rtuṃ </w></cl><cl><w n="24">do</w><w n="25" lemma="ṣe">ṣe </w></cl><cl><w n="26">pra</w><w n="27">tyā</w><w n="28">ga</w><w n="29" lemma="te">te </w><w n="30" lemma="a">'</w><w n="31" lemma="pi">pi </w></cl><cl><w n="32" lemma="vā">vā || </w></cl></text></TEI><TEI n="H"><text><w n="0" lemma=""> </w><cl><w n="1"/><w n="2"/><w n="3"/><w n="4"/><w n="5"/><w n="6"/><w n="7"/><w n="8"/><w n="9"/><w n="10"/><w n="11"/><w n="12"/><w n="13"/><w n="14"/><w n="15"/><w n="16">e</w><w n="17" lemma="vaṃ">vaṃ </w></cl><cl><w n="18" lemma="tva">tv a</w><w n="19">śa</w><w n="20" lemma="kyaḥ">kyo </w></cl><cl><w n="21">ni</w><w n="22" lemma="rhaṃ">rhan</w><w n="23" lemma="tuṃ">tuṃ </w></cl><cl><w n="24">do</w><w n="25" lemma="ṣe">ṣe </w></cl><cl><w n="26">pra</w><w n="27">tyā</w><w n="28">ga</w><w n="29" lemma="te">te </w><w n="30"/><w n="31" lemma="pi">pi </w></cl><cl><w n="32" lemma="vā">vā | </w></cl></text></TEI><TEI n="K"><text><w n="0" lemma=""> </w><cl><w n="1"/><w n="2"/><w n="3"/><w n="4"/><w n="5"/><w n="6"/><w n="7"/><w n="8"/><w n="9"/><w n="10"/><w n="11"/><w n="12"/><w n="13"/><w n="14"/><w n="15"/><w n="16">e</w><w n="17" lemma="vaṃ">vaṃ </w></cl><cl><w n="18" lemma="tva">tv a</w><w n="19">sa</w><w n="20" lemma="kye">kye </w></cl><cl><w n="21">ni</w><w n="22" lemma="rhaṃ">rhan</w><w n="23" lemma="tuṃ">tuṃ </w></cl><cl><w n="24">do</w><w n="25" lemma="ṣe">ṣe </w></cl><cl><w n="26">pra</w><w n="27">tyā</w><w n="28">ga</w><w n="29" lemma="te">te </w><w n="30"/><w n="31" lemma="pi">pi </w></cl><cl><w n="32" lemma="vā">vā | </w></cl></text></TEI><TEI n="NE"><text><w n="0" lemma=""> </w><cl><w n="1"/><w n="2"/><w n="3"/><w n="4"/><w n="5"/><w n="6"/><w n="7"/><w n="8"/><w n="9"/><w n="10"/><w n="11"/><w n="12"/><w n="13"/><w n="14"/><w n="15"/><w n="16">e</w><w n="17" lemma="vaṃ">vaṃ </w></cl><cl><w n="18" lemma="tva">tv a</w><w n="19">śa</w><w n="20" lemma="kye">kye </w></cl><cl><w n="21">ni</w><w n="22" lemma="rhaṃ">rhan</w><w n="23" lemma="tuṃ">tuṃ </w></cl><cl><w n="24">do</w><w n="25" lemma="ṣe">ṣe </w></cl><cl><w n="26">pra</w><w n="27">tyā</w><w n="28">ga</w><w n="29" lemma="te">te'</w><w n="30"/><w n="31" lemma="pi">pi </w></cl><cl><w n="32" lemma="vā">vā | </w></cl></text></TEI></teiCorpus>