<?xml version="1.0" encoding="UTF-8"?>
<teiCorpus xmlns="http://www.tei-c.org/ns/1.0" xml:lang="sa-Latn">
  <teiHeader>
<listWit>
<witness xml:id="A" source="06-ut-vulgate-1938-1-30.xml">
<abbr>A</abbr>
<expan>Printed edition: Ācārya 1938: Uttaratantra 1-30</expan>
</witness>
<witness xml:id="K" source="kl_699_uttaratantra-1-30.xml">
<abbr>K</abbr>
<expan>MSS Kathmandu KL 699: Uttaratantra</expan>
<listWit>
<witness xml:id="Kac" n="ac">
<abbr>Kac</abbr>
<expan>MSS Kathmandu KL 699: Uttaratantra [ante correctionem]</expan>
</witness>
<witness xml:id="Kpc" n="pc">
<abbr type="siglum">Kpc</abbr>
<expan>MSS Kathmandu KL 699: Uttaratantra [post correctionem]</expan>
</witness>
</listWit>
</witness>
<witness xml:id="H" source="nak_5-333_uttaratantra-1-30.xml">
<abbr>H</abbr>
<expan>MS Kathmandu NAK 5-333, Uttaratantra</expan>
<listWit>
<witness xml:id="Hac" n="ac">
<abbr>Hac</abbr>
<expan>MS Kathmandu NAK 5-333, Uttaratantra [ante correctionem]</expan>
</witness>
<witness xml:id="Hpc" n="pc">
<abbr type="siglum">Hpc</abbr>
<expan>MS Kathmandu NAK 5-333, Uttaratantra [post correctionem]</expan>
</witness>
</listWit>
</witness>
<witness xml:id="NE" source="provisional-edition_uttaratantra-1-30.xml">
<abbr>NE</abbr>
<expan>The Nepalese Version of the Suśrutasaṃhitā, uttaratantra 1-30, based on the
                    Nepalese MSS</expan>
</witness>
</listWit>
    <encodingDesc>
      <editorialDecl>
        <segmentation>
          <ab type="tokenization">aksara</ab>
          <ab type="blockid">SS.6.19.12cd</ab>
          <ab type="targetedition">NE</ab>
          <ab type="scoring">
            <ab type="match">1</ab>
            <ab type="mismatch">-1</ab>
            <ab type="gapopen">-2</ab>
            <ab type="gapextend">-0.25</ab>
            <ab type="recursive">true</ab>
            <ab type="realigndepth">20</ab>
            <ab type="distancefunction">ngrams</ab>
            
          </ab>
        </segmentation>
        <normalization method="markup">
<ab>ignore punctuation</ab>
<ab>candrabindu as anusvāra</ab>
<ab>geminated aspirated consonants</ab>
<ab>geminated m after h</ab>
<ab>geminated t</ab>
<ab>geminated consonants after r</ab>
<ab>final nasal variants</ab>
<ab>internal nasal variants</ab>
<ab>final anusvāra variants</ab>
<ab>visarga aḥ before voiced consonants</ab>
<ab>visarga aḥ before vowels</ab>
<ab>visarga aḥ before unvoiced consonants and space + anusvāra</ab>
<ab>visarga āḥ variants</ab>
<ab>other visarga variants</ab>
<ab>superfluous avagrahas</ab>
<ab>double avagrahas</ab>
<ab>avagrahas to short a</ab>
<ab>internal visarga variants</ab>
<ab>final au/āv</ab>
<ab>final su</ab>
<ab>final i</ab>
<ab>kcch/kś</ab>
<ab>cś/tś</ab>
<ab>cch/ch</ab>
<ab>final t + hi</ab>
<ab>final t + voiced syllable</ab>
<ab>final t + n/m</ab>
<ab>final t + c/j</ab>
<ab>i/y + vowel</ab>
<ab>bhd for bdh</ab>
<ab>remove spaces</ab>
        </normalization>
        <ab type="tagfilters">
<tag subtype="ignore">pc</tag>
<tag subtype="ignore">head</tag>
<tag subtype="ignore">label</tag>
<tag subtype="ignore">note</tag>
<tag subtype="ignore">num</tag>
<tag subtype="ignore">locus</tag>
<tag subtype="ignore">supplied</tag>
<tag subtype="ignore">surplus</tag>
        </ab>
      </editorialDecl>
    </encodingDesc>
    <xenoData>
      <stemma format="nexml" id="stemma0"><nex:nexml xmlns:nex="http://www.nexml.org/2009" version="0.9"><nex:otus id="otus1"><nex:otu id="otu0" label="A"/><nex:otu id="otu1" label="H"/><nex:otu id="otu2" label="K"/><nex:otu id="otu3" label="NE"/></nex:otus><nex:trees otus="otus1" id="trees1"><nex:tree id="guidetree" label="guidetree" xsi:type="nex:FloatTree" xmlns:xsi="http://www.w3.org/2001/XMLSchema-instance"><nex:node id="e511d964-da3c-4e47-b7b5-5b339298da33" root="true"/><nex:node id="9d75f3df-cf6c-448b-b994-971660f37a59"/><nex:node id="f4bd4322-bcd2-4415-9cfc-39ed056c5370" label="A" otu="otu2"/><nex:node id="d82fe816-9a80-4312-87aa-c68ebc4c4748" label="H" otu="otu3"/><nex:node id="615b0255-0c78-44dd-aa5a-b395690b1dcd"/><nex:node id="c0c93d25-fc12-4051-9e67-09d5cca767dd" label="K" otu="otu5"/><nex:node id="c566f955-766d-4d6f-9108-7def4ed89559" label="NE" otu="otu6"/><nex:edge source="e511d964-da3c-4e47-b7b5-5b339298da33" target="9d75f3df-cf6c-448b-b994-971660f37a59" id="edge0" length="0.2298926363306662"/><nex:edge source="e511d964-da3c-4e47-b7b5-5b339298da33" target="615b0255-0c78-44dd-aa5a-b395690b1dcd" id="edge1" length="0.2298926363306662"/><nex:edge source="9d75f3df-cf6c-448b-b994-971660f37a59" target="f4bd4322-bcd2-4415-9cfc-39ed056c5370" id="edge2" length="0.5278318442584433"/><nex:edge source="9d75f3df-cf6c-448b-b994-971660f37a59" target="d82fe816-9a80-4312-87aa-c68ebc4c4748" id="edge3" length="0.4335447928247429"/><nex:edge source="615b0255-0c78-44dd-aa5a-b395690b1dcd" target="c0c93d25-fc12-4051-9e67-09d5cca767dd" id="edge4" length="1.1102230246251565e-16"/><nex:edge source="615b0255-0c78-44dd-aa5a-b395690b1dcd" target="c566f955-766d-4d6f-9108-7def4ed89559" id="edge5" length="1.1102230246251565e-16"/></nex:tree></nex:trees></nex:nexml></stemma>
    </xenoData>
  </teiHeader>
<TEI n="A"><text><cl><w n="0" lemma="da"> da</w><w n="1" lemma="tvā">ttvā </w></cl><cl><w n="2">va</w><w n="3">cā</w><w n="4">ma</w><w n="5">śa</w><w n="6">na</w><w n="7">du</w><w n="8">gdha</w><w n="9">bhu</w><w n="10" lemma="je">je </w></cl><cl><w n="11">pra</w><w n="12">yo</w><w n="13">jya</w></cl><cl><w n="14">mū</w><w n="15" lemma="rdhvaṃ">rdhvaṃ </w></cl><cl><w n="16">ta</w><w n="17" lemma="taḥ">taḥ </w></cl><cl><w n="18">pha</w><w n="19">la</w><w n="20">yu</w><w n="21" lemma="taṃ">taṃ </w></cl><cl><w n="22">va</w><w n="23">ma</w><w n="24" lemma="naṃ">naṃ </w></cl><cl><w n="25">vi</w><w n="26">dhi</w><w n="27" lemma="jñaiḥ">jñaiḥ || </w></cl></text></TEI><TEI n="H"><text><cl><w n="0" lemma="da"> da</w><w n="1" lemma="tvā">tvā </w></cl><cl><w n="2">va</w><w n="3">cā</w><w n="4">ma</w><w n="5">da</w><w n="6">na</w><w n="7">du</w><w n="8">gdha</w><w n="9">bhu</w><w n="10" lemma="ji">ji </w></cl><cl><w n="11">pra</w><w n="12">yo</w><w n="13" lemma="jyaṃ">jyam </w></cl><cl><w n="14">ū</w><w n="15" lemma="rdhvaṃ">rddhvan </w></cl><cl><w n="16">ta</w><w n="17" lemma="taḥ">taḥ </w></cl><cl><w n="18">pha</w><w n="19">la</w><w n="20">yu</w><w n="21" lemma="taṃ">tam </w></cl><cl><w n="22">va</w><w n="23">ma</w><w n="24" lemma="naṃ">naṃ </w></cl><cl><w n="25">vi</w><w n="26">dhi</w><w n="27" lemma="jñaiḥ">jñaiḥ || </w></cl></text></TEI><TEI n="K"><text><cl><w n="0" lemma="da"> da</w><w n="1" lemma="tvā">tvā </w></cl><cl><w n="2">va</w><w n="3">cā</w><w n="4">ma</w><w n="5">da</w><w n="6">na</w><w n="7">du</w><w n="8">gdha</w><w n="9">bhu</w><w n="10" lemma="ji">ji </w></cl><cl><w n="11">pra</w><w n="12">yo</w><w n="13" lemma="jya">jya </w></cl><cl><w n="14">pū</w><w n="15" lemma="rvaṃ">rvan </w></cl><cl><w n="16">ta</w><w n="17" lemma="taḥ">taḥ </w></cl><cl><w n="18">pha</w><w n="19">la</w><w n="20">yu</w><w n="21" lemma="taṃ">taṃ </w></cl><cl><w n="22">va</w><w n="23">ma</w><w n="24" lemma="naṃ">naṃ </w></cl><cl><w n="25">vi</w><w n="26">dhi</w><w n="27" lemma="jñaiḥ">jñaiḥ | </w></cl></text></TEI><TEI n="NE"><text><cl><w n="0" lemma="da"> da</w><w n="1" lemma="tvā">tvā </w></cl><cl><w n="2">va</w><w n="3">cā</w><w n="4">ma</w><w n="5">da</w><w n="6">na</w><w n="7">du</w><w n="8">gdha</w><w n="9">bhu</w><w n="10" lemma="ji">ji </w></cl><cl><w n="11">pra</w><w n="12">yo</w><w n="13" lemma="jya">jya </w></cl><cl><w n="14">pū</w><w n="15" lemma="rvaṃ">rvan </w></cl><cl><w n="16">ta</w><w n="17" lemma="taḥ">taḥ </w></cl><cl><w n="18">pha</w><w n="19">la</w><w n="20">yu</w><w n="21" lemma="taṃ">taṃ </w></cl><cl><w n="22">va</w><w n="23">ma</w><w n="24" lemma="naṃ">naṃ </w></cl><cl><w n="25">vi</w><w n="26">dhi</w><w n="27" lemma="jñaiḥ">jñaiḥ | </w></cl></text></TEI></teiCorpus>