<?xml version="1.0" encoding="UTF-8"?>
<teiCorpus xmlns="http://www.tei-c.org/ns/1.0" xml:lang="sa-Latn">
  <teiHeader>
<listWit>
<witness xml:id="A" source="06-ut-vulgate-1938-1-30.xml">
<abbr>A</abbr>
<expan>Printed edition: Ācārya 1938: Uttaratantra 1-30</expan>
</witness>
<witness xml:id="K" source="kl_699_uttaratantra-1-30.xml">
<abbr>K</abbr>
<expan>MSS Kathmandu KL 699: Uttaratantra</expan>
<listWit>
<witness xml:id="Kac" n="ac">
<abbr>Kac</abbr>
<expan>MSS Kathmandu KL 699: Uttaratantra [ante correctionem]</expan>
</witness>
<witness xml:id="Kpc" n="pc">
<abbr type="siglum">Kpc</abbr>
<expan>MSS Kathmandu KL 699: Uttaratantra [post correctionem]</expan>
</witness>
</listWit>
</witness>
<witness xml:id="H" source="nak_5-333_uttaratantra-1-30.xml">
<abbr>H</abbr>
<expan>MS Kathmandu NAK 5-333, Uttaratantra</expan>
<listWit>
<witness xml:id="Hac" n="ac">
<abbr>Hac</abbr>
<expan>MS Kathmandu NAK 5-333, Uttaratantra [ante correctionem]</expan>
</witness>
<witness xml:id="Hpc" n="pc">
<abbr type="siglum">Hpc</abbr>
<expan>MS Kathmandu NAK 5-333, Uttaratantra [post correctionem]</expan>
</witness>
</listWit>
</witness>
<witness xml:id="NE" source="provisional-edition_uttaratantra-1-30.xml">
<abbr>NE</abbr>
<expan>The Nepalese Version of the Suśrutasaṃhitā, uttaratantra 1-30, based on the
                    Nepalese MSS</expan>
</witness>
</listWit>
    <encodingDesc>
      <editorialDecl>
        <segmentation>
          <ab type="tokenization">aksara</ab>
          <ab type="blockid">SS.6.18.82</ab>
          <ab type="targetedition">NE</ab>
          <ab type="scoring">
            <ab type="match">1</ab>
            <ab type="mismatch">-1</ab>
            <ab type="gapopen">-2</ab>
            <ab type="gapextend">-0.25</ab>
            <ab type="recursive">true</ab>
            <ab type="realigndepth">20</ab>
            <ab type="distancefunction">ngrams</ab>
            
          </ab>
        </segmentation>
        <normalization method="markup">
<ab>ignore punctuation</ab>
<ab>candrabindu as anusvāra</ab>
<ab>geminated aspirated consonants</ab>
<ab>geminated m after h</ab>
<ab>geminated t</ab>
<ab>geminated consonants after r</ab>
<ab>final nasal variants</ab>
<ab>internal nasal variants</ab>
<ab>final anusvāra variants</ab>
<ab>visarga aḥ before voiced consonants</ab>
<ab>visarga aḥ before vowels</ab>
<ab>visarga aḥ before unvoiced consonants and space + anusvāra</ab>
<ab>visarga āḥ variants</ab>
<ab>other visarga variants</ab>
<ab>superfluous avagrahas</ab>
<ab>double avagrahas</ab>
<ab>avagrahas to short a</ab>
<ab>internal visarga variants</ab>
<ab>final au/āv</ab>
<ab>final su</ab>
<ab>final i</ab>
<ab>kcch/kś</ab>
<ab>cś/tś</ab>
<ab>cch/ch</ab>
<ab>final t + hi</ab>
<ab>final t + voiced syllable</ab>
<ab>final t + n/m</ab>
<ab>final t + c/j</ab>
<ab>i/y + vowel</ab>
<ab>bhd for bdh</ab>
<ab>remove spaces</ab>
        </normalization>
        <ab type="tagfilters">
<tag subtype="ignore">pc</tag>
<tag subtype="ignore">head</tag>
<tag subtype="ignore">label</tag>
<tag subtype="ignore">note</tag>
<tag subtype="ignore">num</tag>
<tag subtype="ignore">locus</tag>
<tag subtype="ignore">supplied</tag>
<tag subtype="ignore">surplus</tag>
        </ab>
      </editorialDecl>
    </encodingDesc>
    <xenoData>
      <stemma format="nexml" id="stemma0"><nex:nexml xmlns:nex="http://www.nexml.org/2009" version="0.9"><nex:otus id="otus1"><nex:otu id="otu0" label="A"/><nex:otu id="otu1" label="H"/><nex:otu id="otu2" label="K"/><nex:otu id="otu3" label="NE"/></nex:otus><nex:trees otus="otus1" id="trees1"><nex:tree id="guidetree" label="guidetree" xsi:type="nex:FloatTree" xmlns:xsi="http://www.w3.org/2001/XMLSchema-instance"><nex:node id="7f238354-8158-4cee-a974-040092508ff0" root="true"/><nex:node id="182ad6b4-5efa-4762-ae75-421fa570c243"/><nex:node id="b38e4a98-38f3-4a97-8258-2e960bd9d952" label="A" otu="otu2"/><nex:node id="1d2fb927-862c-41db-b81c-10c2e1ceea0a" label="H" otu="otu3"/><nex:node id="8f4d933f-b824-4fe1-b9fd-75ea008d0e87"/><nex:node id="0239435f-dcdc-46ac-842f-842e79b04e7d" label="K" otu="otu5"/><nex:node id="1240b1e4-6c47-45a4-add9-e6046f7335ae" label="NE" otu="otu6"/><nex:edge source="7f238354-8158-4cee-a974-040092508ff0" target="182ad6b4-5efa-4762-ae75-421fa570c243" id="edge0" length="0.1851850182994756"/><nex:edge source="7f238354-8158-4cee-a974-040092508ff0" target="8f4d933f-b824-4fe1-b9fd-75ea008d0e87" id="edge1" length="0.1851850182994756"/><nex:edge source="182ad6b4-5efa-4762-ae75-421fa570c243" target="b38e4a98-38f3-4a97-8258-2e960bd9d952" id="edge2" length="0.6296299634010487"/><nex:edge source="182ad6b4-5efa-4762-ae75-421fa570c243" target="1d2fb927-862c-41db-b81c-10c2e1ceea0a" id="edge3" length="0.3703700365989513"/><nex:edge source="8f4d933f-b824-4fe1-b9fd-75ea008d0e87" target="0239435f-dcdc-46ac-842f-842e79b04e7d" id="edge4" length="1.1102230246251565e-16"/><nex:edge source="8f4d933f-b824-4fe1-b9fd-75ea008d0e87" target="1240b1e4-6c47-45a4-add9-e6046f7335ae" id="edge5" length="1.1102230246251565e-16"/></nex:tree></nex:trees></nex:nexml></stemma>
    </xenoData>
  </teiHeader>
<TEI n="A"><text><cl><w n="0" lemma="sne"> sne</w><w n="1">ha</w><w n="2" lemma="naṃ">naṃ </w></cl><cl><w n="3">ro</w><w n="4">pa</w><w n="5" lemma="ṇaṃ">ṇaṃ </w></cl><cl><w n="6">vā</w><w n="7" lemma="pi">pi </w></cl><cl><w n="8">hī</w><w n="9">na</w><w n="10">yu</w><w n="11">kta</w></cl><cl><w n="12">ma</w><w n="13">pā</w><w n="14">rtha</w><w n="15" lemma="kaṃ">kam | </w></cl><cl><w n="16">ka</w><w n="17">rta</w><w n="18" lemma="vyaṃ">vyaṃ </w><w n="19">mā</w><w n="20">tra</w><w n="21" lemma="yā">yā </w><w n="22">ta</w><w n="23">smā</w><w n="24"/><w n="25"/><w n="26"/><w n="27"/></cl><cl><w n="28"/><w n="29"/></cl><cl><w n="30" lemma="taṃ">d añ</w><w n="31">ja</w><w n="32" lemma="naṃ">naṃ </w></cl><cl><w n="33">si</w><w n="34" lemma="dhiṃ">ddhim </w></cl><cl><w n="35">i</w><w n="36">ccha</w><w n="37" lemma="tā">tā || </w></cl><cl><w n="38"/><w n="39"/></cl><cl><w n="40"/><w n="41"/><w n="42"/></cl><cl><w n="43"/><w n="44"/><w n="45"/></cl><cl><w n="46"/><w n="47"/><w n="48"/><w n="49"/><w n="50"/></cl><cl><w n="51"/><w n="52"/><w n="53"/></cl></text></TEI><TEI n="H"><text><cl><w n="0" lemma="sne"> sne</w><w n="1">ha</w><w n="2" lemma="naṃ">naṃ </w></cl><cl><w n="3">ro</w><w n="4">pa</w><w n="5" lemma="ṇaṃ">ṇam </w></cl><cl><w n="6">vā</w><w n="7" lemma="pi">pi , </w></cl><cl><w n="8">hī</w><w n="9">na</w><w n="10">yo</w><w n="11" lemma="ge">ge </w></cl><cl><w n="12" lemma="tva">tv a</w><w n="13">pā</w><w n="14">rtha</w><w n="15" lemma="kaṃ">kaṃ || </w></cl><cl><w n="16"/><w n="17"/><w n="18"/><w n="19"/><w n="20"/><w n="21"/><w n="22">ta</w><w n="23">smā</w><w n="24" lemma="tmā">t mā</w><w n="25">trā</w><w n="26">vi</w><w n="27" lemma="dā">dā </w></cl><cl><w n="28">kā</w><w n="29" lemma="ryaṃ">rya,m </w></cl><cl><w n="30" lemma="aṃ">añ</w><w n="31">ja</w><w n="32" lemma="naṃ">naṃ </w></cl><cl><w n="33">si</w><w n="34" lemma="dhiṃ">ddhim </w></cl><cl><w n="35">i</w><w n="36">ccha</w><w n="37" lemma="tā">tā ,| </w></cl><cl><w n="38">dhū</w><w n="39" lemma="mai">mai </w></cl><cl><w n="40">sa</w><w n="41">na</w><w n="42" lemma="syaiḥ">syair </w></cl><cl><w n="43">a</w><w n="44" lemma="tha">tha </w><w n="45" lemma="vā">vā , </w></cl><cl><w n="46">ja</w><w n="47">ye</w><w n="48" lemma="cchle">c chle</w><w n="49">ṣmā</w><w n="50" lemma="ṇaṃ">ṇam </w></cl><cl><w n="51">ī</w><w n="52">ri</w><w n="53" lemma="tāṃ">tāṃ || </w></cl></text></TEI><TEI n="K"><text><cl><w n="0" lemma="sne"> sne</w><w n="1">ha</w><w n="2" lemma="naṃ">naṃ </w></cl><cl><w n="3">ro</w><w n="4">pa</w><w n="5" lemma="ṇaṃ">ṇaṃ </w></cl><cl><w n="6">vā</w><w n="7" lemma="pi">pi </w></cl><cl><w n="8">hī</w><w n="9">na</w><w n="10">yo</w><w n="11" lemma="ge">ge </w></cl><cl><w n="12" lemma="tva">tv a</w><w n="13">pā</w><w n="14">rtha</w><w n="15" lemma="kaṃ">kaṃ | </w></cl><cl><w n="16"/><w n="17"/><w n="18"/><w n="19"/><w n="20"/><w n="21"/><w n="22">ta</w><w n="23">smā</w><w n="24" lemma="nmā">n mā</w><w n="25">trā</w><w n="26">vi</w><w n="27" lemma="dā">dā </w></cl><cl><w n="28">kā</w><w n="29" lemma="ryaṃ">ryam </w></cl><cl><w n="30" lemma="aṃ">añ</w><w n="31">ja</w><w n="32" lemma="naṃ">naṃ </w></cl><cl><w n="33">si</w><w n="34" lemma="dhiṃ">ddhim </w></cl><cl><w n="35">i</w><w n="36">ccha</w><w n="37" lemma="tā">tā | </w></cl><cl><w n="38">dhū</w><w n="39" lemma="maiḥ">maiḥ </w></cl><cl><w n="40">sa</w><w n="41">na</w><w n="42" lemma="syaiḥ">syair </w></cl><cl><w n="43">a</w><w n="44" lemma="tha">tha </w><w n="45" lemma="vā">vā </w></cl><cl><w n="46">ja</w><w n="47">ye</w><w n="48" lemma="cchle">c chle</w><w n="49">ṣmā</w><w n="50" lemma="ṇaṃ">ṇam </w></cl><cl><w n="51">ī</w><w n="52">ri</w><w n="53" lemma="taṃ">taṃ | </w></cl></text></TEI><TEI n="NE"><text><cl><w n="0" lemma="sne"> sne</w><w n="1">ha</w><w n="2" lemma="naṃ">naṃ </w></cl><cl><w n="3">ro</w><w n="4">pa</w><w n="5" lemma="ṇaṃ">ṇaṃ </w></cl><cl><w n="6">vā</w><w n="7" lemma="pi">pi </w></cl><cl><w n="8">hī</w><w n="9">na</w><w n="10">yo</w><w n="11" lemma="ge">ge </w></cl><cl><w n="12" lemma="tva">tv a</w><w n="13">pā</w><w n="14">rtha</w><w n="15" lemma="kaṃ">kaṃ | </w></cl><cl><w n="16"/><w n="17"/><w n="18"/><w n="19"/><w n="20"/><w n="21"/><w n="22">ta</w><w n="23">smā</w><w n="24" lemma="nmā">n mā</w><w n="25">trā</w><w n="26">vi</w><w n="27" lemma="dā">dā </w></cl><cl><w n="28">kā</w><w n="29" lemma="ryaṃ">ryam </w></cl><cl><w n="30" lemma="aṃ">añ</w><w n="31">ja</w><w n="32" lemma="naṃ">naṃ </w></cl><cl><w n="33">si</w><w n="34" lemma="dhiṃ">ddhim </w></cl><cl><w n="35">i</w><w n="36">ccha</w><w n="37" lemma="tā">tā | </w></cl><cl><w n="38">dhū</w><w n="39" lemma="maiḥ">maiḥ </w></cl><cl><w n="40">sa</w><w n="41">na</w><w n="42" lemma="syaiḥ">syair </w></cl><cl><w n="43">a</w><w n="44" lemma="tha">tha </w><w n="45" lemma="vā">vā </w></cl><cl><w n="46">ja</w><w n="47">ye</w><w n="48" lemma="cchle">c chle</w><w n="49">ṣmā</w><w n="50" lemma="ṇaṃ">ṇam </w></cl><cl><w n="51">ī</w><w n="52">ri</w><w n="53" lemma="taṃ">taṃ | </w></cl></text></TEI></teiCorpus>