<?xml version="1.0" encoding="UTF-8"?>
<teiCorpus xmlns="http://www.tei-c.org/ns/1.0" xml:lang="sa-Latn">
  <teiHeader>
<listWit>
<witness xml:id="A" source="06-ut-vulgate-1938-1-30.xml">
<abbr>A</abbr>
<expan>Printed edition: Ācārya 1938: Uttaratantra 1-30</expan>
</witness>
<witness xml:id="K" source="kl_699_uttaratantra-1-30.xml">
<abbr>K</abbr>
<expan>MSS Kathmandu KL 699: Uttaratantra</expan>
<listWit>
<witness xml:id="Kac" n="ac">
<abbr>Kac</abbr>
<expan>MSS Kathmandu KL 699: Uttaratantra [ante correctionem]</expan>
</witness>
<witness xml:id="Kpc" n="pc">
<abbr type="siglum">Kpc</abbr>
<expan>MSS Kathmandu KL 699: Uttaratantra [post correctionem]</expan>
</witness>
</listWit>
</witness>
<witness xml:id="H" source="nak_5-333_uttaratantra-1-30.xml">
<abbr>H</abbr>
<expan>MS Kathmandu NAK 5-333, Uttaratantra</expan>
<listWit>
<witness xml:id="Hac" n="ac">
<abbr>Hac</abbr>
<expan>MS Kathmandu NAK 5-333, Uttaratantra [ante correctionem]</expan>
</witness>
<witness xml:id="Hpc" n="pc">
<abbr type="siglum">Hpc</abbr>
<expan>MS Kathmandu NAK 5-333, Uttaratantra [post correctionem]</expan>
</witness>
</listWit>
</witness>
<witness xml:id="NE" source="provisional-edition_uttaratantra-1-30.xml">
<abbr>NE</abbr>
<expan>The Nepalese Version of the Suśrutasaṃhitā, uttaratantra 1-30, based on the
                    Nepalese MSS</expan>
</witness>
</listWit>
    <encodingDesc>
      <editorialDecl>
        <segmentation>
          <ab type="tokenization">aksara</ab>
          <ab type="blockid">SS.6.19.13cd</ab>
          <ab type="targetedition">NE</ab>
          <ab type="scoring">
            <ab type="match">1</ab>
            <ab type="mismatch">-1</ab>
            <ab type="gapopen">-2</ab>
            <ab type="gapextend">-0.25</ab>
            <ab type="recursive">true</ab>
            <ab type="realigndepth">20</ab>
            <ab type="distancefunction">ngrams</ab>
            
          </ab>
        </segmentation>
        <normalization method="markup">
<ab>ignore punctuation</ab>
<ab>candrabindu as anusvāra</ab>
<ab>geminated aspirated consonants</ab>
<ab>geminated m after h</ab>
<ab>geminated t</ab>
<ab>geminated consonants after r</ab>
<ab>final nasal variants</ab>
<ab>internal nasal variants</ab>
<ab>final anusvāra variants</ab>
<ab>visarga aḥ before voiced consonants</ab>
<ab>visarga aḥ before vowels</ab>
<ab>visarga aḥ before unvoiced consonants and space + anusvāra</ab>
<ab>visarga āḥ variants</ab>
<ab>other visarga variants</ab>
<ab>superfluous avagrahas</ab>
<ab>double avagrahas</ab>
<ab>avagrahas to short a</ab>
<ab>internal visarga variants</ab>
<ab>final au/āv</ab>
<ab>final su</ab>
<ab>final i</ab>
<ab>kcch/kś</ab>
<ab>cś/tś</ab>
<ab>cch/ch</ab>
<ab>final t + hi</ab>
<ab>final t + voiced syllable</ab>
<ab>final t + n/m</ab>
<ab>final t + c/j</ab>
<ab>i/y + vowel</ab>
<ab>bhd for bdh</ab>
<ab>remove spaces</ab>
        </normalization>
        <ab type="tagfilters">
<tag subtype="ignore">pc</tag>
<tag subtype="ignore">head</tag>
<tag subtype="ignore">label</tag>
<tag subtype="ignore">note</tag>
<tag subtype="ignore">num</tag>
<tag subtype="ignore">locus</tag>
<tag subtype="ignore">supplied</tag>
<tag subtype="ignore">surplus</tag>
        </ab>
      </editorialDecl>
    </encodingDesc>
    <xenoData>
      <stemma format="nexml" id="stemma0"><nex:nexml xmlns:nex="http://www.nexml.org/2009" version="0.9"><nex:otus id="otus1"><nex:otu id="otu0" label="A"/><nex:otu id="otu1" label="H"/><nex:otu id="otu2" label="K"/><nex:otu id="otu3" label="NE"/></nex:otus><nex:trees otus="otus1" id="trees1"><nex:tree id="guidetree" label="guidetree" xsi:type="nex:FloatTree" xmlns:xsi="http://www.w3.org/2001/XMLSchema-instance"><nex:node id="7fe21138-a2ad-4799-8206-f9278ba34b54" root="true"/><nex:node id="6b32bd20-0318-4f8e-b738-033e33d7f623"/><nex:node id="7f1ea3d9-a1fa-4368-860f-b40035364ba8" label="A" otu="otu2"/><nex:node id="4ef285af-8ab2-4495-858f-009d7c61ed02" label="H" otu="otu3"/><nex:node id="5b0b05b4-2659-4bd2-9754-8171609a8674"/><nex:node id="ab224ffc-dcf0-4e1e-9681-bcadfe2c5fee" label="K" otu="otu5"/><nex:node id="3f5f5eb7-9bec-4175-b54b-0ef251ac4a9a" label="NE" otu="otu6"/><nex:edge source="7fe21138-a2ad-4799-8206-f9278ba34b54" target="6b32bd20-0318-4f8e-b738-033e33d7f623" id="edge0" length="0.1673086076006543"/><nex:edge source="7fe21138-a2ad-4799-8206-f9278ba34b54" target="5b0b05b4-2659-4bd2-9754-8171609a8674" id="edge1" length="0.1673086076006543"/><nex:edge source="6b32bd20-0318-4f8e-b738-033e33d7f623" target="7f1ea3d9-a1fa-4368-860f-b40035364ba8" id="edge2" length="0.6491661882399515"/><nex:edge source="6b32bd20-0318-4f8e-b738-033e33d7f623" target="4ef285af-8ab2-4495-858f-009d7c61ed02" id="edge3" length="0.35083381176004846"/><nex:edge source="5b0b05b4-2659-4bd2-9754-8171609a8674" target="ab224ffc-dcf0-4e1e-9681-bcadfe2c5fee" id="edge4" length="1.1102230246251565e-16"/><nex:edge source="5b0b05b4-2659-4bd2-9754-8171609a8674" target="3f5f5eb7-9bec-4175-b54b-0ef251ac4a9a" id="edge5" length="1.1102230246251565e-16"/></nex:tree></nex:trees></nex:nexml></stemma>
    </xenoData>
  </teiHeader>
<TEI n="A"><text><cl><w n="0" lemma="ā"> ā</w><w n="1">ścyo</w><w n="2">ta</w><w n="3" lemma="ne">ne </w><w n="4"/><w n="5" lemma="ca">ca </w></cl><cl><w n="6">hi</w><w n="7">ta</w></cl><w n="8">ma</w><cl><w n="9" lemma="tra">tra </w><w n="10">ghṛ</w><w n="11" lemma="taṃ">taṃ </w></cl><cl><w n="12">gu</w><w n="13">ḍū</w><w n="14">cī</w></cl><cl><w n="15">si</w><w n="16" lemma="dhaṃ">ddhaṃ </w></cl><cl><w n="17">ta</w><w n="18">thā</w><w n="19">hu</w></cl><cl><w n="20">ra</w><w n="21" lemma="pi">pi </w><w n="22" lemma="ca">ca </w></cl><cl><w n="23">tri</w><w n="24">pha</w><w n="25">lā</w><w n="26">vi</w><w n="27">pa</w><w n="28" lemma="kvaṃ">kvam || </w></cl></text></TEI><TEI n="H"><text><cl><w n="0" lemma="ā"> ā</w><w n="1">ścyo</w><w n="2">ta</w><w n="3" lemma="ne">ne </w><w n="4" lemma="pi">pi </w><w n="5" lemma="ca">ca </w></cl><cl><w n="6">ghṛ</w><w n="7" lemma="taṃ">taṃ </w></cl><w n="8" lemma="hi">hy </w><cl><w n="9">a</w><w n="10">mṛ</w><w n="11" lemma="taṃ">taṃ </w></cl><cl><w n="12">vi</w><w n="13">pa</w><w n="14" lemma="kvaṃ">kvam </w></cl><cl><w n="15">i</w><w n="16" lemma="ṣṭaṃ">ṣṭan </w></cl><cl><w n="17">ta</w><w n="18">thā</w><w n="19" lemma="huḥ">hur </w></cl><cl><w n="20">a</w><w n="21" lemma="pi">pi </w><w n="22" lemma="vā">vā </w></cl><cl><w n="23">tṛ</w><w n="24">pha</w><w n="25">lā</w><w n="26">kṛ</w><w n="27" lemma="taṃ">tañ </w><w n="28" lemma="ca">ca || </w></cl></text></TEI><TEI n="K"><text><cl><w n="0" lemma="ā"> ā</w><w n="1">ścyo</w><w n="2">ta</w><w n="3" lemma="ne">ne </w><w n="4" lemma="pi">pi </w><w n="5" lemma="ca">ca </w></cl><cl><w n="6">ghṛ</w><w n="7" lemma="taṃ">taṃ </w></cl><w n="8" lemma="hi">hy </w><cl><w n="9">a</w><w n="10">mṛ</w><w n="11" lemma="taṃ">taṃ </w></cl><cl><w n="12">vi</w><w n="13">pa</w><w n="14" lemma="kvaṃ">kvam </w></cl><cl><w n="15">i</w><w n="16" lemma="ṣṭaṃ">ṣṭaṃ </w></cl><cl><w n="17">ta</w><w n="18">thā</w><w n="19" lemma="huḥ">hur </w></cl><cl><w n="20">a</w><w n="21" lemma="pi">pi </w><w n="22" lemma="vā">vā </w></cl><cl><w n="23">tri</w><w n="24">pha</w><w n="25">lā</w><w n="26">vi</w><w n="27">pa</w><w n="28" lemma="kvaṃ">kvaṃ | </w></cl></text></TEI><TEI n="NE"><text><cl><w n="0" lemma="ā"> ā</w><w n="1">ścyo</w><w n="2">ta</w><w n="3" lemma="ne">ne </w><w n="4" lemma="pi">pi </w><w n="5" lemma="ca">ca </w></cl><cl><w n="6">ghṛ</w><w n="7" lemma="taṃ">taṃ </w></cl><w n="8" lemma="hi">hy </w><cl><w n="9">a</w><w n="10">mṛ</w><w n="11" lemma="taṃ">taṃ </w></cl><cl><w n="12">vi</w><w n="13">pa</w><w n="14" lemma="kvaṃ">kvam </w></cl><cl><w n="15">i</w><w n="16" lemma="ṣṭaṃ">ṣṭaṃ </w></cl><cl><w n="17">ta</w><w n="18">thā</w><w n="19" lemma="huḥ">hur </w></cl><cl><w n="20">a</w><w n="21" lemma="pi">pi </w><w n="22" lemma="vā">vā </w></cl><cl><w n="23">tri</w><w n="24">pha</w><w n="25">lā</w><w n="26">vi</w><w n="27">pa</w><w n="28" lemma="kvaṃ">kvaṃ | </w></cl></text></TEI></teiCorpus>