<?xml version="1.0" encoding="UTF-8"?>
<teiCorpus xmlns="http://www.tei-c.org/ns/1.0" xml:lang="sa-Latn">
  <teiHeader>
<listWit>
<witness xml:id="A" source="06-ut-vulgate-1938-1-30.xml">
<abbr>A</abbr>
<expan>Printed edition: Ācārya 1938: Uttaratantra 1-30</expan>
</witness>
<witness xml:id="K" source="kl_699_uttaratantra-1-30.xml">
<abbr>K</abbr>
<expan>MSS Kathmandu KL 699: Uttaratantra</expan>
<listWit>
<witness xml:id="Kac" n="ac">
<abbr>Kac</abbr>
<expan>MSS Kathmandu KL 699: Uttaratantra [ante correctionem]</expan>
</witness>
<witness xml:id="Kpc" n="pc">
<abbr type="siglum">Kpc</abbr>
<expan>MSS Kathmandu KL 699: Uttaratantra [post correctionem]</expan>
</witness>
</listWit>
</witness>
<witness xml:id="H" source="nak_5-333_uttaratantra-1-30.xml">
<abbr>H</abbr>
<expan>MS Kathmandu NAK 5-333, Uttaratantra</expan>
<listWit>
<witness xml:id="Hac" n="ac">
<abbr>Hac</abbr>
<expan>MS Kathmandu NAK 5-333, Uttaratantra [ante correctionem]</expan>
</witness>
<witness xml:id="Hpc" n="pc">
<abbr type="siglum">Hpc</abbr>
<expan>MS Kathmandu NAK 5-333, Uttaratantra [post correctionem]</expan>
</witness>
</listWit>
</witness>
<witness xml:id="NE" source="provisional-edition_uttaratantra-1-30.xml">
<abbr>NE</abbr>
<expan>The Nepalese Version of the Suśrutasaṃhitā, uttaratantra 1-30, based on the
                    Nepalese MSS</expan>
</witness>
</listWit>
    <encodingDesc>
      <editorialDecl>
        <segmentation>
          <ab type="tokenization">aksara</ab>
          <ab type="blockid">SS.6.17.27</ab>
          <ab type="targetedition">NE</ab>
          <ab type="scoring">
            <ab type="match">1</ab>
            <ab type="mismatch">-1</ab>
            <ab type="gapopen">-2</ab>
            <ab type="gapextend">-0.25</ab>
            <ab type="recursive">true</ab>
            <ab type="realigndepth">20</ab>
            <ab type="distancefunction">ngrams</ab>
            
          </ab>
        </segmentation>
        <normalization method="markup">
<ab>ignore punctuation</ab>
<ab>candrabindu as anusvāra</ab>
<ab>geminated aspirated consonants</ab>
<ab>geminated m after h</ab>
<ab>geminated t</ab>
<ab>geminated consonants after r</ab>
<ab>final nasal variants</ab>
<ab>internal nasal variants</ab>
<ab>final anusvāra variants</ab>
<ab>visarga aḥ before voiced consonants</ab>
<ab>visarga aḥ before vowels</ab>
<ab>visarga aḥ before unvoiced consonants and space + anusvāra</ab>
<ab>visarga āḥ variants</ab>
<ab>other visarga variants</ab>
<ab>superfluous avagrahas</ab>
<ab>double avagrahas</ab>
<ab>avagrahas to short a</ab>
<ab>internal visarga variants</ab>
<ab>final au/āv</ab>
<ab>final su</ab>
<ab>final i</ab>
<ab>kcch/kś</ab>
<ab>cś/tś</ab>
<ab>cch/ch</ab>
<ab>final t + hi</ab>
<ab>final t + voiced syllable</ab>
<ab>final t + n/m</ab>
<ab>final t + c/j</ab>
<ab>i/y + vowel</ab>
<ab>bhd for bdh</ab>
<ab>remove spaces</ab>
        </normalization>
        <ab type="tagfilters">
<tag subtype="ignore">pc</tag>
<tag subtype="ignore">head</tag>
<tag subtype="ignore">label</tag>
<tag subtype="ignore">note</tag>
<tag subtype="ignore">num</tag>
<tag subtype="ignore">locus</tag>
<tag subtype="ignore">supplied</tag>
<tag subtype="ignore">surplus</tag>
        </ab>
      </editorialDecl>
    </encodingDesc>
    <xenoData>
      <stemma format="nexml" id="stemma0"><nex:nexml xmlns:nex="http://www.nexml.org/2009" version="0.9"><nex:otus id="otus1"><nex:otu id="otu0" label="A"/><nex:otu id="otu1" label="H"/><nex:otu id="otu2" label="K"/><nex:otu id="otu3" label="NE"/></nex:otus><nex:trees otus="otus1" id="trees1"><nex:tree id="guidetree" label="guidetree" xsi:type="nex:FloatTree" xmlns:xsi="http://www.w3.org/2001/XMLSchema-instance"><nex:node id="19d7fc58-d50c-41dc-ac6d-b521a71ba1de" root="true"/><nex:node id="0b9d5e37-20f7-43cf-afb0-516bed4073dd"/><nex:node id="fe66f21c-de5f-43c6-b752-3f296be83e55" label="A" otu="otu2"/><nex:node id="0c57aa22-f362-4218-becd-fe168c46494e" label="H" otu="otu3"/><nex:node id="7e6d4883-37b6-4e8e-990a-14d9e7d4b9be"/><nex:node id="187197db-552b-425c-861b-d199a1a16d56" label="K" otu="otu5"/><nex:node id="506a6adf-96b7-4141-a5d5-ffa4b8410303" label="NE" otu="otu6"/><nex:edge source="19d7fc58-d50c-41dc-ac6d-b521a71ba1de" target="0b9d5e37-20f7-43cf-afb0-516bed4073dd" id="edge0" length="0.016402916091542263"/><nex:edge source="19d7fc58-d50c-41dc-ac6d-b521a71ba1de" target="7e6d4883-37b6-4e8e-990a-14d9e7d4b9be" id="edge1" length="0.016402916091542263"/><nex:edge source="0b9d5e37-20f7-43cf-afb0-516bed4073dd" target="fe66f21c-de5f-43c6-b752-3f296be83e55" id="edge2" length="0.47407337941684524"/><nex:edge source="0b9d5e37-20f7-43cf-afb0-516bed4073dd" target="0c57aa22-f362-4218-becd-fe168c46494e" id="edge3" length="0.4783705716046822"/><nex:edge source="7e6d4883-37b6-4e8e-990a-14d9e7d4b9be" target="187197db-552b-425c-861b-d199a1a16d56" id="edge4" length="0.4629829784112851"/><nex:edge source="7e6d4883-37b6-4e8e-990a-14d9e7d4b9be" target="506a6adf-96b7-4141-a5d5-ffa4b8410303" id="edge5" length="0.4069631718585085"/></nex:tree></nex:trees></nex:nexml></stemma>
    </xenoData>
  </teiHeader>
<TEI n="A"><text><cl><w n="0" lemma="na"> na</w><w n="1">dī</w><w n="2">ja</w><w n="3" lemma="śiṃ">śim</w><w n="4">bī</w><w n="5">tri</w><w n="6">ka</w><w n="7">ṭū</w><w n="8" lemma="ni">ny </w></cl><cl><w n="9">a</w><w n="10" lemma="thāṃ">thāñ</w><w n="11">ja</w><w n="12" lemma="naṃ">naṃ </w></cl><cl><w n="13">ma</w><w n="14">naḥ</w><w n="15">śi</w><w n="16" lemma="lā">lā </w><w n="17" lemma="dve">dve </w></cl><cl><w n="18" lemma="ca">ca </w><w n="19">ni</w><w n="20" lemma="śe">śe </w></cl><cl><w n="21">ya</w><w n="22" lemma="śa">(śa)</w><w n="23">kṛ</w><w n="24">dga</w><w n="25" lemma="vāṃ">vām | </w></cl><cl><w n="26">sa</w><w n="27" lemma="caṃ">can</w><w n="28">da</w><w n="29">ne</w><w n="30" lemma="yaṃ">yaṃ </w></cl><cl><w n="31">gu</w><w n="32">ṭi</w><w n="33">kā</w><w n="34">tha</w><w n="35" lemma="vāṃ">vāñ</w><w n="36">ja</w><w n="37" lemma="naṃ">naṃ </w></cl><cl><w n="38">pra</w><w n="39">śa</w><w n="40">sya</w><w n="41" lemma="te">te </w><w n="42" lemma="vai">vai </w></cl><cl><w n="43">di</w><w n="44">va</w><w n="45">se</w><w n="46" lemma="ṣu">ṣv </w></cl><cl><w n="47">a</w><w n="48">pa</w><w n="49">śya</w><w n="50" lemma="tāṃ">tām || </w></cl></text></TEI><TEI n="H"><text><cl><w n="0" lemma="na"> na</w><w n="1">dī</w><w n="2">ja</w><w n="3">śa</w><w n="4">kha</w><w n="5">tri</w><w n="6">ka</w><w n="7" lemma="ṭuṃ">ṭuṃ </w><w n="8"/></cl><cl><w n="9">ta</w><w n="10" lemma="thāṃ">thāñ</w><w n="11">ja</w><w n="12" lemma="naṃ">naṃ </w></cl><cl><w n="13">ma</w><w n="14">naḥ</w><w n="15">śi</w><w n="16" lemma="lā">lā </w><w n="17" lemma="dve">dve </w></cl><cl><w n="18">ra</w><w n="19">ja</w><w n="20" lemma="ne">ne </w></cl><cl><w n="21">sa</w><w n="22" lemma="maṃ">mañ</w><w n="23">ja</w><w n="24">ya</w><w n="25"/></cl><cl><w n="26" lemma="tsa">t | sa</w><w n="27" lemma="caṃ">can</w><w n="28">da</w><w n="29">ne</w><w n="30" lemma="yaṃ">yaṃ </w></cl><cl><w n="31">gu</w><w n="32">ṭi</w><w n="33">kā</w><w n="34">tha</w><w n="35" lemma="vāṃ">vāñ</w><w n="36">ja</w><w n="37" lemma="ne">ne </w></cl><cl><w n="38">pra</w><w n="39">śa</w><w n="40">sya</w><w n="41" lemma="te">te </w><w n="42" lemma="vai">vai </w></cl><cl><w n="43">di</w><w n="44">va</w><w n="45">se</w><w n="46"/></cl><cl><w n="47">ṣva</w><w n="48">pa</w><w n="49">śya</w><w n="50" lemma="tāṃ">tāṃ ||</w></cl></text></TEI><TEI n="K"><text><cl><w n="0">na</w><w n="1">dī</w><w n="2">ja</w><w n="3">sāṃ</w><w n="4">kha</w><w n="5">tri</w><w n="6">ka</w><w n="7" lemma="ṭūṃ">ṭūn </w><w n="8"/></cl><cl><w n="9">ta</w><w n="10" lemma="thāṃ">thāñ</w><w n="11">ja</w><w n="12" lemma="naṃ">naṃ </w></cl><cl><w n="13">ma</w><w n="14">naḥ</w><w n="15">śi</w><w n="16" lemma="lā">lā </w><w n="17" lemma="dve">dve </w></cl><cl><w n="18">ra</w><w n="19">ja</w><w n="20" lemma="ne">ne </w></cl><cl><w n="21">ca</w><w n="22">ya</w><w n="23"/><w n="24">dra</w><w n="25" lemma="saḥ">saḥ | </w></cl><cl><w n="26">sa</w><w n="27" lemma="caṃ">can</w><w n="28">da</w><w n="29">ne</w><w n="30" lemma="yaṃ">yaṃ </w></cl><cl><w n="31">gu</w><w n="32">ḍi</w><w n="33">kā</w><w n="34">tha</w><w n="35" lemma="vāṃ">vāñ</w><w n="36">ja</w><w n="37" lemma="ne">ne </w></cl><cl><w n="38">pra</w><w n="39">sa</w><w n="40">sya</w><w n="41" lemma="te">te </w><w n="42" lemma="vai">vai </w></cl><cl><w n="43">di</w><w n="44">va</w><w n="45">se</w><w n="46" lemma="ṣu">ṣv </w></cl><cl><w n="47">a</w><w n="48">pa</w><w n="49">sya</w><w n="50" lemma="tāṃ">tāṃ ||</w></cl></text></TEI><TEI n="NE"><text><cl><w n="0" lemma="na"> na</w><w n="1">dī</w><w n="2">ja</w><w n="3">śa</w><w n="4">ṅkha</w><w n="5">tri</w><w n="6">ka</w><w n="7">ṭū</w><w n="8" lemma="ni">ny </w></cl><cl><w n="9">a</w><w n="10" lemma="thāṃ">thāñ</w><w n="11">ja</w><w n="12" lemma="naṃ">naṃ </w></cl><cl><w n="13">ma</w><w n="14">naḥ</w><w n="15">śi</w><w n="16" lemma="lā">lā </w><w n="17" lemma="dve">dve </w></cl><cl><w n="18">ra</w><w n="19">ja</w><w n="20" lemma="ne">ne </w></cl><cl><w n="21">ya</w><w n="22"/><w n="23">kṛ</w><w n="24">dra</w><w n="25" lemma="saḥ">saḥ | </w></cl><cl><w n="26">sa</w><w n="27" lemma="caṃ">can</w><w n="28">da</w><w n="29">ne</w><w n="30" lemma="yaṃ">yaṃ </w></cl><cl><w n="31">gu</w><w n="32">ḍi</w><w n="33">kā</w><w n="34">tha</w><w n="35" lemma="vāṃ">vāñ</w><w n="36">ja</w><w n="37" lemma="ne">ne </w></cl><cl><w n="38">pra</w><w n="39">śa</w><w n="40">sya</w><w n="41" lemma="te">te </w><w n="42" lemma="vai">vai </w></cl><cl><w n="43">di</w><w n="44">va</w><w n="45">se</w><w n="46" lemma="ṣu">ṣv </w></cl><cl><w n="47">a</w><w n="48">pa</w><w n="49">śya</w><w n="50" lemma="tāṃ">tāṃ ||</w></cl></text></TEI></teiCorpus>