<?xml version="1.0" encoding="UTF-8"?>
<teiCorpus xmlns="http://www.tei-c.org/ns/1.0" xml:lang="sa-Latn">
  <teiHeader>
<listWit>
<witness xml:id="A" source="06-ut-vulgate-1938-1-30.xml">
<abbr>A</abbr>
<expan>Printed edition: Ācārya 1938: Uttaratantra 1-30</expan>
</witness>
<witness xml:id="K" source="kl_699_uttaratantra-1-30.xml">
<abbr>K</abbr>
<expan>MSS Kathmandu KL 699: Uttaratantra</expan>
<listWit>
<witness xml:id="Kac" n="ac">
<abbr>Kac</abbr>
<expan>MSS Kathmandu KL 699: Uttaratantra [ante correctionem]</expan>
</witness>
<witness xml:id="Kpc" n="pc">
<abbr type="siglum">Kpc</abbr>
<expan>MSS Kathmandu KL 699: Uttaratantra [post correctionem]</expan>
</witness>
</listWit>
</witness>
<witness xml:id="H" source="nak_5-333_uttaratantra-1-30.xml">
<abbr>H</abbr>
<expan>MS Kathmandu NAK 5-333, Uttaratantra</expan>
<listWit>
<witness xml:id="Hac" n="ac">
<abbr>Hac</abbr>
<expan>MS Kathmandu NAK 5-333, Uttaratantra [ante correctionem]</expan>
</witness>
<witness xml:id="Hpc" n="pc">
<abbr type="siglum">Hpc</abbr>
<expan>MS Kathmandu NAK 5-333, Uttaratantra [post correctionem]</expan>
</witness>
</listWit>
</witness>
<witness xml:id="NE" source="provisional-edition_uttaratantra-1-30.xml">
<abbr>NE</abbr>
<expan>The Nepalese Version of the Suśrutasaṃhitā, uttaratantra 1-30, based on the
                    Nepalese MSS</expan>
</witness>
</listWit>
    <encodingDesc>
      <editorialDecl>
        <segmentation>
          <ab type="tokenization">aksara</ab>
          <ab type="blockid">SS.6.19.15cd</ab>
          <ab type="targetedition">NE</ab>
          <ab type="scoring">
            <ab type="match">1</ab>
            <ab type="mismatch">-1</ab>
            <ab type="gapopen">-2</ab>
            <ab type="gapextend">-0.25</ab>
            <ab type="recursive">true</ab>
            <ab type="realigndepth">20</ab>
            <ab type="distancefunction">ngrams</ab>
            
          </ab>
        </segmentation>
        <normalization method="markup">
<ab>ignore punctuation</ab>
<ab>candrabindu as anusvāra</ab>
<ab>geminated aspirated consonants</ab>
<ab>geminated m after h</ab>
<ab>geminated t</ab>
<ab>geminated consonants after r</ab>
<ab>final nasal variants</ab>
<ab>internal nasal variants</ab>
<ab>final anusvāra variants</ab>
<ab>visarga aḥ before voiced consonants</ab>
<ab>visarga aḥ before vowels</ab>
<ab>visarga aḥ before unvoiced consonants and space + anusvāra</ab>
<ab>visarga āḥ variants</ab>
<ab>other visarga variants</ab>
<ab>superfluous avagrahas</ab>
<ab>double avagrahas</ab>
<ab>avagrahas to short a</ab>
<ab>internal visarga variants</ab>
<ab>final au/āv</ab>
<ab>final su</ab>
<ab>final i</ab>
<ab>kcch/kś</ab>
<ab>cś/tś</ab>
<ab>cch/ch</ab>
<ab>final t + hi</ab>
<ab>final t + voiced syllable</ab>
<ab>final t + n/m</ab>
<ab>final t + c/j</ab>
<ab>i/y + vowel</ab>
<ab>bhd for bdh</ab>
<ab>remove spaces</ab>
        </normalization>
        <ab type="tagfilters">
<tag subtype="ignore">pc</tag>
<tag subtype="ignore">head</tag>
<tag subtype="ignore">label</tag>
<tag subtype="ignore">note</tag>
<tag subtype="ignore">num</tag>
<tag subtype="ignore">locus</tag>
<tag subtype="ignore">supplied</tag>
<tag subtype="ignore">surplus</tag>
        </ab>
      </editorialDecl>
    </encodingDesc>
    <xenoData>
      <stemma format="nexml" id="stemma0"><nex:nexml xmlns:nex="http://www.nexml.org/2009" version="0.9"><nex:otus id="otus1"><nex:otu id="otu0" label="H"/><nex:otu id="otu1" label="A"/><nex:otu id="otu2" label="K"/><nex:otu id="otu3" label="NE"/></nex:otus><nex:trees otus="otus1" id="trees1"><nex:tree id="guidetree" label="guidetree" xsi:type="nex:FloatTree" xmlns:xsi="http://www.w3.org/2001/XMLSchema-instance"><nex:node id="67d23a66-acbe-40cb-80a7-8049ecaba287" root="true"/><nex:node id="b7ded0d9-2121-43bd-a0ce-a2f14ee381b5"/><nex:node id="cc791d19-0f18-4ecc-b4aa-2d3bf8368006" label="H" otu="otu2"/><nex:node id="4b029eb2-901d-4d81-bc45-3f12b91637f7" label="A" otu="otu3"/><nex:node id="0d2d27b5-d32b-4350-b6bf-caec3c2cddb3"/><nex:node id="7342243b-7937-4e0b-b438-f2e94e9529a4" label="K" otu="otu5"/><nex:node id="63602397-de59-43a2-98c0-c77ba45db296" label="NE" otu="otu6"/><nex:edge source="67d23a66-acbe-40cb-80a7-8049ecaba287" target="b7ded0d9-2121-43bd-a0ce-a2f14ee381b5" id="edge0" length="0.23823919094382495"/><nex:edge source="67d23a66-acbe-40cb-80a7-8049ecaba287" target="0d2d27b5-d32b-4350-b6bf-caec3c2cddb3" id="edge1" length="0.23823919094382495"/><nex:edge source="b7ded0d9-2121-43bd-a0ce-a2f14ee381b5" target="cc791d19-0f18-4ecc-b4aa-2d3bf8368006" id="edge2" length="0.5235216181123499"/><nex:edge source="b7ded0d9-2121-43bd-a0ce-a2f14ee381b5" target="4b029eb2-901d-4d81-bc45-3f12b91637f7" id="edge3" length="0.4764783818876501"/><nex:edge source="0d2d27b5-d32b-4350-b6bf-caec3c2cddb3" target="7342243b-7937-4e0b-b438-f2e94e9529a4" id="edge4" length="1.1102230246251565e-16"/><nex:edge source="0d2d27b5-d32b-4350-b6bf-caec3c2cddb3" target="63602397-de59-43a2-98c0-c77ba45db296" id="edge5" length="1.1102230246251565e-16"/></nex:tree></nex:trees></nex:nexml></stemma>
    </xenoData>
  </teiHeader>
<TEI n="H"><text><cl><w n="0" lemma="niṃ"> nim</w><w n="1">ba</w><w n="2">ccha</w><w n="3" lemma="daṃ">dam </w></cl><cl><w n="4">ma</w><w n="5">dhu</w><w n="6">ka</w><w n="7">dā</w><w n="8" lemma="rvi">rvvi</w></cl><cl><w n="9"/><w n="10">si</w></cl><cl><w n="11" lemma="tā">tā </w><w n="12">pra</w><w n="13">lo</w><w n="14" lemma="dhraṃ">dhra,m </w></cl><cl><w n="15">i</w><w n="16" lemma="cchaṃ">cchan</w><w n="17" lemma="ti">ti </w></cl><cl><w n="18">cā</w><w n="19" lemma="tra">tra </w></cl><cl><w n="20">bhi</w><w n="21">ṣa</w><w n="22" lemma="jaḥ">jo </w></cl><cl><w n="23" lemma="aṃ">'ñ</w><w n="24">ja</w><w n="25" lemma="naṃ">nam </w></cl><cl><w n="26">aṃ</w><w n="27">śa</w><w n="28">tu</w><w n="29" lemma="lyaṃ">lyaṃ || </w></cl></text></TEI><TEI n="A"><text><cl><w n="0" lemma="niṃ"> nim</w><w n="1">ba</w><w n="2">ccha</w><w n="3" lemma="daṃ">daṃ </w></cl><cl><w n="4">ma</w><w n="5">dhu</w><w n="6">ka</w><w n="7">dā</w><w n="8" lemma="rvi">rvi </w></cl><cl><w n="9"/><w n="10">sa</w></cl><cl><w n="11">tā</w><w n="12">mra</w><w n="13">lo</w><w n="14" lemma="dhraṃ">dhram </w></cl><cl><w n="15">i</w><w n="16" lemma="cchaṃ">cchan</w><w n="17" lemma="ti">ti </w></cl><cl><w n="18">cā</w><w n="19" lemma="tra">tra </w></cl><cl><w n="20">bhi</w><w n="21">ṣa</w><w n="22" lemma="jaḥ">jo </w></cl><cl><w n="23" lemma="aṃ">'ñ</w><w n="24">ja</w><w n="25" lemma="naṃ">nam </w></cl><cl><w n="26">aṃ</w><w n="27">śa</w><w n="28">tu</w><w n="29" lemma="lyaṃ">lyam || </w></cl></text></TEI><TEI n="K"><text><cl><w n="0" lemma="niṃ"> nim</w><w n="1">ba</w><w n="2">ccha</w><w n="3" lemma="daṃ">daṃ </w></cl><cl><w n="4">ma</w><w n="5">dhu</w><w n="6">ka</w><w n="7">dā</w><w n="8" lemma="rvi">rvy </w></cl><cl><w n="9">a</w><w n="10" lemma="tha">tha </w></cl><cl><w n="11">tā</w><w n="12">mra</w><w n="13">lo</w><w n="14" lemma="dhraṃ">dhram </w></cl><cl><w n="15">i</w><w n="16" lemma="cchaṃ">cchan</w><w n="17" lemma="ti">ti </w></cl><cl><w n="18">cā</w><w n="19" lemma="tra">tra </w></cl><cl><w n="20">bhi</w><w n="21">ṣa</w><w n="22" lemma="jaḥ">jo </w></cl><cl><w n="23" lemma="aṃ">ñ</w><w n="24">ja</w><w n="25" lemma="naṃ">nam </w></cl><cl><w n="26" lemma="aṃ">aṅ</w><w n="27">śa</w><w n="28">tu</w><w n="29" lemma="lyaṃ">lyaṃ | </w></cl></text></TEI><TEI n="NE"><text><cl><w n="0" lemma="niṃ"> nim</w><w n="1">ba</w><w n="2">ccha</w><w n="3" lemma="daṃ">daṃ </w></cl><cl><w n="4">ma</w><w n="5">dhu</w><w n="6">ka</w><w n="7">dā</w><w n="8" lemma="rvi">rvy </w></cl><cl><w n="9">a</w><w n="10" lemma="tha">tha </w></cl><cl><w n="11">tā</w><w n="12">mra</w><w n="13">lo</w><w n="14" lemma="dhraṃ">dhram </w></cl><cl><w n="15">i</w><w n="16" lemma="cchaṃ">cchan</w><w n="17" lemma="ti">ti </w></cl><cl><w n="18">cā</w><w n="19" lemma="tra">tra </w></cl><cl><w n="20">bhi</w><w n="21">ṣa</w><w n="22" lemma="jaḥ">jo </w></cl><cl><w n="23" lemma="aṃ">'ñ</w><w n="24">ja</w><w n="25" lemma="naṃ">nam </w></cl><cl><w n="26">aṃ</w><w n="27">śa</w><w n="28">tu</w><w n="29" lemma="lyaṃ">lyaṃ | </w></cl></text></TEI></teiCorpus>