<?xml version="1.0" encoding="UTF-8"?>
<teiCorpus xmlns="http://www.tei-c.org/ns/1.0" xml:lang="sa-Latn">
  <teiHeader>
<listWit>
<witness xml:id="A" source="06-ut-vulgate-1938-1-30.xml">
<abbr>A</abbr>
<expan>Printed edition: Ācārya 1938: Uttaratantra 1-30</expan>
</witness>
<witness xml:id="K" source="kl_699_uttaratantra-1-30.xml">
<abbr>K</abbr>
<expan>MSS Kathmandu KL 699: Uttaratantra</expan>
<listWit>
<witness xml:id="Kac" n="ac">
<abbr>Kac</abbr>
<expan>MSS Kathmandu KL 699: Uttaratantra [ante correctionem]</expan>
</witness>
<witness xml:id="Kpc" n="pc">
<abbr type="siglum">Kpc</abbr>
<expan>MSS Kathmandu KL 699: Uttaratantra [post correctionem]</expan>
</witness>
</listWit>
</witness>
<witness xml:id="H" source="nak_5-333_uttaratantra-1-30.xml">
<abbr>H</abbr>
<expan>MS Kathmandu NAK 5-333, Uttaratantra</expan>
<listWit>
<witness xml:id="Hac" n="ac">
<abbr>Hac</abbr>
<expan>MS Kathmandu NAK 5-333, Uttaratantra [ante correctionem]</expan>
</witness>
<witness xml:id="Hpc" n="pc">
<abbr type="siglum">Hpc</abbr>
<expan>MS Kathmandu NAK 5-333, Uttaratantra [post correctionem]</expan>
</witness>
</listWit>
</witness>
<witness xml:id="NE" source="provisional-edition_uttaratantra-1-30.xml">
<abbr>NE</abbr>
<expan>The Nepalese Version of the Suśrutasaṃhitā, uttaratantra 1-30, based on the
                    Nepalese MSS</expan>
</witness>
</listWit>
    <encodingDesc>
      <editorialDecl>
        <segmentation>
          <ab type="tokenization">aksara</ab>
          <ab type="blockid">SS.6.17.47</ab>
          <ab type="targetedition">NE</ab>
          <ab type="scoring">
            <ab type="match">1</ab>
            <ab type="mismatch">-1</ab>
            <ab type="gapopen">-2</ab>
            <ab type="gapextend">-0.25</ab>
            <ab type="recursive">true</ab>
            <ab type="realigndepth">20</ab>
            <ab type="distancefunction">ngrams</ab>
            
          </ab>
        </segmentation>
        <normalization method="markup">
<ab>ignore punctuation</ab>
<ab>candrabindu as anusvāra</ab>
<ab>geminated aspirated consonants</ab>
<ab>geminated m after h</ab>
<ab>geminated t</ab>
<ab>geminated consonants after r</ab>
<ab>final nasal variants</ab>
<ab>internal nasal variants</ab>
<ab>final anusvāra variants</ab>
<ab>visarga aḥ before voiced consonants</ab>
<ab>visarga aḥ before vowels</ab>
<ab>visarga aḥ before unvoiced consonants and space + anusvāra</ab>
<ab>visarga āḥ variants</ab>
<ab>other visarga variants</ab>
<ab>superfluous avagrahas</ab>
<ab>double avagrahas</ab>
<ab>avagrahas to short a</ab>
<ab>internal visarga variants</ab>
<ab>final au/āv</ab>
<ab>final su</ab>
<ab>final i</ab>
<ab>kcch/kś</ab>
<ab>cś/tś</ab>
<ab>cch/ch</ab>
<ab>final t + hi</ab>
<ab>final t + voiced syllable</ab>
<ab>final t + n/m</ab>
<ab>final t + c/j</ab>
<ab>i/y + vowel</ab>
<ab>bhd for bdh</ab>
<ab>remove spaces</ab>
        </normalization>
        <ab type="tagfilters">
<tag subtype="ignore">pc</tag>
<tag subtype="ignore">head</tag>
<tag subtype="ignore">label</tag>
<tag subtype="ignore">note</tag>
<tag subtype="ignore">num</tag>
<tag subtype="ignore">locus</tag>
<tag subtype="ignore">supplied</tag>
<tag subtype="ignore">surplus</tag>
        </ab>
      </editorialDecl>
    </encodingDesc>
    <xenoData>
      <stemma format="nexml" id="stemma0"><nex:nexml xmlns:nex="http://www.nexml.org/2009" version="0.9"><nex:otus id="otus1"><nex:otu id="otu0" label="A"/><nex:otu id="otu1" label="H"/><nex:otu id="otu2" label="Kac"/><nex:otu id="otu3" label="Kpc"/><nex:otu id="otu4" label="NE"/></nex:otus><nex:trees otus="otus1" id="trees1"><nex:tree id="guidetree" label="guidetree" xsi:type="nex:FloatTree" xmlns:xsi="http://www.w3.org/2001/XMLSchema-instance"><nex:node id="727886b8-0465-430a-b907-4bdb110f5f79" root="true"/><nex:node id="d7e8d781-1f3d-4239-b5c8-d2cbca9b12da"/><nex:node id="246e7770-6420-4686-b1df-5dd8d138a268" label="A" otu="otu2"/><nex:node id="8a4d1fb9-278e-4b1c-a63f-991b18787b4f" label="H" otu="otu3"/><nex:node id="cb8d4d02-0995-45c2-b4b3-0a98dfac9dd3"/><nex:node id="84c38d4f-4654-4a9f-9411-3f522242ea00" label="Kac" otu="otu5"/><nex:node id="70427313-5755-4003-a8af-a331e9cbf605"/><nex:node id="7a0daa93-7e94-4626-b8cb-1ee4e2246bc6" label="Kpc" otu="otu7"/><nex:node id="707ce49f-1458-48ab-bfd9-a449f448040c" label="NE" otu="otu8"/><nex:edge source="727886b8-0465-430a-b907-4bdb110f5f79" target="d7e8d781-1f3d-4239-b5c8-d2cbca9b12da" id="edge0" length="0.0667148580958234"/><nex:edge source="727886b8-0465-430a-b907-4bdb110f5f79" target="cb8d4d02-0995-45c2-b4b3-0a98dfac9dd3" id="edge1" length="0.0667148580958234"/><nex:edge source="d7e8d781-1f3d-4239-b5c8-d2cbca9b12da" target="246e7770-6420-4686-b1df-5dd8d138a268" id="edge2" length="0.515759582295887"/><nex:edge source="d7e8d781-1f3d-4239-b5c8-d2cbca9b12da" target="8a4d1fb9-278e-4b1c-a63f-991b18787b4f" id="edge3" length="0.4096047138282952"/><nex:edge source="cb8d4d02-0995-45c2-b4b3-0a98dfac9dd3" target="84c38d4f-4654-4a9f-9411-3f522242ea00" id="edge4" length="0.809681216060004"/><nex:edge source="cb8d4d02-0995-45c2-b4b3-0a98dfac9dd3" target="70427313-5755-4003-a8af-a331e9cbf605" id="edge5" length="0"/><nex:edge source="70427313-5755-4003-a8af-a331e9cbf605" target="7a0daa93-7e94-4626-b8cb-1ee4e2246bc6" id="edge6" length="0.2572750453827985"/><nex:edge source="70427313-5755-4003-a8af-a331e9cbf605" target="707ce49f-1458-48ab-bfd9-a449f448040c" id="edge7" length="0.1861939498647766"/></nex:tree></nex:trees></nex:nexml></stemma>
    </xenoData>
  </teiHeader>
<TEI n="A"><text><w n="0" lemma=""> </w><cl><w n="1">do</w><w n="2">ṣo</w><w n="3">da</w><w n="4" lemma="ye">ye </w></cl><cl><w n="5">nai</w><w n="6" lemma="va">va </w><w n="7" lemma="ca">ca </w></cl><cl><w n="8">vi</w><w n="9">plu</w><w n="10" lemma="tiṃ">tiṃ </w></cl><cl><w n="11">ga</w><w n="12" lemma="te">te </w></cl><cl><w n="13">dra</w><w n="14">vyā</w><w n="15" lemma="ṇi">ṇi </w></cl><cl><w n="16">na</w><w n="17">syā</w><w n="18">di</w><w n="19" lemma="ṣu">ṣu </w></cl><cl><w n="20">yo</w><w n="21">ja</w><w n="22">ye</w><w n="23" lemma="tbu">d bu</w><w n="24" lemma="dhaḥ">dhaḥ | </w><w n="25"/><w n="26">pu</w><w n="27" lemma="naḥ">naś </w><w n="28" lemma="ca">ca </w></cl><cl><w n="29">ka</w><w n="30" lemma="lpe">lpe </w><w n="31" lemma="aṃ">'ñ</w><w n="32">ja</w><w n="33">na</w><w n="34">vi</w><w n="35">sta</w><w n="36" lemma="raḥ">raḥ </w></cl><cl><w n="37">śu</w><w n="38" lemma="bhaḥ">bhaḥ </w></cl><cl><w n="39">pra</w><w n="40">va</w><w n="41">kṣya</w><w n="42" lemma="te">te </w></cl><cl><w n="43" lemma="a">'</w><w n="44">nya</w></cl><cl><w n="45" lemma="staṃ">stam </w><w n="46">a</w><w n="47">pī</w><w n="48" lemma="ha">ha </w></cl><cl><w n="49">yo</w><w n="50">ja</w><w n="51">ye</w><w n="52" lemma="t">t || </w></cl></text></TEI><TEI n="H"><text><w n="0" lemma=""> </w><cl><w n="1">do</w><w n="2">ṣo</w><w n="3">cchra</w><w n="4">ye</w></cl><cl><w n="5">ṇai</w><w n="6" lemma="va">va </w><w n="7" lemma="ca">ca </w></cl><cl><w n="8">vi</w><w n="9">plu</w><w n="10" lemma="te">te </w></cl><cl><w n="11">ga</w><w n="12" lemma="te">te </w></cl><cl><w n="13">dra</w><w n="14">vyā</w><w n="15" lemma="ṇi">ṇi </w></cl><cl><w n="16">na</w><w n="17">syā</w><w n="18">di</w><w n="19" lemma="ṣu">ṣu </w></cl><cl><w n="20">yo</w><w n="21">ja</w><w n="22">ye</w><w n="23" lemma="tbhi">d bhi</w><w n="24">ṣa</w><w n="25" lemma="kpu">k | pu</w><w n="26"/><w n="27" lemma="naḥ">naś </w><w n="28" lemma="ca">ca </w></cl><cl><w n="29">ka</w><w n="30" lemma="lpeṃ">lpe ñ</w><w n="31"/><w n="32">ja</w><w n="33">na</w><w n="34">vi</w><w n="35">sta</w><w n="36" lemma="raḥ">raḥ </w></cl><cl><w n="37">śu</w><w n="38" lemma="bhaḥ">bhaḥ </w></cl><cl><w n="39">pra</w><w n="40">va</w><w n="41">kṣya</w><w n="42" lemma="te">te </w></cl><cl><w n="43">ta</w><w n="44" lemma="tca">c ca </w></cl><cl><w n="45"/><w n="46">ma</w><w n="47">hī</w><w n="48" lemma="ha">ha </w></cl><cl><w n="49">yo</w><w n="50">ja</w><w n="51">ye</w><w n="52" lemma="t">t ||</w></cl></text></TEI><TEI n="Kac"><text><w n="0" lemma=""> </w><cl><w n="1"/><w n="2"/><w n="3"/><w n="4"/></cl><cl><w n="5"/><w n="6"/><w n="7"/></cl><cl><w n="8"/><w n="9"/><w n="10"/></cl><cl><w n="11"/><w n="12"/></cl><cl><w n="13"/><w n="14"/><w n="15"/></cl><cl><w n="16"/><w n="17"/><w n="18"/><w n="19"/></cl><cl><w n="20"/><w n="21"/><w n="22"/><w n="23"/><w n="24"/><w n="25"/><w n="26">pu</w><w n="27" lemma="naḥ">naś </w><w n="28" lemma="ca">ca </w></cl><cl><w n="29">ka</w><w n="30" lemma="lpeṃ">lpe ñ</w><w n="31"/><w n="32">ja</w><w n="33">na</w><w n="34">vi</w><w n="35">sta</w><w n="36" lemma="raḥ">raḥ </w></cl><cl><w n="37">śu</w><w n="38" lemma="bhaḥ">bhaḥ </w></cl><cl><w n="39">pra</w><w n="40">va</w><w n="41">kṣya</w><w n="42" lemma="te">te </w></cl><cl><w n="43">ta</w><w n="44" lemma="tca">c ca </w></cl><cl><w n="45">sa</w><w n="46"/><w n="47">mī</w><w n="48" lemma="kṣya">kṣya </w></cl><cl><w n="49">yo</w><w n="50">ja</w><w n="51">ye</w><w n="52" lemma="t">t ||</w></cl></text></TEI><TEI n="Kpc"><text><w n="0" lemma="✗"> ✗ </w><cl><w n="1">do</w><w n="2">ṣo</w><w n="3">cchra</w><w n="4" lemma="ye">ye </w></cl><cl><w n="5">nai</w><w n="6" lemma="va">va </w><w n="7" lemma="ca">ca </w></cl><cl><w n="8">vi</w><w n="9">plu</w><w n="10" lemma="te">te </w></cl><cl><w n="11">ga</w><w n="12" lemma="de">de </w></cl><cl><w n="13">dra</w><w n="14">vyā</w><w n="15" lemma="ṇi">ṇi </w></cl><cl><w n="16">na</w><w n="17">syā</w><w n="18">di</w><w n="19" lemma="ṣu">ṣu </w></cl><cl><w n="20">yo</w><w n="21">ja</w><w n="22">ye</w><w n="23" lemma="tbhi">d bhi</w><w n="24">ṣa</w><w n="25" lemma="k✗">k |✗ </w><w n="26">pu</w><w n="27" lemma="naḥ">naś </w><w n="28" lemma="ca">ca </w></cl><cl><w n="29">ka</w><w n="30" lemma="lpeṃ">lpe ñ</w><w n="31"/><w n="32">ja</w><w n="33">na</w><w n="34">vi</w><w n="35">sta</w><w n="36" lemma="raḥ">raḥ </w></cl><cl><w n="37">śu</w><w n="38" lemma="bhaḥ">bhaḥ </w></cl><cl><w n="39">pra</w><w n="40">va</w><w n="41">kṣya</w><w n="42" lemma="te">te </w></cl><cl><w n="43">ta</w><w n="44" lemma="tca">c ca </w></cl><cl><w n="45">sa</w><w n="46"/><w n="47">mī</w><w n="48" lemma="kṣya">kṣya </w></cl><cl><w n="49">yo</w><w n="50">ja</w><w n="51">ye</w><w n="52" lemma="t">t ||</w></cl></text></TEI><TEI n="NE"><text><w n="0" lemma=""> </w><cl><w n="1">do</w><w n="2">ṣo</w><w n="3">cchra</w><w n="4" lemma="ye">ye </w></cl><cl><w n="5">nai</w><w n="6" lemma="va">va </w><w n="7" lemma="ca">ca </w></cl><cl><w n="8">vi</w><w n="9">plu</w><w n="10" lemma="te">te </w></cl><cl><w n="11">ga</w><w n="12" lemma="de">de </w></cl><cl><w n="13">dra</w><w n="14">vyā</w><w n="15" lemma="ṇi">ṇi </w></cl><cl><w n="16">na</w><w n="17">syā</w><w n="18">di</w><w n="19" lemma="ṣu">ṣu </w></cl><cl><w n="20">yo</w><w n="21">ja</w><w n="22">ye</w><w n="23" lemma="tbhi">d bhi</w><w n="24">ṣa</w><w n="25" lemma="kpu">k | pu</w><w n="26"/><w n="27" lemma="naḥ">naś </w><w n="28" lemma="ca">ca </w></cl><cl><w n="29">ka</w><w n="30" lemma="lpeṃ">lpe'ñ</w><w n="31"/><w n="32">ja</w><w n="33">na</w><w n="34">vi</w><w n="35">sta</w><w n="36" lemma="raḥ">raḥ </w></cl><cl><w n="37">śu</w><w n="38" lemma="bhaḥ">bhaḥ </w></cl><cl><w n="39">pra</w><w n="40">va</w><w n="41">kṣya</w><w n="42" lemma="te">te </w></cl><cl><w n="43">ta</w><w n="44" lemma="tca">c ca </w></cl><cl><w n="45">sa</w><w n="46"/><w n="47">mī</w><w n="48" lemma="kṣya">kṣya </w></cl><cl><w n="49">yo</w><w n="50">ja</w><w n="51">ye</w><w n="52" lemma="t">t ||</w></cl></text></TEI></teiCorpus>