<?xml version="1.0" encoding="UTF-8"?>
<teiCorpus xmlns="http://www.tei-c.org/ns/1.0" xml:lang="sa-Latn">
  <teiHeader>
<listWit>
<witness xml:id="A" source="06-ut-vulgate-1938-1-30.xml">
<abbr>A</abbr>
<expan>Printed edition: Ācārya 1938: Uttaratantra 1-30</expan>
</witness>
<witness xml:id="K" source="kl_699_uttaratantra-1-30.xml">
<abbr>K</abbr>
<expan>MSS Kathmandu KL 699: Uttaratantra</expan>
<listWit>
<witness xml:id="Kac" n="ac">
<abbr>Kac</abbr>
<expan>MSS Kathmandu KL 699: Uttaratantra [ante correctionem]</expan>
</witness>
<witness xml:id="Kpc" n="pc">
<abbr type="siglum">Kpc</abbr>
<expan>MSS Kathmandu KL 699: Uttaratantra [post correctionem]</expan>
</witness>
</listWit>
</witness>
<witness xml:id="H" source="nak_5-333_uttaratantra-1-30.xml">
<abbr>H</abbr>
<expan>MS Kathmandu NAK 5-333, Uttaratantra</expan>
<listWit>
<witness xml:id="Hac" n="ac">
<abbr>Hac</abbr>
<expan>MS Kathmandu NAK 5-333, Uttaratantra [ante correctionem]</expan>
</witness>
<witness xml:id="Hpc" n="pc">
<abbr type="siglum">Hpc</abbr>
<expan>MS Kathmandu NAK 5-333, Uttaratantra [post correctionem]</expan>
</witness>
</listWit>
</witness>
<witness xml:id="NE" source="provisional-edition_uttaratantra-1-30.xml">
<abbr>NE</abbr>
<expan>The Nepalese Version of the Suśrutasaṃhitā, uttaratantra 1-30, based on the
                    Nepalese MSS</expan>
</witness>
</listWit>
    <encodingDesc>
      <editorialDecl>
        <segmentation>
          <ab type="tokenization">aksara</ab>
          <ab type="blockid">SS.6.11.1</ab>
          <ab type="targetedition">NE</ab>
          <ab type="scoring">
            <ab type="match">1</ab>
            <ab type="mismatch">-1</ab>
            <ab type="gapopen">-2</ab>
            <ab type="gapextend">-0.25</ab>
            <ab type="recursive">true</ab>
            <ab type="realigndepth">20</ab>
            <ab type="distancefunction">ngrams</ab>
            
          </ab>
        </segmentation>
        <normalization method="markup">
<ab>ignore punctuation</ab>
<ab>candrabindu as anusvāra</ab>
<ab>geminated aspirated consonants</ab>
<ab>geminated m after h</ab>
<ab>geminated t</ab>
<ab>geminated consonants after r</ab>
<ab>final nasal variants</ab>
<ab>internal nasal variants</ab>
<ab>final anusvāra variants</ab>
<ab>visarga aḥ before voiced consonants</ab>
<ab>visarga aḥ before vowels</ab>
<ab>visarga aḥ before unvoiced consonants and space + anusvāra</ab>
<ab>visarga āḥ variants</ab>
<ab>other visarga variants</ab>
<ab>superfluous avagrahas</ab>
<ab>double avagrahas</ab>
<ab>avagrahas to short a</ab>
<ab>internal visarga variants</ab>
<ab>final au/āv</ab>
<ab>final su</ab>
<ab>final i</ab>
<ab>kcch/kś</ab>
<ab>cś/tś</ab>
<ab>cch/ch</ab>
<ab>final t + hi</ab>
<ab>final t + voiced syllable</ab>
<ab>final t + n/m</ab>
<ab>final t + c/j</ab>
<ab>i/y + vowel</ab>
<ab>bhd for bdh</ab>
<ab>remove spaces</ab>
        </normalization>
        <ab type="tagfilters">
<tag subtype="ignore">pc</tag>
<tag subtype="ignore">head</tag>
<tag subtype="ignore">label</tag>
<tag subtype="ignore">note</tag>
<tag subtype="ignore">num</tag>
<tag subtype="ignore">locus</tag>
<tag subtype="ignore">supplied</tag>
<tag subtype="ignore">surplus</tag>
        </ab>
      </editorialDecl>
    </encodingDesc>
    <xenoData>
      <stemma format="nexml" id="stemma0"><nex:nexml xmlns:nex="http://www.nexml.org/2009" version="0.9"><nex:otus id="otus1"><nex:otu id="otu0" label="A"/><nex:otu id="otu1" label="H"/><nex:otu id="otu2" label="K"/><nex:otu id="otu3" label="NE"/></nex:otus><nex:trees otus="otus1" id="trees1"><nex:tree id="guidetree" label="guidetree" xsi:type="nex:FloatTree" xmlns:xsi="http://www.w3.org/2001/XMLSchema-instance"><nex:node id="b8504191-ed1d-4d60-82ee-43693e45cbe0" root="true"/><nex:node id="4d37cc87-df6a-4540-8fd7-45816c180ac0"/><nex:node id="a8e571bb-2277-466b-8845-6dc369ae04d2" label="A" otu="otu2"/><nex:node id="b9cf5592-942e-48c5-a1ee-a75c69867747" label="H" otu="otu3"/><nex:node id="33cc4851-a657-4cb2-bb52-83392b7dfb68"/><nex:node id="303ba31e-ebe7-404a-a4ff-86f6e273d771" label="K" otu="otu5"/><nex:node id="26105e9b-b784-410e-b24f-4036cebc7ea4" label="NE" otu="otu6"/><nex:edge source="b8504191-ed1d-4d60-82ee-43693e45cbe0" target="4d37cc87-df6a-4540-8fd7-45816c180ac0" id="edge0" length="0"/><nex:edge source="b8504191-ed1d-4d60-82ee-43693e45cbe0" target="33cc4851-a657-4cb2-bb52-83392b7dfb68" id="edge1" length="0"/><nex:edge source="4d37cc87-df6a-4540-8fd7-45816c180ac0" target="a8e571bb-2277-466b-8845-6dc369ae04d2" id="edge2" length="0"/><nex:edge source="4d37cc87-df6a-4540-8fd7-45816c180ac0" target="b9cf5592-942e-48c5-a1ee-a75c69867747" id="edge3" length="0"/><nex:edge source="33cc4851-a657-4cb2-bb52-83392b7dfb68" target="303ba31e-ebe7-404a-a4ff-86f6e273d771" id="edge4" length="1"/><nex:edge source="33cc4851-a657-4cb2-bb52-83392b7dfb68" target="26105e9b-b784-410e-b24f-4036cebc7ea4" id="edge5" length="0"/></nex:tree></nex:trees></nex:nexml></stemma>
    </xenoData>
  </teiHeader>
<TEI n="A"><text><cl><w n="0" lemma="a"> a</w><w n="1">thā</w><w n="2" lemma="taḥ">taḥ </w></cl><cl><w n="3">śle</w><w n="4">ṣmā</w><w n="5">bhi</w><w n="6" lemma="ṣyaṃ">ṣyan</w><w n="7">da</w><w n="8">pra</w><w n="9">ti</w><w n="10">ṣe</w><w n="11" lemma="dhaṃ">dhaṃ </w><w n="12"/></cl><cl><w n="13">vyā</w><w n="14">khyā</w><w n="15">syā</w><w n="16" lemma="maḥ">maḥ ||</w></cl></text></TEI><TEI n="H"><text><cl><w n="0" lemma="a"> a</w><w n="1">thā</w><w n="2" lemma="taḥ">taḥ </w></cl><cl><w n="3">śle</w><w n="4">ṣmā</w><w n="5">bhi</w><w n="6" lemma="ṣyaṃ">ṣyan</w><w n="7">da</w><w n="8">pra</w><w n="9">ti</w><w n="10">ṣe</w><w n="11" lemma="dhaṃ">dham </w><w n="12"/></cl><cl><w n="13">vyā</w><w n="14">khyā</w><w n="15">syā</w><w n="16" lemma="maḥ">maḥ ||</w></cl></text></TEI><TEI n="K"><text><cl><w n="0" lemma="a"> a</w><w n="1">thā</w><w n="2" lemma="taḥ">taḥ </w></cl><cl><w n="3">śle</w><w n="4">ṣmā</w><w n="5">bhi</w><w n="6" lemma="ṣyaṃ">ṣyan</w><w n="7">da</w><w n="8">pra</w><w n="9">ti</w><w n="10">ṣe</w><w n="11" lemma="dhaṃ">dham </w><w n="12" lemma="vyā">vyā </w></cl><cl><w n="13">vyā</w><w n="14">khyā</w><w n="15">syā</w><w n="16" lemma="maḥ">maḥ | </w></cl></text></TEI><TEI n="NE"><text><cl><w n="0" lemma="a"> a</w><w n="1">thā</w><w n="2" lemma="taḥ">taḥ </w></cl><cl><w n="3">śle</w><w n="4">ṣmā</w><w n="5">bhi</w><w n="6" lemma="ṣyaṃ">ṣyan</w><w n="7">da</w><w n="8">pra</w><w n="9">ti</w><w n="10">ṣe</w><w n="11" lemma="dhaṃ">dham </w><w n="12"/></cl><cl><w n="13">vyā</w><w n="14">khyā</w><w n="15">syā</w><w n="16" lemma="maḥ">maḥ | </w></cl></text></TEI></teiCorpus>