<?xml version="1.0" encoding="UTF-8"?>
<teiCorpus xmlns="http://www.tei-c.org/ns/1.0" xml:lang="sa-Latn">
  <teiHeader>
<listWit>
<witness xml:id="A" source="06-ut-vulgate-1938-1-30.xml">
<abbr>A</abbr>
<expan>Printed edition: Ācārya 1938: Uttaratantra 1-30</expan>
</witness>
<witness xml:id="K" source="kl_699_uttaratantra-1-30.xml">
<abbr>K</abbr>
<expan>MSS Kathmandu KL 699: Uttaratantra</expan>
<listWit>
<witness xml:id="Kac" n="ac">
<abbr>Kac</abbr>
<expan>MSS Kathmandu KL 699: Uttaratantra [ante correctionem]</expan>
</witness>
<witness xml:id="Kpc" n="pc">
<abbr type="siglum">Kpc</abbr>
<expan>MSS Kathmandu KL 699: Uttaratantra [post correctionem]</expan>
</witness>
</listWit>
</witness>
<witness xml:id="H" source="nak_5-333_uttaratantra-1-30.xml">
<abbr>H</abbr>
<expan>MS Kathmandu NAK 5-333, Uttaratantra</expan>
<listWit>
<witness xml:id="Hac" n="ac">
<abbr>Hac</abbr>
<expan>MS Kathmandu NAK 5-333, Uttaratantra [ante correctionem]</expan>
</witness>
<witness xml:id="Hpc" n="pc">
<abbr type="siglum">Hpc</abbr>
<expan>MS Kathmandu NAK 5-333, Uttaratantra [post correctionem]</expan>
</witness>
</listWit>
</witness>
<witness xml:id="NE" source="provisional-edition_uttaratantra-1-30.xml">
<abbr>NE</abbr>
<expan>The Nepalese Version of the Suśrutasaṃhitā, uttaratantra 1-30, based on the
                    Nepalese MSS</expan>
</witness>
</listWit>
    <encodingDesc>
      <editorialDecl>
        <segmentation>
          <ab type="tokenization">aksara</ab>
          <ab type="blockid">SS.6.17.28</ab>
          <ab type="targetedition">NE</ab>
          <ab type="scoring">
            <ab type="match">1</ab>
            <ab type="mismatch">-1</ab>
            <ab type="gapopen">-2</ab>
            <ab type="gapextend">-0.25</ab>
            <ab type="recursive">true</ab>
            <ab type="realigndepth">20</ab>
            <ab type="distancefunction">ngrams</ab>
            
          </ab>
        </segmentation>
        <normalization method="markup">
<ab>ignore punctuation</ab>
<ab>candrabindu as anusvāra</ab>
<ab>geminated aspirated consonants</ab>
<ab>geminated m after h</ab>
<ab>geminated t</ab>
<ab>geminated consonants after r</ab>
<ab>final nasal variants</ab>
<ab>internal nasal variants</ab>
<ab>final anusvāra variants</ab>
<ab>visarga aḥ before voiced consonants</ab>
<ab>visarga aḥ before vowels</ab>
<ab>visarga aḥ before unvoiced consonants and space + anusvāra</ab>
<ab>visarga āḥ variants</ab>
<ab>other visarga variants</ab>
<ab>superfluous avagrahas</ab>
<ab>double avagrahas</ab>
<ab>avagrahas to short a</ab>
<ab>internal visarga variants</ab>
<ab>final au/āv</ab>
<ab>final su</ab>
<ab>final i</ab>
<ab>kcch/kś</ab>
<ab>cś/tś</ab>
<ab>cch/ch</ab>
<ab>final t + hi</ab>
<ab>final t + voiced syllable</ab>
<ab>final t + n/m</ab>
<ab>final t + c/j</ab>
<ab>i/y + vowel</ab>
<ab>bhd for bdh</ab>
<ab>remove spaces</ab>
        </normalization>
        <ab type="tagfilters">
<tag subtype="ignore">pc</tag>
<tag subtype="ignore">head</tag>
<tag subtype="ignore">label</tag>
<tag subtype="ignore">note</tag>
<tag subtype="ignore">num</tag>
<tag subtype="ignore">locus</tag>
<tag subtype="ignore">supplied</tag>
<tag subtype="ignore">surplus</tag>
        </ab>
      </editorialDecl>
    </encodingDesc>
    <xenoData>
      <stemma format="nexml" id="stemma0"><nex:nexml xmlns:nex="http://www.nexml.org/2009" version="0.9"><nex:otus id="otus1"><nex:otu id="otu0" label="H"/><nex:otu id="otu1" label="A"/><nex:otu id="otu2" label="K"/></nex:otus><nex:trees otus="otus1" id="trees1"><nex:tree id="guidetree" label="guidetree" xsi:type="nex:FloatTree" xmlns:xsi="http://www.w3.org/2001/XMLSchema-instance"><nex:node id="372d0a62-9c73-473b-850d-5f5294289738" root="true"/><nex:node id="293f5ada-8697-41df-baf9-cc20183278c8" label="H" otu="otu1"/><nex:node id="7fe603f9-785a-4862-9870-f357d0f7126c"/><nex:node id="18751247-f59a-4815-8288-6ebb7d6f7534" label="A" otu="otu3"/><nex:node id="cdbb1ba3-4dc5-4e35-bcbc-196e673f47ef" label="K" otu="otu4"/><nex:edge source="372d0a62-9c73-473b-850d-5f5294289738" target="293f5ada-8697-41df-baf9-cc20183278c8" id="edge0" length="0.17509023029846701"/><nex:edge source="372d0a62-9c73-473b-850d-5f5294289738" target="7fe603f9-785a-4862-9870-f357d0f7126c" id="edge1" length="0.17509023029846701"/><nex:edge source="7fe603f9-785a-4862-9870-f357d0f7126c" target="18751247-f59a-4815-8288-6ebb7d6f7534" id="edge2" length="0.6498195394030657"/><nex:edge source="7fe603f9-785a-4862-9870-f357d0f7126c" target="cdbb1ba3-4dc5-4e35-bcbc-196e673f47ef" id="edge3" length="0.2518650787570317"/></nex:tree></nex:trees></nex:nexml></stemma>
    </xenoData>
  </teiHeader>
<TEI n="H"><text><cl><w n="0" lemma="bha"> bha</w><w n="1" lemma="vaṃ">van</w><w n="2" lemma="ti">ti </w></cl><cl><w n="3">yā</w><w n="4" lemma="pyā">pyā </w></cl><cl><w n="5">kha</w><w n="6" lemma="lu">lu </w><w n="7" lemma="ye">ye </w></cl><cl><w n="8">śa</w><w n="9">ḍā</w><w n="10">ma</w><w n="11" lemma="yā">yā </w></cl><cl><w n="12">ha</w><w n="13">re</w><w n="14" lemma="thi">d dhi </w></cl><cl><w n="15">ta</w><w n="16" lemma="tra">tra </w></cl><cl><w n="17">kṣa</w><w n="18">ta</w><w n="19" lemma="jāṃ">jāṃ </w></cl><cl><w n="20">si</w><w n="21">rā</w><w n="22">vya</w><w n="23" lemma="dhaiḥ">dhaiḥ || </w></cl><cl><w n="24">vi</w><w n="25">re</w><w n="26">ca</w><w n="27">ye</w><w n="28" lemma="tcā">c cā</w><w n="29" lemma="pi">pi </w></cl><cl><w n="30">pu</w><w n="31">rā</w><w n="32">ṇa</w><w n="33">sa</w><w n="34" lemma="rpi">rppi</w><w n="35" lemma="ṣā">ṣā </w></cl><cl><w n="36">vi</w><w n="37">re</w><w n="38">ca</w><w n="39" lemma="nāṃ">nāṅ</w><w n="40">go</w><w n="41">pa</w><w n="42">hi</w><w n="43">te</w><w n="44" lemma="na">na </w></cl><cl><w n="45">bhū</w><w n="46">ta</w><w n="47" lemma="ye">ye || </w></cl><cl><w n="48"/><w n="49"/><w n="50"/><w n="51"/><w n="52"/><w n="53"/><w n="54"/><w n="55"/></cl></text></TEI><TEI n="A"><text><cl><w n="0" lemma="bha"> bha</w><w n="1" lemma="vaṃ">van</w><w n="2" lemma="ti">ti </w></cl><cl><w n="3">yā</w><w n="4" lemma="pyāḥ">pyāḥ </w></cl><cl><w n="5">kha</w><w n="6" lemma="lu">lu </w><w n="7" lemma="ye">ye </w></cl><cl><w n="8">ṣa</w><w n="9">ḍā</w><w n="10">ma</w><w n="11" lemma="yā">yā </w></cl><cl><w n="12">ha</w><w n="13"/><w n="14"/></cl><cl><w n="15"/><w n="16"/></cl><cl><w n="17"/><w n="18"/><w n="19"/></cl><cl><w n="20"/><w n="21"/><w n="22"/><w n="23"/></cl><cl><w n="24"/><w n="25"/><w n="26"/><w n="27"/><w n="28"/><w n="29"/></cl><cl><w n="30"/><w n="31"/><w n="32"/><w n="33"/><w n="34"/><w n="35"/></cl><cl><w n="36"/><w n="37">re</w><w n="38"/><w n="39"/><w n="40"/><w n="41"/><w n="42"/><w n="43"/><w n="44"/></cl><cl><w n="45"/><w n="46" lemma="ta">d a</w><w n="47">sṛ</w></cl><cl><w n="48">kte</w><w n="49" lemma="ṣu">ṣu </w><w n="50">si</w><w n="51">rā</w><w n="52">vi</w><w n="53">mo</w><w n="54">kṣa</w><w n="55" lemma="ṇaiḥ">ṇaiḥ |</w></cl></text></TEI><TEI n="K"><text><cl><w n="0" lemma="bha"> bha</w><w n="1" lemma="vaṃ">van</w><w n="2" lemma="ti">ti </w></cl><cl><w n="3">yā</w><w n="4" lemma="pyāḥ">pyāḥ </w></cl><cl><w n="5">kha</w><w n="6" lemma="lu">lu </w><w n="7" lemma="ye">ye </w></cl><cl><w n="8">ṣa</w><w n="9">ḍā</w><w n="10">ma</w><w n="11" lemma="yā">yā </w></cl><cl><w n="12">ha</w><w n="13">re</w><w n="14" lemma="thi">d dhi </w></cl><cl><w n="15">ta</w><w n="16" lemma="tra">tra </w></cl><cl><w n="17">kṣa</w><w n="18">ta</w><w n="19" lemma="jaṃ">jaṃ </w></cl><cl><w n="20">si</w><w n="21">rā</w><w n="22">vya</w><w n="23" lemma="dhaiḥ">dhaiḥ || </w></cl><cl><w n="24">vi</w><w n="25">re</w><w n="26">ca</w><w n="27">ye</w><w n="28" lemma="tcā">c cā</w><w n="29" lemma="pi">pi </w></cl><cl><w n="30">pu</w><w n="31">rā</w><w n="32">ṇa</w><w n="33">sa</w><w n="34">rpi</w><w n="35" lemma="ṣā">ṣā </w></cl><cl><w n="36">vi</w><w n="37">re</w><w n="38">ca</w><w n="39" lemma="nāṃ">nāṅ</w><w n="40">go</w><w n="41">pa</w><w n="42">hi</w><w n="43">te</w><w n="44" lemma="na">na </w></cl><cl><w n="45">bhū</w><w n="46">ta</w><w n="47" lemma="ye">ye || </w></cl><cl><w n="48"/><w n="49"/><w n="50"/><w n="51"/><w n="52"/><w n="53"/><w n="54"/><w n="55"/></cl></text></TEI></teiCorpus>