<?xml version="1.0" encoding="UTF-8"?>
<teiCorpus xmlns="http://www.tei-c.org/ns/1.0" xml:lang="sa-Latn">
  <teiHeader>
<listWit>
<witness xml:id="A" source="06-ut-vulgate-1938-1-30.xml">
<abbr>A</abbr>
<expan>Printed edition: Ācārya 1938: Uttaratantra 1-30</expan>
</witness>
<witness xml:id="K" source="kl_699_uttaratantra-1-30.xml">
<abbr>K</abbr>
<expan>MSS Kathmandu KL 699: Uttaratantra</expan>
<listWit>
<witness xml:id="Kac" n="ac">
<abbr>Kac</abbr>
<expan>MSS Kathmandu KL 699: Uttaratantra [ante correctionem]</expan>
</witness>
<witness xml:id="Kpc" n="pc">
<abbr type="siglum">Kpc</abbr>
<expan>MSS Kathmandu KL 699: Uttaratantra [post correctionem]</expan>
</witness>
</listWit>
</witness>
<witness xml:id="H" source="nak_5-333_uttaratantra-1-30.xml">
<abbr>H</abbr>
<expan>MS Kathmandu NAK 5-333, Uttaratantra</expan>
<listWit>
<witness xml:id="Hac" n="ac">
<abbr>Hac</abbr>
<expan>MS Kathmandu NAK 5-333, Uttaratantra [ante correctionem]</expan>
</witness>
<witness xml:id="Hpc" n="pc">
<abbr type="siglum">Hpc</abbr>
<expan>MS Kathmandu NAK 5-333, Uttaratantra [post correctionem]</expan>
</witness>
</listWit>
</witness>
<witness xml:id="NE" source="provisional-edition_uttaratantra-1-30.xml">
<abbr>NE</abbr>
<expan>The Nepalese Version of the Suśrutasaṃhitā, uttaratantra 1-30, based on the
                    Nepalese MSS</expan>
</witness>
</listWit>
    <encodingDesc>
      <editorialDecl>
        <segmentation>
          <ab type="tokenization">aksara</ab>
          <ab type="blockid">SS.6.19.16cd</ab>
          <ab type="targetedition">NE</ab>
          <ab type="scoring">
            <ab type="match">1</ab>
            <ab type="mismatch">-1</ab>
            <ab type="gapopen">-2</ab>
            <ab type="gapextend">-0.25</ab>
            <ab type="recursive">true</ab>
            <ab type="realigndepth">20</ab>
            <ab type="distancefunction">ngrams</ab>
            
          </ab>
        </segmentation>
        <normalization method="markup">
<ab>ignore punctuation</ab>
<ab>candrabindu as anusvāra</ab>
<ab>geminated aspirated consonants</ab>
<ab>geminated m after h</ab>
<ab>geminated t</ab>
<ab>geminated consonants after r</ab>
<ab>final nasal variants</ab>
<ab>internal nasal variants</ab>
<ab>final anusvāra variants</ab>
<ab>visarga aḥ before voiced consonants</ab>
<ab>visarga aḥ before vowels</ab>
<ab>visarga aḥ before unvoiced consonants and space + anusvāra</ab>
<ab>visarga āḥ variants</ab>
<ab>other visarga variants</ab>
<ab>superfluous avagrahas</ab>
<ab>double avagrahas</ab>
<ab>avagrahas to short a</ab>
<ab>internal visarga variants</ab>
<ab>final au/āv</ab>
<ab>final su</ab>
<ab>final i</ab>
<ab>kcch/kś</ab>
<ab>cś/tś</ab>
<ab>cch/ch</ab>
<ab>final t + hi</ab>
<ab>final t + voiced syllable</ab>
<ab>final t + n/m</ab>
<ab>final t + c/j</ab>
<ab>i/y + vowel</ab>
<ab>bhd for bdh</ab>
<ab>remove spaces</ab>
        </normalization>
        <ab type="tagfilters">
<tag subtype="ignore">pc</tag>
<tag subtype="ignore">head</tag>
<tag subtype="ignore">label</tag>
<tag subtype="ignore">note</tag>
<tag subtype="ignore">num</tag>
<tag subtype="ignore">locus</tag>
<tag subtype="ignore">supplied</tag>
<tag subtype="ignore">surplus</tag>
        </ab>
      </editorialDecl>
    </encodingDesc>
    <xenoData>
      <stemma format="nexml" id="stemma0"><nex:nexml xmlns:nex="http://www.nexml.org/2009" version="0.9"><nex:otus id="otus1"><nex:otu id="otu0" label="A"/><nex:otu id="otu1" label="H"/><nex:otu id="otu2" label="K"/><nex:otu id="otu3" label="NE"/></nex:otus><nex:trees otus="otus1" id="trees1"><nex:tree id="guidetree" label="guidetree" xsi:type="nex:FloatTree" xmlns:xsi="http://www.w3.org/2001/XMLSchema-instance"><nex:node id="975e30d1-4bdf-480c-8539-0376bf2537e5" root="true"/><nex:node id="5254871b-e47b-423e-82e6-34a54339af9e"/><nex:node id="91b39bfe-c6e8-48e9-b431-079906d36e55" label="A" otu="otu2"/><nex:node id="fe73802b-68c3-4073-b148-0233cfd7ee87" label="H" otu="otu3"/><nex:node id="632363ec-4037-4206-a9f2-e99326ff0c67"/><nex:node id="a253a8f2-1f08-49d2-b6a0-4c100824f07c" label="K" otu="otu5"/><nex:node id="2fab5215-e8fd-41dd-80e9-9604a2c8d3e7" label="NE" otu="otu6"/><nex:edge source="975e30d1-4bdf-480c-8539-0376bf2537e5" target="5254871b-e47b-423e-82e6-34a54339af9e" id="edge0" length="0.2248229531899959"/><nex:edge source="975e30d1-4bdf-480c-8539-0376bf2537e5" target="632363ec-4037-4206-a9f2-e99326ff0c67" id="edge1" length="0.2248229531899959"/><nex:edge source="5254871b-e47b-423e-82e6-34a54339af9e" target="91b39bfe-c6e8-48e9-b431-079906d36e55" id="edge2" length="0.5503540936200082"/><nex:edge source="5254871b-e47b-423e-82e6-34a54339af9e" target="fe73802b-68c3-4073-b148-0233cfd7ee87" id="edge3" length="0.4496459063799918"/><nex:edge source="632363ec-4037-4206-a9f2-e99326ff0c67" target="a253a8f2-1f08-49d2-b6a0-4c100824f07c" id="edge4" length="0"/><nex:edge source="632363ec-4037-4206-a9f2-e99326ff0c67" target="2fab5215-e8fd-41dd-80e9-9604a2c8d3e7" id="edge5" length="0"/></nex:tree></nex:trees></nex:nexml></stemma>
    </xenoData>
  </teiHeader>
<TEI n="A"><text><cl><w n="0" lemma="syaṃ"> syan</w><w n="1" lemma="de">de </w></cl><cl><w n="2">ka</w><w n="3">phā</w><w n="4" lemma="ta">d a</w><w n="5">bhi</w><w n="6">hi</w><w n="7" lemma="taṃ">taṃ </w></cl><cl><w n="8">kra</w><w n="9" lemma="maṃ">mam </w></cl><cl><w n="10">ā</w><w n="11">ca</w><w n="12">re</w><w n="13" lemma="tca">c ca </w></cl><cl><w n="14">bā</w><w n="15">la</w><w n="16" lemma="sya">sya </w></cl><cl><w n="17">ro</w><w n="18">ga</w><w n="19">ku</w><w n="20">śa</w><w n="21" lemma="laḥ">lo </w></cl><cl><w n="22" lemma="a">'</w><w n="23">kṣi</w><w n="24">ga</w><w n="25" lemma="daṃ">daṃ </w></cl><cl><w n="26">ji</w><w n="27">ghāṃ</w><w n="28" lemma="suḥ">suḥ || </w></cl></text></TEI><TEI n="H"><text><cl><w n="0" lemma="syaṃ"> syan</w><w n="1" lemma="de">de </w></cl><cl><w n="2">ka</w><w n="3">phā</w><w n="4" lemma="ta">d a</w><w n="5">bhi</w><w n="6">hi</w><w n="7" lemma="taṃ">taṃ </w></cl><cl><w n="8">kra</w><w n="9" lemma="maṃ">mam </w></cl><cl><w n="10">ā</w><w n="11">ca</w><w n="12">re</w><w n="13" lemma="tca">c ca </w></cl><cl><w n="14">bā</w><w n="15">la</w><w n="16" lemma="sya">sya </w></cl><cl><w n="17">yo</w><w n="18">ga</w><w n="19">ku</w><w n="20">śa</w><w n="21" lemma="laḥ">laḥ </w></cl><cl><w n="22"/><w n="23">ku</w><w n="24">kū</w><w n="25" lemma="ṇaṃ">ṇaṃ </w></cl><cl><w n="26">ji</w><w n="27">ghāṃ</w><w n="28" lemma="suḥ">suḥ || </w></cl></text></TEI><TEI n="K"><text><cl><w n="0" lemma="syaṃ"> syan</w><w n="1" lemma="de">de </w></cl><cl><w n="2">ka</w><w n="3">phā</w><w n="4" lemma="ta">d a</w><w n="5">bhi</w><w n="6">hi</w><w n="7" lemma="taṃ">taṃ </w></cl><cl><w n="8">kra</w><w n="9" lemma="maṃ">mam </w></cl><cl><w n="10">ā</w><w n="11">ca</w><w n="12">re</w><w n="13" lemma="tca">c ca </w></cl><cl><w n="14">bā</w><w n="15">la</w><w n="16" lemma="sya">sya </w></cl><cl><w n="17">yo</w><w n="18">ga</w><w n="19">ku</w><w n="20">śa</w><w n="21" lemma="laḥ">laḥ </w></cl><cl><w n="22">ku</w><w n="23">ku</w><w n="24"/><w n="25" lemma="ṇaṃ">ṇaṃ </w></cl><cl><w n="26">ji</w><w n="27">ghāṃ</w><w n="28" lemma="suḥ">suḥ || </w></cl></text></TEI><TEI n="NE"><text><cl><w n="0" lemma="syaṃ"> syan</w><w n="1" lemma="de">de </w></cl><cl><w n="2">ka</w><w n="3">phā</w><w n="4" lemma="ta">d a</w><w n="5">bhi</w><w n="6">hi</w><w n="7" lemma="taṃ">taṃ </w></cl><cl><w n="8">kra</w><w n="9" lemma="maṃ">mam </w></cl><cl><w n="10">ā</w><w n="11">ca</w><w n="12">re</w><w n="13" lemma="tca">c ca </w></cl><cl><w n="14">bā</w><w n="15">la</w><w n="16" lemma="sya">sya </w></cl><cl><w n="17">yo</w><w n="18">ga</w><w n="19">ku</w><w n="20">śa</w><w n="21" lemma="laḥ">laḥ </w></cl><cl><w n="22">ku</w><w n="23">ku</w><w n="24"/><w n="25" lemma="ṇaṃ">ṇaṃ </w></cl><cl><w n="26">ji</w><w n="27">ghāṃ</w><w n="28" lemma="suḥ">suḥ || </w></cl></text></TEI></teiCorpus>