<?xml version="1.0" encoding="UTF-8"?>
<teiCorpus xmlns="http://www.tei-c.org/ns/1.0" xml:lang="sa-Latn">
  <teiHeader>
<listWit>
<witness xml:id="A" source="06-ut-vulgate-1938-1-30.xml">
<abbr>A</abbr>
<expan>Printed edition: Ācārya 1938: Uttaratantra 1-30</expan>
</witness>
<witness xml:id="K" source="kl_699_uttaratantra-1-30.xml">
<abbr>K</abbr>
<expan>MSS Kathmandu KL 699: Uttaratantra</expan>
<listWit>
<witness xml:id="Kac" n="ac">
<abbr>Kac</abbr>
<expan>MSS Kathmandu KL 699: Uttaratantra [ante correctionem]</expan>
</witness>
<witness xml:id="Kpc" n="pc">
<abbr type="siglum">Kpc</abbr>
<expan>MSS Kathmandu KL 699: Uttaratantra [post correctionem]</expan>
</witness>
</listWit>
</witness>
<witness xml:id="H" source="nak_5-333_uttaratantra-1-30.xml">
<abbr>H</abbr>
<expan>MS Kathmandu NAK 5-333, Uttaratantra</expan>
<listWit>
<witness xml:id="Hac" n="ac">
<abbr>Hac</abbr>
<expan>MS Kathmandu NAK 5-333, Uttaratantra [ante correctionem]</expan>
</witness>
<witness xml:id="Hpc" n="pc">
<abbr type="siglum">Hpc</abbr>
<expan>MS Kathmandu NAK 5-333, Uttaratantra [post correctionem]</expan>
</witness>
</listWit>
</witness>
<witness xml:id="NE" source="provisional-edition_uttaratantra-1-30.xml">
<abbr>NE</abbr>
<expan>The Nepalese Version of the Suśrutasaṃhitā, uttaratantra 1-30, based on the
                    Nepalese MSS</expan>
</witness>
</listWit>
    <encodingDesc>
      <editorialDecl>
        <segmentation>
          <ab type="tokenization">aksara</ab>
          <ab type="blockid">SS.6.16.9</ab>
          <ab type="targetedition">NE</ab>
          <ab type="scoring">
            <ab type="match">1</ab>
            <ab type="mismatch">-1</ab>
            <ab type="gapopen">-2</ab>
            <ab type="gapextend">-0.25</ab>
            <ab type="recursive">true</ab>
            <ab type="realigndepth">20</ab>
            <ab type="distancefunction">ngrams</ab>
            
          </ab>
        </segmentation>
        <normalization method="markup">
<ab>ignore punctuation</ab>
<ab>candrabindu as anusvāra</ab>
<ab>geminated aspirated consonants</ab>
<ab>geminated m after h</ab>
<ab>geminated t</ab>
<ab>geminated consonants after r</ab>
<ab>final nasal variants</ab>
<ab>internal nasal variants</ab>
<ab>final anusvāra variants</ab>
<ab>visarga aḥ before voiced consonants</ab>
<ab>visarga aḥ before vowels</ab>
<ab>visarga aḥ before unvoiced consonants and space + anusvāra</ab>
<ab>visarga āḥ variants</ab>
<ab>other visarga variants</ab>
<ab>superfluous avagrahas</ab>
<ab>double avagrahas</ab>
<ab>avagrahas to short a</ab>
<ab>internal visarga variants</ab>
<ab>final au/āv</ab>
<ab>final su</ab>
<ab>final i</ab>
<ab>kcch/kś</ab>
<ab>cś/tś</ab>
<ab>cch/ch</ab>
<ab>final t + hi</ab>
<ab>final t + voiced syllable</ab>
<ab>final t + n/m</ab>
<ab>final t + c/j</ab>
<ab>i/y + vowel</ab>
<ab>bhd for bdh</ab>
<ab>remove spaces</ab>
        </normalization>
        <ab type="tagfilters">
<tag subtype="ignore">pc</tag>
<tag subtype="ignore">head</tag>
<tag subtype="ignore">label</tag>
<tag subtype="ignore">note</tag>
<tag subtype="ignore">num</tag>
<tag subtype="ignore">locus</tag>
<tag subtype="ignore">supplied</tag>
<tag subtype="ignore">surplus</tag>
        </ab>
      </editorialDecl>
    </encodingDesc>
    <xenoData>
      <stemma format="nexml" id="stemma0"><nex:nexml xmlns:nex="http://www.nexml.org/2009" version="0.9"><nex:otus id="otus1"><nex:otu id="otu0" label="A"/><nex:otu id="otu1" label="H"/><nex:otu id="otu2" label="K"/><nex:otu id="otu3" label="NE"/></nex:otus><nex:trees otus="otus1" id="trees1"><nex:tree id="guidetree" label="guidetree" xsi:type="nex:FloatTree" xmlns:xsi="http://www.w3.org/2001/XMLSchema-instance"><nex:node id="bd295962-6479-4feb-b6f4-e0a5ab72920f" root="true"/><nex:node id="f3d798a4-c720-457c-bc0a-ff098f734011"/><nex:node id="b920b2f6-78dc-44ef-a0bf-e1e83f6fdb6a" label="A" otu="otu2"/><nex:node id="1313c15e-b03f-42d6-ac84-fb61a8c0962f" label="H" otu="otu3"/><nex:node id="2093e608-5740-44cc-8af6-a39306da9963"/><nex:node id="8cd2720a-f665-4277-bc9c-dd46b150a99e" label="K" otu="otu5"/><nex:node id="81d2f332-a050-4525-bcd2-3c9331321424" label="NE" otu="otu6"/><nex:edge source="bd295962-6479-4feb-b6f4-e0a5ab72920f" target="f3d798a4-c720-457c-bc0a-ff098f734011" id="edge0" length="0.2199441378193712"/><nex:edge source="bd295962-6479-4feb-b6f4-e0a5ab72920f" target="2093e608-5740-44cc-8af6-a39306da9963" id="edge1" length="0.2199441378193712"/><nex:edge source="f3d798a4-c720-457c-bc0a-ff098f734011" target="b920b2f6-78dc-44ef-a0bf-e1e83f6fdb6a" id="edge2" length="0.5329458671026566"/><nex:edge source="f3d798a4-c720-457c-bc0a-ff098f734011" target="1313c15e-b03f-42d6-ac84-fb61a8c0962f" id="edge3" length="0.42763253672862145"/><nex:edge source="2093e608-5740-44cc-8af6-a39306da9963" target="8cd2720a-f665-4277-bc9c-dd46b150a99e" id="edge4" length="0"/><nex:edge source="2093e608-5740-44cc-8af6-a39306da9963" target="81d2f332-a050-4525-bcd2-3c9331321424" id="edge5" length="0"/></nex:tree></nex:trees></nex:nexml></stemma>
    </xenoData>
  </teiHeader>
<TEI n="A"><text><cl><w n="0" lemma="ca"> ca</w><w n="1">tvā</w><w n="2" lemma="ra">ra </w></cl><cl><w n="3">e</w><w n="4" lemma="te">te </w></cl><cl><w n="5">vi</w><w n="6">dha</w><w n="7" lemma="yaḥ">yo </w></cl><cl><w n="8">vi</w><w n="9" lemma="haṃ">han</w><w n="10" lemma="tuṃ">tuṃ </w></cl><cl><w n="11">pa</w><w n="12">kṣmo</w><w n="13">pa</w><w n="14">ro</w><w n="15" lemma="dhaṃ">dhaṃ </w></cl><cl><w n="16">pṛ</w><w n="17">tha</w><w n="18">ge</w><w n="19" lemma="va">va </w></cl><cl><w n="20">śa</w><w n="21" lemma="stā">stāḥ | </w></cl><cl><w n="22">vi</w><w n="23">re</w><w n="24">ca</w><w n="25" lemma="nāḥ">nāś </w></cl><cl><w n="26">cyo</w><w n="27">ta</w><w n="28"/><w n="29">na</w><w n="30"/></cl><cl><w n="31">dhū</w><w n="32">ma</w><w n="33">na</w><w n="34">sya</w><w n="35">le</w><w n="36" lemma="pāṃ">pāñ</w><w n="37">ja</w><w n="38">na</w><w n="39">sne</w><w n="40">ha</w><w n="41">ra</w><w n="42">sa</w><w n="43">kri</w><w n="44" lemma="yāḥ">yāś </w></cl><cl><w n="45" lemma="ca">ca ||</w><w n="46"/></cl></text></TEI><TEI n="H"><text><cl><w n="0" lemma="ca"> ca</w><w n="1">tvā</w><w n="2" lemma="ra">ra </w></cl><cl><w n="3">e</w><w n="4" lemma="te">te </w></cl><cl><w n="5">vi</w><w n="6">dha</w><w n="7" lemma="yaḥ">yo </w></cl><cl><w n="8">ni</w><w n="9" lemma="haṃ">han</w><w n="10" lemma="tuḥ">tuḥ </w></cl><cl><w n="11">pa</w><w n="12">kṣmo</w><w n="13">pa</w><w n="14">ro</w><w n="15" lemma="dhaṃ">dham </w></cl><cl><w n="16">pṛ</w><w n="17">tha</w><w n="18">ge</w><w n="19" lemma="va">va </w></cl><cl><w n="20">yu</w><w n="21" lemma="ktā">ktāḥ | </w></cl><cl><w n="22">vi</w><w n="23">re</w><w n="24">ca</w><w n="25">nā</w></cl><cl><w n="26">ścyo</w><w n="27">ta</w><w n="28">na</w><w n="29">na</w><w n="30" lemma="sya">sya </w></cl><cl><w n="31">dhū</w><w n="32">ma</w><w n="33"/><w n="34"/><w n="35">le</w><w n="36" lemma="pāṃ">pāñ</w><w n="37">ja</w><w n="38">na</w><w n="39">sne</w><w n="40">ha</w><w n="41">ra</w><w n="42">sā</w><w n="43">kri</w><w n="44" lemma="yāḥ">yāś </w></cl><cl><w n="45">ce</w><w n="46" lemma="ti">ti || || </w></cl></text></TEI><TEI n="K"><text><cl><w n="0" lemma="ca"> ca</w><w n="1">tvā</w><w n="2" lemma="ra">ra </w></cl><cl><w n="3">e</w><w n="4" lemma="te">te </w></cl><cl><w n="5">vi</w><w n="6">dhi</w><w n="7" lemma="yaḥ">yo </w></cl><cl><w n="8">ni</w><w n="9" lemma="haṃ">han</w><w n="10" lemma="ti">ti </w></cl><cl><w n="11">pa</w><w n="12">kṣmo</w><w n="13">pa</w><w n="14">ro</w><w n="15" lemma="dhaṃ">dham </w></cl><cl><w n="16">pṛ</w><w n="17">tha</w><w n="18" lemma="ge">g e</w><w n="19" lemma="va">va </w></cl><cl><w n="20">yu</w><w n="21" lemma="ktā">ktāḥ | </w></cl><cl><w n="22">vi</w><w n="23">re</w><w n="24">ca</w><w n="25" lemma="nāḥ">nāś </w></cl><cl><w n="26">cyo</w><w n="27">ta</w><w n="28">na</w><w n="29">na</w><w n="30" lemma="sya">sya </w></cl><cl><w n="31">dhū</w><w n="32">ma</w><w n="33"/><w n="34"/><w n="35">le</w><w n="36">pāṃ</w><w n="37">ja</w><w n="38">na</w><w n="39">sne</w><w n="40">ha</w><w n="41">ra</w><w n="42">sā</w><w n="43">kri</w><w n="44" lemma="yāḥ">yāś </w></cl><cl><w n="45">ce</w><w n="46" lemma="ti">ti || </w></cl></text></TEI><TEI n="NE"><text><cl><w n="0" lemma="ca"> ca</w><w n="1">tvā</w><w n="2" lemma="ra">ra </w></cl><cl><w n="3">e</w><w n="4" lemma="te">te </w></cl><cl><w n="5">vi</w><w n="6">dhi</w><w n="7" lemma="yaḥ">yo </w></cl><cl><w n="8">ni</w><w n="9" lemma="haṃ">han</w><w n="10" lemma="ti">ti </w></cl><cl><w n="11">pa</w><w n="12">kṣmo</w><w n="13">pa</w><w n="14">ro</w><w n="15" lemma="dhaṃ">dham </w></cl><cl><w n="16">pṛ</w><w n="17">tha</w><w n="18" lemma="ge">g e</w><w n="19" lemma="va">va </w></cl><cl><w n="20">yu</w><w n="21" lemma="ktā">ktāḥ | </w></cl><cl><w n="22">vi</w><w n="23">re</w><w n="24">ca</w><w n="25" lemma="nāḥ">nāś </w></cl><cl><w n="26">cyo</w><w n="27">ta</w><w n="28">na</w><w n="29">na</w><w n="30" lemma="sya">sya </w></cl><cl><w n="31">dhū</w><w n="32">ma</w><w n="33"/><w n="34"/><w n="35">le</w><w n="36">pāṃ</w><w n="37">ja</w><w n="38">na</w><w n="39">sne</w><w n="40">ha</w><w n="41">ra</w><w n="42">sā</w><w n="43">kri</w><w n="44" lemma="yāḥ">yāś </w></cl><cl><w n="45">ce</w><w n="46" lemma="ti">ti || </w></cl></text></TEI></teiCorpus>