<?xml version="1.0" encoding="UTF-8"?>
<teiCorpus xmlns="http://www.tei-c.org/ns/1.0" xml:lang="sa-Latn">
  <teiHeader>
<listWit>
<witness xml:id="A" source="06-ut-vulgate-1938-1-30.xml">
<abbr>A</abbr>
<expan>Printed edition: Ācārya 1938: Uttaratantra 1-30</expan>
</witness>
<witness xml:id="K" source="kl_699_uttaratantra-1-30.xml">
<abbr>K</abbr>
<expan>MSS Kathmandu KL 699: Uttaratantra</expan>
<listWit>
<witness xml:id="Kac" n="ac">
<abbr>Kac</abbr>
<expan>MSS Kathmandu KL 699: Uttaratantra [ante correctionem]</expan>
</witness>
<witness xml:id="Kpc" n="pc">
<abbr type="siglum">Kpc</abbr>
<expan>MSS Kathmandu KL 699: Uttaratantra [post correctionem]</expan>
</witness>
</listWit>
</witness>
<witness xml:id="H" source="nak_5-333_uttaratantra-1-30.xml">
<abbr>H</abbr>
<expan>MS Kathmandu NAK 5-333, Uttaratantra</expan>
<listWit>
<witness xml:id="Hac" n="ac">
<abbr>Hac</abbr>
<expan>MS Kathmandu NAK 5-333, Uttaratantra [ante correctionem]</expan>
</witness>
<witness xml:id="Hpc" n="pc">
<abbr type="siglum">Hpc</abbr>
<expan>MS Kathmandu NAK 5-333, Uttaratantra [post correctionem]</expan>
</witness>
</listWit>
</witness>
<witness xml:id="NE" source="provisional-edition_uttaratantra-1-30.xml">
<abbr>NE</abbr>
<expan>The Nepalese Version of the Suśrutasaṃhitā, uttaratantra 1-30, based on the
                    Nepalese MSS</expan>
</witness>
</listWit>
    <encodingDesc>
      <editorialDecl>
        <segmentation>
          <ab type="tokenization">aksara</ab>
          <ab type="blockid">SS.6.17.84</ab>
          <ab type="targetedition">NE</ab>
          <ab type="scoring">
            <ab type="match">1</ab>
            <ab type="mismatch">-1</ab>
            <ab type="gapopen">-2</ab>
            <ab type="gapextend">-0.25</ab>
            <ab type="recursive">true</ab>
            <ab type="realigndepth">20</ab>
            <ab type="distancefunction">ngrams</ab>
            
          </ab>
        </segmentation>
        <normalization method="markup">
<ab>ignore punctuation</ab>
<ab>candrabindu as anusvāra</ab>
<ab>geminated aspirated consonants</ab>
<ab>geminated m after h</ab>
<ab>geminated t</ab>
<ab>geminated consonants after r</ab>
<ab>final nasal variants</ab>
<ab>internal nasal variants</ab>
<ab>final anusvāra variants</ab>
<ab>visarga aḥ before voiced consonants</ab>
<ab>visarga aḥ before vowels</ab>
<ab>visarga aḥ before unvoiced consonants and space + anusvāra</ab>
<ab>visarga āḥ variants</ab>
<ab>other visarga variants</ab>
<ab>superfluous avagrahas</ab>
<ab>double avagrahas</ab>
<ab>avagrahas to short a</ab>
<ab>internal visarga variants</ab>
<ab>final au/āv</ab>
<ab>final su</ab>
<ab>final i</ab>
<ab>kcch/kś</ab>
<ab>cś/tś</ab>
<ab>cch/ch</ab>
<ab>final t + hi</ab>
<ab>final t + voiced syllable</ab>
<ab>final t + n/m</ab>
<ab>final t + c/j</ab>
<ab>i/y + vowel</ab>
<ab>bhd for bdh</ab>
<ab>remove spaces</ab>
        </normalization>
        <ab type="tagfilters">
<tag subtype="ignore">pc</tag>
<tag subtype="ignore">head</tag>
<tag subtype="ignore">label</tag>
<tag subtype="ignore">note</tag>
<tag subtype="ignore">num</tag>
<tag subtype="ignore">locus</tag>
<tag subtype="ignore">supplied</tag>
<tag subtype="ignore">surplus</tag>
        </ab>
      </editorialDecl>
    </encodingDesc>
    <xenoData>
      <stemma format="nexml" id="stemma0"><nex:nexml xmlns:nex="http://www.nexml.org/2009" version="0.9"><nex:otus id="otus1"><nex:otu id="otu0" label="A"/><nex:otu id="otu1" label="H"/><nex:otu id="otu2" label="K"/><nex:otu id="otu3" label="NE"/></nex:otus><nex:trees otus="otus1" id="trees1"><nex:tree id="guidetree" label="guidetree" xsi:type="nex:FloatTree" xmlns:xsi="http://www.w3.org/2001/XMLSchema-instance"><nex:node id="1925d3ae-98e4-4c0b-8a69-ec5767d3cf54" root="true"/><nex:node id="546d4dee-586d-4eea-9abb-90e88457818b"/><nex:node id="cd685ba6-0626-4f66-8269-710d4a847d00" label="A" otu="otu2"/><nex:node id="488f3bde-24a2-43bc-9385-ac3467d73ee9" label="H" otu="otu3"/><nex:node id="e6c3b78d-21e8-409d-9702-0f16cc07df65"/><nex:node id="edc19c9f-fda2-464a-ad86-214fc9c79bfe" label="K" otu="otu5"/><nex:node id="34326ecb-6a79-4ff2-a79b-a17fc8fecaab" label="NE" otu="otu6"/><nex:edge source="1925d3ae-98e4-4c0b-8a69-ec5767d3cf54" target="546d4dee-586d-4eea-9abb-90e88457818b" id="edge0" length="0.2447574341026562"/><nex:edge source="1925d3ae-98e4-4c0b-8a69-ec5767d3cf54" target="e6c3b78d-21e8-409d-9702-0f16cc07df65" id="edge1" length="0.2447574341026562"/><nex:edge source="546d4dee-586d-4eea-9abb-90e88457818b" target="cd685ba6-0626-4f66-8269-710d4a847d00" id="edge2" length="0.5104851317946877"/><nex:edge source="546d4dee-586d-4eea-9abb-90e88457818b" target="488f3bde-24a2-43bc-9385-ac3467d73ee9" id="edge3" length="0.4895148682053123"/><nex:edge source="e6c3b78d-21e8-409d-9702-0f16cc07df65" target="edc19c9f-fda2-464a-ad86-214fc9c79bfe" id="edge4" length="0"/><nex:edge source="e6c3b78d-21e8-409d-9702-0f16cc07df65" target="34326ecb-6a79-4ff2-a79b-a17fc8fecaab" id="edge5" length="0"/></nex:tree></nex:trees></nex:nexml></stemma>
    </xenoData>
  </teiHeader>
<TEI n="A"><text><cl><w n="0" lemma="a"> a</w><w n="1" lemma="ṣṭāṃ">ṣṭāṅ</w><w n="2">gu</w><w n="3">lā</w><w n="4">ya</w><w n="5" lemma="tā">tā </w></cl><cl><w n="6">ma</w><w n="7" lemma="dhye">dhye </w></cl><cl><w n="8">sū</w><w n="9">tre</w><w n="10" lemma="ṇa">ṇa </w></cl><cl><w n="11">pa</w><w n="12">ri</w><w n="13">ve</w><w n="14">ṣṭi</w><w n="15" lemma="tā">tā | </w></cl><cl><w n="16" lemma="aṃ">aṅ</w><w n="17">gu</w><w n="18">ṣṭha</w><w n="19">pa</w><w n="20">rva</w><w n="21">sa</w><w n="22">mi</w><w n="23" lemma="tā">tā </w></cl><cl><w n="24">va</w><w n="25">ktra</w><w n="26" lemma="yoḥ">yor </w></cl><cl><w n="27">mu</w><w n="28">ku</w><w n="29">lā</w><w n="30">kṛ</w><w n="31" lemma="tiḥ">tiḥ || </w></cl></text></TEI><TEI n="H"><text><cl><w n="0">a</w><w n="1" lemma="ṣṭāṃ">ṣṭāṅ</w><w n="2">gu</w><w n="3">lā</w><w n="4">ya</w><w n="5" lemma="tā">tā </w></cl><cl><w n="6">ma</w><w n="7" lemma="dhye">dhye </w></cl><cl><w n="8">sū</w><w n="9">tre</w><w n="10" lemma="ṇa">ṇa </w></cl><cl><w n="11">pa</w><w n="12">ri</w><w n="13">ve</w><w n="14">ṣṭi</w><w n="15" lemma="tā">tā | </w></cl><cl><w n="16" lemma="aṃ">aṅ</w><w n="17">gu</w><w n="18">ṣṭha</w><w n="19">pa</w><w n="20" lemma="rva">rvva</w><w n="21" lemma="tu">tu </w><w n="22">‡</w><w n="23" lemma="‡">‡ </w></cl><cl><w n="24">va</w><w n="25">ktra</w><w n="26" lemma="yoḥ">yor </w></cl><cl><w n="27" lemma="mu">mmu</w><w n="28">ku</w><w n="29">lā</w><w n="30">kṛ</w><w n="31" lemma="tiḥ">tiḥ || </w></cl></text></TEI><TEI n="K"><text><cl><w n="0">a</w><w n="1" lemma="ṣṭāṃ">ṣṭāṅ</w><w n="2">gu</w><w n="3">lā</w><w n="4">ya</w><w n="5" lemma="tā">tā </w></cl><cl><w n="6">ma</w><w n="7" lemma="dhye">dhye </w></cl><cl><w n="8">sū</w><w n="9">tre</w><w n="10" lemma="ṇa">ṇa </w></cl><cl><w n="11">pa</w><w n="12">ri</w><w n="13">ve</w><w n="14">ṣṭi</w><w n="15" lemma="tā">tāḥ | </w></cl><cl><w n="16" lemma="aṃ">aṅ</w><w n="17">gu</w><w n="18">ṣṭha</w><w n="19">pa</w><w n="20">rva</w><w n="21">tu</w><w n="22" lemma="lyā">lyā </w><w n="23" lemma="tu">tu </w></cl><cl><w n="24">va</w><w n="25">ktra</w><w n="26" lemma="yoḥ">yor </w></cl><cl><w n="27">mu</w><w n="28">ku</w><w n="29">lā</w><w n="30">kṛ</w><w n="31" lemma="tiḥ">tiḥ || </w></cl></text></TEI><TEI n="NE"><text><cl><w n="0" lemma="a"> a</w><w n="1" lemma="ṣṭāṃ">ṣṭāṅ</w><w n="2">gu</w><w n="3">lā</w><w n="4">ya</w><w n="5" lemma="tā">tā </w></cl><cl><w n="6">ma</w><w n="7" lemma="dhye">dhye </w></cl><cl><w n="8">sū</w><w n="9">tre</w><w n="10" lemma="ṇa">ṇa </w></cl><cl><w n="11">pa</w><w n="12">ri</w><w n="13">ve</w><w n="14">ṣṭi</w><w n="15" lemma="tā">tā ||66|| </w></cl><cl><w n="16" lemma="aṃ">aṅ</w><w n="17">gu</w><w n="18">ṣṭha</w><w n="19">pa</w><w n="20">rva</w><w n="21">tu</w><w n="22" lemma="lyā">lyā </w><w n="23" lemma="tu">tu </w></cl><cl><w n="24">va</w><w n="25">ktra</w><w n="26" lemma="yoḥ">yor </w></cl><cl><w n="27">mu</w><w n="28">ku</w><w n="29">lā</w><w n="30">kṛ</w><w n="31" lemma="tiḥ">tiḥ | </w></cl></text></TEI></teiCorpus>