<?xml version="1.0" encoding="UTF-8"?>
<teiCorpus xmlns="http://www.tei-c.org/ns/1.0" xml:lang="sa-Latn">
  <teiHeader>
<listWit>
<witness xml:id="A" source="06-ut-vulgate-1938-1-30.xml">
<abbr>A</abbr>
<expan>Printed edition: Ācārya 1938: Uttaratantra 1-30</expan>
</witness>
<witness xml:id="K" source="kl_699_uttaratantra-1-30.xml">
<abbr>K</abbr>
<expan>MSS Kathmandu KL 699: Uttaratantra</expan>
<listWit>
<witness xml:id="Kac" n="ac">
<abbr>Kac</abbr>
<expan>MSS Kathmandu KL 699: Uttaratantra [ante correctionem]</expan>
</witness>
<witness xml:id="Kpc" n="pc">
<abbr type="siglum">Kpc</abbr>
<expan>MSS Kathmandu KL 699: Uttaratantra [post correctionem]</expan>
</witness>
</listWit>
</witness>
<witness xml:id="H" source="nak_5-333_uttaratantra-1-30.xml">
<abbr>H</abbr>
<expan>MS Kathmandu NAK 5-333, Uttaratantra</expan>
<listWit>
<witness xml:id="Hac" n="ac">
<abbr>Hac</abbr>
<expan>MS Kathmandu NAK 5-333, Uttaratantra [ante correctionem]</expan>
</witness>
<witness xml:id="Hpc" n="pc">
<abbr type="siglum">Hpc</abbr>
<expan>MS Kathmandu NAK 5-333, Uttaratantra [post correctionem]</expan>
</witness>
</listWit>
</witness>
<witness xml:id="NE" source="provisional-edition_uttaratantra-1-30.xml">
<abbr>NE</abbr>
<expan>The Nepalese Version of the Suśrutasaṃhitā, uttaratantra 1-30, based on the
                    Nepalese MSS</expan>
</witness>
</listWit>
    <encodingDesc>
      <editorialDecl>
        <segmentation>
          <ab type="tokenization">aksara</ab>
          <ab type="blockid">SS.6.10.4</ab>
          <ab type="targetedition">NE</ab>
          <ab type="scoring">
            <ab type="match">1</ab>
            <ab type="mismatch">-1</ab>
            <ab type="gapopen">-2</ab>
            <ab type="gapextend">-0.25</ab>
            <ab type="recursive">true</ab>
            <ab type="realigndepth">20</ab>
            <ab type="distancefunction">ngrams</ab>
            
          </ab>
        </segmentation>
        <normalization method="markup">
<ab>ignore punctuation</ab>
<ab>candrabindu as anusvāra</ab>
<ab>geminated aspirated consonants</ab>
<ab>geminated m after h</ab>
<ab>geminated t</ab>
<ab>geminated consonants after r</ab>
<ab>final nasal variants</ab>
<ab>internal nasal variants</ab>
<ab>final anusvāra variants</ab>
<ab>visarga aḥ before voiced consonants</ab>
<ab>visarga aḥ before vowels</ab>
<ab>visarga aḥ before unvoiced consonants and space + anusvāra</ab>
<ab>visarga āḥ variants</ab>
<ab>other visarga variants</ab>
<ab>superfluous avagrahas</ab>
<ab>double avagrahas</ab>
<ab>avagrahas to short a</ab>
<ab>internal visarga variants</ab>
<ab>final au/āv</ab>
<ab>final su</ab>
<ab>final i</ab>
<ab>kcch/kś</ab>
<ab>cś/tś</ab>
<ab>cch/ch</ab>
<ab>final t + hi</ab>
<ab>final t + voiced syllable</ab>
<ab>final t + n/m</ab>
<ab>final t + c/j</ab>
<ab>i/y + vowel</ab>
<ab>bhd for bdh</ab>
<ab>remove spaces</ab>
        </normalization>
        <ab type="tagfilters">
<tag subtype="ignore">pc</tag>
<tag subtype="ignore">head</tag>
<tag subtype="ignore">label</tag>
<tag subtype="ignore">note</tag>
<tag subtype="ignore">num</tag>
<tag subtype="ignore">locus</tag>
<tag subtype="ignore">supplied</tag>
<tag subtype="ignore">surplus</tag>
        </ab>
      </editorialDecl>
    </encodingDesc>
    <xenoData>
      <stemma format="nexml" id="stemma0"><nex:nexml xmlns:nex="http://www.nexml.org/2009" version="0.9"><nex:otus id="otus1"><nex:otu id="otu0" label="A"/><nex:otu id="otu1" label="H"/></nex:otus><nex:trees otus="otus1" id="trees1"><nex:tree id="guidetree" label="guidetree" xsi:type="nex:FloatTree" xmlns:xsi="http://www.w3.org/2001/XMLSchema-instance"><nex:node id="639f38c1-296d-4dc3-aa12-d63249fea7cd" root="true"/><nex:node id="78c31899-1cb5-4ccf-b20b-a47ded520dcb" label="A" otu="otu1"/><nex:node id="830a048c-34cd-4906-ade6-969db20c5915" label="H" otu="otu2"/><nex:edge source="639f38c1-296d-4dc3-aa12-d63249fea7cd" target="78c31899-1cb5-4ccf-b20b-a47ded520dcb" id="edge0" length="0.5"/><nex:edge source="639f38c1-296d-4dc3-aa12-d63249fea7cd" target="830a048c-34cd-4906-ade6-969db20c5915" id="edge1" length="0.5"/></nex:tree></nex:trees></nex:nexml></stemma>
    </xenoData>
  </teiHeader>
<TEI n="A"><text><cl><w n="0" lemma="guṃ"> gun</w><w n="1" lemma="drāṃ">drāṃ </w></cl><cl><w n="2">śā</w><w n="3" lemma="liṃ">liṃ </w></cl><cl><w n="4">śai</w><w n="5">va</w><w n="6" lemma="laṃ">laṃ </w></cl><cl><w n="7">śai</w><w n="8">la</w><w n="9">bhe</w><w n="10" lemma="daṃ">daṃ </w></cl><cl><w n="11">dā</w><w n="12">rvī</w><w n="13">me</w><w n="14">lā</w><w n="15">mu</w><w n="16">tpa</w><w n="17" lemma="laṃ">laṃ </w></cl><cl><w n="18">ro</w><w n="19">dhra</w><w n="20">ma</w><w n="21" lemma="bhraṃ">bhram | </w></cl><cl><w n="22">pa</w><w n="23">dmā</w><w n="24">tpa</w><w n="25" lemma="traṃ">traṃ </w></cl><cl><w n="26">śa</w><w n="27">rka</w><w n="28" lemma="rā">rā </w></cl><cl><w n="29">da</w><w n="30">rbha</w><w n="31">mi</w><w n="32" lemma="kṣuṃ">kṣuṃ </w></cl><cl><w n="33"/><w n="34">tā</w><w n="35" lemma="laṃ">laṃ </w></cl><cl><w n="36">ro</w><w n="37" lemma="dhraṃ">dhraṃ </w></cl><cl><w n="38">ve</w><w n="39">ta</w><w n="40" lemma="saṃ">saṃ </w></cl><cl><w n="41">pa</w><w n="42">dma</w><w n="43" lemma="kaṃ">kaṃ </w></cl><cl><w n="44" lemma="ca">ca || </w></cl></text></TEI><TEI n="H"><text><cl><w n="0" lemma="guṃ"> gun</w><w n="1" lemma="draṃ">draṃ </w></cl><cl><w n="2">śā</w><w n="3" lemma="liṃ">liṃ </w></cl><cl><w n="4">śai</w><w n="5">va</w><w n="6"/></cl><cl><w n="7"/><w n="8"/><w n="9"/><w n="10"/></cl><cl><w n="11"/><w n="12"/><w n="13"/><w n="14"/><w n="15"/><w n="16"/><w n="17" lemma="laṃ">laṃ </w></cl><cl><w n="18"/><w n="19"/><w n="20"/><w n="21"/></cl><cl><w n="22"/><w n="23"/><w n="24"/><w n="25"/></cl><cl><w n="26"/><w n="27"/><w n="28"/></cl><cl><w n="29">da</w><w n="30">rbha</w><w n="31">mi</w><w n="32" lemma="kṣuṃ">kṣun </w></cl><cl><w n="33">na</w><w n="34">na</w><w n="35" lemma="laṃ">laṃ </w></cl><cl><w n="36">lo</w><w n="37" lemma="dhraṃ">dhraṃ </w></cl><cl><w n="38">ve</w><w n="39">ta</w><w n="40" lemma="saṃ">sam </w></cl><cl><w n="41">pa</w><w n="42">dma</w><w n="43" lemma="kaṃ">kañ </w></cl><cl><w n="44" lemma="ca">ca </w></cl></text></TEI></teiCorpus>