<?xml version="1.0" encoding="UTF-8"?>
<teiCorpus xmlns="http://www.tei-c.org/ns/1.0" xml:lang="sa-Latn">
  <teiHeader>
<listWit>
<witness xml:id="A" source="06-ut-vulgate-1938-1-30.xml">
<abbr>A</abbr>
<expan>Printed edition: Ācārya 1938: Uttaratantra 1-30</expan>
</witness>
<witness xml:id="K" source="kl_699_uttaratantra-1-30.xml">
<abbr>K</abbr>
<expan>MSS Kathmandu KL 699: Uttaratantra</expan>
<listWit>
<witness xml:id="Kac" n="ac">
<abbr>Kac</abbr>
<expan>MSS Kathmandu KL 699: Uttaratantra [ante correctionem]</expan>
</witness>
<witness xml:id="Kpc" n="pc">
<abbr type="siglum">Kpc</abbr>
<expan>MSS Kathmandu KL 699: Uttaratantra [post correctionem]</expan>
</witness>
</listWit>
</witness>
<witness xml:id="H" source="nak_5-333_uttaratantra-1-30.xml">
<abbr>H</abbr>
<expan>MS Kathmandu NAK 5-333, Uttaratantra</expan>
<listWit>
<witness xml:id="Hac" n="ac">
<abbr>Hac</abbr>
<expan>MS Kathmandu NAK 5-333, Uttaratantra [ante correctionem]</expan>
</witness>
<witness xml:id="Hpc" n="pc">
<abbr type="siglum">Hpc</abbr>
<expan>MS Kathmandu NAK 5-333, Uttaratantra [post correctionem]</expan>
</witness>
</listWit>
</witness>
<witness xml:id="NE" source="provisional-edition_uttaratantra-1-30.xml">
<abbr>NE</abbr>
<expan>The Nepalese Version of the Suśrutasaṃhitā, uttaratantra 1-30, based on the
                    Nepalese MSS</expan>
</witness>
</listWit>
    <encodingDesc>
      <editorialDecl>
        <segmentation>
          <ab type="tokenization">aksara</ab>
          <ab type="blockid">SS.6.18.58</ab>
          <ab type="targetedition">NE</ab>
          <ab type="scoring">
            <ab type="match">1</ab>
            <ab type="mismatch">-1</ab>
            <ab type="gapopen">-2</ab>
            <ab type="gapextend">-0.25</ab>
            <ab type="recursive">true</ab>
            <ab type="realigndepth">20</ab>
            <ab type="distancefunction">ngrams</ab>
            
          </ab>
        </segmentation>
        <normalization method="markup">
<ab>ignore punctuation</ab>
<ab>candrabindu as anusvāra</ab>
<ab>geminated aspirated consonants</ab>
<ab>geminated m after h</ab>
<ab>geminated t</ab>
<ab>geminated consonants after r</ab>
<ab>final nasal variants</ab>
<ab>internal nasal variants</ab>
<ab>final anusvāra variants</ab>
<ab>visarga aḥ before voiced consonants</ab>
<ab>visarga aḥ before vowels</ab>
<ab>visarga aḥ before unvoiced consonants and space + anusvāra</ab>
<ab>visarga āḥ variants</ab>
<ab>other visarga variants</ab>
<ab>superfluous avagrahas</ab>
<ab>double avagrahas</ab>
<ab>avagrahas to short a</ab>
<ab>internal visarga variants</ab>
<ab>final au/āv</ab>
<ab>final su</ab>
<ab>final i</ab>
<ab>kcch/kś</ab>
<ab>cś/tś</ab>
<ab>cch/ch</ab>
<ab>final t + hi</ab>
<ab>final t + voiced syllable</ab>
<ab>final t + n/m</ab>
<ab>final t + c/j</ab>
<ab>i/y + vowel</ab>
<ab>bhd for bdh</ab>
<ab>remove spaces</ab>
        </normalization>
        <ab type="tagfilters">
<tag subtype="ignore">pc</tag>
<tag subtype="ignore">head</tag>
<tag subtype="ignore">label</tag>
<tag subtype="ignore">note</tag>
<tag subtype="ignore">num</tag>
<tag subtype="ignore">locus</tag>
<tag subtype="ignore">supplied</tag>
<tag subtype="ignore">surplus</tag>
        </ab>
      </editorialDecl>
    </encodingDesc>
    <xenoData>
      <stemma format="nexml" id="stemma0"><nex:nexml xmlns:nex="http://www.nexml.org/2009" version="0.9"><nex:otus id="otus1"><nex:otu id="otu0" label="NE"/><nex:otu id="otu1" label="A"/><nex:otu id="otu2" label="H"/><nex:otu id="otu3" label="Kac"/><nex:otu id="otu4" label="Kpc"/></nex:otus><nex:trees otus="otus1" id="trees1"><nex:tree id="guidetree" label="guidetree" xsi:type="nex:FloatTree" xmlns:xsi="http://www.w3.org/2001/XMLSchema-instance"><nex:node id="fbf1f6af-e2bc-42b4-bc3a-48d6f22482c1" root="true"/><nex:node id="85e6c4da-4880-470e-ba9a-d1bd8db5d229"/><nex:node id="866ecf8a-fb57-434e-a730-12fd2d799fa1" label="NE" otu="otu2"/><nex:node id="2e2bc3c0-7a21-4a04-94a8-678bf62f2035"/><nex:node id="220c66bd-a0f9-4769-b217-5794281b0755" label="A" otu="otu4"/><nex:node id="0fb010c3-b026-4546-beef-4a4dc82ef64a" label="H" otu="otu5"/><nex:node id="069d729d-12d5-42cb-80dc-13b1005138ff"/><nex:node id="882e601c-f18b-4aba-b806-23da3b09a73a" label="Kac" otu="otu7"/><nex:node id="d41a5b0f-a232-4e01-a5e8-38313d73119f" label="Kpc" otu="otu8"/><nex:edge source="fbf1f6af-e2bc-42b4-bc3a-48d6f22482c1" target="85e6c4da-4880-470e-ba9a-d1bd8db5d229" id="edge0" length="0"/><nex:edge source="fbf1f6af-e2bc-42b4-bc3a-48d6f22482c1" target="069d729d-12d5-42cb-80dc-13b1005138ff" id="edge1" length="0"/><nex:edge source="85e6c4da-4880-470e-ba9a-d1bd8db5d229" target="866ecf8a-fb57-434e-a730-12fd2d799fa1" id="edge2" length="0.49999999999999983"/><nex:edge source="85e6c4da-4880-470e-ba9a-d1bd8db5d229" target="2e2bc3c0-7a21-4a04-94a8-678bf62f2035" id="edge3" length="0"/><nex:edge source="069d729d-12d5-42cb-80dc-13b1005138ff" target="882e601c-f18b-4aba-b806-23da3b09a73a" id="edge4" length="5.551115123125783e-17"/><nex:edge source="069d729d-12d5-42cb-80dc-13b1005138ff" target="d41a5b0f-a232-4e01-a5e8-38313d73119f" id="edge5" length="5.551115123125783e-17"/><nex:edge source="2e2bc3c0-7a21-4a04-94a8-678bf62f2035" target="220c66bd-a0f9-4769-b217-5794281b0755" id="edge6" length="1"/><nex:edge source="2e2bc3c0-7a21-4a04-94a8-678bf62f2035" target="0fb010c3-b026-4546-beef-4a4dc82ef64a" id="edge7" length="0"/></nex:tree></nex:trees></nex:nexml></stemma>
    </xenoData>
  </teiHeader>
<TEI n="NE"><text><cl><w n="0" lemma="tri"> tri</w><w n="1">dhai</w><w n="2" lemma="vāṃ">vāñ</w><w n="3">ja</w><w n="4">na</w><w n="5">saṃ</w><w n="6">yo</w><w n="7" lemma="gaḥ">go </w></cl><cl><w n="8">gu</w><w n="9">ḍi</w><w n="10">kā</w><w n="11">ra</w><w n="12">sa</w><w n="13">cū</w><w n="14" lemma="rṇa">rṇṇa</w><w n="15"/><w n="16"/><w n="17"/><w n="18"/><w n="19"/><w n="20"/><w n="21"/><w n="22"/><w n="23" lemma="taḥ">taḥ | </w></cl><cl><w n="24">ya</w><w n="25">thā</w><w n="26">pū</w><w n="27" lemma="rvaṃ">rvaṃ </w></cl><cl><w n="28">ba</w><w n="29" lemma="laṃ">laṃ </w></cl><cl><w n="30">te</w><w n="31" lemma="ṣu">ṣu </w></cl><cl><w n="32">śre</w><w n="33" lemma="ṣṭhaṃ">ṣṭham </w></cl><cl><w n="34">ā</w><w n="35" lemma="huḥ">hur </w></cl><cl><w n="36">ma</w><w n="37">nī</w><w n="38">ṣi</w><w n="39" lemma="ṇaḥ">ṇaḥ | </w></cl></text></TEI><TEI n="A"><text><cl><w n="0" lemma=""> </w><w n="1"/><w n="2"/><w n="3"/><w n="4"/><w n="5"/><w n="6"/><w n="7"/></cl><cl><w n="8">gu</w><w n="9">ṭi</w><w n="10">kā</w><w n="11">ra</w><w n="12">sa</w><w n="13">cū</w><w n="14">rṇā</w><w n="15" lemma="ni">ni </w><w n="16">tri</w><w n="17">vi</w><w n="18">dhā</w><w n="19" lemma="nyaṃ">nyañ</w><w n="20">ja</w><w n="21">nā</w><w n="22" lemma="ni">ni </w><w n="23" lemma="tu">tu | </w></cl><cl><w n="24">ya</w><w n="25">thā</w><w n="26">pū</w><w n="27" lemma="rvaṃ">rvaṃ </w></cl><cl><w n="28">ba</w><w n="29" lemma="laṃ">laṃ </w></cl><cl><w n="30">te</w><w n="31" lemma="ṣāṃ">ṣāṃ </w></cl><cl><w n="32">śre</w><w n="33" lemma="ṣṭhaṃ">ṣṭham </w></cl><cl><w n="34">ā</w><w n="35" lemma="huḥ">hur </w></cl><cl><w n="36">ma</w><w n="37">nī</w><w n="38">ṣi</w><w n="39" lemma="ṇaḥ">ṇaḥ || </w></cl></text></TEI><TEI n="H"><text><cl><w n="0" lemma="tri"> tri</w><w n="1">dhai</w><w n="2" lemma="vāṃ">vāñ</w><w n="3">ja</w><w n="4">na</w><w n="5">saṃ</w><w n="6">yo</w><w n="7" lemma="gaḥ">go, </w></cl><cl><w n="8">gu</w><w n="9">ḍi</w><w n="10">kā</w><w n="11">ra</w><w n="12">sa</w><w n="13">cū</w><w n="14" lemma="rṇa">rṇṇa</w><w n="15"/><w n="16"/><w n="17"/><w n="18"/><w n="19"/><w n="20"/><w n="21"/><w n="22"/><w n="23" lemma="taḥ">taḥ || </w></cl><cl><w n="24">ya</w><w n="25">thā</w><w n="26">pū</w><w n="27" lemma="rvaṃ">rvvam </w></cl><cl><w n="28">ba</w><w n="29" lemma="laṃ">lan </w></cl><cl><w n="30">te</w><w n="31" lemma="ṣu">ṣu , </w></cl><cl><w n="32">śre</w><w n="33" lemma="ṣṭhaṃ">ṣṭham </w></cl><cl><w n="34">ā</w><w n="35" lemma="huḥ">hur </w></cl><cl><w n="36" lemma="ma">mma</w><w n="37">nī</w><w n="38">ṣi</w><w n="39" lemma="ṇaḥ">ṇaḥ | </w></cl></text></TEI><TEI n="Kac"><text><cl><w n="0" lemma="tri"> tri</w><w n="1">dhai</w><w n="2" lemma="vāṃ">vāñ</w><w n="3">ja</w><w n="4">na</w><w n="5">saṃ</w><w n="6">yo</w><w n="7" lemma="gaḥ">go </w></cl><cl><w n="8">gu</w><w n="9">ḍi</w><w n="10">kā</w><w n="11">ra</w><w n="12">sa</w><w n="13">cū</w><w n="14" lemma="rṇa">rṇṇa</w><w n="15"/><w n="16"/><w n="17"/><w n="18"/><w n="19"/><w n="20"/><w n="21"/><w n="22"/><w n="23" lemma="taḥ">taḥ | </w></cl><cl><w n="24">ya</w><w n="25">thā</w><w n="26">pū</w><w n="27" lemma="rvaṃ">rvaṃ </w></cl><cl><w n="28">ba</w><w n="29" lemma="laṃ">laṃ </w></cl><cl><w n="30">te</w><w n="31" lemma="ṣu">ṣu </w></cl><cl><w n="32">śre</w><w n="33" lemma="ṣṭhaṃ">ṣṭham </w></cl><cl><w n="34">ā</w><w n="35" lemma="huḥ">hur </w></cl><cl><w n="36">ma</w><w n="37">nī</w><w n="38">ṣi</w><w n="39" lemma="ṇiḥ">ṇi ḥ | </w></cl></text></TEI><TEI n="Kpc"><text><cl><w n="0" lemma="tri"> tri</w><w n="1">dhai</w><w n="2" lemma="vāṃ">vāñ</w><w n="3">ja</w><w n="4">na</w><w n="5">saṃ</w><w n="6">yo</w><w n="7" lemma="gaḥ">go </w></cl><cl><w n="8">gu</w><w n="9">ḍi</w><w n="10">kā</w><w n="11">ra</w><w n="12">sa</w><w n="13">cū</w><w n="14" lemma="rṇa">rṇṇa</w><w n="15"/><w n="16"/><w n="17"/><w n="18"/><w n="19"/><w n="20"/><w n="21"/><w n="22"/><w n="23" lemma="taḥ">taḥ | </w></cl><cl><w n="24">ya</w><w n="25">thā</w><w n="26">pū</w><w n="27" lemma="rvaṃ">rvaṃ </w></cl><cl><w n="28">ba</w><w n="29" lemma="laṃ">laṃ </w></cl><cl><w n="30">te</w><w n="31" lemma="ṣu">ṣu </w></cl><cl><w n="32">śre</w><w n="33" lemma="ṣṭhaṃ">ṣṭham </w></cl><cl><w n="34">ā</w><w n="35" lemma="huḥ">hur </w></cl><cl><w n="36">ma</w><w n="37">nī</w><w n="38">ṣi</w><w n="39" lemma="ṇaḥ">ṇ aḥ | </w></cl></text></TEI></teiCorpus>