<?xml version="1.0" encoding="UTF-8"?>
<teiCorpus xmlns="http://www.tei-c.org/ns/1.0" xml:lang="sa-Latn">
  <teiHeader>
<listWit>
<witness xml:id="A" source="06-ut-vulgate-1938-1-30.xml">
<abbr>A</abbr>
<expan>Printed edition: Ācārya 1938: Uttaratantra 1-30</expan>
</witness>
<witness xml:id="K" source="kl_699_uttaratantra-1-30.xml">
<abbr>K</abbr>
<expan>MSS Kathmandu KL 699: Uttaratantra</expan>
<listWit>
<witness xml:id="Kac" n="ac">
<abbr>Kac</abbr>
<expan>MSS Kathmandu KL 699: Uttaratantra [ante correctionem]</expan>
</witness>
<witness xml:id="Kpc" n="pc">
<abbr type="siglum">Kpc</abbr>
<expan>MSS Kathmandu KL 699: Uttaratantra [post correctionem]</expan>
</witness>
</listWit>
</witness>
<witness xml:id="H" source="nak_5-333_uttaratantra-1-30.xml">
<abbr>H</abbr>
<expan>MS Kathmandu NAK 5-333, Uttaratantra</expan>
<listWit>
<witness xml:id="Hac" n="ac">
<abbr>Hac</abbr>
<expan>MS Kathmandu NAK 5-333, Uttaratantra [ante correctionem]</expan>
</witness>
<witness xml:id="Hpc" n="pc">
<abbr type="siglum">Hpc</abbr>
<expan>MS Kathmandu NAK 5-333, Uttaratantra [post correctionem]</expan>
</witness>
</listWit>
</witness>
<witness xml:id="NE" source="provisional-edition_uttaratantra-1-30.xml">
<abbr>NE</abbr>
<expan>The Nepalese Version of the Suśrutasaṃhitā, uttaratantra 1-30, based on the
                    Nepalese MSS</expan>
</witness>
</listWit>
    <encodingDesc>
      <editorialDecl>
        <segmentation>
          <ab type="tokenization">aksara</ab>
          <ab type="blockid">SS.6.17.10</ab>
          <ab type="targetedition">NE</ab>
          <ab type="scoring">
            <ab type="match">1</ab>
            <ab type="mismatch">-1</ab>
            <ab type="gapopen">-2</ab>
            <ab type="gapextend">-0.25</ab>
            <ab type="recursive">true</ab>
            <ab type="realigndepth">20</ab>
            <ab type="distancefunction">ngrams</ab>
            
          </ab>
        </segmentation>
        <normalization method="markup">
<ab>ignore punctuation</ab>
<ab>candrabindu as anusvāra</ab>
<ab>geminated aspirated consonants</ab>
<ab>geminated m after h</ab>
<ab>geminated t</ab>
<ab>geminated consonants after r</ab>
<ab>final nasal variants</ab>
<ab>internal nasal variants</ab>
<ab>final anusvāra variants</ab>
<ab>visarga aḥ before voiced consonants</ab>
<ab>visarga aḥ before vowels</ab>
<ab>visarga aḥ before unvoiced consonants and space + anusvāra</ab>
<ab>visarga āḥ variants</ab>
<ab>other visarga variants</ab>
<ab>superfluous avagrahas</ab>
<ab>double avagrahas</ab>
<ab>avagrahas to short a</ab>
<ab>internal visarga variants</ab>
<ab>final au/āv</ab>
<ab>final su</ab>
<ab>final i</ab>
<ab>kcch/kś</ab>
<ab>cś/tś</ab>
<ab>cch/ch</ab>
<ab>final t + hi</ab>
<ab>final t + voiced syllable</ab>
<ab>final t + n/m</ab>
<ab>final t + c/j</ab>
<ab>i/y + vowel</ab>
<ab>bhd for bdh</ab>
<ab>remove spaces</ab>
        </normalization>
        <ab type="tagfilters">
<tag subtype="ignore">pc</tag>
<tag subtype="ignore">head</tag>
<tag subtype="ignore">label</tag>
<tag subtype="ignore">note</tag>
<tag subtype="ignore">num</tag>
<tag subtype="ignore">locus</tag>
<tag subtype="ignore">supplied</tag>
<tag subtype="ignore">surplus</tag>
        </ab>
      </editorialDecl>
    </encodingDesc>
    <xenoData>
      <stemma format="nexml" id="stemma0"><nex:nexml xmlns:nex="http://www.nexml.org/2009" version="0.9"><nex:otus id="otus1"><nex:otu id="otu0" label="K"/><nex:otu id="otu1" label="H"/><nex:otu id="otu2" label="A"/><nex:otu id="otu3" label="NE"/></nex:otus><nex:trees otus="otus1" id="trees1"><nex:tree id="guidetree" label="guidetree" xsi:type="nex:FloatTree" xmlns:xsi="http://www.w3.org/2001/XMLSchema-instance"><nex:node id="3d091d43-03c5-4cd7-a60f-f360597b5ae8" root="true"/><nex:node id="b2235af9-3daa-4b4a-8267-ce383af42a9c"/><nex:node id="9288f8c7-7986-4ba4-a960-a9b20da96203" label="K" otu="otu2"/><nex:node id="147c4422-5e3b-42e8-b118-3a20b3b1bbc4" label="H" otu="otu3"/><nex:node id="06f9440c-853a-45b5-a667-b02e0f19e740"/><nex:node id="40d9e6c0-f74c-42eb-8787-f0192575c5cb" label="A" otu="otu5"/><nex:node id="daf06483-5236-4f4a-8ef9-fca48fba6c4c" label="NE" otu="otu6"/><nex:edge source="3d091d43-03c5-4cd7-a60f-f360597b5ae8" target="b2235af9-3daa-4b4a-8267-ce383af42a9c" id="edge0" length="0.022712580772435875"/><nex:edge source="3d091d43-03c5-4cd7-a60f-f360597b5ae8" target="06f9440c-853a-45b5-a667-b02e0f19e740" id="edge1" length="0.022712580772435875"/><nex:edge source="b2235af9-3daa-4b4a-8267-ce383af42a9c" target="9288f8c7-7986-4ba4-a960-a9b20da96203" id="edge2" length="0.4458086979650857"/><nex:edge source="b2235af9-3daa-4b4a-8267-ce383af42a9c" target="147c4422-5e3b-42e8-b118-3a20b3b1bbc4" id="edge3" length="0.351258609233569"/><nex:edge source="06f9440c-853a-45b5-a667-b02e0f19e740" target="40d9e6c0-f74c-42eb-8787-f0192575c5cb" id="edge4" length="0.5083596484842553"/><nex:edge source="06f9440c-853a-45b5-a667-b02e0f19e740" target="daf06483-5236-4f4a-8ef9-fca48fba6c4c" id="edge5" length="0.389883133381313"/></nex:tree></nex:trees></nex:nexml></stemma>
    </xenoData>
  </teiHeader>
<TEI n="K"><text><cl><w n="0" lemma="aṃ"> añ</w><w n="1">ja</w><w n="2">ye</w><w n="3" lemma="tvau">d vāv </w></cl><cl><w n="4">a</w><w n="5" lemma="pi">pi </w></cl><cl><w n="6">bhi</w><w n="7">ṣa</w><w n="8" lemma="kpi">k pi</w><w n="9" lemma="ta">tta</w><w n="10">sme</w><w n="11">ṣma</w><w n="12">vi</w><w n="13">bhā</w><w n="14">vi</w><w n="15" lemma="tau">tau | </w></cl><cl><w n="16">ha</w><w n="17">re</w><w n="18">ṇa</w><w n="19" lemma="vaḥ">vo </w></cl><cl><w n="20"/><w n="21">mra</w><w n="22" lemma="jaṃ">jam</w><w n="23">bū</w><w n="24"/><w n="25" lemma="bhyāṃ">bhyāṃ </w></cl><cl><w n="26">pu</w><w n="27">ṣpa</w><w n="28">sva</w><w n="29">ra</w><w n="30" lemma="saṃ">sam </w></cl><cl><w n="31">e</w><w n="32" lemma="va">va </w></cl><cl><w n="33" lemma="ca">ca |</w><w n="34"/><w n="35"/><w n="36"/></cl></text></TEI><TEI n="H"><text><cl><w n="0" lemma="aṃ"> añ</w><w n="1">ja</w><w n="2">ye</w><w n="3" lemma="tvau">d vāv </w></cl><cl><w n="4">a</w><w n="5" lemma="pi">pi </w></cl><cl><w n="6">bhi</w><w n="7">ṣa</w><w n="8" lemma="kpi">k pi</w><w n="9" lemma="ta">tta</w><w n="10">śle</w><w n="11">ṣma</w><w n="12">vi</w><w n="13">bhi</w><w n="14">vi</w><w n="15" lemma="tau">tau | </w></cl><cl><w n="16">ha</w><w n="17">re</w><w n="18">ṇa</w><w n="19" lemma="vaḥ">vo </w></cl><cl><w n="20" lemma="a">'</w><w n="21">mra</w><w n="22" lemma="jaṃ">jam</w><w n="23">bū</w><w n="24"/><w n="25" lemma="bhyāṃ">bhyāṃ </w></cl><cl><w n="26">pu</w><w n="27">ṣpa</w><w n="28">sva</w><w n="29">ra</w><w n="30" lemma="saṃ">sam </w></cl><cl><w n="31">e</w><w n="32" lemma="va">va </w></cl><cl><w n="33" lemma="ca">ca </w><w n="34"/><w n="35"/><w n="36"/></cl></text></TEI><TEI n="A"><text><cl><w n="0" lemma="aṃ"> añ</w><w n="1">ja</w><w n="2">ye</w><w n="3" lemma="tdvau">d dvāv </w></cl><cl><w n="4">a</w><w n="5" lemma="pi">pi </w></cl><cl><w n="6">bhi</w><w n="7">ṣa</w><w n="8" lemma="kpi">k pi</w><w n="9" lemma="ta">tta</w><w n="10">śle</w><w n="11">ṣma</w><w n="12">vi</w><w n="13">bhā</w><w n="14">vi</w><w n="15" lemma="tau">tau | </w></cl><cl><w n="16"/><w n="17"/><w n="18"/><w n="19"/></cl><cl><w n="20">ā</w><w n="21">mra</w><w n="22" lemma="jaṃ">jam</w><w n="23">bū</w><w n="24">dbha</w><w n="25" lemma="vaṃ">vaṃ </w></cl><cl><w n="26">pu</w><w n="27" lemma="ṣpaṃ">ṣpaṃ </w><w n="28">ta</w><w n="29">dra</w><w n="30"/></cl><cl><w n="31">se</w><w n="32" lemma="na">na </w></cl><cl><w n="33">ha</w><w n="34">re</w><w n="35">ṇu</w><w n="36" lemma="kāṃ">kām || </w></cl></text></TEI><TEI n="NE"><text><cl><w n="0" lemma="aṃ"> añ</w><w n="1">ja</w><w n="2">ye</w><w n="3" lemma="tdvau">d dvāv </w></cl><cl><w n="4">a</w><w n="5" lemma="pi">pi </w></cl><cl><w n="6">bhi</w><w n="7">ṣa</w><w n="8" lemma="kpi">k pi</w><w n="9" lemma="ta">tta</w><w n="10">sle</w><w n="11">ṣma</w><w n="12">vi</w><w n="13">bhā</w><w n="14">vi</w><w n="15" lemma="tau">tau | </w></cl><cl><w n="16">ha</w><w n="17">re</w><w n="18">ṇa</w><w n="19" lemma="vaḥ">vo </w></cl><cl><w n="20" lemma="a">'</w><w n="21">mra</w><w n="22" lemma="jaṃ">jam</w><w n="23">bū</w><w n="24"/><w n="25" lemma="bhyāṃ">bhyāṃ </w></cl><cl><w n="26">pu</w><w n="27">ṣpa</w><w n="28">sva</w><w n="29">ra</w><w n="30" lemma="saṃ">sam </w></cl><cl><w n="31">e</w><w n="32" lemma="va">va </w></cl><cl><w n="33" lemma="ca">ca ||</w><w n="34"/><w n="35"/><w n="36"/></cl></text></TEI></teiCorpus>