<?xml version="1.0" encoding="UTF-8"?>
<teiCorpus xmlns="http://www.tei-c.org/ns/1.0" xml:lang="sa-Latn">
  <teiHeader>
<listWit>
<witness xml:id="A" source="06-ut-vulgate-1938-1-30.xml">
<abbr>A</abbr>
<expan>Printed edition: Ācārya 1938: Uttaratantra 1-30</expan>
</witness>
<witness xml:id="K" source="kl_699_uttaratantra-1-30.xml">
<abbr>K</abbr>
<expan>MSS Kathmandu KL 699: Uttaratantra</expan>
<listWit>
<witness xml:id="Kac" n="ac">
<abbr>Kac</abbr>
<expan>MSS Kathmandu KL 699: Uttaratantra [ante correctionem]</expan>
</witness>
<witness xml:id="Kpc" n="pc">
<abbr type="siglum">Kpc</abbr>
<expan>MSS Kathmandu KL 699: Uttaratantra [post correctionem]</expan>
</witness>
</listWit>
</witness>
<witness xml:id="H" source="nak_5-333_uttaratantra-1-30.xml">
<abbr>H</abbr>
<expan>MS Kathmandu NAK 5-333, Uttaratantra</expan>
<listWit>
<witness xml:id="Hac" n="ac">
<abbr>Hac</abbr>
<expan>MS Kathmandu NAK 5-333, Uttaratantra [ante correctionem]</expan>
</witness>
<witness xml:id="Hpc" n="pc">
<abbr type="siglum">Hpc</abbr>
<expan>MS Kathmandu NAK 5-333, Uttaratantra [post correctionem]</expan>
</witness>
</listWit>
</witness>
<witness xml:id="NE" source="provisional-edition_uttaratantra-1-30.xml">
<abbr>NE</abbr>
<expan>The Nepalese Version of the Suśrutasaṃhitā, uttaratantra 1-30, based on the
                    Nepalese MSS</expan>
</witness>
</listWit>
    <encodingDesc>
      <editorialDecl>
        <segmentation>
          <ab type="tokenization">aksara</ab>
          <ab type="blockid">SS.6.18.89</ab>
          <ab type="targetedition">NE</ab>
          <ab type="scoring">
            <ab type="match">1</ab>
            <ab type="mismatch">-1</ab>
            <ab type="gapopen">-2</ab>
            <ab type="gapextend">-0.25</ab>
            <ab type="recursive">true</ab>
            <ab type="realigndepth">20</ab>
            <ab type="distancefunction">ngrams</ab>
            
          </ab>
        </segmentation>
        <normalization method="markup">
<ab>ignore punctuation</ab>
<ab>candrabindu as anusvāra</ab>
<ab>geminated aspirated consonants</ab>
<ab>geminated m after h</ab>
<ab>geminated t</ab>
<ab>geminated consonants after r</ab>
<ab>final nasal variants</ab>
<ab>internal nasal variants</ab>
<ab>final anusvāra variants</ab>
<ab>visarga aḥ before voiced consonants</ab>
<ab>visarga aḥ before vowels</ab>
<ab>visarga aḥ before unvoiced consonants and space + anusvāra</ab>
<ab>visarga āḥ variants</ab>
<ab>other visarga variants</ab>
<ab>superfluous avagrahas</ab>
<ab>double avagrahas</ab>
<ab>avagrahas to short a</ab>
<ab>internal visarga variants</ab>
<ab>final au/āv</ab>
<ab>final su</ab>
<ab>final i</ab>
<ab>kcch/kś</ab>
<ab>cś/tś</ab>
<ab>cch/ch</ab>
<ab>final t + hi</ab>
<ab>final t + voiced syllable</ab>
<ab>final t + n/m</ab>
<ab>final t + c/j</ab>
<ab>i/y + vowel</ab>
<ab>bhd for bdh</ab>
<ab>remove spaces</ab>
        </normalization>
        <ab type="tagfilters">
<tag subtype="ignore">pc</tag>
<tag subtype="ignore">head</tag>
<tag subtype="ignore">label</tag>
<tag subtype="ignore">note</tag>
<tag subtype="ignore">num</tag>
<tag subtype="ignore">locus</tag>
<tag subtype="ignore">supplied</tag>
<tag subtype="ignore">surplus</tag>
        </ab>
      </editorialDecl>
    </encodingDesc>
    <xenoData>
      <stemma format="nexml" id="stemma0"><nex:nexml xmlns:nex="http://www.nexml.org/2009" version="0.9"><nex:otus id="otus1"><nex:otu id="otu0" label="A"/><nex:otu id="otu1" label="H"/><nex:otu id="otu2" label="K"/><nex:otu id="otu3" label="NE"/></nex:otus><nex:trees otus="otus1" id="trees1"><nex:tree id="guidetree" label="guidetree" xsi:type="nex:FloatTree" xmlns:xsi="http://www.w3.org/2001/XMLSchema-instance"><nex:node id="9fab803d-cccd-4874-9fb6-f53c41f24510" root="true"/><nex:node id="dc7c44e4-c418-4676-a448-4f42bb61983c"/><nex:node id="f2519ff8-b65e-4192-92fa-d315dc2ad0da" label="A" otu="otu2"/><nex:node id="dbab0ec7-38bd-4818-9880-ed08231dab69" label="H" otu="otu3"/><nex:node id="925c4f2b-3a63-41aa-9faa-db53d9b65b71"/><nex:node id="c4216150-302f-4d29-b112-9624f01eccd3" label="K" otu="otu5"/><nex:node id="ac7b9521-6402-485d-b4ea-14f0a92dc729" label="NE" otu="otu6"/><nex:edge source="9fab803d-cccd-4874-9fb6-f53c41f24510" target="dc7c44e4-c418-4676-a448-4f42bb61983c" id="edge0" length="0.2158804713668176"/><nex:edge source="9fab803d-cccd-4874-9fb6-f53c41f24510" target="925c4f2b-3a63-41aa-9faa-db53d9b65b71" id="edge1" length="0.2158804713668176"/><nex:edge source="dc7c44e4-c418-4676-a448-4f42bb61983c" target="f2519ff8-b65e-4192-92fa-d315dc2ad0da" id="edge2" length="0.5538704753534565"/><nex:edge source="dc7c44e4-c418-4676-a448-4f42bb61983c" target="dbab0ec7-38bd-4818-9880-ed08231dab69" id="edge3" length="0.44612952464654354"/><nex:edge source="925c4f2b-3a63-41aa-9faa-db53d9b65b71" target="c4216150-302f-4d29-b112-9624f01eccd3" id="edge4" length="0"/><nex:edge source="925c4f2b-3a63-41aa-9faa-db53d9b65b71" target="ac7b9521-6402-485d-b4ea-14f0a92dc729" id="edge5" length="0"/></nex:tree></nex:trees></nex:nexml></stemma>
    </xenoData>
  </teiHeader>
<TEI n="A"><text><cl><w n="0" lemma="sā"> sā</w><w n="1">ri</w><w n="2">vā</w><w n="3">di</w><w n="4">ka</w><w n="5">ṣā</w><w n="6" lemma="ye">ye </w><w n="7" lemma="ca">ca </w><w n="8">ka</w><w n="9">ṣā</w><w n="10" lemma="ye">ye </w></cl><cl><w n="11">co</w><w n="12">tpa</w><w n="13">lā</w><w n="14">di</w></cl><cl><w n="15"/><w n="16"/><w n="17"/><w n="18"/><w n="19" lemma="ke">ke | </w></cl><cl><w n="20">ni</w><w n="21">ṣe</w><w n="22">ca</w><w n="23">ye</w><w n="24" lemma="tpṛ">t pṛ</w><w n="25">tha</w><w n="26" lemma="kcai">k cai</w><w n="27" lemma="naṃ">naṃ </w></cl><cl><w n="28">dhmā</w><w n="29" lemma="taṃ">taṃ </w></cl><cl><w n="30">dhmā</w><w n="31" lemma="taṃ">taṃ </w></cl><cl><w n="32">pu</w><w n="33" lemma="naḥ">naḥ </w></cl><cl><w n="34">pu</w><w n="35" lemma="naḥ">naḥ || </w></cl></text></TEI><TEI n="H"><text><cl><w n="0" lemma="sā"> sā</w><w n="1">ri</w><w n="2">vā</w><w n="3">di</w><w n="4">ka</w><w n="5">ṣā</w><w n="6">ye</w><w n="7"/><w n="8"/><w n="9"/><w n="10" lemma="ṣu">ṣu </w></cl><cl><w n="11">u</w><w n="12">tpa</w><w n="13">lā</w><w n="14" lemma="deḥ">des </w></cl><cl><w n="15">ta</w><w n="16">thai</w><w n="17" lemma="va">va </w><w n="18" lemma="ca">ca ,| </w><w n="19"/></cl><cl><w n="20">ni</w><w n="21">ṣe</w><w n="22">ca</w><w n="23">ye</w><w n="24" lemma="tpu">t pu</w><w n="25" lemma="naḥ">nas </w><w n="26" lemma="tve">tv e</w><w n="27" lemma="naṃ">naṃ , </w></cl><cl><w n="28" lemma="dhāṃ">dhān</w><w n="29" lemma="taṃ">taṃ </w></cl><cl><w n="30" lemma="dhāṃ">dhān</w><w n="31" lemma="taṃ">taṃ </w></cl><cl><w n="32">pu</w><w n="33" lemma="naḥ">naḥ </w></cl><cl><w n="34">pu</w><w n="35" lemma="naḥ">naḥ || </w></cl></text></TEI><TEI n="K"><text><cl><w n="0" lemma="sā"> sā</w><w n="1">ri</w><w n="2">vā</w><w n="3">di</w><w n="4">ka</w><w n="5">ṣā</w><w n="6">ye</w><w n="7"/><w n="8"/><w n="9"/><w n="10" lemma="ṣu">ṣu </w></cl><cl><w n="11">u</w><w n="12">tpa</w><w n="13">lā</w><w n="14" lemma="dau">dau </w></cl><cl><w n="15">ta</w><w n="16">thai</w><w n="17" lemma="va">va </w><w n="18" lemma="ca">ca | </w><w n="19"/></cl><cl><w n="20">ni</w><w n="21">ṣe</w><w n="22">ca</w><w n="23">ye</w><w n="24" lemma="tpṛ">t pṛ</w><w n="25">tha</w><w n="26" lemma="kvai">k vai</w><w n="27" lemma="naṃ">naṃ </w></cl><cl><w n="28" lemma="dhāṃ">dhān</w><w n="29" lemma="taṃ">taṃ </w></cl><cl><w n="30" lemma="dhāṃ">dhān</w><w n="31" lemma="taṃ">taṃ </w></cl><cl><w n="32">pu</w><w n="33" lemma="naḥ">naḥ </w></cl><cl><w n="34">pu</w><w n="35" lemma="naḥ">naḥ | </w></cl></text></TEI><TEI n="NE"><text><cl><w n="0" lemma="sā"> sā</w><w n="1">ri</w><w n="2">vā</w><w n="3">di</w><w n="4">ka</w><w n="5">ṣā</w><w n="6">ye</w><w n="7"/><w n="8"/><w n="9"/><w n="10" lemma="ṣu">ṣu </w></cl><cl><w n="11">u</w><w n="12">tpa</w><w n="13">lā</w><w n="14" lemma="dau">dau </w></cl><cl><w n="15">ta</w><w n="16">thai</w><w n="17" lemma="va">va </w><w n="18" lemma="ca">ca | </w><w n="19"/></cl><cl><w n="20">ni</w><w n="21">ṣe</w><w n="22">ca</w><w n="23">ye</w><w n="24" lemma="tpṛ">t pṛ</w><w n="25">tha</w><w n="26" lemma="kvai">k vai</w><w n="27" lemma="naṃ">naṃ </w></cl><cl><w n="28" lemma="dhāṃ">dhān</w><w n="29" lemma="taṃ">taṃ </w></cl><cl><w n="30" lemma="dhāṃ">dhān</w><w n="31" lemma="taṃ">taṃ </w></cl><cl><w n="32">pu</w><w n="33" lemma="naḥ">naḥ </w></cl><cl><w n="34">pu</w><w n="35" lemma="naḥ">naḥ | </w></cl></text></TEI></teiCorpus>