<?xml version="1.0" encoding="UTF-8"?>
<teiCorpus xmlns="http://www.tei-c.org/ns/1.0" xml:lang="sa-Latn">
  <teiHeader>
<listWit>
<witness xml:id="A" source="06-ut-vulgate-1938-1-30.xml">
<abbr>A</abbr>
<expan>Printed edition: Ācārya 1938: Uttaratantra 1-30</expan>
</witness>
<witness xml:id="K" source="kl_699_uttaratantra-1-30.xml">
<abbr>K</abbr>
<expan>MSS Kathmandu KL 699: Uttaratantra</expan>
<listWit>
<witness xml:id="Kac" n="ac">
<abbr>Kac</abbr>
<expan>MSS Kathmandu KL 699: Uttaratantra [ante correctionem]</expan>
</witness>
<witness xml:id="Kpc" n="pc">
<abbr type="siglum">Kpc</abbr>
<expan>MSS Kathmandu KL 699: Uttaratantra [post correctionem]</expan>
</witness>
</listWit>
</witness>
<witness xml:id="H" source="nak_5-333_uttaratantra-1-30.xml">
<abbr>H</abbr>
<expan>MS Kathmandu NAK 5-333, Uttaratantra</expan>
<listWit>
<witness xml:id="Hac" n="ac">
<abbr>Hac</abbr>
<expan>MS Kathmandu NAK 5-333, Uttaratantra [ante correctionem]</expan>
</witness>
<witness xml:id="Hpc" n="pc">
<abbr type="siglum">Hpc</abbr>
<expan>MS Kathmandu NAK 5-333, Uttaratantra [post correctionem]</expan>
</witness>
</listWit>
</witness>
<witness xml:id="NE" source="provisional-edition_uttaratantra-1-30.xml">
<abbr>NE</abbr>
<expan>The Nepalese Version of the Suśrutasaṃhitā, uttaratantra 1-30, based on the
                    Nepalese MSS</expan>
</witness>
</listWit>
    <encodingDesc>
      <editorialDecl>
        <segmentation>
          <ab type="tokenization">aksara</ab>
          <ab type="blockid">SS.6.15.8</ab>
          <ab type="targetedition">NE</ab>
          <ab type="scoring">
            <ab type="match">1</ab>
            <ab type="mismatch">-1</ab>
            <ab type="gapopen">-2</ab>
            <ab type="gapextend">-0.25</ab>
            <ab type="recursive">true</ab>
            <ab type="realigndepth">20</ab>
            <ab type="distancefunction">ngrams</ab>
            
          </ab>
        </segmentation>
        <normalization method="markup">
<ab>ignore punctuation</ab>
<ab>candrabindu as anusvāra</ab>
<ab>geminated aspirated consonants</ab>
<ab>geminated m after h</ab>
<ab>geminated t</ab>
<ab>geminated consonants after r</ab>
<ab>final nasal variants</ab>
<ab>internal nasal variants</ab>
<ab>final anusvāra variants</ab>
<ab>visarga aḥ before voiced consonants</ab>
<ab>visarga aḥ before vowels</ab>
<ab>visarga aḥ before unvoiced consonants and space + anusvāra</ab>
<ab>visarga āḥ variants</ab>
<ab>other visarga variants</ab>
<ab>superfluous avagrahas</ab>
<ab>double avagrahas</ab>
<ab>avagrahas to short a</ab>
<ab>internal visarga variants</ab>
<ab>final au/āv</ab>
<ab>final su</ab>
<ab>final i</ab>
<ab>kcch/kś</ab>
<ab>cś/tś</ab>
<ab>cch/ch</ab>
<ab>final t + hi</ab>
<ab>final t + voiced syllable</ab>
<ab>final t + n/m</ab>
<ab>final t + c/j</ab>
<ab>i/y + vowel</ab>
<ab>bhd for bdh</ab>
<ab>remove spaces</ab>
        </normalization>
        <ab type="tagfilters">
<tag subtype="ignore">pc</tag>
<tag subtype="ignore">head</tag>
<tag subtype="ignore">label</tag>
<tag subtype="ignore">note</tag>
<tag subtype="ignore">num</tag>
<tag subtype="ignore">locus</tag>
<tag subtype="ignore">supplied</tag>
<tag subtype="ignore">surplus</tag>
        </ab>
      </editorialDecl>
    </encodingDesc>
    <xenoData>
      <stemma format="nexml" id="stemma0"><nex:nexml xmlns:nex="http://www.nexml.org/2009" version="0.9"><nex:otus id="otus1"><nex:otu id="otu0" label="A"/><nex:otu id="otu1" label="H"/><nex:otu id="otu2" label="K"/><nex:otu id="otu3" label="NE"/></nex:otus><nex:trees otus="otus1" id="trees1"><nex:tree id="guidetree" label="guidetree" xsi:type="nex:FloatTree" xmlns:xsi="http://www.w3.org/2001/XMLSchema-instance"><nex:node id="410b6262-d7a9-46a3-9db8-ae63586aea17" root="true"/><nex:node id="9e7bc7f0-0db6-416a-9c09-3036c94c6d14"/><nex:node id="2626f6d5-b13e-4d18-8a65-f7f62dd77680" label="A" otu="otu2"/><nex:node id="225a3024-e76a-4cea-851d-e3e57ae08cf5" label="H" otu="otu3"/><nex:node id="d8e2491c-5df4-4971-b6f5-7c5a18d29ba1"/><nex:node id="31c6c1e2-2210-482e-ba1c-b808256dc0d7" label="K" otu="otu5"/><nex:node id="445290af-c22e-4b08-96e5-d12262a4017d" label="NE" otu="otu6"/><nex:edge source="410b6262-d7a9-46a3-9db8-ae63586aea17" target="9e7bc7f0-0db6-416a-9c09-3036c94c6d14" id="edge0" length="0.2437353319458251"/><nex:edge source="410b6262-d7a9-46a3-9db8-ae63586aea17" target="d8e2491c-5df4-4971-b6f5-7c5a18d29ba1" id="edge1" length="0.2437353319458251"/><nex:edge source="9e7bc7f0-0db6-416a-9c09-3036c94c6d14" target="2626f6d5-b13e-4d18-8a65-f7f62dd77680" id="edge2" length="0.5125293361083498"/><nex:edge source="9e7bc7f0-0db6-416a-9c09-3036c94c6d14" target="225a3024-e76a-4cea-851d-e3e57ae08cf5" id="edge3" length="0.35743546447229846"/><nex:edge source="d8e2491c-5df4-4971-b6f5-7c5a18d29ba1" target="31c6c1e2-2210-482e-ba1c-b808256dc0d7" id="edge4" length="0"/><nex:edge source="d8e2491c-5df4-4971-b6f5-7c5a18d29ba1" target="445290af-c22e-4b08-96e5-d12262a4017d" id="edge5" length="0"/></nex:tree></nex:trees></nex:nexml></stemma>
    </xenoData>
  </teiHeader>
<TEI n="A"><text><cl><w n="0" lemma="vi"> vi</w><w n="1">mu</w><w n="2" lemma="ktaṃ">ktaṃ </w></cl><cl><w n="3">sa</w><w n="4">rva</w><w n="5" lemma="taḥ">taś </w></cl><cl><w n="6">cā</w><w n="7" lemma="pi">pi </w></cl><cl><w n="8">kṛ</w><w n="9">ṣṇā</w><w n="10">cchu</w><w n="11">klā</w><w n="12" lemma="tca">c ca </w></cl><cl><w n="13" lemma="maṃ">maṇ</w><w n="14">ḍa</w><w n="15">lā</w><w n="16" lemma="tnī">t | nī</w><w n="17" lemma="tvā">tvā </w><w n="18">ka</w><w n="19">nī</w><w n="20">na</w><w n="21">ko</w></cl><cl><w n="22"/><w n="23" lemma="pāṃ">pān</w><w n="24"/><w n="25" lemma="taṃ">taṃ </w><w n="26" lemma="chiṃ">chin</w><w n="27" lemma="dyāṃ">dyān</w><w n="28">nā</w><w n="29">ti</w><w n="30">ka</w><w n="31">nī</w><w n="32">na</w><w n="33" lemma="kaṃ">kam || </w></cl></text></TEI><TEI n="H"><text><cl><w n="0">vi</w><w n="1">mu</w><w n="2" lemma="ktaṃ">ktaṃ </w></cl><cl><w n="3">sa</w><w n="4" lemma="rva">rvva</w><w n="5" lemma="taḥ">taś </w></cl><cl><w n="6">cā</w><w n="7" lemma="pi">pi </w></cl><cl><w n="8">kṛ</w><w n="9">ṣṇā</w><w n="10" lemma="cchu">c chu</w><w n="11">klā</w><w n="12" lemma="tca">c ca </w></cl><cl><w n="13" lemma="maṃ">maṇ</w><w n="14">ḍa</w><w n="15">lā</w><w n="16"/><w n="17"/><w n="18" lemma="tka">t | ka</w><w n="19">nī</w><w n="20">ni</w><w n="21" lemma="kaṃ">kam </w></cl><cl><w n="22">u</w><w n="23">pā</w><w n="24">nī</w><w n="25" lemma="ya">ya </w><w n="26" lemma="chiṃ">chin</w><w n="27" lemma="dyāṃ">dyān </w><w n="28">nā</w><w n="29">ti</w><w n="30">ka</w><w n="31">nī</w><w n="32">na</w><w n="33" lemma="kāṃ">kāṃ ||</w></cl></text></TEI><TEI n="K"><text><cl><w n="0">vi</w><w n="1">vi</w><w n="2" lemma="ktaṃ">ktaṃ </w></cl><cl><w n="3">sa</w><w n="4">rva</w><w n="5" lemma="taḥ">tas </w></cl><cl><w n="6">cā</w><w n="7" lemma="pi">pi </w></cl><cl><w n="8">kṛ</w><w n="9">ṣṇā</w><w n="10" lemma="cchu">c chu</w><w n="11">klā</w><w n="12" lemma="tca">c ca </w></cl><cl><w n="13" lemma="maṃ">maṇ</w><w n="14">ḍa</w><w n="15">lā</w><w n="16"/><w n="17"/><w n="18" lemma="tka">t | ka</w><w n="19">nī</w><w n="20">ni</w><w n="21" lemma="kaṃ">kam </w></cl><cl><w n="22">u</w><w n="23">pā</w><w n="24">nī</w><w n="25">ya</w><w n="26" lemma="cchiṃ">c chin</w><w n="27" lemma="dyāṃ">dyān</w><w n="28">nā</w><w n="29">ti</w><w n="30">ka</w><w n="31">nī</w><w n="32">na</w><w n="33" lemma="kaṃ">kaṃ |</w></cl></text></TEI><TEI n="NE"><text><cl><w n="0" lemma="vi"> vi</w><w n="1">vi</w><w n="2" lemma="ktaṃ">ktaṃ </w></cl><cl><w n="3">sa</w><w n="4">rva</w><w n="5" lemma="taḥ">tas </w></cl><cl><w n="6">cā</w><w n="7" lemma="pi">pi </w></cl><cl><w n="8">kṛ</w><w n="9">ṣṇā</w><w n="10" lemma="cchu">c chu</w><w n="11">klā</w><w n="12" lemma="tca">c ca </w></cl><cl><w n="13" lemma="maṃ">maṇ</w><w n="14">ḍa</w><w n="15">lā</w><w n="16"/><w n="17"/><w n="18" lemma="tka">t | ka</w><w n="19">nī</w><w n="20">ni</w><w n="21" lemma="kaṃ">kam </w></cl><cl><w n="22">u</w><w n="23">pā</w><w n="24">nī</w><w n="25">ya</w><w n="26" lemma="cchiṃ">c chin</w><w n="27" lemma="dyāṃ">dyān</w><w n="28">nā</w><w n="29">ti</w><w n="30">ka</w><w n="31">nī</w><w n="32">na</w><w n="33" lemma="kaṃ">kaṃ |</w></cl></text></TEI></teiCorpus>