<?xml version="1.0" encoding="UTF-8"?>
<teiCorpus xmlns="http://www.tei-c.org/ns/1.0" xml:lang="sa-Latn">
  <teiHeader>
<listWit>
<witness xml:id="A" source="06-ut-vulgate-1938-1-30.xml">
<abbr>A</abbr>
<expan>Printed edition: Ācārya 1938: Uttaratantra 1-30</expan>
</witness>
<witness xml:id="K" source="kl_699_uttaratantra-1-30.xml">
<abbr>K</abbr>
<expan>MSS Kathmandu KL 699: Uttaratantra</expan>
<listWit>
<witness xml:id="Kac" n="ac">
<abbr>Kac</abbr>
<expan>MSS Kathmandu KL 699: Uttaratantra [ante correctionem]</expan>
</witness>
<witness xml:id="Kpc" n="pc">
<abbr type="siglum">Kpc</abbr>
<expan>MSS Kathmandu KL 699: Uttaratantra [post correctionem]</expan>
</witness>
</listWit>
</witness>
<witness xml:id="H" source="nak_5-333_uttaratantra-1-30.xml">
<abbr>H</abbr>
<expan>MS Kathmandu NAK 5-333, Uttaratantra</expan>
<listWit>
<witness xml:id="Hac" n="ac">
<abbr>Hac</abbr>
<expan>MS Kathmandu NAK 5-333, Uttaratantra [ante correctionem]</expan>
</witness>
<witness xml:id="Hpc" n="pc">
<abbr type="siglum">Hpc</abbr>
<expan>MS Kathmandu NAK 5-333, Uttaratantra [post correctionem]</expan>
</witness>
</listWit>
</witness>
<witness xml:id="NE" source="provisional-edition_uttaratantra-1-30.xml">
<abbr>NE</abbr>
<expan>The Nepalese Version of the Suśrutasaṃhitā, uttaratantra 1-30, based on the
                    Nepalese MSS</expan>
</witness>
</listWit>
    <encodingDesc>
      <editorialDecl>
        <segmentation>
          <ab type="tokenization">aksara</ab>
          <ab type="blockid">SS.6.13.17</ab>
          <ab type="targetedition">NE</ab>
          <ab type="scoring">
            <ab type="match">1</ab>
            <ab type="mismatch">-1</ab>
            <ab type="gapopen">-2</ab>
            <ab type="gapextend">-0.25</ab>
            <ab type="recursive">true</ab>
            <ab type="realigndepth">20</ab>
            <ab type="distancefunction">ngrams</ab>
            
          </ab>
        </segmentation>
        <normalization method="markup">
<ab>ignore punctuation</ab>
<ab>candrabindu as anusvāra</ab>
<ab>geminated aspirated consonants</ab>
<ab>geminated m after h</ab>
<ab>geminated t</ab>
<ab>geminated consonants after r</ab>
<ab>final nasal variants</ab>
<ab>internal nasal variants</ab>
<ab>final anusvāra variants</ab>
<ab>visarga aḥ before voiced consonants</ab>
<ab>visarga aḥ before vowels</ab>
<ab>visarga aḥ before unvoiced consonants and space + anusvāra</ab>
<ab>visarga āḥ variants</ab>
<ab>other visarga variants</ab>
<ab>superfluous avagrahas</ab>
<ab>double avagrahas</ab>
<ab>avagrahas to short a</ab>
<ab>internal visarga variants</ab>
<ab>final au/āv</ab>
<ab>final su</ab>
<ab>final i</ab>
<ab>kcch/kś</ab>
<ab>cś/tś</ab>
<ab>cch/ch</ab>
<ab>final t + hi</ab>
<ab>final t + voiced syllable</ab>
<ab>final t + n/m</ab>
<ab>final t + c/j</ab>
<ab>i/y + vowel</ab>
<ab>bhd for bdh</ab>
<ab>remove spaces</ab>
        </normalization>
        <ab type="tagfilters">
<tag subtype="ignore">pc</tag>
<tag subtype="ignore">head</tag>
<tag subtype="ignore">label</tag>
<tag subtype="ignore">note</tag>
<tag subtype="ignore">num</tag>
<tag subtype="ignore">locus</tag>
<tag subtype="ignore">supplied</tag>
<tag subtype="ignore">surplus</tag>
        </ab>
      </editorialDecl>
    </encodingDesc>
    <xenoData>
      <stemma format="nexml" id="stemma0"><nex:nexml xmlns:nex="http://www.nexml.org/2009" version="0.9"><nex:otus id="otus1"><nex:otu id="otu0" label="H"/><nex:otu id="otu1" label="K"/><nex:otu id="otu2" label="A"/><nex:otu id="otu3" label="NE"/></nex:otus><nex:trees otus="otus1" id="trees1"><nex:tree id="guidetree" label="guidetree" xsi:type="nex:FloatTree" xmlns:xsi="http://www.w3.org/2001/XMLSchema-instance"><nex:node id="635d1561-031f-4c0e-a2fe-5111453f9794" root="true"/><nex:node id="afcfd0d2-cd52-41d2-92b5-de85f4d133f0"/><nex:node id="8ad305cf-8a37-485f-aba6-137d890b8716" label="H" otu="otu2"/><nex:node id="76a8a04f-d07c-4a3c-acaa-80243971d11a" label="K" otu="otu3"/><nex:node id="1727eaa5-bc03-4af6-8304-b418ed3f45ec"/><nex:node id="c258484d-afe5-4a33-96f1-96926cf6f11d" label="A" otu="otu5"/><nex:node id="f0792a43-8ace-4da7-a452-4b128f73509d" label="NE" otu="otu6"/><nex:edge source="635d1561-031f-4c0e-a2fe-5111453f9794" target="afcfd0d2-cd52-41d2-92b5-de85f4d133f0" id="edge0" length="0.06572354055891816"/><nex:edge source="635d1561-031f-4c0e-a2fe-5111453f9794" target="1727eaa5-bc03-4af6-8304-b418ed3f45ec" id="edge1" length="0.06572354055891816"/><nex:edge source="afcfd0d2-cd52-41d2-92b5-de85f4d133f0" target="8ad305cf-8a37-485f-aba6-137d890b8716" id="edge2" length="0.34958153435610184"/><nex:edge source="afcfd0d2-cd52-41d2-92b5-de85f4d133f0" target="76a8a04f-d07c-4a3c-acaa-80243971d11a" id="edge3" length="0.2509668890129576"/><nex:edge source="1727eaa5-bc03-4af6-8304-b418ed3f45ec" target="c258484d-afe5-4a33-96f1-96926cf6f11d" id="edge4" length="0.5119423971792173"/><nex:edge source="1727eaa5-bc03-4af6-8304-b418ed3f45ec" target="f0792a43-8ace-4da7-a452-4b128f73509d" id="edge5" length="0.47174046872471853"/></nex:tree></nex:trees></nex:nexml></stemma>
    </xenoData>
  </teiHeader>
<TEI n="H"><text><cl><w n="0" lemma="bhe"> bhe</w><w n="1">ve</w><w n="2" lemma="yaḥ">yar </w></cl><cl><w n="3">va</w><w n="4">rtma</w><w n="5" lemma="su">su </w><w n="6" lemma="ca">ca </w><w n="7" lemma="yā">yā </w></cl><cl><w n="8">pi</w><w n="9">ḍa</w><w n="10" lemma="kāḥ">kāḥ </w></cl><cl><w n="11">ka</w><w n="12">ṭhi</w><w n="13" lemma="nā">nā </w></cl><cl><w n="14">bhṛ</w><w n="15" lemma="śaṃ">śaṃ || </w></cl><cl><w n="16">hra</w><w n="17">svā</w><w n="18">stā</w><w n="19" lemma="mrāḥ">mrāś </w><w n="20" lemma="ca">ca </w><w n="21" lemma="tāḥ">tāḥ </w></cl><cl><w n="22">pa</w><w n="23" lemma="kvā">kvā </w></cl><cl><w n="24" lemma="bhiṃ">bhin</w><w n="25">dyā</w><w n="26">dbhi</w><w n="27" lemma="tvā">tvā </w></cl><cl><w n="28">li</w><w n="29">khe</w><w n="30" lemma="ta">d a</w><w n="31" lemma="pi">pi | </w></cl></text></TEI><TEI n="K"><text><cl><w n="0" lemma="bha"> bha</w><w n="1">ve</w><w n="2" lemma="yaḥ">yar </w></cl><cl><w n="3">va</w><w n="4">rtma</w><w n="5" lemma="su">su </w><w n="6" lemma="ca">ca </w><w n="7" lemma="yāḥ">yāḥ </w></cl><cl><w n="8">pi</w><w n="9">ḍa</w><w n="10" lemma="kāḥ">kāḥ </w></cl><cl><w n="11">ka</w><w n="12">ṭhi</w><w n="13" lemma="nā">nā </w></cl><cl><w n="14">bhṛ</w><w n="15" lemma="śaṃ">śaṃ | </w></cl><cl><w n="16">hra</w><w n="17">svā</w><w n="18">stā</w><w n="19" lemma="mrāḥ">mrāś </w><w n="20" lemma="ca">ca </w><w n="21" lemma="tāḥ">tāḥ </w></cl><cl><w n="22">pa</w><w n="23" lemma="kvā">kvā </w></cl><cl><w n="24" lemma="bhiṃ">bhin</w><w n="25">dyā</w><w n="26">dbhi</w><w n="27" lemma="tvā">tvā </w></cl><cl><w n="28">li</w><w n="29">khe</w><w n="30" lemma="ta">d a</w><w n="31" lemma="pi">pi | </w></cl></text></TEI><TEI n="A"><text><cl><w n="0" lemma="bha"> bha</w><w n="1">ve</w><w n="2">yu</w></cl><cl><w n="3">rva</w><w n="4">rtma</w><w n="5" lemma="su">su </w><w n="6" lemma="ca">ca </w><w n="7" lemma="yāḥ">yāḥ </w></cl><cl><w n="8">pi</w><w n="9">ḍa</w><w n="10" lemma="kāḥ">kāḥ </w></cl><cl><w n="11">ka</w><w n="12">ṭhi</w><w n="13" lemma="nā">nā </w></cl><cl><w n="14">bhṛ</w><w n="15" lemma="śaṃ">śam | </w></cl><cl><w n="16">hra</w><w n="17">svā</w><w n="18">stā</w><w n="19" lemma="mrāḥ">mrāś </w><w n="20" lemma="ca">ca </w><w n="21" lemma="tāḥ">tāḥ </w></cl><cl><w n="22">pa</w><w n="23" lemma="kvā">kvā </w></cl><cl><w n="24" lemma="bhiṃ">bhin</w><w n="25">dyā</w><w n="26" lemma="dbhiṃ">dbhin</w><w n="27" lemma="nā">nā </w></cl><cl><w n="28">li</w><w n="29">khe</w><w n="30">da</w><w n="31" lemma="pi">pi || </w></cl></text></TEI><TEI n="NE"><text><cl><w n="0" lemma="bha"> bha</w><w n="1">ve</w><w n="2" lemma="yaḥ">yar </w></cl><cl><w n="3">va</w><w n="4">rtma</w><w n="5" lemma="su">su </w><w n="6" lemma="ca">ca </w><w n="7" lemma="yāḥ">yāḥ </w></cl><cl><w n="8">pi</w><w n="9">ḍa</w><w n="10" lemma="kāḥ">kāḥ </w></cl><cl><w n="11">ka</w><w n="12">ṭhi</w><w n="13" lemma="nā">nā </w></cl><cl><w n="14">bhṛ</w><w n="15" lemma="śaṃ">śaṃ | </w></cl><cl><w n="16">hra</w><w n="17" lemma="svāḥ">svās </w><w n="18">tā</w><w n="19" lemma="mrāḥ">mrāś </w><w n="20" lemma="ca">ca </w><w n="21" lemma="tāḥ">tāḥ </w></cl><cl><w n="22">pa</w><w n="23" lemma="kvā">kvā </w></cl><cl><w n="24" lemma="bhiṃ">bhin</w><w n="25">dyā</w><w n="26" lemma="tbhi">d bhi</w><w n="27" lemma="tvā">tvā </w></cl><cl><w n="28">li</w><w n="29">khe</w><w n="30" lemma="ta">d a</w><w n="31" lemma="pi">pi | </w></cl></text></TEI></teiCorpus>