<?xml version="1.0" encoding="UTF-8"?>
<teiCorpus xmlns="http://www.tei-c.org/ns/1.0" xml:lang="sa-Latn">
  <teiHeader>
<listWit>
<witness xml:id="A" source="06-ut-vulgate-1938-1-30.xml">
<abbr>A</abbr>
<expan>Printed edition: Ācārya 1938: Uttaratantra 1-30</expan>
</witness>
<witness xml:id="K" source="kl_699_uttaratantra-1-30.xml">
<abbr>K</abbr>
<expan>MSS Kathmandu KL 699: Uttaratantra</expan>
<listWit>
<witness xml:id="Kac" n="ac">
<abbr>Kac</abbr>
<expan>MSS Kathmandu KL 699: Uttaratantra [ante correctionem]</expan>
</witness>
<witness xml:id="Kpc" n="pc">
<abbr type="siglum">Kpc</abbr>
<expan>MSS Kathmandu KL 699: Uttaratantra [post correctionem]</expan>
</witness>
</listWit>
</witness>
<witness xml:id="H" source="nak_5-333_uttaratantra-1-30.xml">
<abbr>H</abbr>
<expan>MS Kathmandu NAK 5-333, Uttaratantra</expan>
<listWit>
<witness xml:id="Hac" n="ac">
<abbr>Hac</abbr>
<expan>MS Kathmandu NAK 5-333, Uttaratantra [ante correctionem]</expan>
</witness>
<witness xml:id="Hpc" n="pc">
<abbr type="siglum">Hpc</abbr>
<expan>MS Kathmandu NAK 5-333, Uttaratantra [post correctionem]</expan>
</witness>
</listWit>
</witness>
<witness xml:id="NE" source="provisional-edition_uttaratantra-1-30.xml">
<abbr>NE</abbr>
<expan>The Nepalese Version of the Suśrutasaṃhitā, uttaratantra 1-30, based on the
                    Nepalese MSS</expan>
</witness>
</listWit>
    <encodingDesc>
      <editorialDecl>
        <segmentation>
          <ab type="tokenization">aksara</ab>
          <ab type="blockid">SS.6.1.27</ab>
          <ab type="targetedition">NE</ab>
          <ab type="scoring">
            <ab type="match">1</ab>
            <ab type="mismatch">-1</ab>
            <ab type="gapopen">-2</ab>
            <ab type="gapextend">-0.25</ab>
            <ab type="recursive">true</ab>
            <ab type="realigndepth">20</ab>
            <ab type="distancefunction">ngrams</ab>
            
          </ab>
        </segmentation>
        <normalization method="markup">
<ab>ignore punctuation</ab>
<ab>candrabindu as anusvāra</ab>
<ab>geminated aspirated consonants</ab>
<ab>geminated m after h</ab>
<ab>geminated t</ab>
<ab>geminated consonants after r</ab>
<ab>final nasal variants</ab>
<ab>internal nasal variants</ab>
<ab>final anusvāra variants</ab>
<ab>visarga aḥ before voiced consonants</ab>
<ab>visarga aḥ before vowels</ab>
<ab>visarga aḥ before unvoiced consonants and space + anusvāra</ab>
<ab>visarga āḥ variants</ab>
<ab>other visarga variants</ab>
<ab>superfluous avagrahas</ab>
<ab>double avagrahas</ab>
<ab>avagrahas to short a</ab>
<ab>internal visarga variants</ab>
<ab>final au/āv</ab>
<ab>final su</ab>
<ab>final i</ab>
<ab>kcch/kś</ab>
<ab>cś/tś</ab>
<ab>cch/ch</ab>
<ab>final t + hi</ab>
<ab>final t + voiced syllable</ab>
<ab>final t + n/m</ab>
<ab>final t + c/j</ab>
<ab>i/y + vowel</ab>
<ab>bhd for bdh</ab>
<ab>remove spaces</ab>
        </normalization>
        <ab type="tagfilters">
<tag subtype="ignore">pc</tag>
<tag subtype="ignore">head</tag>
<tag subtype="ignore">label</tag>
<tag subtype="ignore">note</tag>
<tag subtype="ignore">num</tag>
<tag subtype="ignore">locus</tag>
<tag subtype="ignore">supplied</tag>
<tag subtype="ignore">surplus</tag>
        </ab>
      </editorialDecl>
    </encodingDesc>
    <xenoData>
      <stemma format="nexml" id="stemma0"><nex:nexml xmlns:nex="http://www.nexml.org/2009" version="0.9"><nex:otus id="otus1"><nex:otu id="otu0" label="Hac"/><nex:otu id="otu1" label="Hpc"/><nex:otu id="otu2" label="Kac"/><nex:otu id="otu3" label="Kpc"/><nex:otu id="otu4" label="A"/><nex:otu id="otu5" label="NE"/></nex:otus><nex:trees otus="otus1" id="trees1"><nex:tree id="guidetree" label="guidetree" xsi:type="nex:FloatTree" xmlns:xsi="http://www.w3.org/2001/XMLSchema-instance"><nex:node id="0cc25542-7782-4569-b629-4e2bdebbee69" root="true"/><nex:node id="e39aaf47-ea03-4795-9f44-77c8a9167863"/><nex:node id="20cb6f8e-6e89-4ff8-95bc-818c0ea3be17"/><nex:node id="a97ff20b-ea21-4038-b8bb-dbfce9923442" label="Hac" otu="otu3"/><nex:node id="39dc8fab-dfe6-4947-a209-077fac05ac34" label="Hpc" otu="otu4"/><nex:node id="19bba5a6-8a23-430f-a2c8-22d8436666cd"/><nex:node id="4d3fef30-e692-4f59-a229-f3bda5d18f98" label="Kac" otu="otu6"/><nex:node id="f614cb9a-33e0-4606-b0fa-78f7507dfa06" label="Kpc" otu="otu7"/><nex:node id="b41ab5a8-6ad9-46df-a10e-97bf9358c955"/><nex:node id="56c94b5c-b694-4ca7-84ef-a408166b1894" label="A" otu="otu9"/><nex:node id="87a87f72-cfcb-4fd0-bd0c-f314576e8bef" label="NE" otu="otu10"/><nex:edge source="0cc25542-7782-4569-b629-4e2bdebbee69" target="e39aaf47-ea03-4795-9f44-77c8a9167863" id="edge0" length="0"/><nex:edge source="0cc25542-7782-4569-b629-4e2bdebbee69" target="b41ab5a8-6ad9-46df-a10e-97bf9358c955" id="edge1" length="0"/><nex:edge source="e39aaf47-ea03-4795-9f44-77c8a9167863" target="20cb6f8e-6e89-4ff8-95bc-818c0ea3be17" id="edge2" length="0.351191442998678"/><nex:edge source="e39aaf47-ea03-4795-9f44-77c8a9167863" target="19bba5a6-8a23-430f-a2c8-22d8436666cd" id="edge3" length="0.18357625717017112"/><nex:edge source="b41ab5a8-6ad9-46df-a10e-97bf9358c955" target="56c94b5c-b694-4ca7-84ef-a408166b1894" id="edge4" length="0.5545229221297887"/><nex:edge source="b41ab5a8-6ad9-46df-a10e-97bf9358c955" target="87a87f72-cfcb-4fd0-bd0c-f314576e8bef" id="edge5" length="0.4304918719718497"/><nex:edge source="20cb6f8e-6e89-4ff8-95bc-818c0ea3be17" target="a97ff20b-ea21-4038-b8bb-dbfce9923442" id="edge6" length="0.18071399060868815"/><nex:edge source="20cb6f8e-6e89-4ff8-95bc-818c0ea3be17" target="39dc8fab-dfe6-4947-a209-077fac05ac34" id="edge7" length="0.11168006512738576"/><nex:edge source="19bba5a6-8a23-430f-a2c8-22d8436666cd" target="4d3fef30-e692-4f59-a229-f3bda5d18f98" id="edge8" length="0.24124470222810182"/><nex:edge source="19bba5a6-8a23-430f-a2c8-22d8436666cd" target="f614cb9a-33e0-4606-b0fa-78f7507dfa06" id="edge9" length="0.13989931162201394"/></nex:tree></nex:trees></nex:nexml></stemma>
    </xenoData>
  </teiHeader>
<TEI n="Hac"><text><cl><w n="0" lemma=""> </w><w n="1"/><w n="2"/><w n="3"/><w n="4"/><w n="5"/><w n="6"/><w n="7"/><w n="8"/><w n="9"/><w n="10"/><w n="11"/><w n="12"/><w n="13"/><w n="14"/><w n="15"/></cl><cl><w n="16"/><w n="17"/><w n="18"/><w n="19"/><w n="20"/><w n="21"/><w n="22"/><w n="23"/><w n="24"/><w n="25"/><w n="26"/><w n="27"/><w n="28"/></cl><cl><w n="29"/><w n="30"/><w n="31"/><w n="32"/><w n="33"/><w n="34"/><w n="35"/><w n="36"/><w n="37"/></cl><cl><w n="38"/><w n="39"/><w n="40"/><w n="41"/><w n="42"/><w n="43"/><w n="44"/><w n="45"/><w n="46"/><w n="47"/><w n="48"/></cl><cl><w n="49">pra</w><w n="50">sa</w><w n="51">kta</w><w n="52">saṃ</w><w n="53">ro</w><w n="54">da</w><w n="55">na</w><w n="56">śo</w><w n="57">ka</w><w n="58">ko</w><w n="59">pā</w><w n="60" lemma="cchi">c chi</w><w n="61" lemma="ro">ro'</w><w n="62">bhi</w><w n="63">ghā</w><w n="64">tā</w><w n="65" lemma="ta">d a</w><w n="66">ti</w><w n="67">ma</w><w n="68">dya</w><w n="69">pā</w><w n="70">nā</w><w n="71" lemma="tta">t ta</w><w n="72">thā</w><w n="73" lemma="ha">ha </w><w n="74">krū</w><w n="75" lemma="rāṃḥ">rām̐ś </w><w n="76" lemma="ca">ca </w></cl><cl><w n="77">vi</w><w n="78">pa</w><w n="79">rya</w><w n="80">ye</w><w n="81" lemma="ṇa">ṇa </w></cl><cl><w n="82">kle</w><w n="83">śā</w><w n="84">bhi</w><w n="85">ghā</w><w n="86">tā</w><w n="87" lemma="ta">d a</w><w n="88">ti</w><w n="89">mai</w><w n="90">thu</w><w n="91">nā</w><w n="92" lemma="tca">c ca | </w></cl><cl><w n="93">vā</w><w n="94">ṣpa</w><w n="95">gra</w><w n="96">hā</w><w n="97" lemma="tsū">t sū</w><w n="98">kṣma</w><w n="99">ni</w><w n="100">rī</w><w n="101">kṣa</w><w n="102">ṇā</w><w n="103" lemma="tca">c ca </w></cl><cl><w n="104">ne</w><w n="105" lemma="tre">tre </w></cl><cl><w n="106">vi</w><w n="107">kā</w><w n="108">rā</w><w n="109" lemma="nja">n ja</w><w n="110">na</w><w n="111" lemma="yaṃ">yan</w><w n="112" lemma="ti">ti </w></cl><cl><w n="113">do</w><w n="114" lemma="ṣāḥ">ṣāḥ ||</w></cl></text></TEI><TEI n="Hpc"><text><cl><w n="0"/><w n="1"/><w n="2"/><w n="3"/><w n="4"/><w n="5"/><w n="6"/><w n="7"/><w n="8"/><w n="9"/><w n="10"/><w n="11"/><w n="12"/><w n="13"/><w n="14"/><w n="15"/></cl><cl><w n="16"/><w n="17"/><w n="18"/><w n="19"/><w n="20"/><w n="21"/><w n="22"/><w n="23"/><w n="24"/><w n="25"/><w n="26"/><w n="27">ta</w><w n="28" lemma="thā">thā </w></cl><cl><w n="29">dra</w><w n="30" lemma="vāṃ">vān </w><w n="31">nā</w><w n="32">ti</w><w n="33">mi</w><w n="34">ṣe</w><w n="35">va</w><w n="36">ṇā</w><w n="37" lemma="tca">c ca</w></cl><cl><w n="38" lemma="viṃ">viṇ</w><w n="39">mū</w><w n="40">tra</w><w n="41">vā</w><w n="42">ta</w><w n="43">kra</w><w n="44">ma</w><w n="45">ni</w><w n="46">gra</w><w n="47">hā</w><w n="48" lemma="tca">c ca | </w></cl><cl><w n="49">pra</w><w n="50">sa</w><w n="51">kta</w><w n="52">saṃ</w><w n="53">ro</w><w n="54">da</w><w n="55">na</w><w n="56">śo</w><w n="57">ka</w><w n="58">ko</w><w n="59">pā</w><w n="60" lemma="cchi">c chi</w><w n="61" lemma="ro">ro'</w><w n="62">bhi</w><w n="63">ghā</w><w n="64">tā</w><w n="65" lemma="ta">d a</w><w n="66">ti</w><w n="67">ma</w><w n="68">dya</w><w n="69">pā</w><w n="70">nā</w><w n="71" lemma="tta">t ta</w><w n="72">thā</w><w n="73" lemma="ha">ha </w><w n="74">krū</w><w n="75" lemma="rāṃḥ">rām̐ś </w><w n="76" lemma="ca">ca </w></cl><cl><w n="77">vi</w><w n="78">pa</w><w n="79">rya</w><w n="80">ye</w><w n="81" lemma="ṇa">ṇa </w></cl><cl><w n="82">kle</w><w n="83">śā</w><w n="84">bhi</w><w n="85">ghā</w><w n="86">tā</w><w n="87" lemma="ta">d a</w><w n="88">ti</w><w n="89">mai</w><w n="90">thu</w><w n="91">nā</w><w n="92" lemma="tca">c ca | </w></cl><cl><w n="93">vā</w><w n="94">ṣpa</w><w n="95">gra</w><w n="96">hā</w><w n="97" lemma="tsū">t sū</w><w n="98">kṣma</w><w n="99">ni</w><w n="100">rī</w><w n="101">kṣa</w><w n="102">ṇā</w><w n="103" lemma="tca">c ca </w></cl><cl><w n="104">ne</w><w n="105" lemma="tre">tre </w></cl><cl><w n="106">vi</w><w n="107">kā</w><w n="108">rā</w><w n="109" lemma="nja">n ja</w><w n="110">na</w><w n="111" lemma="yaṃ">yan</w><w n="112" lemma="ti">ti </w></cl><cl><w n="113">do</w><w n="114" lemma="ṣāḥ">ṣāḥ ||</w></cl></text></TEI><TEI n="Kac"><text><cl><w n="0"/><w n="1"/><w n="2"/><w n="3"/><w n="4"/><w n="5">sve</w><w n="6">sa</w><w n="7">dra</w><w n="8">jo</w><w n="9">dhū</w><w n="10">ma</w><w n="11">ni</w><w n="12">ṣe</w><w n="13">va</w><w n="14">ṇā</w><w n="15" lemma="tvā">d vā </w></cl><cl><w n="16">cha</w><w n="17">rdo</w><w n="18">bhi</w><w n="19">ghā</w><w n="20">tā</w><w n="21" lemma="tva">d va</w><w n="22">ma</w><w n="23">nā</w><w n="24">ti</w><w n="25">yo</w><w n="26">gā</w><w n="27"/><w n="28"/></cl><cl><w n="29"/><w n="30"/><w n="31"/><w n="32"/><w n="33"/><w n="34"/><w n="35"/><w n="36"/><w n="37"/></cl><cl><w n="38"/><w n="39"/><w n="40"/><w n="41"/><w n="42"/><w n="43"/><w n="44"/><w n="45"/><w n="46"/><w n="47"/><w n="48"/></cl><cl><w n="49" lemma="tpra">t | pra</w><w n="50">sa</w><w n="51">kta</w><w n="52">saṃ</w><w n="53">ro</w><w n="54">da</w><w n="55">na</w><w n="56">śo</w><w n="57">ka</w><w n="58">ko</w><w n="59">pā</w><w n="60" lemma="cchi">c chi</w><w n="61">rā</w><w n="62">bhi</w><w n="63">ghā</w><w n="64">tā</w><w n="65" lemma="ta">d a</w><w n="66">ti</w><w n="67">ma</w><w n="68">dya</w><w n="69">yo</w><w n="70">gā</w><w n="71" lemma="tnāṃ">t | nāñ</w><w n="72"/><w n="73"/><w n="74"/><w n="75"/><w n="76" lemma="ca">ca </w></cl><cl><w n="77">vi</w><w n="78">pa</w><w n="79">rya</w><w n="80">ye</w><w n="81" lemma="ṇa">ṇa </w></cl><cl><w n="82">kle</w><w n="83">śā</w><w n="84">bhi</w><w n="85">ghā</w><w n="86">tā</w><w n="87" lemma="ta">d a</w><w n="88">ti</w><w n="89">mai</w><w n="90">thu</w><w n="91">nā</w><w n="92" lemma="tca">c ca | </w></cl><cl><w n="93">bā</w><w n="94">ṣpa</w><w n="95">gra</w><w n="96">hā</w><w n="97">tsū</w><w n="98">kṣma</w><w n="99">ni</w><w n="100">rī</w><w n="101">kṣa</w><w n="102">ṇā</w><w n="103" lemma="cca">cca </w></cl><cl><w n="104">ne</w><w n="105" lemma="tre">tre </w></cl><cl><w n="106">vi</w><w n="107">kā</w><w n="108" lemma="rāṃ">rāñ </w><w n="109">ja</w><w n="110">na</w><w n="111" lemma="yaṃ">yan</w><w n="112" lemma="ti">ti </w></cl><cl><w n="113">do</w><w n="114" lemma="ṣāḥ">ṣāḥ |</w></cl></text></TEI><TEI n="Kpc"><text><cl><w n="0"/><w n="1"/><w n="2"/><w n="3"/><w n="4"/><w n="5">sve</w><w n="6">sa</w><w n="7">dra</w><w n="8">jo</w><w n="9">dhū</w><w n="10">ma</w><w n="11">ni</w><w n="12">ṣe</w><w n="13">va</w><w n="14">ṇā</w><w n="15" lemma="tvā">d vā </w></cl><cl><w n="16">cha</w><w n="17">rdo</w><w n="18">bhi</w><w n="19">ghā</w><w n="20">tā</w><w n="21" lemma="tva">d va</w><w n="22">ma</w><w n="23">nā</w><w n="24">ti</w><w n="25">yo</w><w n="26">gā</w><w n="27" lemma="tta">t | ta</w><w n="28" lemma="thā">thā </w></cl><cl><w n="29">dra</w><w n="30" lemma="vāṃ">vān</w><w n="31">nā</w><w n="32">ti</w><w n="33">ni</w><w n="34">ṣe</w><w n="35">va</w><w n="36">ṇā</w><w n="37" lemma="tca">c ca </w></cl><cl><w n="38" lemma="viṃ">viṇ</w><w n="39">mū</w><w n="40">tra</w><w n="41">vā</w><w n="42">ta</w><w n="43">kra</w><w n="44">ma</w><w n="45">ni</w><w n="46">gra</w><w n="47">hā</w><w n="48" lemma="tca">c ca | </w></cl><cl><w n="49">pra</w><w n="50">sa</w><w n="51">kta</w><w n="52">saṃ</w><w n="53">ro</w><w n="54">da</w><w n="55">na</w><w n="56">śo</w><w n="57">ka</w><w n="58">ko</w><w n="59">pā</w><w n="60" lemma="cchi">c chi</w><w n="61">rā</w><w n="62">bhi</w><w n="63">ghā</w><w n="64">tā</w><w n="65" lemma="ta">d a</w><w n="66">ti</w><w n="67">ma</w><w n="68">dya</w><w n="69">yo</w><w n="70">gā</w><w n="71" lemma="tnāṃ">t | nāñ</w><w n="72"/><w n="73"/><w n="74"/><w n="75"/><w n="76" lemma="ca">ca </w></cl><cl><w n="77">vi</w><w n="78">pa</w><w n="79">rya</w><w n="80">ye</w><w n="81" lemma="ṇa">ṇa </w></cl><cl><w n="82">kle</w><w n="83">śā</w><w n="84">bhi</w><w n="85">ghā</w><w n="86">tā</w><w n="87" lemma="ta">d a</w><w n="88">ti</w><w n="89">mai</w><w n="90">thu</w><w n="91">nā</w><w n="92" lemma="tca">c ca | </w></cl><cl><w n="93">bā</w><w n="94">ṣpa</w><w n="95">gra</w><w n="96">hā</w><w n="97">tsū</w><w n="98">kṣma</w><w n="99">ni</w><w n="100">rī</w><w n="101">kṣa</w><w n="102">ṇā</w><w n="103" lemma="cca">cca </w></cl><cl><w n="104">ne</w><w n="105" lemma="tre">tre </w></cl><cl><w n="106">vi</w><w n="107">kā</w><w n="108" lemma="rāṃ">rāñ </w><w n="109">ja</w><w n="110">na</w><w n="111" lemma="yaṃ">yan</w><w n="112" lemma="ti">ti </w></cl><cl><w n="113">do</w><w n="114" lemma="ṣāḥ">ṣāḥ |</w></cl></text></TEI><TEI n="A"><text><cl><w n="0" lemma="śu"> śu</w><w n="1">ktā</w><w n="2">ra</w><w n="3">nā</w><w n="4">lā</w><w n="5">mla</w><w n="6">ku</w><w n="7">la</w><w n="8" lemma="tha">ttha</w><w n="9">mā</w><w n="10">ṣa</w><w n="11">ni</w><w n="12">ṣe</w><w n="13">va</w><w n="14">ṇā</w><w n="15" lemma="tve">d ve</w></cl><cl><w n="16">ga</w><w n="17">vi</w><w n="18">ni</w><w n="19">gra</w><w n="20">hā</w><w n="21" lemma="tca">c ca | </w><w n="22">sve</w><w n="23">dā</w><w n="24" lemma="ta">d a</w><w n="25"/><w n="26"/><w n="27" lemma="thaḥ">tho </w><w n="28">dhū</w></cl><cl><w n="29">ma</w><w n="30"/><w n="31"/><w n="32"/><w n="33">ni</w><w n="34">ṣe</w><w n="35">va</w><w n="36">ṇā</w><w n="37" lemma="tca">c ca </w></cl><cl><w n="38">cha</w><w n="39" lemma="rdeḥ">rder </w><w n="40">vi</w><w n="41">ghā</w><w n="42">tā</w><w n="43" lemma="tva">d va</w><w n="44">ma</w><w n="45">nā</w><w n="46">ti</w><w n="47">yo</w><w n="48">gā</w></cl><cl><w n="49"/><w n="50"/><w n="51"/><w n="52"/><w n="53"/><w n="54"/><w n="55"/><w n="56"/><w n="57"/><w n="58"/><w n="59"/><w n="60"/><w n="61"/><w n="62"/><w n="63"/><w n="64"/><w n="65"/><w n="66"/><w n="67"/><w n="68"/><w n="69"/><w n="70"/><w n="71"/><w n="72" lemma="tbā">t | bā</w><w n="73"/><w n="74"/><w n="75"/><w n="76"/></cl><cl><w n="77"/><w n="78"/><w n="79"/><w n="80"/><w n="81"/></cl><cl><w n="82"/><w n="83"/><w n="84"/><w n="85"/><w n="86"/><w n="87"/><w n="88"/><w n="89"/><w n="90"/><w n="91"/><w n="92"/></cl><cl><w n="93"/><w n="94">ṣpa</w><w n="95">gra</w><w n="96">hā</w><w n="97" lemma="tsū">t sū</w><w n="98">kṣma</w><w n="99">ni</w><w n="100">rī</w><w n="101">kṣa</w><w n="102">ṇā</w><w n="103" lemma="tca">c ca </w></cl><cl><w n="104">ne</w><w n="105" lemma="tre">tre </w></cl><cl><w n="106">vi</w><w n="107">kā</w><w n="108">rā</w><w n="109" lemma="nja">n ja</w><w n="110">na</w><w n="111" lemma="yaṃ">yan</w><w n="112" lemma="ti">ti </w></cl><cl><w n="113">do</w><w n="114" lemma="ṣāḥ">ṣāḥ || </w></cl></text></TEI><TEI n="NE"><text><cl><w n="0" lemma=""> </w><w n="1"/><w n="2"/><w n="3"/><w n="4"/><w n="5">sve</w><w n="6">sa</w><w n="7">dra</w><w n="8">jo</w><w n="9">dhū</w><w n="10">ma</w><w n="11">ni</w><w n="12">ṣe</w><w n="13">va</w><w n="14">ṇā</w><w n="15" lemma="dvā">dvā </w></cl><cl><w n="16">cha</w><w n="17">rdo</w><w n="18">bhi</w><w n="19">ghā</w><w n="20">tā</w><w n="21">dva</w><w n="22">ma</w><w n="23">nā</w><w n="24">ti</w><w n="25">yo</w><w n="26">gā</w><w n="27" lemma="tta">t | ta</w><w n="28" lemma="thā">thā </w></cl><cl><w n="29">dra</w><w n="30" lemma="vāṃ">vān</w><w n="31">nā</w><w n="32">ti</w><w n="33">ni</w><w n="34">ṣe</w><w n="35">va</w><w n="36">ṇā</w><w n="37" lemma="cca">cca </w></cl><cl><w n="38" lemma="viṃ">viṇ</w><w n="39">mū</w><w n="40">tra</w><w n="41">vā</w><w n="42">ta</w><w n="43">kra</w><w n="44">ma</w><w n="45">ni</w><w n="46">gra</w><w n="47">hā</w><w n="48" lemma="cca">cca | </w></cl><cl><w n="49">pra</w><w n="50">sa</w><w n="51">kta</w><w n="52">saṃ</w><w n="53">ro</w><w n="54">da</w><w n="55">na</w><w n="56">śo</w><w n="57">ka</w><w n="58">ko</w><w n="59">pā</w><w n="60">cchi</w><w n="61">rā</w><w n="62">bhi</w><w n="63">ghā</w><w n="64">tā</w><w n="65">da</w><w n="66">ti</w><w n="67">ma</w><w n="68">dya</w><w n="69">yo</w><w n="70">gā</w><w n="71" lemma="tnāṃ">t | nāñ</w><w n="72"/><w n="73"/><w n="74"/><w n="75"/><w n="76" lemma="ca">ca </w></cl><cl><w n="77">vi</w><w n="78">pa</w><w n="79">rya</w><w n="80">ye</w><w n="81" lemma="ṇa">ṇa </w></cl><cl><w n="82">kle</w><w n="83">śā</w><w n="84">bhi</w><w n="85">ghā</w><w n="86">tā</w><w n="87">da</w><w n="88">ti</w><w n="89">mai</w><w n="90">thu</w><w n="91">nā</w><w n="92" lemma="cca">cca | </w></cl><cl><w n="93">bā</w><w n="94">ṣpa</w><w n="95">gra</w><w n="96">hā</w><w n="97">tsū</w><w n="98">kṣma</w><w n="99">ni</w><w n="100">rī</w><w n="101">kṣa</w><w n="102">ṇā</w><w n="103" lemma="cca">cca </w></cl><cl><w n="104">ne</w><w n="105" lemma="tre">tre </w></cl><cl><w n="106">vi</w><w n="107">kā</w><w n="108" lemma="rāṃ">rāñ</w><w n="109">ja</w><w n="110">na</w><w n="111" lemma="yaṃ">yan</w><w n="112" lemma="ti">ti </w></cl><cl><w n="113">do</w><w n="114" lemma="ṣāḥ">ṣāḥ |</w></cl></text></TEI></teiCorpus>