<?xml version="1.0" encoding="UTF-8"?>
<teiCorpus xmlns="http://www.tei-c.org/ns/1.0" xml:lang="sa-Latn">
  <teiHeader>
<listWit>
<witness xml:id="A" source="06-ut-vulgate-1938-1-30.xml">
<abbr>A</abbr>
<expan>Printed edition: Ācārya 1938: Uttaratantra 1-30</expan>
</witness>
<witness xml:id="K" source="kl_699_uttaratantra-1-30.xml">
<abbr>K</abbr>
<expan>MSS Kathmandu KL 699: Uttaratantra</expan>
<listWit>
<witness xml:id="Kac" n="ac">
<abbr>Kac</abbr>
<expan>MSS Kathmandu KL 699: Uttaratantra [ante correctionem]</expan>
</witness>
<witness xml:id="Kpc" n="pc">
<abbr type="siglum">Kpc</abbr>
<expan>MSS Kathmandu KL 699: Uttaratantra [post correctionem]</expan>
</witness>
</listWit>
</witness>
<witness xml:id="H" source="nak_5-333_uttaratantra-1-30.xml">
<abbr>H</abbr>
<expan>MS Kathmandu NAK 5-333, Uttaratantra</expan>
<listWit>
<witness xml:id="Hac" n="ac">
<abbr>Hac</abbr>
<expan>MS Kathmandu NAK 5-333, Uttaratantra [ante correctionem]</expan>
</witness>
<witness xml:id="Hpc" n="pc">
<abbr type="siglum">Hpc</abbr>
<expan>MS Kathmandu NAK 5-333, Uttaratantra [post correctionem]</expan>
</witness>
</listWit>
</witness>
<witness xml:id="NE" source="provisional-edition_uttaratantra-1-30.xml">
<abbr>NE</abbr>
<expan>The Nepalese Version of the Suśrutasaṃhitā, uttaratantra 1-30, based on the
                    Nepalese MSS</expan>
</witness>
</listWit>
    <encodingDesc>
      <editorialDecl>
        <segmentation>
          <ab type="tokenization">aksara</ab>
          <ab type="blockid">SS.6.12.6</ab>
          <ab type="targetedition">NE</ab>
          <ab type="scoring">
            <ab type="match">1</ab>
            <ab type="mismatch">-1</ab>
            <ab type="gapopen">-2</ab>
            <ab type="gapextend">-0.25</ab>
            <ab type="recursive">true</ab>
            <ab type="realigndepth">20</ab>
            <ab type="distancefunction">ngrams</ab>
            
          </ab>
        </segmentation>
        <normalization method="markup">
<ab>ignore punctuation</ab>
<ab>candrabindu as anusvāra</ab>
<ab>geminated aspirated consonants</ab>
<ab>geminated m after h</ab>
<ab>geminated t</ab>
<ab>geminated consonants after r</ab>
<ab>final nasal variants</ab>
<ab>internal nasal variants</ab>
<ab>final anusvāra variants</ab>
<ab>visarga aḥ before voiced consonants</ab>
<ab>visarga aḥ before vowels</ab>
<ab>visarga aḥ before unvoiced consonants and space + anusvāra</ab>
<ab>visarga āḥ variants</ab>
<ab>other visarga variants</ab>
<ab>superfluous avagrahas</ab>
<ab>double avagrahas</ab>
<ab>avagrahas to short a</ab>
<ab>internal visarga variants</ab>
<ab>final au/āv</ab>
<ab>final su</ab>
<ab>final i</ab>
<ab>kcch/kś</ab>
<ab>cś/tś</ab>
<ab>cch/ch</ab>
<ab>final t + hi</ab>
<ab>final t + voiced syllable</ab>
<ab>final t + n/m</ab>
<ab>final t + c/j</ab>
<ab>i/y + vowel</ab>
<ab>bhd for bdh</ab>
<ab>remove spaces</ab>
        </normalization>
        <ab type="tagfilters">
<tag subtype="ignore">pc</tag>
<tag subtype="ignore">head</tag>
<tag subtype="ignore">label</tag>
<tag subtype="ignore">note</tag>
<tag subtype="ignore">num</tag>
<tag subtype="ignore">locus</tag>
<tag subtype="ignore">supplied</tag>
<tag subtype="ignore">surplus</tag>
        </ab>
      </editorialDecl>
    </encodingDesc>
    <xenoData>
      <stemma format="nexml" id="stemma0"><nex:nexml xmlns:nex="http://www.nexml.org/2009" version="0.9"><nex:otus id="otus1"><nex:otu id="otu0" label="A"/><nex:otu id="otu1" label="H"/><nex:otu id="otu2" label="K"/><nex:otu id="otu3" label="NE"/></nex:otus><nex:trees otus="otus1" id="trees1"><nex:tree id="guidetree" label="guidetree" xsi:type="nex:FloatTree" xmlns:xsi="http://www.w3.org/2001/XMLSchema-instance"><nex:node id="8a5a8581-ea81-44b7-a9ab-4b9c2f2b94e2" root="true"/><nex:node id="41189ec8-f1ad-4a0d-b4bd-c260ecde165d"/><nex:node id="494b0e4e-0ffd-4925-bf61-379feb7381d8" label="A" otu="otu2"/><nex:node id="23960bda-6063-4922-9126-ca7d01b98912" label="H" otu="otu3"/><nex:node id="938bb62e-0887-4194-ad2f-fe4f097ff810"/><nex:node id="898b55c0-216f-4d48-acdc-06750350d6cb" label="K" otu="otu5"/><nex:node id="aa8351ac-de3e-481b-ae22-55f24544eff2" label="NE" otu="otu6"/><nex:edge source="8a5a8581-ea81-44b7-a9ab-4b9c2f2b94e2" target="41189ec8-f1ad-4a0d-b4bd-c260ecde165d" id="edge0" length="0"/><nex:edge source="8a5a8581-ea81-44b7-a9ab-4b9c2f2b94e2" target="938bb62e-0887-4194-ad2f-fe4f097ff810" id="edge1" length="0"/><nex:edge source="41189ec8-f1ad-4a0d-b4bd-c260ecde165d" target="494b0e4e-0ffd-4925-bf61-379feb7381d8" id="edge2" length="1"/><nex:edge source="41189ec8-f1ad-4a0d-b4bd-c260ecde165d" target="23960bda-6063-4922-9126-ca7d01b98912" id="edge3" length="0"/><nex:edge source="938bb62e-0887-4194-ad2f-fe4f097ff810" target="898b55c0-216f-4d48-acdc-06750350d6cb" id="edge4" length="0"/><nex:edge source="938bb62e-0887-4194-ad2f-fe4f097ff810" target="aa8351ac-de3e-481b-ae22-55f24544eff2" id="edge5" length="0"/></nex:tree></nex:trees></nex:nexml></stemma>
    </xenoData>
  </teiHeader>
<TEI n="A"><text><cl><w n="0" lemma="ta"> ta</w><w n="1" lemma="taḥ">taḥ </w></cl><cl><w n="2">pra</w><w n="3">de</w><w n="4" lemma="hāḥ">hāḥ </w></cl><cl><w n="5">pa</w><w n="6">ri</w><w n="7">ṣe</w><w n="8">ca</w><w n="9">nā</w><w n="10" lemma="ni">ni </w></cl><cl><w n="11">na</w><w n="12">syā</w><w n="13" lemma="ni">ni </w></cl><cl><w n="14">dhū</w><w n="15" lemma="māḥ">māś </w><w n="16" lemma="ca">ca </w></cl><cl><w n="17">ya</w><w n="18">thā</w><w n="19" lemma="svaṃ">svam </w></cl><cl><w n="20">e</w><w n="21" lemma="va">va | </w></cl><cl><w n="22" lemma="āḥ">āś </w><w n="23">cyo</w><w n="24">ta</w><w n="25">nā</w><w n="26" lemma="bhyaṃ">bhyañ</w><w n="27">ja</w><w n="28">na</w></cl><cl><w n="29">ta</w><w n="30">rpa</w><w n="31">ṇā</w><w n="32" lemma="ni">ni </w></cl><cl><w n="33">sni</w><w n="34" lemma="gdhāḥ">gdhāś </w><w n="35" lemma="ca">ca </w></cl><cl><w n="36">kā</w><w n="37" lemma="ryāḥ">ryāḥ </w><w n="38">pu</w><w n="39">ṭa</w><w n="40">pā</w><w n="41">ka</w><w n="42">yo</w><w n="43" lemma="gāḥ">gāḥ || </w></cl></text></TEI><TEI n="H"><text><cl><w n="0" lemma="ta"> ta</w><w n="1" lemma="taḥ">taḥ </w></cl><cl><w n="2">pra</w><w n="3">de</w><w n="4" lemma="hāṃ">hām </w></cl><cl><w n="5">pa</w><w n="6">ri</w><w n="7">ṣe</w><w n="8">ca</w><w n="9">nā</w><w n="10" lemma="ni">ni </w></cl><cl><w n="11">ta</w><w n="12">syā</w><w n="13" lemma="ni">ni </w></cl><cl><w n="14">dhū</w><w n="15">mā</w><w n="16" lemma="ni">ni </w></cl><cl><w n="17">ya</w><w n="18" lemma="thā">thā </w><w n="19" lemma="svaṃ">svam </w></cl><cl><w n="20">e</w><w n="21" lemma="va">va | </w></cl><cl><w n="22">ā</w><w n="23">ścyo</w><w n="24">ta</w><w n="25">nā</w><w n="26" lemma="bhyaṃ">bhyañ</w><w n="27" lemma="ja">ja¦</w><w n="28" lemma="na">na </w></cl><cl><w n="29">ta</w><w n="30" lemma="rpa">rppa</w><w n="31">śā</w><w n="32" lemma="ni">ni </w></cl><cl><w n="33">svi</w><w n="34" lemma="gdhāṃḥ">gdhāṃś </w><w n="35" lemma="ca">ca </w></cl><cl><w n="36">kā</w><w n="37">ryā</w><w n="38" lemma="npu">n pu</w><w n="39">ṭa</w><w n="40">pā</w><w n="41">ka</w><w n="42">yo</w><w n="43" lemma="gāṃ">gāṃ || </w></cl></text></TEI><TEI n="K"><text><cl><w n="0" lemma="ta"> ta</w><w n="1" lemma="taḥ">taḥ </w></cl><cl><w n="2">pra</w><w n="3">de</w><w n="4" lemma="hāṃ">hām </w></cl><cl><w n="5">pa</w><w n="6">ri</w><w n="7">ṣe</w><w n="8">ca</w><w n="9">nā</w><w n="10" lemma="ni">ni </w></cl><cl><w n="11">ta</w><w n="12">syā</w><w n="13" lemma="ni">ni </w></cl><cl><w n="14">dhū</w><w n="15">mā</w><w n="16" lemma="ni">ni </w></cl><cl><w n="17">ya</w><w n="18" lemma="thā">thā </w><w n="19" lemma="svaṃ">svam </w></cl><cl><w n="20">e</w><w n="21" lemma="va">va | </w></cl><cl><w n="22">ā</w><w n="23">ścyo</w><w n="24">ta</w><w n="25">nā</w><w n="26" lemma="bhyaṃ">bhyañ</w><w n="27">ja</w><w n="28" lemma="na">na </w></cl><cl><w n="29">ta</w><w n="30">rpa</w><w n="31">śā</w><w n="32" lemma="ni">ni </w></cl><cl><w n="33">svi</w><w n="34" lemma="gdhāṃḥ">gdhāṃś </w><w n="35" lemma="ca">ca </w></cl><cl><w n="36">kā</w><w n="37">ryā</w><w n="38" lemma="npu">n pu</w><w n="39">ṭa</w><w n="40">pā</w><w n="41">ka</w><w n="42">yo</w><w n="43" lemma="gāṃ">gāṃ | </w></cl></text></TEI><TEI n="NE"><text><cl><w n="0" lemma="ta"> ta</w><w n="1" lemma="taḥ">taḥ </w></cl><cl><w n="2">pra</w><w n="3">de</w><w n="4" lemma="hāṃ">hām </w></cl><cl><w n="5">pa</w><w n="6">ri</w><w n="7">ṣe</w><w n="8">ca</w><w n="9">nā</w><w n="10" lemma="ni">ni </w></cl><cl><w n="11">ta</w><w n="12">syā</w><w n="13" lemma="ni">ni </w></cl><cl><w n="14">dhū</w><w n="15">mā</w><w n="16" lemma="ni">ni </w></cl><cl><w n="17">ya</w><w n="18" lemma="thā">thā </w><w n="19" lemma="svaṃ">svam </w></cl><cl><w n="20">e</w><w n="21" lemma="va">va | </w></cl><cl><w n="22">ā</w><w n="23">ścyo</w><w n="24">ta</w><w n="25">nā</w><w n="26" lemma="bhyaṃ">bhyañ</w><w n="27">ja</w><w n="28" lemma="na">na </w></cl><cl><w n="29">ta</w><w n="30">rpa</w><w n="31">śā</w><w n="32" lemma="ni">ni </w></cl><cl><w n="33">svi</w><w n="34" lemma="gdhāṃḥ">gdhāṃś </w><w n="35" lemma="ca">ca </w></cl><cl><w n="36">kā</w><w n="37">ryā</w><w n="38" lemma="npu">n pu</w><w n="39">ṭa</w><w n="40">pā</w><w n="41">ka</w><w n="42">yo</w><w n="43" lemma="gāṃ">gāṃ | </w></cl></text></TEI></teiCorpus>