<?xml version="1.0" encoding="UTF-8"?>
<teiCorpus xmlns="http://www.tei-c.org/ns/1.0" xml:lang="sa-Latn">
  <teiHeader>
<listWit>
<witness xml:id="A" source="06-ut-vulgate-1938-1-30.xml">
<abbr>A</abbr>
<expan>Printed edition: Ācārya 1938: Uttaratantra 1-30</expan>
</witness>
<witness xml:id="K" source="kl_699_uttaratantra-1-30.xml">
<abbr>K</abbr>
<expan>MSS Kathmandu KL 699: Uttaratantra</expan>
<listWit>
<witness xml:id="Kac" n="ac">
<abbr>Kac</abbr>
<expan>MSS Kathmandu KL 699: Uttaratantra [ante correctionem]</expan>
</witness>
<witness xml:id="Kpc" n="pc">
<abbr type="siglum">Kpc</abbr>
<expan>MSS Kathmandu KL 699: Uttaratantra [post correctionem]</expan>
</witness>
</listWit>
</witness>
<witness xml:id="H" source="nak_5-333_uttaratantra-1-30.xml">
<abbr>H</abbr>
<expan>MS Kathmandu NAK 5-333, Uttaratantra</expan>
<listWit>
<witness xml:id="Hac" n="ac">
<abbr>Hac</abbr>
<expan>MS Kathmandu NAK 5-333, Uttaratantra [ante correctionem]</expan>
</witness>
<witness xml:id="Hpc" n="pc">
<abbr type="siglum">Hpc</abbr>
<expan>MS Kathmandu NAK 5-333, Uttaratantra [post correctionem]</expan>
</witness>
</listWit>
</witness>
<witness xml:id="NE" source="provisional-edition_uttaratantra-1-30.xml">
<abbr>NE</abbr>
<expan>The Nepalese Version of the Suśrutasaṃhitā, uttaratantra 1-30, based on the
                    Nepalese MSS</expan>
</witness>
</listWit>
    <encodingDesc>
      <editorialDecl>
        <segmentation>
          <ab type="tokenization">aksara</ab>
          <ab type="blockid">SS.6.12.52cd</ab>
          <ab type="targetedition">NE</ab>
          <ab type="scoring">
            <ab type="match">1</ab>
            <ab type="mismatch">-1</ab>
            <ab type="gapopen">-2</ab>
            <ab type="gapextend">-0.25</ab>
            <ab type="recursive">true</ab>
            <ab type="realigndepth">20</ab>
            <ab type="distancefunction">ngrams</ab>
            
          </ab>
        </segmentation>
        <normalization method="markup">
<ab>ignore punctuation</ab>
<ab>candrabindu as anusvāra</ab>
<ab>geminated aspirated consonants</ab>
<ab>geminated m after h</ab>
<ab>geminated t</ab>
<ab>geminated consonants after r</ab>
<ab>final nasal variants</ab>
<ab>internal nasal variants</ab>
<ab>final anusvāra variants</ab>
<ab>visarga aḥ before voiced consonants</ab>
<ab>visarga aḥ before vowels</ab>
<ab>visarga aḥ before unvoiced consonants and space + anusvāra</ab>
<ab>visarga āḥ variants</ab>
<ab>other visarga variants</ab>
<ab>superfluous avagrahas</ab>
<ab>double avagrahas</ab>
<ab>avagrahas to short a</ab>
<ab>internal visarga variants</ab>
<ab>final au/āv</ab>
<ab>final su</ab>
<ab>final i</ab>
<ab>kcch/kś</ab>
<ab>cś/tś</ab>
<ab>cch/ch</ab>
<ab>final t + hi</ab>
<ab>final t + voiced syllable</ab>
<ab>final t + n/m</ab>
<ab>final t + c/j</ab>
<ab>i/y + vowel</ab>
<ab>bhd for bdh</ab>
<ab>remove spaces</ab>
        </normalization>
        <ab type="tagfilters">
<tag subtype="ignore">pc</tag>
<tag subtype="ignore">head</tag>
<tag subtype="ignore">label</tag>
<tag subtype="ignore">note</tag>
<tag subtype="ignore">num</tag>
<tag subtype="ignore">locus</tag>
<tag subtype="ignore">supplied</tag>
<tag subtype="ignore">surplus</tag>
        </ab>
      </editorialDecl>
    </encodingDesc>
    <xenoData>
      <stemma format="nexml" id="stemma0"><nex:nexml xmlns:nex="http://www.nexml.org/2009" version="0.9"><nex:otus id="otus1"><nex:otu id="otu0" label="A"/><nex:otu id="otu1" label="H"/><nex:otu id="otu2" label="K"/><nex:otu id="otu3" label="NE"/></nex:otus><nex:trees otus="otus1" id="trees1"><nex:tree id="guidetree" label="guidetree" xsi:type="nex:FloatTree" xmlns:xsi="http://www.w3.org/2001/XMLSchema-instance"><nex:node id="dbc0114a-729d-4e5c-94da-65c9f12c54dc" root="true"/><nex:node id="f351505d-7b95-47df-9240-ab0ae3739264"/><nex:node id="9342aec3-4bcc-495d-8cac-68f6cc8ba62f" label="A" otu="otu2"/><nex:node id="a3962449-e70b-4555-ac2b-fb4f35beb441" label="H" otu="otu3"/><nex:node id="c6acaeb5-93a6-41ec-bc96-bee9d176dd14"/><nex:node id="63b8ae57-af30-447a-bf1b-608cfd349de9" label="K" otu="otu5"/><nex:node id="28f79858-9074-45c1-b0e8-f9eea5c8dc70" label="NE" otu="otu6"/><nex:edge source="dbc0114a-729d-4e5c-94da-65c9f12c54dc" target="f351505d-7b95-47df-9240-ab0ae3739264" id="edge0" length="0.24171011766152767"/><nex:edge source="dbc0114a-729d-4e5c-94da-65c9f12c54dc" target="c6acaeb5-93a6-41ec-bc96-bee9d176dd14" id="edge1" length="0.24171011766152767"/><nex:edge source="f351505d-7b95-47df-9240-ab0ae3739264" target="9342aec3-4bcc-495d-8cac-68f6cc8ba62f" id="edge2" length="0.5165797646769448"/><nex:edge source="f351505d-7b95-47df-9240-ab0ae3739264" target="a3962449-e70b-4555-ac2b-fb4f35beb441" id="edge3" length="0.4834202353230552"/><nex:edge source="c6acaeb5-93a6-41ec-bc96-bee9d176dd14" target="63b8ae57-af30-447a-bf1b-608cfd349de9" id="edge4" length="0"/><nex:edge source="c6acaeb5-93a6-41ec-bc96-bee9d176dd14" target="28f79858-9074-45c1-b0e8-f9eea5c8dc70" id="edge5" length="0"/></nex:tree></nex:trees></nex:nexml></stemma>
    </xenoData>
  </teiHeader>
<TEI n="A"><text><cl><w n="0" lemma="pra"> pra</w><w n="1" lemma="kliṃ">klin</w><w n="2">na</w><w n="3">va</w><w n="4">rtma</w><w n="5" lemma="ni">ny </w></cl><cl><w n="6">a</w><w n="7" lemma="pi">pi </w><w n="8">cai</w><w n="9" lemma="ta">ta </w></cl><cl><w n="10">e</w><w n="11" lemma="va">va </w></cl><cl><w n="12">yo</w><w n="13" lemma="gāḥ">gāḥ </w></cl><cl><w n="14">pra</w><w n="15">yo</w><w n="16" lemma="jyāḥ">jyāś </w></cl><cl><w n="17" lemma="ca">ca </w><w n="18">sa</w><w n="19">mī</w><w n="20" lemma="kṣya">kṣya </w></cl><cl><w n="21">do</w><w n="22" lemma="ṣaṃ">ṣam || </w><w n="23"/><w n="24"/><w n="25"/></cl></text></TEI><TEI n="H"><text><cl><w n="0" lemma="pra"> pra</w><w n="1" lemma="kliṃ">klin</w><w n="2">na</w><w n="3">va</w><w n="4">rtmā</w><w n="5"/></cl><cl><w n="6"/><w n="7">nya</w><w n="8">re</w><w n="9" lemma="ta">ta </w></cl><cl><w n="10">e</w><w n="11" lemma="va">va </w></cl><cl><w n="12">yo</w><w n="13" lemma="gāḥ">gāḥ </w></cl><cl><w n="14">pra</w><w n="15">yo</w><w n="16" lemma="jyāḥ">jyāḥ </w></cl><cl><w n="17"/><w n="18">sa</w><w n="19">mī</w><w n="20" lemma="kṣya">kṣya </w></cl><cl><w n="21">do</w><w n="22">s̤</w><w n="23">ā</w><w n="24">ni</w><w n="25" lemma="ti">ti || ||</w></cl></text></TEI><TEI n="K"><text><cl><w n="0" lemma="pra"> pra</w><w n="1" lemma="kliṃ">klin</w><w n="2">na</w><w n="3">va</w><w n="4">rtmā</w><w n="5" lemma="ni">ny </w></cl><cl><w n="6">a</w><w n="7"/><w n="8">re</w><w n="9" lemma="ta">ta </w></cl><cl><w n="10">e</w><w n="11" lemma="va">va </w></cl><cl><w n="12">yo</w><w n="13" lemma="gāḥ">gāḥ </w></cl><cl><w n="14">pra</w><w n="15">yo</w><w n="16" lemma="jyāḥ">jyāḥ </w></cl><cl><w n="17">pra</w><w n="18">sa</w><w n="19">mī</w><w n="20" lemma="kṣya">kṣya </w></cl><cl><w n="21">do</w><w n="22"/><w n="23">ṣā</w><w n="24" lemma="ni">n i</w><w n="25" lemma="ti">ti || ||</w></cl></text></TEI><TEI n="NE"><text><cl><w n="0" lemma="pra"> pra</w><w n="1" lemma="kliṃ">klin</w><w n="2">na</w><w n="3">va</w><w n="4">rtmā</w><w n="5" lemma="ni">ny </w></cl><cl><w n="6">a</w><w n="7"/><w n="8">re</w><w n="9" lemma="ta">ta </w></cl><cl><w n="10">e</w><w n="11" lemma="va">va </w></cl><cl><w n="12">yo</w><w n="13" lemma="gāḥ">gāḥ </w></cl><cl><w n="14">pra</w><w n="15">yo</w><w n="16" lemma="jyāḥ">jyāḥ </w></cl><cl><w n="17">pra</w><w n="18">sa</w><w n="19">mī</w><w n="20" lemma="kṣya">kṣya </w></cl><cl><w n="21">do</w><w n="22"/><w n="23">ṣā</w><w n="24" lemma="ni">n i</w><w n="25" lemma="ti">ti || ||</w></cl></text></TEI></teiCorpus>