<?xml version="1.0" encoding="UTF-8"?>
<teiCorpus xmlns="http://www.tei-c.org/ns/1.0" xml:lang="sa-Latn">
  <teiHeader>
<listWit>
<witness xml:id="A" source="06-ut-vulgate-1938-1-30.xml">
<abbr>A</abbr>
<expan>Printed edition: Ācārya 1938: Uttaratantra 1-30</expan>
</witness>
<witness xml:id="K" source="kl_699_uttaratantra-1-30.xml">
<abbr>K</abbr>
<expan>MSS Kathmandu KL 699: Uttaratantra</expan>
<listWit>
<witness xml:id="Kac" n="ac">
<abbr>Kac</abbr>
<expan>MSS Kathmandu KL 699: Uttaratantra [ante correctionem]</expan>
</witness>
<witness xml:id="Kpc" n="pc">
<abbr type="siglum">Kpc</abbr>
<expan>MSS Kathmandu KL 699: Uttaratantra [post correctionem]</expan>
</witness>
</listWit>
</witness>
<witness xml:id="H" source="nak_5-333_uttaratantra-1-30.xml">
<abbr>H</abbr>
<expan>MS Kathmandu NAK 5-333, Uttaratantra</expan>
<listWit>
<witness xml:id="Hac" n="ac">
<abbr>Hac</abbr>
<expan>MS Kathmandu NAK 5-333, Uttaratantra [ante correctionem]</expan>
</witness>
<witness xml:id="Hpc" n="pc">
<abbr type="siglum">Hpc</abbr>
<expan>MS Kathmandu NAK 5-333, Uttaratantra [post correctionem]</expan>
</witness>
</listWit>
</witness>
<witness xml:id="NE" source="provisional-edition_uttaratantra-1-30.xml">
<abbr>NE</abbr>
<expan>The Nepalese Version of the Suśrutasaṃhitā, uttaratantra 1-30, based on the
                    Nepalese MSS</expan>
</witness>
</listWit>
    <encodingDesc>
      <editorialDecl>
        <segmentation>
          <ab type="tokenization">aksara</ab>
          <ab type="blockid">SS.6.18.8</ab>
          <ab type="targetedition">NE</ab>
          <ab type="scoring">
            <ab type="match">1</ab>
            <ab type="mismatch">-1</ab>
            <ab type="gapopen">-2</ab>
            <ab type="gapextend">-0.25</ab>
            <ab type="recursive">true</ab>
            <ab type="realigndepth">20</ab>
            <ab type="distancefunction">ngrams</ab>
            
          </ab>
        </segmentation>
        <normalization method="markup">
<ab>ignore punctuation</ab>
<ab>candrabindu as anusvāra</ab>
<ab>geminated aspirated consonants</ab>
<ab>geminated m after h</ab>
<ab>geminated t</ab>
<ab>geminated consonants after r</ab>
<ab>final nasal variants</ab>
<ab>internal nasal variants</ab>
<ab>final anusvāra variants</ab>
<ab>visarga aḥ before voiced consonants</ab>
<ab>visarga aḥ before vowels</ab>
<ab>visarga aḥ before unvoiced consonants and space + anusvāra</ab>
<ab>visarga āḥ variants</ab>
<ab>other visarga variants</ab>
<ab>superfluous avagrahas</ab>
<ab>double avagrahas</ab>
<ab>avagrahas to short a</ab>
<ab>internal visarga variants</ab>
<ab>final au/āv</ab>
<ab>final su</ab>
<ab>final i</ab>
<ab>kcch/kś</ab>
<ab>cś/tś</ab>
<ab>cch/ch</ab>
<ab>final t + hi</ab>
<ab>final t + voiced syllable</ab>
<ab>final t + n/m</ab>
<ab>final t + c/j</ab>
<ab>i/y + vowel</ab>
<ab>bhd for bdh</ab>
<ab>remove spaces</ab>
        </normalization>
        <ab type="tagfilters">
<tag subtype="ignore">pc</tag>
<tag subtype="ignore">head</tag>
<tag subtype="ignore">label</tag>
<tag subtype="ignore">note</tag>
<tag subtype="ignore">num</tag>
<tag subtype="ignore">locus</tag>
<tag subtype="ignore">supplied</tag>
<tag subtype="ignore">surplus</tag>
        </ab>
      </editorialDecl>
    </encodingDesc>
    <xenoData>
      <stemma format="nexml" id="stemma0"><nex:nexml xmlns:nex="http://www.nexml.org/2009" version="0.9"><nex:otus id="otus1"><nex:otu id="otu0" label="A"/><nex:otu id="otu1" label="H"/><nex:otu id="otu2" label="Kac"/><nex:otu id="otu3" label="Kpc"/><nex:otu id="otu4" label="NE"/></nex:otus><nex:trees otus="otus1" id="trees1"><nex:tree id="guidetree" label="guidetree" xsi:type="nex:FloatTree" xmlns:xsi="http://www.w3.org/2001/XMLSchema-instance"><nex:node id="f7502a36-e733-4cec-a3cc-eb3e7cb7ee36" root="true"/><nex:node id="595622f5-032b-48ae-9aff-42784c19e318"/><nex:node id="5a20e2b4-0569-4623-9d26-56092afbc12b"/><nex:node id="75957f0c-6daf-4e57-9f39-ea69b51362cf" label="A" otu="otu3"/><nex:node id="eef76481-b475-49b5-9229-7f8fd539d85f" label="H" otu="otu4"/><nex:node id="13887a90-d0fe-4216-ac59-4e8a723ec44e" label="Kac" otu="otu5"/><nex:node id="747e669f-0f13-45fd-9316-963fd1bffd02"/><nex:node id="75c3793f-ef21-4bc0-ab89-28a33334b045" label="Kpc" otu="otu7"/><nex:node id="31b976e7-9ba9-49d7-b8f6-2228f3a7a9c0" label="NE" otu="otu8"/><nex:edge source="f7502a36-e733-4cec-a3cc-eb3e7cb7ee36" target="595622f5-032b-48ae-9aff-42784c19e318" id="edge0" length="0.09664620029175214"/><nex:edge source="f7502a36-e733-4cec-a3cc-eb3e7cb7ee36" target="747e669f-0f13-45fd-9316-963fd1bffd02" id="edge1" length="0.09664620029175214"/><nex:edge source="595622f5-032b-48ae-9aff-42784c19e318" target="5a20e2b4-0569-4623-9d26-56092afbc12b" id="edge2" length="0.047095542845658867"/><nex:edge source="595622f5-032b-48ae-9aff-42784c19e318" target="13887a90-d0fe-4216-ac59-4e8a723ec44e" id="edge3" length="0.6357358390819369"/><nex:edge source="747e669f-0f13-45fd-9316-963fd1bffd02" target="75c3793f-ef21-4bc0-ab89-28a33334b045" id="edge4" length="0.12402537574678718"/><nex:edge source="747e669f-0f13-45fd-9316-963fd1bffd02" target="31b976e7-9ba9-49d7-b8f6-2228f3a7a9c0" id="edge5" length="0.1910146746867195"/><nex:edge source="5a20e2b4-0569-4623-9d26-56092afbc12b" target="75957f0c-6daf-4e57-9f39-ea69b51362cf" id="edge6" length="0.33018069800180716"/><nex:edge source="5a20e2b4-0569-4623-9d26-56092afbc12b" target="eef76481-b475-49b5-9229-7f8fd539d85f" id="edge7" length="0.23863791549123126"/></nex:tree></nex:trees></nex:nexml></stemma>
    </xenoData>
  </teiHeader>
<TEI n="A"><text><cl><w n="0" lemma="ā"> ā</w><w n="1">pa</w><w n="2">kṣmā</w><w n="3">grā</w><w n="4" lemma="tta">t ta</w><w n="5" lemma="taḥ">taḥ </w></cl><cl><w n="6">sthā</w><w n="7" lemma="pyaṃ">pyaṃ </w></cl><cl><w n="8" lemma="paṃ">pañ</w><w n="9" lemma="ca">ca </w></cl><cl><w n="10">ta</w><w n="11">dvā</w><w n="12">kśa</w><w n="13">tā</w><w n="14" lemma="ni">ni </w><w n="15" lemma="tu">tu | </w></cl><cl><w n="16">sva</w><w n="17" lemma="sthe">sthe </w></cl><cl><w n="18">ka</w><w n="19" lemma="phe">phe </w></cl><cl><w n="20">ṣa</w><w n="21" lemma="ṭpi">ṭ pi</w><w n="22" lemma="te">tte </w></cl><cl><w n="23" lemma="a">'</w><w n="24" lemma="ṣṭau">ṣṭau </w></cl><cl><w n="25">da</w><w n="26" lemma="śa">śa </w></cl><cl><w n="27">vā</w><w n="28" lemma="te">te </w></cl><cl><w n="29">ta</w><w n="30">du</w><w n="31">tta</w><w n="32" lemma="maṃ">mam || </w></cl></text></TEI><TEI n="H"><text><cl><w n="0" lemma="ā"> ā</w><w n="1">pa</w><w n="2">kṣmā</w><w n="3" lemma="grāṃ">grān</w><w n="4">ta</w><w n="5" lemma="taḥ">taḥ </w></cl><cl><w n="6">sthā</w><w n="7" lemma="pyaṃ">pya,m </w></cl><cl><w n="8">paṃ</w><w n="9" lemma="ca">ca </w></cl><cl><w n="10">ṣa</w><w n="11">ḍvā</w><w n="12" lemma="kśa">kcha</w><w n="13">tā</w><w n="14" lemma="ni">ni </w><w n="15" lemma="tu">tu | </w></cl><cl><w n="16">sva</w><w n="17" lemma="sthe">sthe </w></cl><cl><w n="18">ka</w><w n="19" lemma="phe">phe </w></cl><cl><w n="20">ṣa</w><w n="21" lemma="ṭpi">ṭ pi</w><w n="22" lemma="te">tte </w></cl><cl><w n="23" lemma="a">'</w><w n="24" lemma="ṣṭau">ṣṭau , </w></cl><cl><w n="25">da</w><w n="26" lemma="śa">śa </w></cl><cl><w n="27">vā</w><w n="28" lemma="te">te </w></cl><cl><w n="29">ta</w><w n="30">du</w><w n="31">tta</w><w n="32" lemma="maṃ">maṃ || </w></cl></text></TEI><TEI n="Kac"><text><cl><w n="0" lemma="ā"> ā</w><w n="1">pa</w><w n="2">kṣmā</w><w n="3" lemma="grāṃ">grān</w><w n="4">ta</w><w n="5" lemma="taḥ">taḥ </w></cl><cl><w n="6">sthā</w><w n="7" lemma="pya">pya </w></cl><cl><w n="8" lemma="paṃ">pañ</w><w n="9" lemma="ca">ca </w></cl><cl><w n="10">ṣa</w><w n="11">ḍvā</w><w n="12" lemma="kśa">kcha</w><w n="13">tā</w><w n="14" lemma="ni">ni </w><w n="15" lemma="tu">tu | </w></cl><cl><w n="16">sva</w><w n="17" lemma="sthe">sthe </w></cl><cl><w n="18">ka</w><w n="19" lemma="phe">phe </w></cl><cl><w n="20" lemma="ṣa">ṣa </w><w n="21">pi</w><w n="22" lemma="te">tte </w></cl><cl><w n="23"/><w n="24" lemma="ṣṭau">ṣṭau </w></cl><cl><w n="25">da</w><w n="26" lemma="śa">śa </w></cl><cl><w n="27">vā</w><w n="28" lemma="te">te </w></cl><cl><w n="29">ta</w><w n="30">du</w><w n="31">tta</w><w n="32" lemma="maṃ">maṃ | </w></cl></text></TEI><TEI n="Kpc"><text><cl><w n="0" lemma="ā"> ā</w><w n="1">pa</w><w n="2">kṣmā</w><w n="3" lemma="grāṃ">grān</w><w n="4">ta</w><w n="5" lemma="taḥ">taḥ </w></cl><cl><w n="6">sthā</w><w n="7" lemma="pya">pya </w></cl><cl><w n="8" lemma="paṃ">pañ</w><w n="9" lemma="ca">ca </w></cl><cl><w n="10">ṣa</w><w n="11">ḍvā</w><w n="12" lemma="kśa">kcha</w><w n="13">tā</w><w n="14" lemma="ni">ni </w><w n="15" lemma="tu">tu | </w></cl><cl><w n="16">sva</w><w n="17" lemma="sthe">sthe </w></cl><cl><w n="18">ka</w><w n="19" lemma="phe">phe </w></cl><cl><w n="20">ṣa</w><w n="21" lemma="ṭpi">ṭ pi</w><w n="22" lemma="te">tte </w></cl><cl><w n="23"/><w n="24" lemma="ṣṭau">ṣṭau </w></cl><cl><w n="25">da</w><w n="26" lemma="śa">śa </w></cl><cl><w n="27">vā</w><w n="28" lemma="te">te </w></cl><cl><w n="29">ta</w><w n="30">du</w><w n="31">tta</w><w n="32" lemma="maṃ">maṃ | </w></cl></text></TEI><TEI n="NE"><text><cl><w n="0" lemma="ā"> ā</w><w n="1">pa</w><w n="2">kṣmā</w><w n="3" lemma="grāṃ">grān</w><w n="4">ta</w><w n="5" lemma="taḥ">taḥ </w></cl><cl><w n="6">sthā</w><w n="7" lemma="pya">pya </w></cl><cl><w n="8" lemma="paṃ">pañ</w><w n="9" lemma="ca">ca </w></cl><cl><w n="10">ṣa</w><w n="11">ḍvā</w><w n="12" lemma="kśa">kcha</w><w n="13">tā</w><w n="14" lemma="ni">ni </w><w n="15" lemma="tu">tu | </w></cl><cl><w n="16">sva</w><w n="17" lemma="sthe">sthe </w></cl><cl><w n="18">ka</w><w n="19" lemma="phe">phe </w></cl><cl><w n="20">ṣa</w><w n="21" lemma="ṭpi">ṭ pi</w><w n="22" lemma="te">tte </w></cl><cl><w n="23"/><w n="24" lemma="ṣṭau">ṣṭau </w></cl><cl><w n="25">da</w><w n="26" lemma="śa">śa </w></cl><cl><w n="27">vā</w><w n="28" lemma="te">te </w></cl><cl><w n="29">ta</w><w n="30" lemma="tu">d u</w><w n="31">tta</w><w n="32" lemma="maṃ">maṃ | </w></cl></text></TEI></teiCorpus>