<?xml version="1.0" encoding="UTF-8"?>
<teiCorpus xmlns="http://www.tei-c.org/ns/1.0" xml:lang="sa-Latn">
  <teiHeader>
<listWit>
<witness xml:id="A" source="06-ut-vulgate-1938-1-30.xml">
<abbr>A</abbr>
<expan>Printed edition: Ācārya 1938: Uttaratantra 1-30</expan>
</witness>
<witness xml:id="K" source="kl_699_uttaratantra-1-30.xml">
<abbr>K</abbr>
<expan>MSS Kathmandu KL 699: Uttaratantra</expan>
<listWit>
<witness xml:id="Kac" n="ac">
<abbr>Kac</abbr>
<expan>MSS Kathmandu KL 699: Uttaratantra [ante correctionem]</expan>
</witness>
<witness xml:id="Kpc" n="pc">
<abbr type="siglum">Kpc</abbr>
<expan>MSS Kathmandu KL 699: Uttaratantra [post correctionem]</expan>
</witness>
</listWit>
</witness>
<witness xml:id="H" source="nak_5-333_uttaratantra-1-30.xml">
<abbr>H</abbr>
<expan>MS Kathmandu NAK 5-333, Uttaratantra</expan>
<listWit>
<witness xml:id="Hac" n="ac">
<abbr>Hac</abbr>
<expan>MS Kathmandu NAK 5-333, Uttaratantra [ante correctionem]</expan>
</witness>
<witness xml:id="Hpc" n="pc">
<abbr type="siglum">Hpc</abbr>
<expan>MS Kathmandu NAK 5-333, Uttaratantra [post correctionem]</expan>
</witness>
</listWit>
</witness>
<witness xml:id="NE" source="provisional-edition_uttaratantra-1-30.xml">
<abbr>NE</abbr>
<expan>The Nepalese Version of the Suśrutasaṃhitā, uttaratantra 1-30, based on the
                    Nepalese MSS</expan>
</witness>
</listWit>
    <encodingDesc>
      <editorialDecl>
        <segmentation>
          <ab type="tokenization">aksara</ab>
          <ab type="blockid">SS.6.14.8</ab>
          <ab type="targetedition">NE</ab>
          <ab type="scoring">
            <ab type="match">1</ab>
            <ab type="mismatch">-1</ab>
            <ab type="gapopen">-2</ab>
            <ab type="gapextend">-0.25</ab>
            <ab type="recursive">true</ab>
            <ab type="realigndepth">20</ab>
            <ab type="distancefunction">ngrams</ab>
            
          </ab>
        </segmentation>
        <normalization method="markup">
<ab>ignore punctuation</ab>
<ab>candrabindu as anusvāra</ab>
<ab>geminated aspirated consonants</ab>
<ab>geminated m after h</ab>
<ab>geminated t</ab>
<ab>geminated consonants after r</ab>
<ab>final nasal variants</ab>
<ab>internal nasal variants</ab>
<ab>final anusvāra variants</ab>
<ab>visarga aḥ before voiced consonants</ab>
<ab>visarga aḥ before vowels</ab>
<ab>visarga aḥ before unvoiced consonants and space + anusvāra</ab>
<ab>visarga āḥ variants</ab>
<ab>other visarga variants</ab>
<ab>superfluous avagrahas</ab>
<ab>double avagrahas</ab>
<ab>avagrahas to short a</ab>
<ab>internal visarga variants</ab>
<ab>final au/āv</ab>
<ab>final su</ab>
<ab>final i</ab>
<ab>kcch/kś</ab>
<ab>cś/tś</ab>
<ab>cch/ch</ab>
<ab>final t + hi</ab>
<ab>final t + voiced syllable</ab>
<ab>final t + n/m</ab>
<ab>final t + c/j</ab>
<ab>i/y + vowel</ab>
<ab>bhd for bdh</ab>
<ab>remove spaces</ab>
        </normalization>
        <ab type="tagfilters">
<tag subtype="ignore">pc</tag>
<tag subtype="ignore">head</tag>
<tag subtype="ignore">label</tag>
<tag subtype="ignore">note</tag>
<tag subtype="ignore">num</tag>
<tag subtype="ignore">locus</tag>
<tag subtype="ignore">supplied</tag>
<tag subtype="ignore">surplus</tag>
        </ab>
      </editorialDecl>
    </encodingDesc>
    <xenoData>
      <stemma format="nexml" id="stemma0"><nex:nexml xmlns:nex="http://www.nexml.org/2009" version="0.9"><nex:otus id="otus1"><nex:otu id="otu0" label="A"/><nex:otu id="otu1" label="K"/><nex:otu id="otu2" label="NE"/></nex:otus><nex:trees otus="otus1" id="trees1"><nex:tree id="guidetree" label="guidetree" xsi:type="nex:FloatTree" xmlns:xsi="http://www.w3.org/2001/XMLSchema-instance"><nex:node id="b5743b0f-521b-47fe-b45b-d4c740a02f57" root="true"/><nex:node id="dc704688-7d1f-4272-a471-11221ecbb9a5"/><nex:node id="bad9a4d4-46cf-4129-a038-0ebb24a0f089" label="A" otu="otu2"/><nex:node id="29434ca0-9a53-4f87-a2e8-aec78bb1ec10" label="K" otu="otu3"/><nex:node id="d40380b2-60d1-4fae-8eff-20c96b7f6237" label="NE" otu="otu4"/><nex:edge source="b5743b0f-521b-47fe-b45b-d4c740a02f57" target="dc704688-7d1f-4272-a471-11221ecbb9a5" id="edge0" length="0"/><nex:edge source="b5743b0f-521b-47fe-b45b-d4c740a02f57" target="d40380b2-60d1-4fae-8eff-20c96b7f6237" id="edge1" length="0"/><nex:edge source="dc704688-7d1f-4272-a471-11221ecbb9a5" target="bad9a4d4-46cf-4129-a038-0ebb24a0f089" id="edge2" length="1"/><nex:edge source="dc704688-7d1f-4272-a471-11221ecbb9a5" target="29434ca0-9a53-4f87-a2e8-aec78bb1ec10" id="edge3" length="0"/></nex:tree></nex:trees></nex:nexml></stemma>
    </xenoData>
  </teiHeader>
<TEI n="A"><text><cl><w n="0" lemma="pra"> pra</w><w n="1">ti</w><w n="2">sā</w><w n="3" lemma="ryāṃ">ryāñ</w><w n="4">ja</w><w n="5" lemma="naiḥ">nair </w></cl><cl><w n="6" lemma="yuṃ">yuñ</w><w n="7" lemma="jyā">jyā </w><w n="8">du</w><w n="9" lemma="ṣṇaiḥ">ṣṇair </w></cl><cl><w n="10">dī</w><w n="11">pa</w><w n="12">śi</w><w n="13">kho</w><w n="14">dbha</w><w n="15" lemma="vaiḥ">vaiḥ | </w></cl><cl><w n="16">sa</w><w n="17">mya</w><w n="18" lemma="ksviṃ">ksvin</w><w n="19" lemma="ne">ne </w></cl><cl><w n="20">kṛ</w><w n="21">mi</w><w n="22">gra</w><w n="23" lemma="nthau">nthau </w></cl><cl><w n="24" lemma="bhiṃ">bhin</w><w n="25" lemma="ne">ne </w></cl><cl><w n="26">syā</w><w n="27" lemma="tpra">t pra</w><w n="28">ti</w><w n="29">sā</w><w n="30">ra</w><w n="31" lemma="ṇaṃ">ṇam || </w></cl></text></TEI><TEI n="K"><text><cl><w n="0" lemma="pra"> pra</w><w n="1">ti</w><w n="2">sā</w><w n="3" lemma="yāṃ">yāñ</w><w n="4">ja</w><w n="5" lemma="ne">ne </w></cl><cl><w n="6" lemma="yuṃ">yuñ</w><w n="7">jyā</w><w n="8" lemma="nkri">n kri</w><w n="9" lemma="yāṃ">yāṃ </w></cl><cl><w n="10">la</w><w n="11">va</w><w n="12">ṇa</w><w n="13">va</w><w n="14">rji</w><w n="15" lemma="tāṃ">tāṃ || </w></cl><cl><w n="16">sa</w><w n="17">mya</w><w n="18" lemma="ksviṃ">k svin</w><w n="19" lemma="ne">ne </w></cl><cl><w n="20">kri</w><w n="21">mi</w><w n="22">gra</w><w n="23" lemma="nthau">nthau </w></cl><cl><w n="24" lemma="bhiṃ">bhin</w><w n="25" lemma="ne">ne </w></cl><cl><w n="26">syā</w><w n="27" lemma="tpra">t pra</w><w n="28">ti</w><w n="29">sā</w><w n="30">ra</w><w n="31" lemma="ṇaṃ">ṇaṃ | </w></cl></text></TEI><TEI n="NE"><text><cl><w n="0" lemma="pra"> pra</w><w n="1">ti</w><w n="2">sā</w><w n="3" lemma="yāṃ">yāñ</w><w n="4">ja</w><w n="5" lemma="ne">ne </w></cl><cl><w n="6" lemma="yuṃ">yuñ</w><w n="7">jyā</w><w n="8" lemma="nkri">n kri</w><w n="9" lemma="yāṃ">yāṃ </w></cl><cl><w n="10">la</w><w n="11">va</w><w n="12">ṇa</w><w n="13">va</w><w n="14">rji</w><w n="15" lemma="tāṃ">tāṃ || </w></cl><cl><w n="16">sa</w><w n="17">mya</w><w n="18" lemma="ksviṃ">k svin</w><w n="19" lemma="ne">ne </w></cl><cl><w n="20">kri</w><w n="21">mi</w><w n="22">gra</w><w n="23" lemma="nthau">nthau </w></cl><cl><w n="24" lemma="bhiṃ">bhin</w><w n="25" lemma="ne">ne </w></cl><cl><w n="26">syā</w><w n="27" lemma="tpra">t pra</w><w n="28">ti</w><w n="29">sā</w><w n="30">ra</w><w n="31" lemma="ṇaṃ">ṇaṃ | </w></cl></text></TEI></teiCorpus>