<?xml version="1.0" encoding="UTF-8"?>
<teiCorpus xmlns="http://www.tei-c.org/ns/1.0" xml:lang="sa-Latn">
  <teiHeader>
<listWit>
<witness xml:id="A" source="06-ut-vulgate-1938-1-30.xml">
<abbr>A</abbr>
<expan>Printed edition: Ācārya 1938: Uttaratantra 1-30</expan>
</witness>
<witness xml:id="K" source="kl_699_uttaratantra-1-30.xml">
<abbr>K</abbr>
<expan>MSS Kathmandu KL 699: Uttaratantra</expan>
<listWit>
<witness xml:id="Kac" n="ac">
<abbr>Kac</abbr>
<expan>MSS Kathmandu KL 699: Uttaratantra [ante correctionem]</expan>
</witness>
<witness xml:id="Kpc" n="pc">
<abbr type="siglum">Kpc</abbr>
<expan>MSS Kathmandu KL 699: Uttaratantra [post correctionem]</expan>
</witness>
</listWit>
</witness>
<witness xml:id="H" source="nak_5-333_uttaratantra-1-30.xml">
<abbr>H</abbr>
<expan>MS Kathmandu NAK 5-333, Uttaratantra</expan>
<listWit>
<witness xml:id="Hac" n="ac">
<abbr>Hac</abbr>
<expan>MS Kathmandu NAK 5-333, Uttaratantra [ante correctionem]</expan>
</witness>
<witness xml:id="Hpc" n="pc">
<abbr type="siglum">Hpc</abbr>
<expan>MS Kathmandu NAK 5-333, Uttaratantra [post correctionem]</expan>
</witness>
</listWit>
</witness>
<witness xml:id="NE" source="provisional-edition_uttaratantra-1-30.xml">
<abbr>NE</abbr>
<expan>The Nepalese Version of the Suśrutasaṃhitā, uttaratantra 1-30, based on the
                    Nepalese MSS</expan>
</witness>
</listWit>
    <encodingDesc>
      <editorialDecl>
        <segmentation>
          <ab type="tokenization">aksara</ab>
          <ab type="blockid">SS.6.18.51</ab>
          <ab type="targetedition">NE</ab>
          <ab type="scoring">
            <ab type="match">1</ab>
            <ab type="mismatch">-1</ab>
            <ab type="gapopen">-2</ab>
            <ab type="gapextend">-0.25</ab>
            <ab type="recursive">true</ab>
            <ab type="realigndepth">20</ab>
            <ab type="distancefunction">ngrams</ab>
            
          </ab>
        </segmentation>
        <normalization method="markup">
<ab>ignore punctuation</ab>
<ab>candrabindu as anusvāra</ab>
<ab>geminated aspirated consonants</ab>
<ab>geminated m after h</ab>
<ab>geminated t</ab>
<ab>geminated consonants after r</ab>
<ab>final nasal variants</ab>
<ab>internal nasal variants</ab>
<ab>final anusvāra variants</ab>
<ab>visarga aḥ before voiced consonants</ab>
<ab>visarga aḥ before vowels</ab>
<ab>visarga aḥ before unvoiced consonants and space + anusvāra</ab>
<ab>visarga āḥ variants</ab>
<ab>other visarga variants</ab>
<ab>superfluous avagrahas</ab>
<ab>double avagrahas</ab>
<ab>avagrahas to short a</ab>
<ab>internal visarga variants</ab>
<ab>final au/āv</ab>
<ab>final su</ab>
<ab>final i</ab>
<ab>kcch/kś</ab>
<ab>cś/tś</ab>
<ab>cch/ch</ab>
<ab>final t + hi</ab>
<ab>final t + voiced syllable</ab>
<ab>final t + n/m</ab>
<ab>final t + c/j</ab>
<ab>i/y + vowel</ab>
<ab>bhd for bdh</ab>
<ab>remove spaces</ab>
        </normalization>
        <ab type="tagfilters">
<tag subtype="ignore">pc</tag>
<tag subtype="ignore">head</tag>
<tag subtype="ignore">label</tag>
<tag subtype="ignore">note</tag>
<tag subtype="ignore">num</tag>
<tag subtype="ignore">locus</tag>
<tag subtype="ignore">supplied</tag>
<tag subtype="ignore">surplus</tag>
        </ab>
      </editorialDecl>
    </encodingDesc>
    <xenoData>
      <stemma format="nexml" id="stemma0"><nex:nexml xmlns:nex="http://www.nexml.org/2009" version="0.9"><nex:otus id="otus1"><nex:otu id="otu0" label="A"/><nex:otu id="otu1" label="H"/><nex:otu id="otu2" label="K"/><nex:otu id="otu3" label="NE"/></nex:otus><nex:trees otus="otus1" id="trees1"><nex:tree id="guidetree" label="guidetree" xsi:type="nex:FloatTree" xmlns:xsi="http://www.w3.org/2001/XMLSchema-instance"><nex:node id="2a90a87b-0fd8-491a-8d5d-5a63beac629c" root="true"/><nex:node id="66d46b29-2264-4fc0-a3b1-bfba093831e6"/><nex:node id="487fdeca-32ee-4fe4-b338-6e4ce6c4f591" label="A" otu="otu2"/><nex:node id="8b29ddf6-4fd1-4bcd-9aaa-ef09465a2b96" label="H" otu="otu3"/><nex:node id="d74db495-31f0-41c0-a02a-7da89cbf4bce"/><nex:node id="0c14f3b2-4973-4edd-8cfd-6324e524f6ff" label="K" otu="otu5"/><nex:node id="19be28f3-f638-46c3-a114-71ccfddefd22" label="NE" otu="otu6"/><nex:edge source="2a90a87b-0fd8-491a-8d5d-5a63beac629c" target="66d46b29-2264-4fc0-a3b1-bfba093831e6" id="edge0" length="0.26917892303883095"/><nex:edge source="2a90a87b-0fd8-491a-8d5d-5a63beac629c" target="d74db495-31f0-41c0-a02a-7da89cbf4bce" id="edge1" length="0.26917892303883095"/><nex:edge source="66d46b29-2264-4fc0-a3b1-bfba093831e6" target="487fdeca-32ee-4fe4-b338-6e4ce6c4f591" id="edge2" length="0.46164215392233815"/><nex:edge source="66d46b29-2264-4fc0-a3b1-bfba093831e6" target="8b29ddf6-4fd1-4bcd-9aaa-ef09465a2b96" id="edge3" length="0.3536958182163768"/><nex:edge source="d74db495-31f0-41c0-a02a-7da89cbf4bce" target="0c14f3b2-4973-4edd-8cfd-6324e524f6ff" id="edge4" length="0"/><nex:edge source="d74db495-31f0-41c0-a02a-7da89cbf4bce" target="19be28f3-f638-46c3-a114-71ccfddefd22" id="edge5" length="0"/></nex:tree></nex:trees></nex:nexml></stemma>
    </xenoData>
  </teiHeader>
<TEI n="A"><text><cl><w n="0" lemma="ta"> ta</w><w n="1">rpa</w><w n="2">ṇo</w><w n="3" lemma="ktaṃ">ktaṃ </w></cl><cl><w n="4">da</w><w n="5">śa</w><w n="6">gu</w><w n="7" lemma="ṇaṃ">ṇaṃ </w></cl><cl><w n="8">ya</w><w n="9">thā</w><w n="10">do</w><w n="11" lemma="ṣaṃ">ṣaṃ </w></cl><cl><w n="12">vi</w><w n="13">dhā</w><w n="14">na</w><w n="15">vi</w><w n="16" lemma="tvya">t || vya</w><w n="17">kta</w><w n="18">rū</w><w n="19">pe</w><w n="20" lemma="ṣu">ṣu </w></cl><cl><w n="21">do</w><w n="22">ṣe</w><w n="23" lemma="ṣu">ṣu </w></cl><cl><w n="24">śu</w><w n="25" lemma="dha">ddha</w><w n="26">kā</w><w n="27">ya</w><w n="28" lemma="sya">sya </w></cl><cl><w n="29">ke</w><w n="30">va</w><w n="31" lemma="le">le || </w></cl></text></TEI><TEI n="H"><text><cl><w n="0" lemma="ta"> ta</w><w n="1" lemma="rpa">rppa</w><w n="2">ṇo</w><w n="3" lemma="ktaṃ">ktaṃ </w></cl><cl><w n="4">da</w><w n="5">śa</w><w n="6">gu</w><w n="7" lemma="ṇaṃ">ṇaṃ , </w></cl><cl><w n="8">ya</w><w n="9">thā</w><w n="10">do</w><w n="11" lemma="ṣaṃ">ṣaṃ </w></cl><cl><w n="12">vi</w><w n="13">dhā</w><w n="14">na</w><w n="15">vi</w><w n="16" lemma="tvya">t || vya</w><w n="17">kta</w><w n="18">rū</w><w n="19">pe</w><w n="20" lemma="ṣu">ṣu </w></cl><cl><w n="21">ro</w><w n="22">ge</w><w n="23" lemma="ṣu">ṣu , </w></cl><cl><w n="24">śu</w><w n="25" lemma="dha">ddha</w><w n="26">de</w><w n="27">ha</w><w n="28" lemma="sya">sya </w></cl><cl><w n="29">ke</w><w n="30">va</w><w n="31" lemma="le">le | </w></cl></text></TEI><TEI n="K"><text><cl><w n="0" lemma="ta"> ta</w><w n="1">rpa</w><w n="2">ṇo</w><w n="3" lemma="ktaṃ">ktaṃ </w></cl><cl><w n="4">da</w><w n="5">śa</w><w n="6">gu</w><w n="7" lemma="ṇaṃ">ṇaṃ </w></cl><cl><w n="8">ya</w><w n="9">thā</w><w n="10">do</w><w n="11" lemma="ṣaṃ">ṣaṃ </w></cl><cl><w n="12">vi</w><w n="13">dhā</w><w n="14">ṇa</w><w n="15">vi</w><w n="16" lemma="tvya">t | vya</w><w n="17">kta</w><w n="18">rū</w><w n="19">pe</w><w n="20" lemma="śu">śu </w></cl><cl><w n="21">ro</w><w n="22">ge</w><w n="23" lemma="ṣu">ṣu </w></cl><cl><w n="24">śu</w><w n="25" lemma="dha">ddha</w><w n="26">de</w><w n="27">ha</w><w n="28" lemma="sya">sya </w></cl><cl><w n="29">ke</w><w n="30">va</w><w n="31" lemma="le">le | </w></cl></text></TEI><TEI n="NE"><text><cl><w n="0" lemma="ta"> ta</w><w n="1">rpa</w><w n="2">ṇo</w><w n="3" lemma="ktaṃ">ktaṃ </w></cl><cl><w n="4">da</w><w n="5">śa</w><w n="6">gu</w><w n="7" lemma="ṇaṃ">ṇaṃ </w></cl><cl><w n="8">ya</w><w n="9">thā</w><w n="10">do</w><w n="11" lemma="ṣaṃ">ṣaṃ </w></cl><cl><w n="12">vi</w><w n="13">dhā</w><w n="14">ṇa</w><w n="15">vi</w><w n="16" lemma="tvya">t | vya</w><w n="17">kta</w><w n="18">rū</w><w n="19">pe</w><w n="20" lemma="śu">śu </w></cl><cl><w n="21">ro</w><w n="22">ge</w><w n="23" lemma="ṣu">ṣu </w></cl><cl><w n="24">śu</w><w n="25" lemma="dha">ddha</w><w n="26">de</w><w n="27">ha</w><w n="28" lemma="sya">sya </w></cl><cl><w n="29">ke</w><w n="30">va</w><w n="31" lemma="le">le | </w></cl></text></TEI></teiCorpus>