<?xml version="1.0" encoding="UTF-8"?>
<teiCorpus xmlns="http://www.tei-c.org/ns/1.0" xml:lang="sa-Latn">
  <teiHeader>
<listWit>
<witness xml:id="A" source="06-ut-vulgate-1938-1-30.xml">
<abbr>A</abbr>
<expan>Printed edition: Ācārya 1938: Uttaratantra 1-30</expan>
</witness>
<witness xml:id="K" source="kl_699_uttaratantra-1-30.xml">
<abbr>K</abbr>
<expan>MSS Kathmandu KL 699: Uttaratantra</expan>
<listWit>
<witness xml:id="Kac" n="ac">
<abbr>Kac</abbr>
<expan>MSS Kathmandu KL 699: Uttaratantra [ante correctionem]</expan>
</witness>
<witness xml:id="Kpc" n="pc">
<abbr type="siglum">Kpc</abbr>
<expan>MSS Kathmandu KL 699: Uttaratantra [post correctionem]</expan>
</witness>
</listWit>
</witness>
<witness xml:id="H" source="nak_5-333_uttaratantra-1-30.xml">
<abbr>H</abbr>
<expan>MS Kathmandu NAK 5-333, Uttaratantra</expan>
<listWit>
<witness xml:id="Hac" n="ac">
<abbr>Hac</abbr>
<expan>MS Kathmandu NAK 5-333, Uttaratantra [ante correctionem]</expan>
</witness>
<witness xml:id="Hpc" n="pc">
<abbr type="siglum">Hpc</abbr>
<expan>MS Kathmandu NAK 5-333, Uttaratantra [post correctionem]</expan>
</witness>
</listWit>
</witness>
<witness xml:id="NE" source="provisional-edition_uttaratantra-1-30.xml">
<abbr>NE</abbr>
<expan>The Nepalese Version of the Suśrutasaṃhitā, uttaratantra 1-30, based on the
                    Nepalese MSS</expan>
</witness>
</listWit>
    <encodingDesc>
      <editorialDecl>
        <segmentation>
          <ab type="tokenization">aksara</ab>
          <ab type="blockid">SS.6.11.6</ab>
          <ab type="targetedition">NE</ab>
          <ab type="scoring">
            <ab type="match">1</ab>
            <ab type="mismatch">-1</ab>
            <ab type="gapopen">-2</ab>
            <ab type="gapextend">-0.25</ab>
            <ab type="recursive">true</ab>
            <ab type="realigndepth">20</ab>
            <ab type="distancefunction">ngrams</ab>
            
          </ab>
        </segmentation>
        <normalization method="markup">
<ab>ignore punctuation</ab>
<ab>candrabindu as anusvāra</ab>
<ab>geminated aspirated consonants</ab>
<ab>geminated m after h</ab>
<ab>geminated t</ab>
<ab>geminated consonants after r</ab>
<ab>final nasal variants</ab>
<ab>internal nasal variants</ab>
<ab>final anusvāra variants</ab>
<ab>visarga aḥ before voiced consonants</ab>
<ab>visarga aḥ before vowels</ab>
<ab>visarga aḥ before unvoiced consonants and space + anusvāra</ab>
<ab>visarga āḥ variants</ab>
<ab>other visarga variants</ab>
<ab>superfluous avagrahas</ab>
<ab>double avagrahas</ab>
<ab>avagrahas to short a</ab>
<ab>internal visarga variants</ab>
<ab>final au/āv</ab>
<ab>final su</ab>
<ab>final i</ab>
<ab>kcch/kś</ab>
<ab>cś/tś</ab>
<ab>cch/ch</ab>
<ab>final t + hi</ab>
<ab>final t + voiced syllable</ab>
<ab>final t + n/m</ab>
<ab>final t + c/j</ab>
<ab>i/y + vowel</ab>
<ab>bhd for bdh</ab>
<ab>remove spaces</ab>
        </normalization>
        <ab type="tagfilters">
<tag subtype="ignore">pc</tag>
<tag subtype="ignore">head</tag>
<tag subtype="ignore">label</tag>
<tag subtype="ignore">note</tag>
<tag subtype="ignore">num</tag>
<tag subtype="ignore">locus</tag>
<tag subtype="ignore">supplied</tag>
<tag subtype="ignore">surplus</tag>
        </ab>
      </editorialDecl>
    </encodingDesc>
    <xenoData>
      <stemma format="nexml" id="stemma0"><nex:nexml xmlns:nex="http://www.nexml.org/2009" version="0.9"><nex:otus id="otus1"><nex:otu id="otu0" label="A"/><nex:otu id="otu1" label="H"/><nex:otu id="otu2" label="K"/><nex:otu id="otu3" label="NE"/></nex:otus><nex:trees otus="otus1" id="trees1"><nex:tree id="guidetree" label="guidetree" xsi:type="nex:FloatTree" xmlns:xsi="http://www.w3.org/2001/XMLSchema-instance"><nex:node id="9c1f68e2-3c34-468b-a8ef-df7b5d0aa39c" root="true"/><nex:node id="db4b118a-2056-4866-8fca-c40f15f5f377"/><nex:node id="a8ec6f3f-8374-4515-98c1-18e9e83e8375" label="A" otu="otu2"/><nex:node id="458ce16e-e3b8-405d-8026-103497b819cd" label="H" otu="otu3"/><nex:node id="41d2e9d6-8aec-4ba9-93b2-aa9667d533a8"/><nex:node id="5b46cdcc-9675-4759-8826-9255ef7e3021" label="K" otu="otu5"/><nex:node id="4e8673ca-3cb6-48f2-a2b2-02cc595c8d9d" label="NE" otu="otu6"/><nex:edge source="9c1f68e2-3c34-468b-a8ef-df7b5d0aa39c" target="db4b118a-2056-4866-8fca-c40f15f5f377" id="edge0" length="0.2194453792224824"/><nex:edge source="9c1f68e2-3c34-468b-a8ef-df7b5d0aa39c" target="41d2e9d6-8aec-4ba9-93b2-aa9667d533a8" id="edge1" length="0.2194453792224824"/><nex:edge source="db4b118a-2056-4866-8fca-c40f15f5f377" target="a8ec6f3f-8374-4515-98c1-18e9e83e8375" id="edge2" length="0.5611092415550352"/><nex:edge source="db4b118a-2056-4866-8fca-c40f15f5f377" target="458ce16e-e3b8-405d-8026-103497b819cd" id="edge3" length="0.43889075844496483"/><nex:edge source="41d2e9d6-8aec-4ba9-93b2-aa9667d533a8" target="5b46cdcc-9675-4759-8826-9255ef7e3021" id="edge4" length="5.551115123125783e-17"/><nex:edge source="41d2e9d6-8aec-4ba9-93b2-aa9667d533a8" target="4e8673ca-3cb6-48f2-a2b2-02cc595c8d9d" id="edge5" length="5.551115123125783e-17"/></nex:tree></nex:trees></nex:nexml></stemma>
    </xenoData>
  </teiHeader>
<TEI n="A"><text><w n="0" lemma="sve"> sve</w><cl><w n="1" lemma="daṃ">daṃ </w><w n="2">vi</w><w n="3">da</w><w n="4">dhyā</w><w n="5" lemma="ta">t a</w><w n="6">tha</w><w n="7">vā</w><w n="8">nu</w><w n="9">le</w><w n="10" lemma="paṃ">paṃ </w><w n="11">ba</w><w n="12">rhi</w><w n="13">ṣṭha</w><w n="14">śu</w><w n="15">ṇṭhī</w><w n="16">su</w><w n="17">ra</w><w n="18">kā</w><w n="19">ṣṭha</w><w n="20">ku</w><w n="21" lemma="ṣṭhaiḥ">ṣṭhaiḥ | </w><w n="22">si</w><w n="23">ndhū</w><w n="24" lemma="tha">ttha</w><w n="25" lemma="hiṃ">hiṅ</w><w n="26">gu</w></cl><cl><w n="27">tri</w><w n="28">pha</w><w n="29">lā</w><w n="30">ma</w><w n="31">dhū</w><w n="32">ka</w><w n="33">pra</w><w n="34" lemma="pauṃ">pauṇ</w><w n="35">ḍa</w><w n="36">rī</w><w n="37" lemma="kāṃ">kāñ</w><w n="38">ja</w><w n="39">na</w><w n="40">tu</w><w n="41" lemma="tha">ttha</w><w n="42">tā</w><w n="43" lemma="mraiḥ">mraiḥ || </w></cl></text></TEI><TEI n="H"><text><w n="0" lemma=""> </w><cl><w n="1"/><w n="2"/><w n="3"/><w n="4"/><w n="5"/><w n="6"/><w n="7"/><w n="8"/><w n="9"/><w n="10"/><w n="11"/><w n="12"/><w n="13"/><w n="14"/><w n="15"/><w n="16"/><w n="17"/><w n="18"/><w n="19"/><w n="20"/><w n="21"/><w n="22">si</w><w n="23">ndhū</w><w n="24">pra</w><w n="25">su</w><w n="26">ta</w></cl><cl><w n="27">tri</w><w n="28">pha</w><w n="29">lā</w><w n="30">ma</w><w n="31">dhu</w><w n="32">ka</w><w n="33">pra</w><w n="34" lemma="pauṃ">pauṇ</w><w n="35">ḍa</w><w n="36">rī</w><w n="37" lemma="kāṃ">kāñ</w><w n="38">ja</w><w n="39">na</w><w n="40">tu</w><w n="41" lemma="tha">ttha</w><w n="42">tā</w><w n="43" lemma="mraiḥ">mraiḥ | </w></cl></text></TEI><TEI n="K"><text><w n="0" lemma=""> </w><cl><w n="1"/><w n="2"/><w n="3"/><w n="4"/><w n="5"/><w n="6"/><w n="7"/><w n="8"/><w n="9"/><w n="10"/><w n="11"/><w n="12"/><w n="13"/><w n="14"/><w n="15"/><w n="16"/><w n="17"/><w n="18"/><w n="19"/><w n="20"/><w n="21"/><w n="22">si</w><w n="23">ndhū</w><w n="24">pra</w><w n="25">su</w><w n="26" lemma="taṃ">taṃ </w></cl><cl><w n="27">tri</w><w n="28">pha</w><w n="29">lā</w><w n="30">ma</w><w n="31">dhu</w><w n="32">ka</w><w n="33">pra</w><w n="34" lemma="pauṃ">pauṇ</w><w n="35">ḍa</w><w n="36">rī</w><w n="37" lemma="kāṃ">kāñ</w><w n="38">ja</w><w n="39">na</w><w n="40">tu</w><w n="41" lemma="tha">ttha</w><w n="42">tā</w><w n="43" lemma="mraiḥ">mraiḥ | </w></cl></text></TEI><TEI n="NE"><text><w n="0" lemma=""> </w><cl><w n="1"/><w n="2"/><w n="3"/><w n="4"/><w n="5"/><w n="6"/><w n="7"/><w n="8"/><w n="9"/><w n="10"/><w n="11"/><w n="12"/><w n="13"/><w n="14"/><w n="15"/><w n="16"/><w n="17"/><w n="18"/><w n="19"/><w n="20"/><w n="21"/><w n="22">si</w><w n="23">ndhū</w><w n="24">pra</w><w n="25">su</w><w n="26" lemma="taṃ">taṃ </w></cl><cl><w n="27">tri</w><w n="28">pha</w><w n="29">lā</w><w n="30">ma</w><w n="31">dhu</w><w n="32">ka</w><w n="33">pra</w><w n="34" lemma="pauṃ">pauṇ</w><w n="35">ḍa</w><w n="36">rī</w><w n="37" lemma="kāṃ">kāñ</w><w n="38">ja</w><w n="39">na</w><w n="40">tu</w><w n="41" lemma="tha">ttha</w><w n="42">tā</w><w n="43" lemma="mraiḥ">mraiḥ | </w></cl></text></TEI></teiCorpus>