<?xml version="1.0" encoding="UTF-8"?>
<teiCorpus xmlns="http://www.tei-c.org/ns/1.0" xml:lang="sa-Latn">
  <teiHeader>
<listWit>
<witness xml:id="A" source="06-ut-vulgate-1938-1-30.xml">
<abbr>A</abbr>
<expan>Printed edition: Ācārya 1938: Uttaratantra 1-30</expan>
</witness>
<witness xml:id="K" source="kl_699_uttaratantra-1-30.xml">
<abbr>K</abbr>
<expan>MSS Kathmandu KL 699: Uttaratantra</expan>
<listWit>
<witness xml:id="Kac" n="ac">
<abbr>Kac</abbr>
<expan>MSS Kathmandu KL 699: Uttaratantra [ante correctionem]</expan>
</witness>
<witness xml:id="Kpc" n="pc">
<abbr type="siglum">Kpc</abbr>
<expan>MSS Kathmandu KL 699: Uttaratantra [post correctionem]</expan>
</witness>
</listWit>
</witness>
<witness xml:id="H" source="nak_5-333_uttaratantra-1-30.xml">
<abbr>H</abbr>
<expan>MS Kathmandu NAK 5-333, Uttaratantra</expan>
<listWit>
<witness xml:id="Hac" n="ac">
<abbr>Hac</abbr>
<expan>MS Kathmandu NAK 5-333, Uttaratantra [ante correctionem]</expan>
</witness>
<witness xml:id="Hpc" n="pc">
<abbr type="siglum">Hpc</abbr>
<expan>MS Kathmandu NAK 5-333, Uttaratantra [post correctionem]</expan>
</witness>
</listWit>
</witness>
<witness xml:id="NE" source="provisional-edition_uttaratantra-1-30.xml">
<abbr>NE</abbr>
<expan>The Nepalese Version of the Suśrutasaṃhitā, uttaratantra 1-30, based on the
                    Nepalese MSS</expan>
</witness>
</listWit>
    <encodingDesc>
      <editorialDecl>
        <segmentation>
          <ab type="tokenization">aksara</ab>
          <ab type="blockid">SS.6.17.24</ab>
          <ab type="targetedition">NE</ab>
          <ab type="scoring">
            <ab type="match">1</ab>
            <ab type="mismatch">-1</ab>
            <ab type="gapopen">-2</ab>
            <ab type="gapextend">-0.25</ab>
            <ab type="recursive">true</ab>
            <ab type="realigndepth">20</ab>
            <ab type="distancefunction">ngrams</ab>
            
          </ab>
        </segmentation>
        <normalization method="markup">
<ab>ignore punctuation</ab>
<ab>candrabindu as anusvāra</ab>
<ab>geminated aspirated consonants</ab>
<ab>geminated m after h</ab>
<ab>geminated t</ab>
<ab>geminated consonants after r</ab>
<ab>final nasal variants</ab>
<ab>internal nasal variants</ab>
<ab>final anusvāra variants</ab>
<ab>visarga aḥ before voiced consonants</ab>
<ab>visarga aḥ before vowels</ab>
<ab>visarga aḥ before unvoiced consonants and space + anusvāra</ab>
<ab>visarga āḥ variants</ab>
<ab>other visarga variants</ab>
<ab>superfluous avagrahas</ab>
<ab>double avagrahas</ab>
<ab>avagrahas to short a</ab>
<ab>internal visarga variants</ab>
<ab>final au/āv</ab>
<ab>final su</ab>
<ab>final i</ab>
<ab>kcch/kś</ab>
<ab>cś/tś</ab>
<ab>cch/ch</ab>
<ab>final t + hi</ab>
<ab>final t + voiced syllable</ab>
<ab>final t + n/m</ab>
<ab>final t + c/j</ab>
<ab>i/y + vowel</ab>
<ab>bhd for bdh</ab>
<ab>remove spaces</ab>
        </normalization>
        <ab type="tagfilters">
<tag subtype="ignore">pc</tag>
<tag subtype="ignore">head</tag>
<tag subtype="ignore">label</tag>
<tag subtype="ignore">note</tag>
<tag subtype="ignore">num</tag>
<tag subtype="ignore">locus</tag>
<tag subtype="ignore">supplied</tag>
<tag subtype="ignore">surplus</tag>
        </ab>
      </editorialDecl>
    </encodingDesc>
    <xenoData>
      <stemma format="nexml" id="stemma0"><nex:nexml xmlns:nex="http://www.nexml.org/2009" version="0.9"><nex:otus id="otus1"><nex:otu id="otu0" label="A"/><nex:otu id="otu1" label="H"/><nex:otu id="otu2" label="K"/><nex:otu id="otu3" label="NE"/></nex:otus><nex:trees otus="otus1" id="trees1"><nex:tree id="guidetree" label="guidetree" xsi:type="nex:FloatTree" xmlns:xsi="http://www.w3.org/2001/XMLSchema-instance"><nex:node id="4d288275-8912-42d1-a7b7-f073b9c698d5" root="true"/><nex:node id="21caa14e-f18a-489b-9471-aaa3a44f8cc3"/><nex:node id="145de8de-3c3e-49c8-ba97-7a4483437122" label="A" otu="otu2"/><nex:node id="3d60435c-8061-4849-aefb-1c0fb1ae6c2d" label="H" otu="otu3"/><nex:node id="1c2cbd9b-ec40-4dc6-af93-50ae2d7dd08a"/><nex:node id="88990287-62f5-4cbd-b0af-55a5ab85be27" label="K" otu="otu5"/><nex:node id="7ec28abd-ceeb-4eb6-b515-aea27cad0ef8" label="NE" otu="otu6"/><nex:edge source="4d288275-8912-42d1-a7b7-f073b9c698d5" target="21caa14e-f18a-489b-9471-aaa3a44f8cc3" id="edge0" length="0.039664419777006715"/><nex:edge source="4d288275-8912-42d1-a7b7-f073b9c698d5" target="1c2cbd9b-ec40-4dc6-af93-50ae2d7dd08a" id="edge1" length="0.039664419777006715"/><nex:edge source="21caa14e-f18a-489b-9471-aaa3a44f8cc3" target="145de8de-3c3e-49c8-ba97-7a4483437122" id="edge2" length="0.6332809629240297"/><nex:edge source="21caa14e-f18a-489b-9471-aaa3a44f8cc3" target="3d60435c-8061-4849-aefb-1c0fb1ae6c2d" id="edge3" length="0.35487637834169383"/><nex:edge source="1c2cbd9b-ec40-4dc6-af93-50ae2d7dd08a" target="88990287-62f5-4cbd-b0af-55a5ab85be27" id="edge4" length="0.31852492117147546"/><nex:edge source="1c2cbd9b-ec40-4dc6-af93-50ae2d7dd08a" target="7ec28abd-ceeb-4eb6-b515-aea27cad0ef8" id="edge5" length="0.1918292282331836"/></nex:tree></nex:trees></nex:nexml></stemma>
    </xenoData>
  </teiHeader>
<TEI n="A"><text><cl><w n="0" lemma="vi"> vi</w><w n="1">pā</w><w n="2" lemma="cya">cya </w></cl><cl><w n="3">go</w><w n="4">dhā</w><w n="5">ya</w><w n="6">kṛ</w><w n="7">da</w><w n="8">rdha</w><w n="9">pā</w><w n="10">ṭi</w><w n="11" lemma="taṃ">taṃ </w></cl><cl><w n="12">su</w><w n="13">pū</w><w n="14">ri</w><w n="15" lemma="taṃ">taṃ </w></cl><cl><w n="16">mā</w><w n="17">ga</w><w n="18">dhi</w><w n="19">kā</w><w n="20" lemma="bhiḥ">bhir </w></cl><cl><w n="21">a</w><w n="22">gni</w><w n="23" lemma="nā">nā | </w></cl><cl><w n="24">ni</w><w n="25">ṣe</w><w n="26">vi</w><w n="27" lemma="taṃ">taṃ </w></cl><cl><w n="28">ta</w><w n="29" lemma="tya">d ya</w><w n="30">kṛ</w><w n="31" lemma="taṃ">d añ</w><w n="32">ja</w><w n="33">ne</w><w n="34" lemma="na">na </w><w n="35"/></cl><cl><w n="36">ni</w><w n="37" lemma="haṃ">han</w><w n="38" lemma="ti">ti </w></cl><cl><w n="39"/><w n="40">na</w><w n="41">ktā</w><w n="42" lemma="ndhyaṃ">ndhyam </w></cl><cl><w n="43">a</w><w n="44">saṃ</w><w n="45">śa</w><w n="46" lemma="yaṃ">yaṃ </w></cl><cl><w n="47">kha</w><w n="48" lemma="lu">lu || </w></cl></text></TEI><TEI n="H"><text><cl><w n="0">pa</w><w n="1">ce</w><w n="2" lemma="ta">ta </w></cl><cl><w n="3">go</w><w n="4">dhā</w><w n="5">ya</w><w n="6">kṛ</w><w n="7" lemma="taṃ">d an</w><w n="8">tra</w><w n="9">ka</w><w n="10">lpi</w><w n="11" lemma="taṃ">taṃ </w></cl><cl><w n="12">su</w><w n="13">pū</w><w n="14">ri</w><w n="15" lemma="taṃ">taṃ </w></cl><cl><w n="16">mā</w><w n="17">ga</w><w n="18">dhi</w><w n="19">kā</w><w n="20" lemma="bhiḥ">bhir </w></cl><cl><w n="21">a</w><w n="22">gni</w><w n="23" lemma="nā">nā | </w></cl><cl><w n="24">ni</w><w n="25">ṣe</w><w n="26">vi</w><w n="27" lemma="taṃ">taṃ </w></cl><cl><w n="28">ya</w><w n="29" lemma="tya">d ya</w><w n="30">kṛ</w><w n="31" lemma="taṃ">d añ</w><w n="32">ja</w><w n="33">ne</w><w n="34" lemma="na">na </w><w n="35" lemma="vā">vā </w></cl><cl><w n="36">ni</w><w n="37" lemma="haṃ">han</w><w n="38" lemma="ti">ty </w></cl><cl><w n="39">a</w><w n="40">na</w><w n="41">ktā</w><w n="42" lemma="ndhyaṃ">ndhyam </w></cl><cl><w n="43">a</w><w n="44">saṃ</w><w n="45">śa</w><w n="46" lemma="yaṃ">yaṃ </w></cl><cl><w n="47">kha</w><w n="48" lemma="lu">lu || </w></cl></text></TEI><TEI n="K"><text><cl><w n="0">pa</w><w n="1">ce</w><w n="2" lemma="ta">ta </w></cl><cl><w n="3">go</w><w n="4">dhā</w><w n="5">ya</w><w n="6">kṛ</w><w n="7" lemma="taṃ">d an</w><w n="8">tra</w><w n="9">ka</w><w n="10">lpi</w><w n="11" lemma="taṃ">taṃ </w></cl><cl><w n="12">su</w><w n="13">pū</w><w n="14">ri</w><w n="15" lemma="taṃ">taṃ </w></cl><cl><w n="16">mā</w><w n="17">ga</w><w n="18">dhi</w><w n="19">kā</w><w n="20" lemma="bhiḥ">bhir </w></cl><cl><w n="21">a</w><w n="22">gni</w><w n="23" lemma="nā">nā | </w></cl><cl><w n="24">ni</w><w n="25">ṣe</w><w n="26">vi</w><w n="27" lemma="taṃ">taṃ </w></cl><cl><w n="28">ya</w><w n="29" lemma="tya">d ya</w><w n="30">kṛ</w><w n="31" lemma="taṃ">d aṃ</w><w n="32">ja</w><w n="33">ne</w><w n="34" lemma="na">na </w><w n="35" lemma="vā">vā </w></cl><cl><w n="36">ni</w><w n="37" lemma="haṃ">han</w><w n="38" lemma="ti">ti </w></cl><cl><w n="39"/><w n="40">na</w><w n="41">ktā</w><w n="42" lemma="ndhyaṃ">ndhyam </w></cl><cl><w n="43">a</w><w n="44">saṃ</w><w n="45">sa</w><w n="46" lemma="yaṃ">yaṃ </w></cl><cl><w n="47">kha</w><w n="48" lemma="lu">lu || </w></cl></text></TEI><TEI n="NE"><text><cl><w n="0" lemma="pa"> pa</w><w n="1">ce</w><w n="2" lemma="ta">ta </w></cl><cl><w n="3">go</w><w n="4">dhā</w><w n="5">ya</w><w n="6">kṛ</w><w n="7" lemma="taṃ">d an</w><w n="8">tra</w><w n="9">ka</w><w n="10">lpi</w><w n="11" lemma="taṃ">taṃ </w></cl><cl><w n="12">su</w><w n="13">pū</w><w n="14">ri</w><w n="15" lemma="taṃ">taṃ </w></cl><cl><w n="16">mā</w><w n="17">ga</w><w n="18">dhi</w><w n="19">kā</w><w n="20" lemma="bhiḥ">bhir </w></cl><cl><w n="21">a</w><w n="22">gni</w><w n="23" lemma="nā">nā | </w></cl><cl><w n="24">ni</w><w n="25">ṣe</w><w n="26">vi</w><w n="27" lemma="taṃ">taṃ </w></cl><cl><w n="28">ya</w><w n="29" lemma="tya">d ya</w><w n="30">kṛ</w><w n="31" lemma="taṃ">d añ</w><w n="32">ja</w><w n="33">ne</w><w n="34" lemma="na">na </w><w n="35" lemma="vā">vā </w></cl><cl><w n="36">ni</w><w n="37" lemma="haṃ">han</w><w n="38" lemma="ti">ti </w></cl><cl><w n="39"/><w n="40">na</w><w n="41">ktā</w><w n="42" lemma="ndhyaṃ">ndhyam </w></cl><cl><w n="43">a</w><w n="44">saṃ</w><w n="45">śa</w><w n="46" lemma="yaṃ">yaṃ </w></cl><cl><w n="47">kha</w><w n="48" lemma="lu">lu || </w></cl></text></TEI></teiCorpus>