<?xml version="1.0" encoding="UTF-8"?>
<teiCorpus xmlns="http://www.tei-c.org/ns/1.0" xml:lang="sa-Latn">
  <teiHeader>
<listWit>
<witness xml:id="A" source="06-ut-vulgate-1938-1-30.xml">
<abbr>A</abbr>
<expan>Printed edition: Ācārya 1938: Uttaratantra 1-30</expan>
</witness>
<witness xml:id="K" source="kl_699_uttaratantra-1-30.xml">
<abbr>K</abbr>
<expan>MSS Kathmandu KL 699: Uttaratantra</expan>
<listWit>
<witness xml:id="Kac" n="ac">
<abbr>Kac</abbr>
<expan>MSS Kathmandu KL 699: Uttaratantra [ante correctionem]</expan>
</witness>
<witness xml:id="Kpc" n="pc">
<abbr type="siglum">Kpc</abbr>
<expan>MSS Kathmandu KL 699: Uttaratantra [post correctionem]</expan>
</witness>
</listWit>
</witness>
<witness xml:id="H" source="nak_5-333_uttaratantra-1-30.xml">
<abbr>H</abbr>
<expan>MS Kathmandu NAK 5-333, Uttaratantra</expan>
<listWit>
<witness xml:id="Hac" n="ac">
<abbr>Hac</abbr>
<expan>MS Kathmandu NAK 5-333, Uttaratantra [ante correctionem]</expan>
</witness>
<witness xml:id="Hpc" n="pc">
<abbr type="siglum">Hpc</abbr>
<expan>MS Kathmandu NAK 5-333, Uttaratantra [post correctionem]</expan>
</witness>
</listWit>
</witness>
<witness xml:id="NE" source="provisional-edition_uttaratantra-1-30.xml">
<abbr>NE</abbr>
<expan>The Nepalese Version of the Suśrutasaṃhitā, uttaratantra 1-30, based on the
                    Nepalese MSS</expan>
</witness>
</listWit>
    <encodingDesc>
      <editorialDecl>
        <segmentation>
          <ab type="tokenization">aksara</ab>
          <ab type="blockid">SS.6.11.3</ab>
          <ab type="targetedition">NE</ab>
          <ab type="scoring">
            <ab type="match">1</ab>
            <ab type="mismatch">-1</ab>
            <ab type="gapopen">-2</ab>
            <ab type="gapextend">-0.25</ab>
            <ab type="recursive">true</ab>
            <ab type="realigndepth">20</ab>
            <ab type="distancefunction">ngrams</ab>
            
          </ab>
        </segmentation>
        <normalization method="markup">
<ab>ignore punctuation</ab>
<ab>candrabindu as anusvāra</ab>
<ab>geminated aspirated consonants</ab>
<ab>geminated m after h</ab>
<ab>geminated t</ab>
<ab>geminated consonants after r</ab>
<ab>final nasal variants</ab>
<ab>internal nasal variants</ab>
<ab>final anusvāra variants</ab>
<ab>visarga aḥ before voiced consonants</ab>
<ab>visarga aḥ before vowels</ab>
<ab>visarga aḥ before unvoiced consonants and space + anusvāra</ab>
<ab>visarga āḥ variants</ab>
<ab>other visarga variants</ab>
<ab>superfluous avagrahas</ab>
<ab>double avagrahas</ab>
<ab>avagrahas to short a</ab>
<ab>internal visarga variants</ab>
<ab>final au/āv</ab>
<ab>final su</ab>
<ab>final i</ab>
<ab>kcch/kś</ab>
<ab>cś/tś</ab>
<ab>cch/ch</ab>
<ab>final t + hi</ab>
<ab>final t + voiced syllable</ab>
<ab>final t + n/m</ab>
<ab>final t + c/j</ab>
<ab>i/y + vowel</ab>
<ab>bhd for bdh</ab>
<ab>remove spaces</ab>
        </normalization>
        <ab type="tagfilters">
<tag subtype="ignore">pc</tag>
<tag subtype="ignore">head</tag>
<tag subtype="ignore">label</tag>
<tag subtype="ignore">note</tag>
<tag subtype="ignore">num</tag>
<tag subtype="ignore">locus</tag>
<tag subtype="ignore">supplied</tag>
<tag subtype="ignore">surplus</tag>
        </ab>
      </editorialDecl>
    </encodingDesc>
    <xenoData>
      <stemma format="nexml" id="stemma0"><nex:nexml xmlns:nex="http://www.nexml.org/2009" version="0.9"><nex:otus id="otus1"><nex:otu id="otu0" label="A"/><nex:otu id="otu1" label="H"/><nex:otu id="otu2" label="K"/><nex:otu id="otu3" label="NE"/></nex:otus><nex:trees otus="otus1" id="trees1"><nex:tree id="guidetree" label="guidetree" xsi:type="nex:FloatTree" xmlns:xsi="http://www.w3.org/2001/XMLSchema-instance"><nex:node id="f29780c8-b382-41a3-a7fc-1d79e0b2ec23" root="true"/><nex:node id="093a12d1-b287-4733-941e-92ce3c018e6b"/><nex:node id="ff779e50-c617-45f0-8846-1a207e00931b" label="A" otu="otu2"/><nex:node id="2a8213f4-0951-4f89-b86e-a33282ceb1b8" label="H" otu="otu3"/><nex:node id="c95bbc40-5094-4e8c-82e5-c89f642ba9a4"/><nex:node id="6651f724-13f4-4381-abc2-735f5bede13f" label="K" otu="otu5"/><nex:node id="8bd0011b-fd3c-4a53-8d3c-6ee990730a4a" label="NE" otu="otu6"/><nex:edge source="f29780c8-b382-41a3-a7fc-1d79e0b2ec23" target="093a12d1-b287-4733-941e-92ce3c018e6b" id="edge0" length="0.22610552767059025"/><nex:edge source="f29780c8-b382-41a3-a7fc-1d79e0b2ec23" target="c95bbc40-5094-4e8c-82e5-c89f642ba9a4" id="edge1" length="0.22610552767059025"/><nex:edge source="093a12d1-b287-4733-941e-92ce3c018e6b" target="ff779e50-c617-45f0-8846-1a207e00931b" id="edge2" length="0.5477889446588196"/><nex:edge source="093a12d1-b287-4733-941e-92ce3c018e6b" target="2a8213f4-0951-4f89-b86e-a33282ceb1b8" id="edge3" length="0.39479266408005886"/><nex:edge source="c95bbc40-5094-4e8c-82e5-c89f642ba9a4" target="6651f724-13f4-4381-abc2-735f5bede13f" id="edge4" length="0"/><nex:edge source="c95bbc40-5094-4e8c-82e5-c89f642ba9a4" target="8bd0011b-fd3c-4a53-8d3c-6ee990730a4a" id="edge5" length="0"/></nex:tree></nex:trees></nex:nexml></stemma>
    </xenoData>
  </teiHeader>
<TEI n="A"><text><cl><w n="0" lemma="syaṃ"> syan</w><w n="1">dā</w><w n="2">dhi</w><w n="3">ma</w><w n="4" lemma="nthau">nthau </w><w n="5">ka</w><w n="6">pha</w><w n="7" lemma="jau">jau </w></cl><cl><w n="8">pra</w><w n="9">vṛ</w><w n="10" lemma="dhau">ddhau </w><w n="11">ja</w><w n="12">ye</w><w n="13" lemma="tsi">t si</w><w n="14">rā</w><w n="15">ṇā</w></cl><cl><w n="16">ma</w><w n="17" lemma="tha">tha </w></cl><cl><w n="18">mo</w><w n="19">kṣa</w><w n="20">ṇe</w><w n="21" lemma="na">na | </w></cl><cl><w n="22">sve</w><w n="23">dā</w><w n="24">va</w><w n="25">pī</w><w n="26" lemma="ḍāṃ">ḍāñ</w><w n="27">ja</w><w n="28">na</w><w n="29">dhū</w><w n="30">ma</w><w n="31">se</w></cl><cl><w n="32">ka</w><w n="33">pra</w><w n="34">le</w><w n="35">pa</w></cl><cl><w n="36">yo</w><w n="37" lemma="gaiḥ">gaiḥ </w></cl><cl><w n="38">ka</w><w n="39">va</w><w n="40">la</w><w n="41">gra</w><w n="42" lemma="haiḥ">haiś </w><w n="44"/></cl><w n="43" lemma="ca">ca || </w><cl><w n="45"/><w n="46"/></cl></text></TEI><TEI n="H"><text><cl><w n="0" lemma="syaṃ"> syan</w><w n="1">dā</w><w n="2">dhi</w><w n="3">ma</w><w n="4" lemma="nthai">nthai </w><w n="5">ka</w><w n="6">pha</w><w n="7" lemma="jau">jau </w></cl><cl><w n="8"/><w n="9"/><w n="10"/><w n="11">ja</w><w n="12">ye</w><w n="13" lemma="cchi">t śi</w><w n="14">ro</w><w n="15" lemma="ṇāṃ">ṇām </w></cl><cl><w n="16">a</w><w n="17" lemma="tha">tha </w></cl><cl><w n="18">mo</w><w n="19">kṣa</w><w n="20">ṇe</w><w n="21" lemma="na">na | </w></cl><cl><w n="22">sve</w><w n="23">dā</w><w n="24">va</w><w n="25">pī</w><w n="26" lemma="ḍāṃ">ḍāñ</w><w n="27">ja</w><w n="28">na</w><w n="29">dhū</w><w n="30">ma</w><w n="31"/></cl><cl><w n="32"/><w n="33"/><w n="34"/><w n="35"/></cl><cl><w n="36"/><w n="37"/></cl><cl><w n="38"/><w n="39"/><w n="40"/><w n="41"/><w n="42"/><w n="44" lemma="syai">syai </w></cl><w n="43">na</w><cl><w n="45">sta</w><w n="46" lemma="thai">tthai || </w></cl></text></TEI><TEI n="K"><text><cl><w n="0" lemma="syaṃ"> syan</w><w n="1">dā</w><w n="2">dhi</w><w n="3">ma</w><w n="4">nthai</w><w n="5">ka</w><w n="6">pha</w><w n="7" lemma="jau">jau </w></cl><cl><w n="8"/><w n="9"/><w n="10"/><w n="11">ja</w><w n="12">ye</w><w n="13" lemma="cchi">t śi</w><w n="14">ro</w><w n="15" lemma="ṇāṃ">ṇām </w></cl><cl><w n="16">a</w><w n="17" lemma="tha">tha </w></cl><cl><w n="18">mo</w><w n="19">kṣa</w><w n="20">ṇe</w><w n="21" lemma="na">na | </w></cl><cl><w n="22">sve</w><w n="23">dā</w><w n="24">va</w><w n="25">pī</w><w n="26" lemma="ḍāṃ">ḍāñ</w><w n="27">ja</w><w n="28">na</w><w n="29"/><w n="30"/><w n="31" lemma="sya">sya </w></cl><cl><w n="32">dhū</w><w n="33">mai</w><w n="34">ta</w><w n="35" lemma="thai">thai </w></cl><cl><w n="36">tī</w><w n="37" lemma="kṣṇaiḥ">kṣṇaiḥ </w></cl><cl><w n="38">ka</w><w n="39">va</w><w n="40">ḍa</w><w n="41">gra</w><w n="42" lemma="haiḥ">haiś </w><w n="44"/></cl><w n="43" lemma="ca">ca | </w><cl><w n="45"/><w n="46"/></cl></text></TEI><TEI n="NE"><text><cl><w n="0" lemma="syaṃ"> syan</w><w n="1">dā</w><w n="2">dhi</w><w n="3">ma</w><w n="4">nthai</w><w n="5">ka</w><w n="6">pha</w><w n="7" lemma="jau">jau </w></cl><cl><w n="8"/><w n="9"/><w n="10"/><w n="11">ja</w><w n="12">ye</w><w n="13" lemma="cchi">t śi</w><w n="14">ro</w><w n="15" lemma="ṇāṃ">ṇām </w></cl><cl><w n="16">a</w><w n="17" lemma="tha">tha </w></cl><cl><w n="18">mo</w><w n="19">kṣa</w><w n="20">ṇe</w><w n="21" lemma="na">na | </w></cl><cl><w n="22">sve</w><w n="23">dā</w><w n="24">va</w><w n="25">pī</w><w n="26" lemma="ḍāṃ">ḍāñ</w><w n="27">ja</w><w n="28">na</w><w n="29"/><w n="30"/><w n="31" lemma="sya">sya </w></cl><cl><w n="32">dhū</w><w n="33">mai</w><w n="34">ta</w><w n="35" lemma="thai">thai </w></cl><cl><w n="36">tī</w><w n="37" lemma="kṣṇaiḥ">kṣṇaiḥ </w></cl><cl><w n="38">ka</w><w n="39">va</w><w n="40">ḍa</w><w n="41">gra</w><w n="42" lemma="haiḥ">haiś </w><w n="44"/></cl><w n="43" lemma="ca">ca | </w><cl><w n="45"/><w n="46"/></cl></text></TEI></teiCorpus>