<?xml version="1.0" encoding="UTF-8"?>
<teiCorpus xmlns="http://www.tei-c.org/ns/1.0" xml:lang="sa-Latn">
  <teiHeader>
<listWit>
<witness xml:id="A" source="06-ut-vulgate-1938-1-30.xml">
<abbr>A</abbr>
<expan>Printed edition: Ācārya 1938: Uttaratantra 1-30</expan>
</witness>
<witness xml:id="K" source="kl_699_uttaratantra-1-30.xml">
<abbr>K</abbr>
<expan>MSS Kathmandu KL 699: Uttaratantra</expan>
<listWit>
<witness xml:id="Kac" n="ac">
<abbr>Kac</abbr>
<expan>MSS Kathmandu KL 699: Uttaratantra [ante correctionem]</expan>
</witness>
<witness xml:id="Kpc" n="pc">
<abbr type="siglum">Kpc</abbr>
<expan>MSS Kathmandu KL 699: Uttaratantra [post correctionem]</expan>
</witness>
</listWit>
</witness>
<witness xml:id="H" source="nak_5-333_uttaratantra-1-30.xml">
<abbr>H</abbr>
<expan>MS Kathmandu NAK 5-333, Uttaratantra</expan>
<listWit>
<witness xml:id="Hac" n="ac">
<abbr>Hac</abbr>
<expan>MS Kathmandu NAK 5-333, Uttaratantra [ante correctionem]</expan>
</witness>
<witness xml:id="Hpc" n="pc">
<abbr type="siglum">Hpc</abbr>
<expan>MS Kathmandu NAK 5-333, Uttaratantra [post correctionem]</expan>
</witness>
</listWit>
</witness>
<witness xml:id="NE" source="provisional-edition_uttaratantra-1-30.xml">
<abbr>NE</abbr>
<expan>The Nepalese Version of the Suśrutasaṃhitā, uttaratantra 1-30, based on the
                    Nepalese MSS</expan>
</witness>
</listWit>
    <encodingDesc>
      <editorialDecl>
        <segmentation>
          <ab type="tokenization">aksara</ab>
          <ab type="blockid">SS.6.13.13</ab>
          <ab type="targetedition">NE</ab>
          <ab type="scoring">
            <ab type="match">1</ab>
            <ab type="mismatch">-1</ab>
            <ab type="gapopen">-2</ab>
            <ab type="gapextend">-0.25</ab>
            <ab type="recursive">true</ab>
            <ab type="realigndepth">20</ab>
            <ab type="distancefunction">ngrams</ab>
            
          </ab>
        </segmentation>
        <normalization method="markup">
<ab>ignore punctuation</ab>
<ab>candrabindu as anusvāra</ab>
<ab>geminated aspirated consonants</ab>
<ab>geminated m after h</ab>
<ab>geminated t</ab>
<ab>geminated consonants after r</ab>
<ab>final nasal variants</ab>
<ab>internal nasal variants</ab>
<ab>final anusvāra variants</ab>
<ab>visarga aḥ before voiced consonants</ab>
<ab>visarga aḥ before vowels</ab>
<ab>visarga aḥ before unvoiced consonants and space + anusvāra</ab>
<ab>visarga āḥ variants</ab>
<ab>other visarga variants</ab>
<ab>superfluous avagrahas</ab>
<ab>double avagrahas</ab>
<ab>avagrahas to short a</ab>
<ab>internal visarga variants</ab>
<ab>final au/āv</ab>
<ab>final su</ab>
<ab>final i</ab>
<ab>kcch/kś</ab>
<ab>cś/tś</ab>
<ab>cch/ch</ab>
<ab>final t + hi</ab>
<ab>final t + voiced syllable</ab>
<ab>final t + n/m</ab>
<ab>final t + c/j</ab>
<ab>i/y + vowel</ab>
<ab>bhd for bdh</ab>
<ab>remove spaces</ab>
        </normalization>
        <ab type="tagfilters">
<tag subtype="ignore">pc</tag>
<tag subtype="ignore">head</tag>
<tag subtype="ignore">label</tag>
<tag subtype="ignore">note</tag>
<tag subtype="ignore">num</tag>
<tag subtype="ignore">locus</tag>
<tag subtype="ignore">supplied</tag>
<tag subtype="ignore">surplus</tag>
        </ab>
      </editorialDecl>
    </encodingDesc>
    <xenoData>
      <stemma format="nexml" id="stemma0"><nex:nexml xmlns:nex="http://www.nexml.org/2009" version="0.9"><nex:otus id="otus1"><nex:otu id="otu0" label="A"/><nex:otu id="otu1" label="H"/><nex:otu id="otu2" label="K"/><nex:otu id="otu3" label="NE"/></nex:otus><nex:trees otus="otus1" id="trees1"><nex:tree id="guidetree" label="guidetree" xsi:type="nex:FloatTree" xmlns:xsi="http://www.w3.org/2001/XMLSchema-instance"><nex:node id="a6d2cf2b-e074-4ed4-bc18-c3162cc308b8" root="true"/><nex:node id="2c3fb29b-bc1d-492a-b2fc-8ce016578950"/><nex:node id="573e204e-e855-4cba-86f2-3d8cb91fc484" label="A" otu="otu2"/><nex:node id="cf23891a-7726-4aca-bde5-67498efa0813" label="H" otu="otu3"/><nex:node id="c50c9b15-8941-4648-b76c-62694794048d"/><nex:node id="5373152f-1d4a-4607-89cd-ad3660aefb14" label="K" otu="otu5"/><nex:node id="64fd2135-7370-4b9f-9270-a03900357104" label="NE" otu="otu6"/><nex:edge source="a6d2cf2b-e074-4ed4-bc18-c3162cc308b8" target="2c3fb29b-bc1d-492a-b2fc-8ce016578950" id="edge0" length="0.22064487543122202"/><nex:edge source="a6d2cf2b-e074-4ed4-bc18-c3162cc308b8" target="c50c9b15-8941-4648-b76c-62694794048d" id="edge1" length="0.22064487543122202"/><nex:edge source="2c3fb29b-bc1d-492a-b2fc-8ce016578950" target="573e204e-e855-4cba-86f2-3d8cb91fc484" id="edge2" length="0.5476885146447521"/><nex:edge source="2c3fb29b-bc1d-492a-b2fc-8ce016578950" target="cf23891a-7726-4aca-bde5-67498efa0813" id="edge3" length="0.4523114853552479"/><nex:edge source="c50c9b15-8941-4648-b76c-62694794048d" target="5373152f-1d4a-4607-89cd-ad3660aefb14" id="edge4" length="0"/><nex:edge source="c50c9b15-8941-4648-b76c-62694794048d" target="64fd2135-7370-4b9f-9270-a03900357104" id="edge5" length="0"/></nex:tree></nex:trees></nex:nexml></stemma>
    </xenoData>
  </teiHeader>
<TEI n="A"><text><cl><w n="0" lemma="vyā"> vyā</w><w n="1">va</w><w n="2">rta</w><w n="3" lemma="te">te </w><w n="4">ya</w><w n="5" lemma="dā">dā </w></cl><cl><w n="6">va</w><w n="7" lemma="rtma">rtma </w></cl><cl><w n="8">pa</w><w n="9" lemma="kṣma">kṣma </w></cl><cl><w n="10">cā</w><w n="11" lemma="pi">pi </w></cl><cl><w n="12">vi</w><w n="13">mu</w><w n="14">hya</w><w n="15" lemma="ti">ti | </w></cl><cl><w n="16">syā</w><w n="17" lemma="tsa">t sa</w><w n="18">ru</w><w n="19" lemma="ksrā">k srā</w><w n="20">va</w><w n="21">ba</w></cl><w n="22">hu</w><cl><w n="23"/><w n="24" lemma="laṃ">laṃ </w></cl><cl><w n="25">ta</w><w n="26">da</w><w n="27">ti</w><w n="28">srā</w><w n="29">vi</w><w n="30" lemma="taṃ">taṃ </w></cl><cl><w n="31">vi</w><w n="32" lemma="duḥ">duḥ || </w></cl></text></TEI><TEI n="H"><text><cl><w n="0" lemma="vyā"> vyā</w><w n="1">va</w><w n="2">rta</w><w n="3" lemma="te">te </w><w n="4">va</w><w n="5" lemma="rtma">rtma </w></cl><cl><w n="6">ya</w><w n="7" lemma="dā">dā </w></cl><cl><w n="8">pa</w><w n="9" lemma="kṣa">kṣa </w></cl><cl><w n="10">cā</w><w n="11" lemma="pi">pi </w></cl><cl><w n="12">vi</w><w n="13" lemma="muṃ">muñ</w><w n="14">ca</w><w n="15" lemma="ti">ti | </w></cl><cl><w n="16">va</w><w n="17" lemma="dha">ddha</w><w n="18">śu</w><w n="19">rū</w><w n="20" lemma="kvaṃ">kvaṃ </w><w n="21"/></cl><w n="22"/><cl><w n="23">cai</w><w n="24" lemma="va">va </w></cl><cl><w n="25">ta</w><w n="26" lemma="ta">d a</w><w n="27">ti</w><w n="28">srā</w><w n="29">vi</w><w n="30" lemma="taṃ">taṃ </w></cl><cl><w n="31">vi</w><w n="32" lemma="duḥ">duḥ || </w></cl></text></TEI><TEI n="K"><text><cl><w n="0" lemma="vyā"> vyā</w><w n="1">va</w><w n="2">rta</w><w n="3">te</w><w n="4">va</w><w n="5" lemma="rtma">rtma </w></cl><cl><w n="6">ya</w><w n="7" lemma="dā">dā </w></cl><cl><w n="8">pa</w><w n="9" lemma="kṣṃ">kṣṃ </w></cl><cl><w n="10">cā</w><w n="11" lemma="pi">pi </w></cl><cl><w n="12">vi</w><w n="13" lemma="muṃ">muñ</w><w n="14">ca</w><w n="15" lemma="ti">ti | </w></cl><cl><w n="16">va</w><w n="17" lemma="dha">ddha</w><w n="18">śu</w><w n="19">rū</w><w n="20">kta</w><w n="21" lemma="va">va </w></cl><w n="22" lemma="vaḥ">vaś </w><cl><w n="23">cai</w><w n="24" lemma="va">va </w></cl><cl><w n="25">ta</w><w n="26">da</w><w n="27">ti</w><w n="28">srā</w><w n="29">vi</w><w n="30" lemma="taṃ">taṃ </w></cl><cl><w n="31">vi</w><w n="32" lemma="duḥ">duḥ | </w></cl></text></TEI><TEI n="NE"><text><cl><w n="0" lemma="vyā"> vyā</w><w n="1">va</w><w n="2">rta</w><w n="3">te</w><w n="4">va</w><w n="5" lemma="rtma">rtma </w></cl><cl><w n="6">ya</w><w n="7" lemma="dā">dā </w></cl><cl><w n="8">pa</w><w n="9" lemma="kṣṃ">kṣṃ </w></cl><cl><w n="10">cā</w><w n="11" lemma="pi">pi </w></cl><cl><w n="12">vi</w><w n="13" lemma="muṃ">muñ</w><w n="14">ca</w><w n="15" lemma="ti">ti | </w></cl><cl><w n="16">va</w><w n="17" lemma="dha">ddha</w><w n="18">śu</w><w n="19">rū</w><w n="20">kta</w><w n="21" lemma="va">va </w></cl><w n="22" lemma="vaḥ">vaś </w><cl><w n="23">cai</w><w n="24" lemma="va">va </w></cl><cl><w n="25">ta</w><w n="26">da</w><w n="27">ti</w><w n="28">srā</w><w n="29">vi</w><w n="30" lemma="taṃ">taṃ </w></cl><cl><w n="31">vi</w><w n="32" lemma="duḥ">duḥ | </w></cl></text></TEI></teiCorpus>