<?xml version="1.0" encoding="UTF-8"?>
<teiCorpus xmlns="http://www.tei-c.org/ns/1.0" xml:lang="sa-Latn">
  <teiHeader>
<listWit>
<witness xml:id="A" source="06-ut-vulgate-1938-1-30.xml">
<abbr>A</abbr>
<expan>Printed edition: Ācārya 1938: Uttaratantra 1-30</expan>
</witness>
<witness xml:id="K" source="kl_699_uttaratantra-1-30.xml">
<abbr>K</abbr>
<expan>MSS Kathmandu KL 699: Uttaratantra</expan>
<listWit>
<witness xml:id="Kac" n="ac">
<abbr>Kac</abbr>
<expan>MSS Kathmandu KL 699: Uttaratantra [ante correctionem]</expan>
</witness>
<witness xml:id="Kpc" n="pc">
<abbr type="siglum">Kpc</abbr>
<expan>MSS Kathmandu KL 699: Uttaratantra [post correctionem]</expan>
</witness>
</listWit>
</witness>
<witness xml:id="H" source="nak_5-333_uttaratantra-1-30.xml">
<abbr>H</abbr>
<expan>MS Kathmandu NAK 5-333, Uttaratantra</expan>
<listWit>
<witness xml:id="Hac" n="ac">
<abbr>Hac</abbr>
<expan>MS Kathmandu NAK 5-333, Uttaratantra [ante correctionem]</expan>
</witness>
<witness xml:id="Hpc" n="pc">
<abbr type="siglum">Hpc</abbr>
<expan>MS Kathmandu NAK 5-333, Uttaratantra [post correctionem]</expan>
</witness>
</listWit>
</witness>
<witness xml:id="NE" source="provisional-edition_uttaratantra-1-30.xml">
<abbr>NE</abbr>
<expan>The Nepalese Version of the Suśrutasaṃhitā, uttaratantra 1-30, based on the
                    Nepalese MSS</expan>
</witness>
</listWit>
    <encodingDesc>
      <editorialDecl>
        <segmentation>
          <ab type="tokenization">aksara</ab>
          <ab type="blockid">SS.6.17.98</ab>
          <ab type="targetedition">NE</ab>
          <ab type="scoring">
            <ab type="match">1</ab>
            <ab type="mismatch">-1</ab>
            <ab type="gapopen">-2</ab>
            <ab type="gapextend">-0.25</ab>
            <ab type="recursive">true</ab>
            <ab type="realigndepth">20</ab>
            <ab type="distancefunction">ngrams</ab>
            
          </ab>
        </segmentation>
        <normalization method="markup">
<ab>ignore punctuation</ab>
<ab>candrabindu as anusvāra</ab>
<ab>geminated aspirated consonants</ab>
<ab>geminated m after h</ab>
<ab>geminated t</ab>
<ab>geminated consonants after r</ab>
<ab>final nasal variants</ab>
<ab>internal nasal variants</ab>
<ab>final anusvāra variants</ab>
<ab>visarga aḥ before voiced consonants</ab>
<ab>visarga aḥ before vowels</ab>
<ab>visarga aḥ before unvoiced consonants and space + anusvāra</ab>
<ab>visarga āḥ variants</ab>
<ab>other visarga variants</ab>
<ab>superfluous avagrahas</ab>
<ab>double avagrahas</ab>
<ab>avagrahas to short a</ab>
<ab>internal visarga variants</ab>
<ab>final au/āv</ab>
<ab>final su</ab>
<ab>final i</ab>
<ab>kcch/kś</ab>
<ab>cś/tś</ab>
<ab>cch/ch</ab>
<ab>final t + hi</ab>
<ab>final t + voiced syllable</ab>
<ab>final t + n/m</ab>
<ab>final t + c/j</ab>
<ab>i/y + vowel</ab>
<ab>bhd for bdh</ab>
<ab>remove spaces</ab>
        </normalization>
        <ab type="tagfilters">
<tag subtype="ignore">pc</tag>
<tag subtype="ignore">head</tag>
<tag subtype="ignore">label</tag>
<tag subtype="ignore">note</tag>
<tag subtype="ignore">num</tag>
<tag subtype="ignore">locus</tag>
<tag subtype="ignore">supplied</tag>
<tag subtype="ignore">surplus</tag>
        </ab>
      </editorialDecl>
    </encodingDesc>
    <xenoData>
      <stemma format="nexml" id="stemma0"><nex:nexml xmlns:nex="http://www.nexml.org/2009" version="0.9"><nex:otus id="otus1"><nex:otu id="otu0" label="A"/><nex:otu id="otu1" label="H"/><nex:otu id="otu2" label="K"/><nex:otu id="otu3" label="NE"/></nex:otus><nex:trees otus="otus1" id="trees1"><nex:tree id="guidetree" label="guidetree" xsi:type="nex:FloatTree" xmlns:xsi="http://www.w3.org/2001/XMLSchema-instance"><nex:node id="ff8d9c71-2c21-4091-a21c-089359b94d46" root="true"/><nex:node id="cfae757e-2a42-432f-be91-1aa0e15ad967"/><nex:node id="5b2efbd8-ed12-4ecf-9e1f-8587d5afe4e9" label="A" otu="otu2"/><nex:node id="dc389a17-a1e8-44dd-972f-0f049257a4f3" label="H" otu="otu3"/><nex:node id="68bf28a5-7f49-4f9a-be7d-4f287a342898"/><nex:node id="75752675-6dd7-47b8-9a16-5a14892ba11d" label="K" otu="otu5"/><nex:node id="bcd2c536-2626-4830-a3be-25832b11c90b" label="NE" otu="otu6"/><nex:edge source="ff8d9c71-2c21-4091-a21c-089359b94d46" target="cfae757e-2a42-432f-be91-1aa0e15ad967" id="edge0" length="0"/><nex:edge source="ff8d9c71-2c21-4091-a21c-089359b94d46" target="68bf28a5-7f49-4f9a-be7d-4f287a342898" id="edge1" length="0"/><nex:edge source="cfae757e-2a42-432f-be91-1aa0e15ad967" target="5b2efbd8-ed12-4ecf-9e1f-8587d5afe4e9" id="edge2" length="1"/><nex:edge source="cfae757e-2a42-432f-be91-1aa0e15ad967" target="dc389a17-a1e8-44dd-972f-0f049257a4f3" id="edge3" length="0"/><nex:edge source="68bf28a5-7f49-4f9a-be7d-4f287a342898" target="75752675-6dd7-47b8-9a16-5a14892ba11d" id="edge4" length="0"/><nex:edge source="68bf28a5-7f49-4f9a-be7d-4f287a342898" target="bcd2c536-2626-4830-a3be-25832b11c90b" id="edge5" length="0"/></nex:tree></nex:trees></nex:nexml></stemma>
    </xenoData>
  </teiHeader>
<TEI n="A"><text><w n="0" lemma="pra"> pra</w><cl><w n="1">vi</w><w n="2">dhā</w><w n="3" lemma="ya">ya </w><w n="4" lemma="ca">ca </w><w n="5">ta</w><w n="6">dva</w><w n="7" lemma="rtīḥ">rtīr </w><w n="8"/><w n="9"/></cl><cl><w n="10"/><w n="11"/></cl><cl><w n="12"/><w n="13"/></cl><cl><w n="14">yo</w><w n="15">ja</w><w n="16">ye</w><w n="17" lemma="tcāṃ">c cāñ</w><w n="18">ja</w><w n="19" lemma="ne">ne </w></cl><cl><w n="20">bhi</w><w n="21">ṣa</w><w n="22" lemma="ksro">k | sro</w><w n="23">to</w><w n="24" lemma="jaṃ">jaṃ </w></cl><cl><w n="25">vi</w><w n="26">dru</w><w n="27" lemma="maṃ">maṃ </w></cl><cl><w n="28">phe</w><w n="29" lemma="naṃ">naṃ </w></cl><cl><w n="30">sā</w><w n="31">ga</w><w n="32">ra</w><w n="33" lemma="sya">sya </w></cl><cl><w n="34">ma</w><w n="35">naḥ</w><w n="36">śi</w><w n="37" lemma="lāṃ">lām || </w></cl></text></TEI><TEI n="H"><text><w n="0" lemma=""> </w><cl><w n="1"/><w n="2"/><w n="3"/><w n="4"/><w n="5"/><w n="6">va</w><w n="7" lemma="rtīḥ">rttīs </w><w n="8" lemma="tāḥ">tās </w><w n="9" lemma="tu">tu </w></cl><cl><w n="10">ta</w><w n="11" lemma="taḥ">taḥ </w></cl><cl><w n="12">kṛ</w><w n="13" lemma="tvā">tvā </w></cl><cl><w n="14">yo</w><w n="15">ja</w><w n="16">ye</w><w n="17" lemma="taṃ">d añ</w><w n="18">ja</w><w n="19" lemma="ne">ne </w></cl><cl><w n="20">bhi</w><w n="21">ṣa</w><w n="22" lemma="ksro">k | sro</w><w n="23">to</w><w n="24" lemma="jaṃ">jaṃ </w></cl><cl><w n="25">vi</w><w n="26">dru</w><w n="27" lemma="maṃ">maṃ </w></cl><cl><w n="28">phe</w><w n="29" lemma="naḥ">naḥ </w></cl><cl><w n="30">sā</w><w n="31">ga</w><w n="32">ra</w><w n="33" lemma="sya">sya </w></cl><cl><w n="34">ma</w><w n="35">naḥ</w><w n="36">śi</w><w n="37" lemma="lā">lā || </w></cl></text></TEI><TEI n="K"><text><w n="0" lemma=""> </w><cl><w n="1"/><w n="2"/><w n="3"/><w n="4"/><w n="5"/><w n="6">va</w><w n="7" lemma="rtīḥ">rttīs </w><w n="8" lemma="tāḥ">tās </w><w n="9" lemma="tu">tu </w></cl><cl><w n="10">ta</w><w n="11" lemma="taḥ">taḥ </w></cl><cl><w n="12">kṛ</w><w n="13" lemma="tvā">tvā </w></cl><cl><w n="14">yo</w><w n="15">ja</w><w n="16">ye</w><w n="17" lemma="taṃ">d añ</w><w n="18">ja</w><w n="19" lemma="ne">ne </w></cl><cl><w n="20">bhi</w><w n="21">ṣa</w><w n="22" lemma="ksro">k | sro</w><w n="23">to</w><w n="24" lemma="jaṃ">jaṃ </w></cl><cl><w n="25">vi</w><w n="26">dru</w><w n="27" lemma="maṃ">maṃ </w></cl><cl><w n="28">phe</w><w n="29" lemma="naḥ">naḥ </w></cl><cl><w n="30">sā</w><w n="31">ga</w><w n="32">ra</w><w n="33" lemma="sya">sya </w></cl><cl><w n="34">ma</w><w n="35">naḥ</w><w n="36">śi</w><w n="37" lemma="lā">lā || </w></cl></text></TEI><TEI n="NE"><text><w n="0" lemma=""> </w><cl><w n="1"/><w n="2"/><w n="3"/><w n="4"/><w n="5"/><w n="6">va</w><w n="7" lemma="rtīḥ">rttīs </w><w n="8" lemma="tāḥ">tās </w><w n="9" lemma="tu">tu </w></cl><cl><w n="10">ta</w><w n="11" lemma="taḥ">taḥ </w></cl><cl><w n="12">kṛ</w><w n="13" lemma="tvā">tvā </w></cl><cl><w n="14">yo</w><w n="15">ja</w><w n="16">ye</w><w n="17" lemma="taṃ">d añ</w><w n="18">ja</w><w n="19" lemma="ne">ne </w></cl><cl><w n="20">bhi</w><w n="21">ṣa</w><w n="22" lemma="ksro">k ||80|| sro</w><w n="23">to</w><w n="24" lemma="jaṃ">jaṃ </w></cl><cl><w n="25">vi</w><w n="26">dru</w><w n="27" lemma="maṃ">maṃ </w></cl><cl><w n="28">phe</w><w n="29" lemma="naḥ">naḥ </w></cl><cl><w n="30">sā</w><w n="31">ga</w><w n="32">ra</w><w n="33" lemma="sya">sya </w></cl><cl><w n="34">ma</w><w n="35">naḥ</w><w n="36">śi</w><w n="37" lemma="lā">lā | </w></cl></text></TEI></teiCorpus>