<?xml version="1.0" encoding="UTF-8"?>
<teiCorpus xmlns="http://www.tei-c.org/ns/1.0" xml:lang="sa-Latn">
  <teiHeader>
<listWit>
<witness xml:id="A" source="06-ut-vulgate-1938-1-30.xml">
<abbr>A</abbr>
<expan>Printed edition: Ācārya 1938: Uttaratantra 1-30</expan>
</witness>
<witness xml:id="K" source="kl_699_uttaratantra-1-30.xml">
<abbr>K</abbr>
<expan>MSS Kathmandu KL 699: Uttaratantra</expan>
<listWit>
<witness xml:id="Kac" n="ac">
<abbr>Kac</abbr>
<expan>MSS Kathmandu KL 699: Uttaratantra [ante correctionem]</expan>
</witness>
<witness xml:id="Kpc" n="pc">
<abbr type="siglum">Kpc</abbr>
<expan>MSS Kathmandu KL 699: Uttaratantra [post correctionem]</expan>
</witness>
</listWit>
</witness>
<witness xml:id="H" source="nak_5-333_uttaratantra-1-30.xml">
<abbr>H</abbr>
<expan>MS Kathmandu NAK 5-333, Uttaratantra</expan>
<listWit>
<witness xml:id="Hac" n="ac">
<abbr>Hac</abbr>
<expan>MS Kathmandu NAK 5-333, Uttaratantra [ante correctionem]</expan>
</witness>
<witness xml:id="Hpc" n="pc">
<abbr type="siglum">Hpc</abbr>
<expan>MS Kathmandu NAK 5-333, Uttaratantra [post correctionem]</expan>
</witness>
</listWit>
</witness>
<witness xml:id="NE" source="provisional-edition_uttaratantra-1-30.xml">
<abbr>NE</abbr>
<expan>The Nepalese Version of the Suśrutasaṃhitā, uttaratantra 1-30, based on the
                    Nepalese MSS</expan>
</witness>
</listWit>
    <encodingDesc>
      <editorialDecl>
        <segmentation>
          <ab type="tokenization">aksara</ab>
          <ab type="blockid">SS.6.17.20</ab>
          <ab type="targetedition">NE</ab>
          <ab type="scoring">
            <ab type="match">1</ab>
            <ab type="mismatch">-1</ab>
            <ab type="gapopen">-2</ab>
            <ab type="gapextend">-0.25</ab>
            <ab type="recursive">true</ab>
            <ab type="realigndepth">20</ab>
            <ab type="distancefunction">ngrams</ab>
            
          </ab>
        </segmentation>
        <normalization method="markup">
<ab>ignore punctuation</ab>
<ab>candrabindu as anusvāra</ab>
<ab>geminated aspirated consonants</ab>
<ab>geminated m after h</ab>
<ab>geminated t</ab>
<ab>geminated consonants after r</ab>
<ab>final nasal variants</ab>
<ab>internal nasal variants</ab>
<ab>final anusvāra variants</ab>
<ab>visarga aḥ before voiced consonants</ab>
<ab>visarga aḥ before vowels</ab>
<ab>visarga aḥ before unvoiced consonants and space + anusvāra</ab>
<ab>visarga āḥ variants</ab>
<ab>other visarga variants</ab>
<ab>superfluous avagrahas</ab>
<ab>double avagrahas</ab>
<ab>avagrahas to short a</ab>
<ab>internal visarga variants</ab>
<ab>final au/āv</ab>
<ab>final su</ab>
<ab>final i</ab>
<ab>kcch/kś</ab>
<ab>cś/tś</ab>
<ab>cch/ch</ab>
<ab>final t + hi</ab>
<ab>final t + voiced syllable</ab>
<ab>final t + n/m</ab>
<ab>final t + c/j</ab>
<ab>i/y + vowel</ab>
<ab>bhd for bdh</ab>
<ab>remove spaces</ab>
        </normalization>
        <ab type="tagfilters">
<tag subtype="ignore">pc</tag>
<tag subtype="ignore">head</tag>
<tag subtype="ignore">label</tag>
<tag subtype="ignore">note</tag>
<tag subtype="ignore">num</tag>
<tag subtype="ignore">locus</tag>
<tag subtype="ignore">supplied</tag>
<tag subtype="ignore">surplus</tag>
        </ab>
      </editorialDecl>
    </encodingDesc>
    <xenoData>
      <stemma format="nexml" id="stemma0"><nex:nexml xmlns:nex="http://www.nexml.org/2009" version="0.9"><nex:otus id="otus1"><nex:otu id="otu0" label="A"/><nex:otu id="otu1" label="H"/><nex:otu id="otu2" label="K"/><nex:otu id="otu3" label="NE"/></nex:otus><nex:trees otus="otus1" id="trees1"><nex:tree id="guidetree" label="guidetree" xsi:type="nex:FloatTree" xmlns:xsi="http://www.w3.org/2001/XMLSchema-instance"><nex:node id="625bf2e7-8521-42f3-b78b-ed94d0143366" root="true"/><nex:node id="6d35d26b-0045-49b2-8471-bdecb375d449"/><nex:node id="6e1ad7bb-4c89-4a6a-9d2b-7e63115265ab" label="A" otu="otu2"/><nex:node id="205a05fe-67dd-4294-beea-cd22a227975f" label="H" otu="otu3"/><nex:node id="f1fc6bce-d583-4e0f-918c-54c74da8d6aa"/><nex:node id="61a2356c-91ab-4e66-95fd-05e38a781eb8" label="K" otu="otu5"/><nex:node id="91fc4fc5-d937-4dc5-b183-3f8529a4aae9" label="NE" otu="otu6"/><nex:edge source="625bf2e7-8521-42f3-b78b-ed94d0143366" target="6d35d26b-0045-49b2-8471-bdecb375d449" id="edge0" length="0.1887909767599374"/><nex:edge source="625bf2e7-8521-42f3-b78b-ed94d0143366" target="f1fc6bce-d583-4e0f-918c-54c74da8d6aa" id="edge1" length="0.1887909767599374"/><nex:edge source="6d35d26b-0045-49b2-8471-bdecb375d449" target="6e1ad7bb-4c89-4a6a-9d2b-7e63115265ab" id="edge2" length="0.6224180464801252"/><nex:edge source="6d35d26b-0045-49b2-8471-bdecb375d449" target="205a05fe-67dd-4294-beea-cd22a227975f" id="edge3" length="0.3775819535198748"/><nex:edge source="f1fc6bce-d583-4e0f-918c-54c74da8d6aa" target="61a2356c-91ab-4e66-95fd-05e38a781eb8" id="edge4" length="0"/><nex:edge source="f1fc6bce-d583-4e0f-918c-54c74da8d6aa" target="91fc4fc5-d937-4dc5-b183-3f8529a4aae9" id="edge5" length="0"/></nex:tree></nex:trees></nex:nexml></stemma>
    </xenoData>
  </teiHeader>
<TEI n="A"><text><cl><w n="0" lemma="kṣu"> kṣu</w><w n="1" lemma="drāṃ">drāñ</w><w n="2">ja</w><w n="3" lemma="naṃ">naṃ </w></cl><cl><w n="4">ra</w><w n="5">se</w></cl><cl><w n="6">nā</w><w n="7">nya</w><w n="8">dya</w><w n="9">kdta</w><w n="10"/></cl><cl><w n="11">strai</w><w n="12">pha</w><w n="13" lemma="le">le </w><w n="14" lemma="a">'</w><w n="15" lemma="pi">pi </w><w n="16" lemma="vā">vā | </w></cl><cl><w n="17">go</w><w n="18">mū</w><w n="19">trā</w><w n="20">jyā</w><w n="21">rṇa</w><w n="22">va</w><w n="23">ma</w><w n="24">la</w></cl><cl><w n="25">pi</w><w n="26">ppa</w><w n="27">lī</w><w n="28">kṣau</w><w n="29">dra</w><w n="30">ka</w><w n="31">ṭpha</w><w n="32" lemma="laiḥ">laiḥ || </w></cl></text></TEI><TEI n="H"><text><cl><w n="0" lemma="kṣau"> kṣau</w><w n="1" lemma="drāṃ">drāñ</w><w n="2">ja</w><w n="3" lemma="naṃ">naṃ </w></cl><cl><w n="4">ra</w><w n="5" lemma="se">se </w></cl><cl><w n="6">vā</w><w n="7">nya</w><w n="8">dya</w><w n="9">kṛ</w><w n="10" lemma="taḥ">tas </w></cl><cl><w n="11">trai</w><w n="12">pha</w><w n="13">le</w><w n="14" lemma="na">na </w><w n="15"/><w n="16" lemma="vā">vā | </w></cl><cl><w n="17">go</w><w n="18">mū</w><w n="19">trā</w><w n="20">jyā</w><w n="21">rṇa</w><w n="22">va</w><w n="23">ma</w><w n="24" lemma="laḥ">laḥ </w></cl><cl><w n="25">pi</w><w n="26">ppa</w><w n="27">lī</w><w n="28">kṣau</w><w n="29">dra</w><w n="30">ka</w><w n="31">ṭpha</w><w n="32" lemma="laiḥ">laiḥ || </w></cl></text></TEI><TEI n="K"><text><cl><w n="0" lemma="kṣau"> kṣau</w><w n="1" lemma="drāṃ">drāñ</w><w n="2">ja</w><w n="3" lemma="naṃ">naṃ </w></cl><cl><w n="4">ra</w><w n="5" lemma="se">se </w></cl><cl><w n="6">vā</w><w n="7">nya</w><w n="8">dya</w><w n="9">kṛ</w><w n="10" lemma="taḥ">tas </w></cl><cl><w n="11">trai</w><w n="12">pha</w><w n="13">le</w><w n="14" lemma="na">na </w><w n="15"/><w n="16" lemma="vā">vā | </w></cl><cl><w n="17">go</w><w n="18">mū</w><w n="19">trā</w><w n="20">jyā</w><w n="21">rṇa</w><w n="22">va</w><w n="23">ma</w><w n="24" lemma="laṃ">laṃ </w></cl><cl><w n="25">pi</w><w n="26">ppa</w><w n="27">lī</w><w n="28">kṣau</w><w n="29">dra</w><w n="30">ka</w><w n="31">ṭpha</w><w n="32" lemma="laiḥ">laiḥ || </w></cl></text></TEI><TEI n="NE"><text><cl><w n="0" lemma="kṣau"> kṣau</w><w n="1" lemma="drāṃ">drāñ</w><w n="2">ja</w><w n="3" lemma="naṃ">naṃ </w></cl><cl><w n="4">ra</w><w n="5" lemma="se">se </w></cl><cl><w n="6">vā</w><w n="7">nya</w><w n="8">dya</w><w n="9">kṛ</w><w n="10" lemma="taḥ">tas </w></cl><cl><w n="11">trai</w><w n="12">pha</w><w n="13">le</w><w n="14" lemma="na">na </w><w n="15"/><w n="16" lemma="vā">vā | </w></cl><cl><w n="17">go</w><w n="18">mū</w><w n="19">trā</w><w n="20">jyā</w><w n="21">rṇa</w><w n="22">va</w><w n="23">ma</w><w n="24" lemma="laṃ">laṃ </w></cl><cl><w n="25">pi</w><w n="26">ppa</w><w n="27">lī</w><w n="28">kṣau</w><w n="29">dra</w><w n="30">ka</w><w n="31">ṭpha</w><w n="32" lemma="laiḥ">laiḥ || </w></cl></text></TEI></teiCorpus>