<?xml version="1.0" encoding="UTF-8"?>
<teiCorpus xmlns="http://www.tei-c.org/ns/1.0" xml:lang="sa-Latn">
  <teiHeader>
<listWit>
<witness xml:id="A" source="06-ut-vulgate-1938-1-30.xml">
<abbr>A</abbr>
<expan>Printed edition: Ācārya 1938: Uttaratantra 1-30</expan>
</witness>
<witness xml:id="K" source="kl_699_uttaratantra-1-30.xml">
<abbr>K</abbr>
<expan>MSS Kathmandu KL 699: Uttaratantra</expan>
<listWit>
<witness xml:id="Kac" n="ac">
<abbr>Kac</abbr>
<expan>MSS Kathmandu KL 699: Uttaratantra [ante correctionem]</expan>
</witness>
<witness xml:id="Kpc" n="pc">
<abbr type="siglum">Kpc</abbr>
<expan>MSS Kathmandu KL 699: Uttaratantra [post correctionem]</expan>
</witness>
</listWit>
</witness>
<witness xml:id="H" source="nak_5-333_uttaratantra-1-30.xml">
<abbr>H</abbr>
<expan>MS Kathmandu NAK 5-333, Uttaratantra</expan>
<listWit>
<witness xml:id="Hac" n="ac">
<abbr>Hac</abbr>
<expan>MS Kathmandu NAK 5-333, Uttaratantra [ante correctionem]</expan>
</witness>
<witness xml:id="Hpc" n="pc">
<abbr type="siglum">Hpc</abbr>
<expan>MS Kathmandu NAK 5-333, Uttaratantra [post correctionem]</expan>
</witness>
</listWit>
</witness>
<witness xml:id="NE" source="provisional-edition_uttaratantra-1-30.xml">
<abbr>NE</abbr>
<expan>The Nepalese Version of the Suśrutasaṃhitā, uttaratantra 1-30, based on the
                    Nepalese MSS</expan>
</witness>
</listWit>
    <encodingDesc>
      <editorialDecl>
        <segmentation>
          <ab type="tokenization">aksara</ab>
          <ab type="blockid">SS.6.12.40</ab>
          <ab type="targetedition">NE</ab>
          <ab type="scoring">
            <ab type="match">1</ab>
            <ab type="mismatch">-1</ab>
            <ab type="gapopen">-2</ab>
            <ab type="gapextend">-0.25</ab>
            <ab type="recursive">true</ab>
            <ab type="realigndepth">20</ab>
            <ab type="distancefunction">ngrams</ab>
            
          </ab>
        </segmentation>
        <normalization method="markup">
<ab>ignore punctuation</ab>
<ab>candrabindu as anusvāra</ab>
<ab>geminated aspirated consonants</ab>
<ab>geminated m after h</ab>
<ab>geminated t</ab>
<ab>geminated consonants after r</ab>
<ab>final nasal variants</ab>
<ab>internal nasal variants</ab>
<ab>final anusvāra variants</ab>
<ab>visarga aḥ before voiced consonants</ab>
<ab>visarga aḥ before vowels</ab>
<ab>visarga aḥ before unvoiced consonants and space + anusvāra</ab>
<ab>visarga āḥ variants</ab>
<ab>other visarga variants</ab>
<ab>superfluous avagrahas</ab>
<ab>double avagrahas</ab>
<ab>avagrahas to short a</ab>
<ab>internal visarga variants</ab>
<ab>final au/āv</ab>
<ab>final su</ab>
<ab>final i</ab>
<ab>kcch/kś</ab>
<ab>cś/tś</ab>
<ab>cch/ch</ab>
<ab>final t + hi</ab>
<ab>final t + voiced syllable</ab>
<ab>final t + n/m</ab>
<ab>final t + c/j</ab>
<ab>i/y + vowel</ab>
<ab>bhd for bdh</ab>
<ab>remove spaces</ab>
        </normalization>
        <ab type="tagfilters">
<tag subtype="ignore">pc</tag>
<tag subtype="ignore">head</tag>
<tag subtype="ignore">label</tag>
<tag subtype="ignore">note</tag>
<tag subtype="ignore">num</tag>
<tag subtype="ignore">locus</tag>
<tag subtype="ignore">supplied</tag>
<tag subtype="ignore">surplus</tag>
        </ab>
      </editorialDecl>
    </encodingDesc>
    <xenoData>
      <stemma format="nexml" id="stemma0"><nex:nexml xmlns:nex="http://www.nexml.org/2009" version="0.9"><nex:otus id="otus1"><nex:otu id="otu0" label="A"/><nex:otu id="otu1" label="H"/><nex:otu id="otu2" label="K"/><nex:otu id="otu3" label="NE"/></nex:otus><nex:trees otus="otus1" id="trees1"><nex:tree id="guidetree" label="guidetree" xsi:type="nex:FloatTree" xmlns:xsi="http://www.w3.org/2001/XMLSchema-instance"><nex:node id="1eddf03f-d35d-4e63-9de2-f032432f4b2d" root="true"/><nex:node id="399943d3-b2c7-40d3-ad6a-8a9219c3bc37"/><nex:node id="c0ca9890-d823-4ea5-b4e1-3ed4a358f33c" label="A" otu="otu2"/><nex:node id="56544f5b-bfa8-484e-b265-5f964808f65f" label="H" otu="otu3"/><nex:node id="81583bd5-4dce-40e3-a747-9eca54a28ae6"/><nex:node id="67155ae3-c4e5-4047-b042-a7f257427e38" label="K" otu="otu5"/><nex:node id="fe7c904f-ec23-4c7d-9815-84309b178941" label="NE" otu="otu6"/><nex:edge source="1eddf03f-d35d-4e63-9de2-f032432f4b2d" target="399943d3-b2c7-40d3-ad6a-8a9219c3bc37" id="edge0" length="0.21436376743473348"/><nex:edge source="1eddf03f-d35d-4e63-9de2-f032432f4b2d" target="81583bd5-4dce-40e3-a747-9eca54a28ae6" id="edge1" length="0.21436376743473348"/><nex:edge source="399943d3-b2c7-40d3-ad6a-8a9219c3bc37" target="c0ca9890-d823-4ea5-b4e1-3ed4a358f33c" id="edge2" length="0.571272465130533"/><nex:edge source="399943d3-b2c7-40d3-ad6a-8a9219c3bc37" target="56544f5b-bfa8-484e-b265-5f964808f65f" id="edge3" length="0.428727534869467"/><nex:edge source="81583bd5-4dce-40e3-a747-9eca54a28ae6" target="67155ae3-c4e5-4047-b042-a7f257427e38" id="edge4" length="5.551115123125783e-17"/><nex:edge source="81583bd5-4dce-40e3-a747-9eca54a28ae6" target="fe7c904f-ec23-4c7d-9815-84309b178941" id="edge5" length="5.551115123125783e-17"/></nex:tree></nex:trees></nex:nexml></stemma>
    </xenoData>
  </teiHeader>
<TEI n="A"><text><cl><w n="0" lemma="tā"> tā</w><w n="1">mra</w><w n="2">pā</w><w n="3">tra</w><w n="4">sthi</w><w n="5" lemma="taṃ">taṃ </w></cl><cl><w n="6">mā</w><w n="7" lemma="saṃ">saṃ </w></cl><cl><w n="8">sa</w><w n="9" lemma="rpiḥ">rpiḥ </w></cl><cl><w n="10">sai</w><w n="11">ndha</w><w n="12">va</w><w n="13">saṃ</w><w n="14">yu</w><w n="15" lemma="taṃ">tam | </w></cl><cl><w n="16">mai</w><w n="17">re</w><w n="18" lemma="yaṃ">yaṃ </w></cl><w n="19">vā</w><cl><w n="20" lemma="pi">pi </w><w n="21">da</w><w n="22">dhye</w><w n="23" lemma="vaṃ">vaṃ </w><w n="24">da</w><w n="25">dhyu</w><w n="26">tta</w><w n="27">ra</w><w n="28" lemma="kaṃ">kam </w></cl><cl><w n="29">e</w><w n="30" lemma="va">va </w></cl><cl><w n="31" lemma="vā">vā || </w></cl></text></TEI><TEI n="H"><text><cl><w n="0" lemma="tā"> tā</w><w n="1">mra</w><w n="2">pā</w><w n="3">tra</w><w n="4">sthi</w><w n="5" lemma="taṃ">tam </w></cl><cl><w n="6">māṃ</w><w n="7" lemma="saṃ">saṃ </w></cl><cl><w n="8">sa</w><w n="9" lemma="rpiḥ">rppiḥ </w></cl><cl><w n="10">sai</w><w n="11">ndha</w><w n="12">va</w><w n="13" lemma="saṃ">saṃ¦</w><w n="14">yu</w><w n="15" lemma="taṃ">taṃ | </w></cl><cl><w n="16">mai</w><w n="17">re</w><w n="18" lemma="yaṃ">yam </w></cl><w n="19" lemma="vā">vā </w><cl><w n="20">vi</w><w n="21">dhā</w><w n="22">ta</w><w n="23">vya</w><w n="24">da</w><w n="25">dhyu</w><w n="26">tta</w><w n="27">ra</w><w n="28" lemma="kaṃ">kam </w></cl><cl><w n="29">e</w><w n="30" lemma="va">va </w></cl><cl><w n="31" lemma="vā">vā || </w></cl></text></TEI><TEI n="K"><text><cl><w n="0" lemma="tā"> tā</w><w n="1">mra</w><w n="2">pā</w><w n="3">tra</w><w n="4">sthi</w><w n="5" lemma="taṃ">tam </w></cl><cl><w n="6">māṃ</w><w n="7" lemma="saṃ">saṃ </w></cl><cl><w n="8">sa</w><w n="9" lemma="rpiḥ">rpiḥ </w></cl><cl><w n="10">sai</w><w n="11">ndha</w><w n="12">va</w><w n="13">saṃ</w><w n="14">yu</w><w n="15" lemma="taṃ">taṃ | </w></cl><cl><w n="16">mai</w><w n="17">re</w><w n="18" lemma="yaṃ">yam </w></cl><w n="19" lemma="vā">vā </w><cl><w n="20">vi</w><w n="21">dhā</w><w n="22">ta</w><w n="23">vyaṃ</w><w n="24">da</w><w n="25">dhyu</w><w n="26">tta</w><w n="27">ra</w><w n="28" lemma="kaṃ">kam </w></cl><cl><w n="29">e</w><w n="30" lemma="va">va </w></cl><cl><w n="31" lemma="vā">vā | </w></cl></text></TEI><TEI n="NE"><text><cl><w n="0" lemma="tā"> tā</w><w n="1">mra</w><w n="2">pā</w><w n="3">tra</w><w n="4">sthi</w><w n="5" lemma="taṃ">tam </w></cl><cl><w n="6">māṃ</w><w n="7" lemma="saṃ">saṃ </w></cl><cl><w n="8">sa</w><w n="9" lemma="rpiḥ">rpiḥ </w></cl><cl><w n="10">sai</w><w n="11">ndha</w><w n="12">va</w><w n="13">saṃ</w><w n="14">yu</w><w n="15" lemma="taṃ">taṃ | </w></cl><cl><w n="16">mai</w><w n="17">re</w><w n="18" lemma="yaṃ">yam </w></cl><w n="19" lemma="vā">vā </w><cl><w n="20">vi</w><w n="21">dhā</w><w n="22">ta</w><w n="23">vyaṃ</w><w n="24">da</w><w n="25">dhyu</w><w n="26">tta</w><w n="27">ra</w><w n="28" lemma="kaṃ">kam </w></cl><cl><w n="29">e</w><w n="30" lemma="va">va </w></cl><cl><w n="31" lemma="vā">vā | </w></cl></text></TEI></teiCorpus>