<?xml version="1.0" encoding="UTF-8"?>
<teiCorpus xmlns="http://www.tei-c.org/ns/1.0" xml:lang="sa-Latn">
  <teiHeader>
<listWit>
<witness xml:id="A" source="06-ut-vulgate-1938-1-30.xml">
<abbr>A</abbr>
<expan>Printed edition: Ācārya 1938: Uttaratantra 1-30</expan>
</witness>
<witness xml:id="K" source="kl_699_uttaratantra-1-30.xml">
<abbr>K</abbr>
<expan>MSS Kathmandu KL 699: Uttaratantra</expan>
<listWit>
<witness xml:id="Kac" n="ac">
<abbr>Kac</abbr>
<expan>MSS Kathmandu KL 699: Uttaratantra [ante correctionem]</expan>
</witness>
<witness xml:id="Kpc" n="pc">
<abbr type="siglum">Kpc</abbr>
<expan>MSS Kathmandu KL 699: Uttaratantra [post correctionem]</expan>
</witness>
</listWit>
</witness>
<witness xml:id="H" source="nak_5-333_uttaratantra-1-30.xml">
<abbr>H</abbr>
<expan>MS Kathmandu NAK 5-333, Uttaratantra</expan>
<listWit>
<witness xml:id="Hac" n="ac">
<abbr>Hac</abbr>
<expan>MS Kathmandu NAK 5-333, Uttaratantra [ante correctionem]</expan>
</witness>
<witness xml:id="Hpc" n="pc">
<abbr type="siglum">Hpc</abbr>
<expan>MS Kathmandu NAK 5-333, Uttaratantra [post correctionem]</expan>
</witness>
</listWit>
</witness>
<witness xml:id="NE" source="provisional-edition_uttaratantra-1-30.xml">
<abbr>NE</abbr>
<expan>The Nepalese Version of the Suśrutasaṃhitā, uttaratantra 1-30, based on the
                    Nepalese MSS</expan>
</witness>
</listWit>
    <encodingDesc>
      <editorialDecl>
        <segmentation>
          <ab type="tokenization">aksara</ab>
          <ab type="blockid">SS.6.16.6cd</ab>
          <ab type="targetedition">NE</ab>
          <ab type="scoring">
            <ab type="match">1</ab>
            <ab type="mismatch">-1</ab>
            <ab type="gapopen">-2</ab>
            <ab type="gapextend">-0.25</ab>
            <ab type="recursive">true</ab>
            <ab type="realigndepth">20</ab>
            <ab type="distancefunction">ngrams</ab>
            
          </ab>
        </segmentation>
        <normalization method="markup">
<ab>ignore punctuation</ab>
<ab>candrabindu as anusvāra</ab>
<ab>geminated aspirated consonants</ab>
<ab>geminated m after h</ab>
<ab>geminated t</ab>
<ab>geminated consonants after r</ab>
<ab>final nasal variants</ab>
<ab>internal nasal variants</ab>
<ab>final anusvāra variants</ab>
<ab>visarga aḥ before voiced consonants</ab>
<ab>visarga aḥ before vowels</ab>
<ab>visarga aḥ before unvoiced consonants and space + anusvāra</ab>
<ab>visarga āḥ variants</ab>
<ab>other visarga variants</ab>
<ab>superfluous avagrahas</ab>
<ab>double avagrahas</ab>
<ab>avagrahas to short a</ab>
<ab>internal visarga variants</ab>
<ab>final au/āv</ab>
<ab>final su</ab>
<ab>final i</ab>
<ab>kcch/kś</ab>
<ab>cś/tś</ab>
<ab>cch/ch</ab>
<ab>final t + hi</ab>
<ab>final t + voiced syllable</ab>
<ab>final t + n/m</ab>
<ab>final t + c/j</ab>
<ab>i/y + vowel</ab>
<ab>bhd for bdh</ab>
<ab>remove spaces</ab>
        </normalization>
        <ab type="tagfilters">
<tag subtype="ignore">pc</tag>
<tag subtype="ignore">head</tag>
<tag subtype="ignore">label</tag>
<tag subtype="ignore">note</tag>
<tag subtype="ignore">num</tag>
<tag subtype="ignore">locus</tag>
<tag subtype="ignore">supplied</tag>
<tag subtype="ignore">surplus</tag>
        </ab>
      </editorialDecl>
    </encodingDesc>
    <xenoData>
      <stemma format="nexml" id="stemma0"><nex:nexml xmlns:nex="http://www.nexml.org/2009" version="0.9"><nex:otus id="otus1"><nex:otu id="otu0" label="A"/><nex:otu id="otu1" label="K"/><nex:otu id="otu2" label="NE"/></nex:otus><nex:trees otus="otus1" id="trees1"><nex:tree id="guidetree" label="guidetree" xsi:type="nex:FloatTree" xmlns:xsi="http://www.w3.org/2001/XMLSchema-instance"><nex:node id="f484bc63-744f-4e1b-9449-726c7b11949b" root="true"/><nex:node id="48bec46e-a4a4-4029-bf0f-588e8ca9103b"/><nex:node id="ee1cccb9-d4e4-431b-a7c6-b99707c93534" label="A" otu="otu2"/><nex:node id="ef90dbe7-bf92-439e-afcd-f1a222efffd1" label="K" otu="otu3"/><nex:node id="c183a302-451a-4d53-83a9-4c12c5763ec2" label="NE" otu="otu4"/><nex:edge source="f484bc63-744f-4e1b-9449-726c7b11949b" target="48bec46e-a4a4-4029-bf0f-588e8ca9103b" id="edge0" length="0"/><nex:edge source="f484bc63-744f-4e1b-9449-726c7b11949b" target="c183a302-451a-4d53-83a9-4c12c5763ec2" id="edge1" length="0"/><nex:edge source="48bec46e-a4a4-4029-bf0f-588e8ca9103b" target="ee1cccb9-d4e4-431b-a7c6-b99707c93534" id="edge2" length="1"/><nex:edge source="48bec46e-a4a4-4029-bf0f-588e8ca9103b" target="ef90dbe7-bf92-439e-afcd-f1a222efffd1" id="edge3" length="0"/></nex:tree></nex:trees></nex:nexml></stemma>
    </xenoData>
  </teiHeader>
<TEI n="A"><text><cl><w n="0" lemma="sthai"> sthai</w><w n="1" lemma="ryaṃ">ryaṃ </w></cl><cl><w n="2">ga</w><w n="3" lemma="te">te </w></cl><cl><w n="4">cā</w><w n="5" lemma="pi">py </w><w n="6">a</w><w n="7" lemma="tha">tha </w></cl><cl><w n="8">śa</w><w n="9">stra</w><w n="10">mā</w><w n="11" lemma="rge">rge </w></cl><cl><w n="12">bā</w><w n="13">lā</w></cl><cl><w n="14" lemma="nvi">n vi</w><w n="15" lemma="muṃ">muñ</w><w n="16">ce</w><w n="17" lemma="tku">t ku</w><w n="18">śa</w><w n="19" lemma="laḥ">lo </w><w n="20" lemma="a">'</w><w n="21">bhi</w><w n="22">vī</w><w n="23" lemma="kṣya">kṣya || </w></cl></text></TEI><TEI n="K"><text><cl><w n="0" lemma="sthai"> sthai</w><w n="1" lemma="ryaṃ">ryaṃ </w></cl><cl><w n="2">ga</w><w n="3" lemma="te">te </w></cl><cl><w n="4">cā</w><w n="5"/><w n="6">pya</w><w n="7" lemma="tha">tha </w></cl><cl><w n="8">śa</w><w n="9">stra</w><w n="10">mā</w><w n="11" lemma="rge">rge </w></cl><cl><w n="12">vā</w><w n="13" lemma="lāṃ">lām </w></cl><cl><w n="14">vi</w><w n="15" lemma="muṃ">muñ</w><w n="16">ce</w><w n="17" lemma="tku">t ku</w><w n="18">śa</w><w n="19">lā</w><w n="20"/><w n="21"/><w n="22">bhi</w><w n="23" lemma="kṣya">kṣya | </w></cl></text></TEI><TEI n="NE"><text><cl><w n="0" lemma="sthai"> sthai</w><w n="1" lemma="ryaṃ">ryaṃ </w></cl><cl><w n="2">ga</w><w n="3" lemma="te">te </w></cl><cl><w n="4">cā</w><w n="5"/><w n="6">pya</w><w n="7" lemma="tha">tha </w></cl><cl><w n="8">śa</w><w n="9">stra</w><w n="10">mā</w><w n="11" lemma="rge">rge </w></cl><cl><w n="12">vā</w><w n="13" lemma="lāṃ">lām </w></cl><cl><w n="14">vi</w><w n="15" lemma="muṃ">muñ</w><w n="16">ce</w><w n="17" lemma="tku">t ku</w><w n="18">śa</w><w n="19">lā</w><w n="20">bhi</w><w n="21" lemma="kṣya">kṣya | </w><w n="22"/><w n="23"/></cl></text></TEI></teiCorpus>