<?xml version="1.0" encoding="UTF-8"?>
<teiCorpus xmlns="http://www.tei-c.org/ns/1.0" xml:lang="sa-Latn">
  <teiHeader>
<listWit>
<witness xml:id="A" source="06-ut-vulgate-1938-1-30.xml">
<abbr>A</abbr>
<expan>Printed edition: Ācārya 1938: Uttaratantra 1-30</expan>
</witness>
<witness xml:id="K" source="kl_699_uttaratantra-1-30.xml">
<abbr>K</abbr>
<expan>MSS Kathmandu KL 699: Uttaratantra</expan>
<listWit>
<witness xml:id="Kac" n="ac">
<abbr>Kac</abbr>
<expan>MSS Kathmandu KL 699: Uttaratantra [ante correctionem]</expan>
</witness>
<witness xml:id="Kpc" n="pc">
<abbr type="siglum">Kpc</abbr>
<expan>MSS Kathmandu KL 699: Uttaratantra [post correctionem]</expan>
</witness>
</listWit>
</witness>
<witness xml:id="H" source="nak_5-333_uttaratantra-1-30.xml">
<abbr>H</abbr>
<expan>MS Kathmandu NAK 5-333, Uttaratantra</expan>
<listWit>
<witness xml:id="Hac" n="ac">
<abbr>Hac</abbr>
<expan>MS Kathmandu NAK 5-333, Uttaratantra [ante correctionem]</expan>
</witness>
<witness xml:id="Hpc" n="pc">
<abbr type="siglum">Hpc</abbr>
<expan>MS Kathmandu NAK 5-333, Uttaratantra [post correctionem]</expan>
</witness>
</listWit>
</witness>
<witness xml:id="NE" source="provisional-edition_uttaratantra-1-30.xml">
<abbr>NE</abbr>
<expan>The Nepalese Version of the Suśrutasaṃhitā, uttaratantra 1-30, based on the
                    Nepalese MSS</expan>
</witness>
</listWit>
    <encodingDesc>
      <editorialDecl>
        <segmentation>
          <ab type="tokenization">aksara</ab>
          <ab type="blockid">SS.6.20.14</ab>
          <ab type="targetedition">NE</ab>
          <ab type="scoring">
            <ab type="match">1</ab>
            <ab type="mismatch">-1</ab>
            <ab type="gapopen">-2</ab>
            <ab type="gapextend">-0.25</ab>
            <ab type="recursive">true</ab>
            <ab type="realigndepth">20</ab>
            <ab type="distancefunction">ngrams</ab>
            
          </ab>
        </segmentation>
        <normalization method="markup">
<ab>ignore punctuation</ab>
<ab>candrabindu as anusvāra</ab>
<ab>geminated aspirated consonants</ab>
<ab>geminated m after h</ab>
<ab>geminated t</ab>
<ab>geminated consonants after r</ab>
<ab>final nasal variants</ab>
<ab>internal nasal variants</ab>
<ab>final anusvāra variants</ab>
<ab>visarga aḥ before voiced consonants</ab>
<ab>visarga aḥ before vowels</ab>
<ab>visarga aḥ before unvoiced consonants and space + anusvāra</ab>
<ab>visarga āḥ variants</ab>
<ab>other visarga variants</ab>
<ab>superfluous avagrahas</ab>
<ab>double avagrahas</ab>
<ab>avagrahas to short a</ab>
<ab>internal visarga variants</ab>
<ab>final au/āv</ab>
<ab>final su</ab>
<ab>final i</ab>
<ab>kcch/kś</ab>
<ab>cś/tś</ab>
<ab>cch/ch</ab>
<ab>final t + hi</ab>
<ab>final t + voiced syllable</ab>
<ab>final t + n/m</ab>
<ab>final t + c/j</ab>
<ab>i/y + vowel</ab>
<ab>bhd for bdh</ab>
<ab>remove spaces</ab>
        </normalization>
        <ab type="tagfilters">
<tag subtype="ignore">pc</tag>
<tag subtype="ignore">head</tag>
<tag subtype="ignore">label</tag>
<tag subtype="ignore">note</tag>
<tag subtype="ignore">num</tag>
<tag subtype="ignore">locus</tag>
<tag subtype="ignore">supplied</tag>
<tag subtype="ignore">surplus</tag>
        </ab>
      </editorialDecl>
    </encodingDesc>
    <xenoData>
      <stemma format="nexml" id="stemma0"><nex:nexml xmlns:nex="http://www.nexml.org/2009" version="0.9"><nex:otus id="otus1"><nex:otu id="otu0" label="A"/><nex:otu id="otu1" label="H"/><nex:otu id="otu2" label="K"/><nex:otu id="otu3" label="NE"/></nex:otus><nex:trees otus="otus1" id="trees1"><nex:tree id="guidetree" label="guidetree" xsi:type="nex:FloatTree" xmlns:xsi="http://www.w3.org/2001/XMLSchema-instance"><nex:node id="84be479d-4273-48c5-959e-e2dc0f9a1c2b" root="true"/><nex:node id="df6f8cca-5561-44f6-97c1-69877e350d7a"/><nex:node id="f9ac4a54-ddd3-4c85-8585-f2a0cee901a9" label="A" otu="otu2"/><nex:node id="2110b0e1-fe25-4fa2-8cf0-9f1b9b8554b1" label="H" otu="otu3"/><nex:node id="5e848475-e1a2-4279-96fa-b69b65ef2e45"/><nex:node id="bc655d02-f7fb-44ba-a7c9-c1d3dfc8e9df" label="K" otu="otu5"/><nex:node id="56ae955d-d79b-4acd-93c0-5853f1bfb38b" label="NE" otu="otu6"/><nex:edge source="84be479d-4273-48c5-959e-e2dc0f9a1c2b" target="df6f8cca-5561-44f6-97c1-69877e350d7a" id="edge0" length="0.4410173343744828"/><nex:edge source="84be479d-4273-48c5-959e-e2dc0f9a1c2b" target="5e848475-e1a2-4279-96fa-b69b65ef2e45" id="edge1" length="0.4410173343744828"/><nex:edge source="df6f8cca-5561-44f6-97c1-69877e350d7a" target="f9ac4a54-ddd3-4c85-8585-f2a0cee901a9" id="edge2" length="0.11796533125103448"/><nex:edge source="df6f8cca-5561-44f6-97c1-69877e350d7a" target="2110b0e1-fe25-4fa2-8cf0-9f1b9b8554b1" id="edge3" length="0.09394832421920052"/><nex:edge source="5e848475-e1a2-4279-96fa-b69b65ef2e45" target="bc655d02-f7fb-44ba-a7c9-c1d3dfc8e9df" id="edge4" length="0"/><nex:edge source="5e848475-e1a2-4279-96fa-b69b65ef2e45" target="56ae955d-d79b-4acd-93c0-5853f1bfb38b" id="edge5" length="0"/></nex:tree></nex:trees></nex:nexml></stemma>
    </xenoData>
  </teiHeader>
<TEI n="A"><text><cl><w n="0" lemma="kṣa"> kṣa</w><w n="1">tā</w><w n="2">bhi</w><w n="3">ghā</w><w n="4">ta</w><w n="5">pra</w><w n="6">bha</w><w n="7" lemma="vaḥ">vas </w><w n="8" lemma="tu">tu </w></cl><cl><w n="9">vi</w><w n="10">dra</w><w n="11" lemma="dhiḥ">dhir </w></cl><cl><w n="12">bha</w><w n="13">ve</w><w n="14" lemma="tta">t ta</w><w n="15" lemma="thā">thā </w></cl><cl><w n="16">do</w><w n="17">ṣa</w><w n="18">kṛ</w><w n="19" lemma="taḥ">to </w></cl><cl><w n="20" lemma="a">'</w><w n="21">pa</w><w n="22" lemma="raḥ">raḥ </w></cl><cl><w n="23">pu</w><w n="24" lemma="naḥ">naḥ | </w></cl><cl><w n="25">sa</w><w n="26">ra</w><w n="27">kta</w><w n="28">pī</w><w n="29">tā</w><w n="30">ru</w><w n="31" lemma="ṇaṃ">ṇam </w></cl><cl><w n="32">a</w><w n="33" lemma="sraṃ">sram </w></cl><cl><w n="34">ā</w><w n="35">sra</w><w n="36">ve</w><w n="37" lemma="tpra">t pra</w><w n="38">to</w><w n="39">da</w><w n="40">dhū</w><w n="41">mā</w><w n="42">ya</w><w n="43">na</w><w n="44">dā</w><w n="45">ha</w><w n="46">co</w><w n="47">pa</w><w n="48">vā</w><w n="49" lemma="n">n || </w></cl></text></TEI><TEI n="H"><text><cl><w n="0" lemma="kṣa"> kṣa</w><w n="1">tā</w><w n="2">bhi</w><w n="3">ghā</w><w n="4">ta</w><w n="5">pra</w><w n="6">bha</w><w n="7" lemma="vaḥ">vas </w><w n="8" lemma="tu">tu </w></cl><cl><w n="9">vi</w><w n="10">dra</w><w n="11" lemma="dhiḥ">dhi,r </w></cl><cl><w n="12" lemma="bha">bbha</w><w n="13">ve</w><w n="14" lemma="tta">t ta</w><w n="15" lemma="thā">thā </w></cl><cl><w n="16">do</w><w n="17">ṣa</w><w n="18">kṛ</w><w n="19" lemma="taḥ">to </w></cl><cl><w n="20" lemma="a"/><w n="21">pa</w><w n="22" lemma="raḥ">raḥ </w></cl><cl><w n="23">pu</w><w n="24" lemma="naḥ">naḥ | </w></cl><cl><w n="25">sa</w><w n="26">ra</w><w n="27">kta</w><w n="28">pī</w><w n="29">tā</w><w n="30">ru</w><w n="31" lemma="ṇaṃ">ṇam </w></cl><cl><w n="32">a</w><w n="33" lemma="sraṃ">sram </w></cl><cl><w n="34">ā</w><w n="35">sra</w><w n="36">ve</w><w n="37" lemma="tpra">t pra</w><w n="38">to</w><w n="39">da</w><w n="40">dhū</w><w n="41">mā</w><w n="42">ya</w><w n="43">na</w><w n="44">dā</w><w n="45">ha</w><w n="46">co</w><w n="47">ṣa</w><w n="48">vā</w><w n="49" lemma="n">n || </w></cl></text></TEI><TEI n="K"><text><cl><w n="0" lemma="kṣa"> kṣa</w><w n="1">tā</w><w n="2">bhi</w><w n="3">ghā</w><w n="4">ta</w><w n="5">pra</w><w n="6">thi</w><w n="7" lemma="taḥ">tas </w><w n="8" lemma="tu">tu </w></cl><cl><w n="9">vi</w><w n="10">dra</w><w n="11" lemma="dhi">dhi </w></cl><cl><w n="12">bha</w><w n="13">ve</w><w n="14" lemma="tta">t ta</w><w n="15" lemma="thā">thā </w></cl><cl><w n="16">do</w><w n="17">ṣa</w><w n="18">kṛ</w><w n="19" lemma="taḥ">to </w></cl><cl><w n="20" lemma="a"/><w n="21">pa</w><w n="22" lemma="raḥ">raḥ </w></cl><cl><w n="23">pu</w><w n="24" lemma="naḥ">naḥ | </w></cl><cl><w n="25">sa</w><w n="26">ra</w><w n="27">kta</w><w n="28">pī</w><w n="29">tā</w><w n="30">ru</w><w n="31" lemma="ṇaṃ">ṇam </w></cl><cl><w n="32">a</w><w n="33" lemma="sraṃ">sram </w></cl><cl><w n="34">ā</w><w n="35">sra</w><w n="36">ve</w><w n="37" lemma="tpra">t pra</w><w n="38">to</w><w n="39">da</w><w n="40">dhū</w><w n="41">mā</w><w n="42">ya</w><w n="43">na</w><w n="44">dā</w><w n="45">ha</w><w n="46">co</w><w n="47">ṣa</w><w n="48">vā</w><w n="49" lemma="n">n | </w></cl></text></TEI><TEI n="NE"><text><cl><w n="0" lemma="kṣa"> kṣa</w><w n="1">tā</w><w n="2">bhi</w><w n="3">ghā</w><w n="4">ta</w><w n="5">pra</w><w n="6">thi</w><w n="7" lemma="taḥ">tas </w><w n="8" lemma="tu">tu </w></cl><cl><w n="9">vi</w><w n="10">dra</w><w n="11" lemma="dhi">dhi </w></cl><cl><w n="12">bha</w><w n="13">ve</w><w n="14" lemma="tta">t ta</w><w n="15" lemma="thā">thā </w></cl><cl><w n="16">do</w><w n="17">ṣa</w><w n="18">kṛ</w><w n="19" lemma="taḥ">to </w></cl><cl><w n="20" lemma="a"/><w n="21">pa</w><w n="22" lemma="raḥ">raḥ </w></cl><cl><w n="23">pu</w><w n="24" lemma="naḥ">naḥ | </w></cl><cl><w n="25">sa</w><w n="26">ra</w><w n="27">kta</w><w n="28">pī</w><w n="29">tā</w><w n="30">ru</w><w n="31" lemma="ṇaṃ">ṇam </w></cl><cl><w n="32">a</w><w n="33" lemma="sraṃ">sram </w></cl><cl><w n="34">ā</w><w n="35">sra</w><w n="36">ve</w><w n="37" lemma="tpra">t pra</w><w n="38">to</w><w n="39">da</w><w n="40">dhū</w><w n="41">mā</w><w n="42">ya</w><w n="43">na</w><w n="44">dā</w><w n="45">ha</w><w n="46">co</w><w n="47">ṣa</w><w n="48">vā</w><w n="49" lemma="n">n | </w></cl></text></TEI></teiCorpus>