<?xml version="1.0" encoding="UTF-8"?>
<teiCorpus xmlns="http://www.tei-c.org/ns/1.0" xml:lang="sa-Latn">
  <teiHeader>
<listWit>
<witness xml:id="A" source="06-ut-vulgate-1938-1-30.xml">
<abbr>A</abbr>
<expan>Printed edition: Ācārya 1938: Uttaratantra 1-30</expan>
</witness>
<witness xml:id="K" source="kl_699_uttaratantra-1-30.xml">
<abbr>K</abbr>
<expan>MSS Kathmandu KL 699: Uttaratantra</expan>
<listWit>
<witness xml:id="Kac" n="ac">
<abbr>Kac</abbr>
<expan>MSS Kathmandu KL 699: Uttaratantra [ante correctionem]</expan>
</witness>
<witness xml:id="Kpc" n="pc">
<abbr type="siglum">Kpc</abbr>
<expan>MSS Kathmandu KL 699: Uttaratantra [post correctionem]</expan>
</witness>
</listWit>
</witness>
<witness xml:id="H" source="nak_5-333_uttaratantra-1-30.xml">
<abbr>H</abbr>
<expan>MS Kathmandu NAK 5-333, Uttaratantra</expan>
<listWit>
<witness xml:id="Hac" n="ac">
<abbr>Hac</abbr>
<expan>MS Kathmandu NAK 5-333, Uttaratantra [ante correctionem]</expan>
</witness>
<witness xml:id="Hpc" n="pc">
<abbr type="siglum">Hpc</abbr>
<expan>MS Kathmandu NAK 5-333, Uttaratantra [post correctionem]</expan>
</witness>
</listWit>
</witness>
<witness xml:id="NE" source="provisional-edition_uttaratantra-1-30.xml">
<abbr>NE</abbr>
<expan>The Nepalese Version of the Suśrutasaṃhitā, uttaratantra 1-30, based on the
                    Nepalese MSS</expan>
</witness>
</listWit>
    <encodingDesc>
      <editorialDecl>
        <segmentation>
          <ab type="tokenization">aksara</ab>
          <ab type="blockid">SS.6.12.41</ab>
          <ab type="targetedition">NE</ab>
          <ab type="scoring">
            <ab type="match">1</ab>
            <ab type="mismatch">-1</ab>
            <ab type="gapopen">-2</ab>
            <ab type="gapextend">-0.25</ab>
            <ab type="recursive">true</ab>
            <ab type="realigndepth">20</ab>
            <ab type="distancefunction">ngrams</ab>
            
          </ab>
        </segmentation>
        <normalization method="markup">
<ab>ignore punctuation</ab>
<ab>candrabindu as anusvāra</ab>
<ab>geminated aspirated consonants</ab>
<ab>geminated m after h</ab>
<ab>geminated t</ab>
<ab>geminated consonants after r</ab>
<ab>final nasal variants</ab>
<ab>internal nasal variants</ab>
<ab>final anusvāra variants</ab>
<ab>visarga aḥ before voiced consonants</ab>
<ab>visarga aḥ before vowels</ab>
<ab>visarga aḥ before unvoiced consonants and space + anusvāra</ab>
<ab>visarga āḥ variants</ab>
<ab>other visarga variants</ab>
<ab>superfluous avagrahas</ab>
<ab>double avagrahas</ab>
<ab>avagrahas to short a</ab>
<ab>internal visarga variants</ab>
<ab>final au/āv</ab>
<ab>final su</ab>
<ab>final i</ab>
<ab>kcch/kś</ab>
<ab>cś/tś</ab>
<ab>cch/ch</ab>
<ab>final t + hi</ab>
<ab>final t + voiced syllable</ab>
<ab>final t + n/m</ab>
<ab>final t + c/j</ab>
<ab>i/y + vowel</ab>
<ab>bhd for bdh</ab>
<ab>remove spaces</ab>
        </normalization>
        <ab type="tagfilters">
<tag subtype="ignore">pc</tag>
<tag subtype="ignore">head</tag>
<tag subtype="ignore">label</tag>
<tag subtype="ignore">note</tag>
<tag subtype="ignore">num</tag>
<tag subtype="ignore">locus</tag>
<tag subtype="ignore">supplied</tag>
<tag subtype="ignore">surplus</tag>
        </ab>
      </editorialDecl>
    </encodingDesc>
    <xenoData>
      <stemma format="nexml" id="stemma0"><nex:nexml xmlns:nex="http://www.nexml.org/2009" version="0.9"><nex:otus id="otus1"><nex:otu id="otu0" label="A"/><nex:otu id="otu1" label="H"/><nex:otu id="otu2" label="K"/><nex:otu id="otu3" label="NE"/></nex:otus><nex:trees otus="otus1" id="trees1"><nex:tree id="guidetree" label="guidetree" xsi:type="nex:FloatTree" xmlns:xsi="http://www.w3.org/2001/XMLSchema-instance"><nex:node id="d705b98a-2d88-4d81-8603-85701aebb86f" root="true"/><nex:node id="73a7664d-e6df-4f80-bca5-bc4ae8ff46fd"/><nex:node id="7690691d-75c3-4408-855e-ca37db2cbbc5" label="A" otu="otu2"/><nex:node id="fce93f96-740c-449a-9fec-4c1978b50533" label="H" otu="otu3"/><nex:node id="4b0308bd-9a30-4e01-9c5d-5404ec2434d8"/><nex:node id="9f3563d7-6f4e-48a0-ab8f-837313b6fda9" label="K" otu="otu5"/><nex:node id="9ceed93d-18c7-4856-bb16-8b413a125f1b" label="NE" otu="otu6"/><nex:edge source="d705b98a-2d88-4d81-8603-85701aebb86f" target="73a7664d-e6df-4f80-bca5-bc4ae8ff46fd" id="edge0" length="0.26504847941326054"/><nex:edge source="d705b98a-2d88-4d81-8603-85701aebb86f" target="4b0308bd-9a30-4e01-9c5d-5404ec2434d8" id="edge1" length="0.26504847941326054"/><nex:edge source="73a7664d-e6df-4f80-bca5-bc4ae8ff46fd" target="7690691d-75c3-4408-855e-ca37db2cbbc5" id="edge2" length="0.46990304117347903"/><nex:edge source="73a7664d-e6df-4f80-bca5-bc4ae8ff46fd" target="fce93f96-740c-449a-9fec-4c1978b50533" id="edge3" length="0.31037263272159943"/><nex:edge source="4b0308bd-9a30-4e01-9c5d-5404ec2434d8" target="9f3563d7-6f4e-48a0-ab8f-837313b6fda9" id="edge4" length="0"/><nex:edge source="4b0308bd-9a30-4e01-9c5d-5404ec2434d8" target="9ceed93d-18c7-4856-bb16-8b413a125f1b" id="edge5" length="0"/></nex:tree></nex:trees></nex:nexml></stemma>
    </xenoData>
  </teiHeader>
<TEI n="A"><text><cl><w n="0" lemma="ghṛ"> ghṛ</w><w n="1" lemma="taṃ">taṃ </w></cl><cl><w n="2">kāṃ</w><w n="3">sya</w><w n="4">ma</w><w n="5">lo</w><w n="6">pe</w><w n="7" lemma="taṃ">taṃ </w></cl><cl><w n="8">sta</w><w n="9" lemma="nyaṃ">nyaṃ </w></cl><cl><w n="10">vā</w><w n="11" lemma="pi">pi </w></cl><cl><w n="12">sa</w><w n="13">sai</w><w n="14">ndha</w><w n="15" lemma="vaṃ">vam | </w></cl><cl><w n="16">ma</w><w n="17">dhū</w><w n="18">ka</w><w n="19">sā</w><w n="20" lemma="raṃ">raṃ </w></cl><cl><w n="21">ma</w><w n="22">dhu</w><w n="23" lemma="nā">nā </w></cl><cl><w n="24">tu</w><w n="25">lyāṃ</w><w n="26" lemma="śaṃ">śaṃ </w></cl><cl><w n="27">gai</w><w n="28">ri</w><w n="29">ke</w><w n="30" lemma="ṇa">ṇa </w></cl><cl><w n="31" lemma="vā">vā || </w></cl></text></TEI><TEI n="H"><text><cl><w n="0" lemma="ghṛ"> ghṛ</w><w n="1" lemma="taṃ">taṃ </w></cl><cl><w n="2">kāṃ</w><w n="3">sa</w><w n="4">ma</w><w n="5">lo</w><w n="6">pe</w><w n="7" lemma="taṃ">taṃ </w></cl><cl><w n="8">sta</w><w n="9" lemma="nyaṃ">nyam </w></cl><cl><w n="10">vā</w><w n="11" lemma="piṃ">piṃ </w></cl><cl><w n="12">sa</w><w n="13">sa</w><w n="14">ndha</w><w n="15" lemma="vaṃ">vaṃ | </w></cl><cl><w n="16">ma</w><w n="17">dhū</w><w n="18">ka</w><w n="19">sā</w><w n="20" lemma="raṃ">ram </w></cl><cl><w n="21">ma</w><w n="22">dhu</w><w n="23" lemma="nā">nā </w></cl><cl><w n="24">tu</w><w n="25">lyāṃ</w><w n="26" lemma="śaṃ">śaṃ </w></cl><cl><w n="27">gai</w><w n="28">ri</w><w n="29">ke</w><w n="30" lemma="na">na </w></cl><cl><w n="31" lemma="vā">vā || </w></cl></text></TEI><TEI n="K"><text><cl><w n="0" lemma="ghṛ"> ghṛ</w><w n="1" lemma="tāṃ">tāṃ </w></cl><cl><w n="2">kāṃ</w><w n="3">sa</w><w n="4">ma</w><w n="5">lo</w><w n="6">pe</w><w n="7" lemma="tāṃ">tāṃ </w></cl><cl><w n="8">sta</w><w n="9" lemma="nyaṃ">nyam </w></cl><cl><w n="10">vā</w><w n="11" lemma="piṃ">piṃ </w></cl><cl><w n="12">sa</w><w n="13">sa</w><w n="14">ndha</w><w n="15" lemma="vaṃ">vaṃ | </w></cl><cl><w n="16">ma</w><w n="17">dhū</w><w n="18">ka</w><w n="19">sā</w><w n="20" lemma="raṃ">ram </w></cl><cl><w n="21">ma</w><w n="22">dhu</w><w n="23" lemma="nā">nā </w></cl><cl><w n="24">tu</w><w n="25">lyāṃ</w><w n="26" lemma="śaṃ">śaṃ </w></cl><cl><w n="27">gai</w><w n="28">ri</w><w n="29">ke</w><w n="30" lemma="na">na </w></cl><cl><w n="31" lemma="vā">vā | </w></cl></text></TEI><TEI n="NE"><text><cl><w n="0" lemma="ghṛ"> ghṛ</w><w n="1" lemma="tāṃ">tāṃ </w></cl><cl><w n="2">kāṃ</w><w n="3">sa</w><w n="4">ma</w><w n="5">lo</w><w n="6">pe</w><w n="7" lemma="tāṃ">tāṃ </w></cl><cl><w n="8">sta</w><w n="9" lemma="nyaṃ">nyam </w></cl><cl><w n="10">vā</w><w n="11" lemma="piṃ">piṃ </w></cl><cl><w n="12">sa</w><w n="13">sa</w><w n="14">ndha</w><w n="15" lemma="vaṃ">vaṃ | </w></cl><cl><w n="16">ma</w><w n="17">dhū</w><w n="18">ka</w><w n="19">sā</w><w n="20" lemma="raṃ">ram </w></cl><cl><w n="21">ma</w><w n="22">dhu</w><w n="23" lemma="nā">nā </w></cl><cl><w n="24">tu</w><w n="25">lyāṃ</w><w n="26" lemma="śaṃ">śaṃ </w></cl><cl><w n="27">gai</w><w n="28">ri</w><w n="29">ke</w><w n="30" lemma="na">na </w></cl><cl><w n="31" lemma="vā">vā | </w></cl></text></TEI></teiCorpus>