<?xml version="1.0" encoding="UTF-8"?>
<teiCorpus xmlns="http://www.tei-c.org/ns/1.0" xml:lang="sa-Latn">
  <teiHeader>
<listWit>
<witness xml:id="A" source="06-ut-vulgate-1938-1-30.xml">
<abbr>A</abbr>
<expan>Printed edition: Ācārya 1938: Uttaratantra 1-30</expan>
</witness>
<witness xml:id="K" source="kl_699_uttaratantra-1-30.xml">
<abbr>K</abbr>
<expan>MSS Kathmandu KL 699: Uttaratantra</expan>
<listWit>
<witness xml:id="Kac" n="ac">
<abbr>Kac</abbr>
<expan>MSS Kathmandu KL 699: Uttaratantra [ante correctionem]</expan>
</witness>
<witness xml:id="Kpc" n="pc">
<abbr type="siglum">Kpc</abbr>
<expan>MSS Kathmandu KL 699: Uttaratantra [post correctionem]</expan>
</witness>
</listWit>
</witness>
<witness xml:id="H" source="nak_5-333_uttaratantra-1-30.xml">
<abbr>H</abbr>
<expan>MS Kathmandu NAK 5-333, Uttaratantra</expan>
<listWit>
<witness xml:id="Hac" n="ac">
<abbr>Hac</abbr>
<expan>MS Kathmandu NAK 5-333, Uttaratantra [ante correctionem]</expan>
</witness>
<witness xml:id="Hpc" n="pc">
<abbr type="siglum">Hpc</abbr>
<expan>MS Kathmandu NAK 5-333, Uttaratantra [post correctionem]</expan>
</witness>
</listWit>
</witness>
<witness xml:id="NE" source="provisional-edition_uttaratantra-1-30.xml">
<abbr>NE</abbr>
<expan>The Nepalese Version of the Suśrutasaṃhitā, uttaratantra 1-30, based on the
                    Nepalese MSS</expan>
</witness>
</listWit>
    <encodingDesc>
      <editorialDecl>
        <segmentation>
          <ab type="tokenization">aksara</ab>
          <ab type="blockid">SS.6.15.30</ab>
          <ab type="targetedition">NE</ab>
          <ab type="scoring">
            <ab type="match">1</ab>
            <ab type="mismatch">-1</ab>
            <ab type="gapopen">-2</ab>
            <ab type="gapextend">-0.25</ab>
            <ab type="recursive">true</ab>
            <ab type="realigndepth">20</ab>
            <ab type="distancefunction">ngrams</ab>
            
          </ab>
        </segmentation>
        <normalization method="markup">
<ab>ignore punctuation</ab>
<ab>candrabindu as anusvāra</ab>
<ab>geminated aspirated consonants</ab>
<ab>geminated m after h</ab>
<ab>geminated t</ab>
<ab>geminated consonants after r</ab>
<ab>final nasal variants</ab>
<ab>internal nasal variants</ab>
<ab>final anusvāra variants</ab>
<ab>visarga aḥ before voiced consonants</ab>
<ab>visarga aḥ before vowels</ab>
<ab>visarga aḥ before unvoiced consonants and space + anusvāra</ab>
<ab>visarga āḥ variants</ab>
<ab>other visarga variants</ab>
<ab>superfluous avagrahas</ab>
<ab>double avagrahas</ab>
<ab>avagrahas to short a</ab>
<ab>internal visarga variants</ab>
<ab>final au/āv</ab>
<ab>final su</ab>
<ab>final i</ab>
<ab>kcch/kś</ab>
<ab>cś/tś</ab>
<ab>cch/ch</ab>
<ab>final t + hi</ab>
<ab>final t + voiced syllable</ab>
<ab>final t + n/m</ab>
<ab>final t + c/j</ab>
<ab>i/y + vowel</ab>
<ab>bhd for bdh</ab>
<ab>remove spaces</ab>
        </normalization>
        <ab type="tagfilters">
<tag subtype="ignore">pc</tag>
<tag subtype="ignore">head</tag>
<tag subtype="ignore">label</tag>
<tag subtype="ignore">note</tag>
<tag subtype="ignore">num</tag>
<tag subtype="ignore">locus</tag>
<tag subtype="ignore">supplied</tag>
<tag subtype="ignore">surplus</tag>
        </ab>
      </editorialDecl>
    </encodingDesc>
    <xenoData>
      <stemma format="nexml" id="stemma0"><nex:nexml xmlns:nex="http://www.nexml.org/2009" version="0.9"><nex:otus id="otus1"><nex:otu id="otu0" label="A"/><nex:otu id="otu1" label="H"/><nex:otu id="otu2" label="K"/><nex:otu id="otu3" label="NE"/></nex:otus><nex:trees otus="otus1" id="trees1"><nex:tree id="guidetree" label="guidetree" xsi:type="nex:FloatTree" xmlns:xsi="http://www.w3.org/2001/XMLSchema-instance"><nex:node id="d400c0d8-f5c8-44bf-a78e-180eef8d2f53" root="true"/><nex:node id="71dac72d-f934-4bbc-a462-689993cd076b"/><nex:node id="d2b4ed16-ccd6-4861-8606-dbaceb8dd1c1" label="A" otu="otu2"/><nex:node id="58492e31-8061-4ff4-a30b-18b6a997abe1" label="H" otu="otu3"/><nex:node id="1041dfcb-af3b-4e2a-b71d-a4aed6d9e97d"/><nex:node id="366587b5-84cf-4763-9f08-707315beeff9" label="K" otu="otu5"/><nex:node id="bd91b350-9a03-4686-bb94-d3095e3014a9" label="NE" otu="otu6"/><nex:edge source="d400c0d8-f5c8-44bf-a78e-180eef8d2f53" target="71dac72d-f934-4bbc-a462-689993cd076b" id="edge0" length="0.26505027950627263"/><nex:edge source="d400c0d8-f5c8-44bf-a78e-180eef8d2f53" target="1041dfcb-af3b-4e2a-b71d-a4aed6d9e97d" id="edge1" length="0.26505027950627263"/><nex:edge source="71dac72d-f934-4bbc-a462-689993cd076b" target="d2b4ed16-ccd6-4861-8606-dbaceb8dd1c1" id="edge2" length="0.46354701077283783"/><nex:edge source="71dac72d-f934-4bbc-a462-689993cd076b" target="58492e31-8061-4ff4-a30b-18b6a997abe1" id="edge3" length="0.4426434282178561"/><nex:edge source="1041dfcb-af3b-4e2a-b71d-a4aed6d9e97d" target="366587b5-84cf-4763-9f08-707315beeff9" id="edge4" length="0"/><nex:edge source="1041dfcb-af3b-4e2a-b71d-a4aed6d9e97d" target="bd91b350-9a03-4686-bb94-d3095e3014a9" id="edge5" length="0"/></nex:tree></nex:trees></nex:nexml></stemma>
    </xenoData>
  </teiHeader>
<TEI n="A"><text><cl><w n="0" lemma="va"> va</w><w n="1"/><w n="2">rtmo</w><w n="3">pa</w><w n="4">sve</w><w n="5" lemma="dya">dya </w></cl><cl><w n="6">ni</w><w n="7">rbhu</w><w n="8" lemma="jya">jya </w><w n="9">sū</w><w n="10">cyo</w><w n="11">tkṣi</w><w n="12" lemma="pya">pya </w></cl><w n="13">pra</w><cl><w n="14">ya</w><w n="15">tna</w><w n="16" lemma="taḥ">taḥ | </w></cl><cl><w n="17" lemma="maṃ">maṇ</w><w n="18">ḍa</w><w n="19">lā</w><w n="20">gre</w><w n="21" lemma="ṇa">ṇa </w></cl><cl><w n="22">tī</w><w n="23">kṣṇe</w><w n="24" lemma="na">na </w></cl><cl><w n="25">mū</w><w n="26" lemma="le">le </w><w n="27" lemma="bhiṃ">bhin</w><w n="28">dyā</w><w n="29" lemma="tbhi">d bhi</w><w n="30">ṣa</w><w n="31">gva</w><w n="32" lemma="raḥ">raḥ || </w></cl></text></TEI><TEI n="H"><text><cl><w n="0">va</w><w n="1" lemma="rtṃ">rtm</w><w n="2">mo</w><w n="3">pa</w><w n="4">sche</w><w n="5" lemma="dya">dya </w></cl><cl><w n="6">ni</w><w n="7" lemma="rvu">rvvu</w><w n="8" lemma="dya">dya </w><w n="9">sū</w><w n="10">cyo</w><w n="11">tkṣi</w><w n="12" lemma="pya">pya </w></cl><w n="13" lemma="ca">ca </w><cl><w n="14">ya</w><w n="15">tna</w><w n="16" lemma="taḥ">taḥ | </w></cl><cl><w n="17" lemma="maṃ">maṇ</w><w n="18">ḍa</w><w n="19">lā</w><w n="20">gre</w><w n="21" lemma="ṇa">ṇa </w></cl><cl><w n="22">tī</w><w n="23">kṣṇe</w><w n="24" lemma="ṇa">ṇa </w></cl><cl><w n="25">mū</w><w n="26" lemma="le">le </w><w n="27" lemma="bhiṃ">bhin</w><w n="28">dyā</w><w n="29" lemma="tbhi">d bhi</w><w n="30">ṣa</w><w n="31" lemma="kva">k va</w><w n="32" lemma="raiḥ">raiḥ ||</w></cl></text></TEI><TEI n="K"><text><cl><w n="0"/><w n="1">va</w><w n="2">rtmo</w><w n="3">pa</w><w n="4">sce</w><w n="5" lemma="dya">dya </w></cl><cl><w n="6">ni</w><w n="7">rku</w><w n="8"/><w n="9"/><w n="10">dyo</w><w n="11">kṣi</w><w n="12" lemma="dya">dya </w></cl><w n="13" lemma="ca">ca </w><cl><w n="14">ya</w><w n="15">tna</w><w n="16" lemma="taḥ">taḥ | </w></cl><cl><w n="17" lemma="maṃ">maṇ</w><w n="18">ḍa</w><w n="19">lā</w><w n="20">gre</w><w n="21" lemma="ṇa">ṇa </w></cl><cl><w n="22">tī</w><w n="23">kṣṇe</w><w n="24" lemma="ṇa">ṇa </w></cl><cl><w n="25">mū</w><w n="26">le</w><w n="27" lemma="cchi">c chi</w><w n="28">dyā</w><w n="29" lemma="tbhi">d bhi</w><w n="30">ṣa</w><w n="31" lemma="kva">k va</w><w n="32" lemma="raiḥ">raiḥ </w></cl></text></TEI><TEI n="NE"><text><cl><w n="0" lemma=""> </w><w n="1">va</w><w n="2">rtmo</w><w n="3">pa</w><w n="4">sce</w><w n="5" lemma="dya">dya </w></cl><cl><w n="6">ni</w><w n="7">rku</w><w n="8"/><w n="9"/><w n="10">dyo</w><w n="11">kṣi</w><w n="12" lemma="dya">dya </w></cl><w n="13" lemma="ca">ca </w><cl><w n="14">ya</w><w n="15">tna</w><w n="16" lemma="taḥ">taḥ | </w></cl><cl><w n="17" lemma="maṃ">maṇ</w><w n="18">ḍa</w><w n="19">lā</w><w n="20">gre</w><w n="21" lemma="ṇa">ṇa </w></cl><cl><w n="22">tī</w><w n="23">kṣṇe</w><w n="24" lemma="ṇa">ṇa </w></cl><cl><w n="25">mū</w><w n="26">le</w><w n="27" lemma="cchi">c chi</w><w n="28">dyā</w><w n="29" lemma="tbhi">d bhi</w><w n="30">ṣa</w><w n="31" lemma="kva">k va</w><w n="32" lemma="raiḥ">raiḥ </w></cl></text></TEI></teiCorpus>