<?xml version="1.0" encoding="UTF-8"?>
<teiCorpus xmlns="http://www.tei-c.org/ns/1.0" xml:lang="sa-Latn">
  <teiHeader>
<listWit>
<witness xml:id="A" source="06-ut-vulgate-1938-1-30.xml">
<abbr>A</abbr>
<expan>Printed edition: Ācārya 1938: Uttaratantra 1-30</expan>
</witness>
<witness xml:id="K" source="kl_699_uttaratantra-1-30.xml">
<abbr>K</abbr>
<expan>MSS Kathmandu KL 699: Uttaratantra</expan>
<listWit>
<witness xml:id="Kac" n="ac">
<abbr>Kac</abbr>
<expan>MSS Kathmandu KL 699: Uttaratantra [ante correctionem]</expan>
</witness>
<witness xml:id="Kpc" n="pc">
<abbr type="siglum">Kpc</abbr>
<expan>MSS Kathmandu KL 699: Uttaratantra [post correctionem]</expan>
</witness>
</listWit>
</witness>
<witness xml:id="H" source="nak_5-333_uttaratantra-1-30.xml">
<abbr>H</abbr>
<expan>MS Kathmandu NAK 5-333, Uttaratantra</expan>
<listWit>
<witness xml:id="Hac" n="ac">
<abbr>Hac</abbr>
<expan>MS Kathmandu NAK 5-333, Uttaratantra [ante correctionem]</expan>
</witness>
<witness xml:id="Hpc" n="pc">
<abbr type="siglum">Hpc</abbr>
<expan>MS Kathmandu NAK 5-333, Uttaratantra [post correctionem]</expan>
</witness>
</listWit>
</witness>
<witness xml:id="NE" source="provisional-edition_uttaratantra-1-30.xml">
<abbr>NE</abbr>
<expan>The Nepalese Version of the Suśrutasaṃhitā, uttaratantra 1-30, based on the
                    Nepalese MSS</expan>
</witness>
</listWit>
    <encodingDesc>
      <editorialDecl>
        <segmentation>
          <ab type="tokenization">aksara</ab>
          <ab type="blockid">SS.6.12.9</ab>
          <ab type="targetedition">NE</ab>
          <ab type="scoring">
            <ab type="match">1</ab>
            <ab type="mismatch">-1</ab>
            <ab type="gapopen">-2</ab>
            <ab type="gapextend">-0.25</ab>
            <ab type="recursive">true</ab>
            <ab type="realigndepth">20</ab>
            <ab type="distancefunction">ngrams</ab>
            
          </ab>
        </segmentation>
        <normalization method="markup">
<ab>ignore punctuation</ab>
<ab>candrabindu as anusvāra</ab>
<ab>geminated aspirated consonants</ab>
<ab>geminated m after h</ab>
<ab>geminated t</ab>
<ab>geminated consonants after r</ab>
<ab>final nasal variants</ab>
<ab>internal nasal variants</ab>
<ab>final anusvāra variants</ab>
<ab>visarga aḥ before voiced consonants</ab>
<ab>visarga aḥ before vowels</ab>
<ab>visarga aḥ before unvoiced consonants and space + anusvāra</ab>
<ab>visarga āḥ variants</ab>
<ab>other visarga variants</ab>
<ab>superfluous avagrahas</ab>
<ab>double avagrahas</ab>
<ab>avagrahas to short a</ab>
<ab>internal visarga variants</ab>
<ab>final au/āv</ab>
<ab>final su</ab>
<ab>final i</ab>
<ab>kcch/kś</ab>
<ab>cś/tś</ab>
<ab>cch/ch</ab>
<ab>final t + hi</ab>
<ab>final t + voiced syllable</ab>
<ab>final t + n/m</ab>
<ab>final t + c/j</ab>
<ab>i/y + vowel</ab>
<ab>bhd for bdh</ab>
<ab>remove spaces</ab>
        </normalization>
        <ab type="tagfilters">
<tag subtype="ignore">pc</tag>
<tag subtype="ignore">head</tag>
<tag subtype="ignore">label</tag>
<tag subtype="ignore">note</tag>
<tag subtype="ignore">num</tag>
<tag subtype="ignore">locus</tag>
<tag subtype="ignore">supplied</tag>
<tag subtype="ignore">surplus</tag>
        </ab>
      </editorialDecl>
    </encodingDesc>
    <xenoData>
      <stemma format="nexml" id="stemma0"><nex:nexml xmlns:nex="http://www.nexml.org/2009" version="0.9"><nex:otus id="otus1"><nex:otu id="otu0" label="A"/><nex:otu id="otu1" label="H"/><nex:otu id="otu2" label="K"/><nex:otu id="otu3" label="NE"/></nex:otus><nex:trees otus="otus1" id="trees1"><nex:tree id="guidetree" label="guidetree" xsi:type="nex:FloatTree" xmlns:xsi="http://www.w3.org/2001/XMLSchema-instance"><nex:node id="f4d9df44-2837-4b03-8bc9-4a3d3ad24ff9" root="true"/><nex:node id="28588d50-41e9-4903-b62f-c11c0de60e81"/><nex:node id="c15ee1e9-192b-4165-8d77-47d01e1d1e2b" label="A" otu="otu2"/><nex:node id="09eea1f8-e0f0-4b57-8940-132429c6a4fd" label="H" otu="otu3"/><nex:node id="592442aa-d08f-451b-bebc-f1d8811df6b5"/><nex:node id="d9f78fdf-cc8a-4bb9-af28-74446427eda5" label="K" otu="otu5"/><nex:node id="104b4a19-d6ce-4a50-a84b-ce5e79a57462" label="NE" otu="otu6"/><nex:edge source="f4d9df44-2837-4b03-8bc9-4a3d3ad24ff9" target="28588d50-41e9-4903-b62f-c11c0de60e81" id="edge0" length="0.25301244075790713"/><nex:edge source="f4d9df44-2837-4b03-8bc9-4a3d3ad24ff9" target="592442aa-d08f-451b-bebc-f1d8811df6b5" id="edge1" length="0.25301244075790713"/><nex:edge source="28588d50-41e9-4903-b62f-c11c0de60e81" target="c15ee1e9-192b-4165-8d77-47d01e1d1e2b" id="edge2" length="0.49397511848418574"/><nex:edge source="28588d50-41e9-4903-b62f-c11c0de60e81" target="09eea1f8-e0f0-4b57-8940-132429c6a4fd" id="edge3" length="0.23773925956852204"/><nex:edge source="592442aa-d08f-451b-bebc-f1d8811df6b5" target="d9f78fdf-cc8a-4bb9-af28-74446427eda5" id="edge4" length="0"/><nex:edge source="592442aa-d08f-451b-bebc-f1d8811df6b5" target="104b4a19-d6ce-4a50-a84b-ce5e79a57462" id="edge5" length="0"/></nex:tree></nex:trees></nex:nexml></stemma>
    </xenoData>
  </teiHeader>
<TEI n="A"><text><cl><w n="0" lemma="ghṛ"> ghṛ</w><w n="1">ta</w><w n="2" lemma="sya">sya </w></cl><cl><w n="3">ma</w><w n="4">ha</w><w n="5" lemma="tī">tī </w></cl><cl><w n="6">mā</w><w n="7" lemma="trā">trā </w></cl><cl><w n="8">pī</w><w n="9" lemma="tā">tā </w></cl><cl><w n="10">cā</w><w n="11" lemma="rtiṃ">rtiṃ </w></cl><cl><w n="12">ni</w><w n="13">ya</w><w n="14">ccha</w><w n="15" lemma="ti">ti | </w></cl><cl><w n="16">pi</w><w n="17" lemma="tā">ttā</w><w n="18">bhi</w><w n="19" lemma="ṣyaṃ">ṣyan</w><w n="20">da</w><w n="21">śa</w><w n="22">ma</w><w n="23" lemma="naḥ">no </w></cl><cl><w n="24">vi</w><w n="25" lemma="dhiḥ">dhiś </w></cl><cl><w n="26">cā</w><w n="27" lemma="pi">py </w><w n="28">u</w><w n="29">pa</w><w n="30">pā</w><w n="31">di</w><w n="32" lemma="taḥ">taḥ || </w></cl></text></TEI><TEI n="H"><text><cl><w n="0" lemma="ghṛ"> ghṛ</w><w n="1">ta</w><w n="2" lemma="sya">sya </w></cl><cl><w n="3">ma</w><w n="4">ha</w><w n="5" lemma="tī">tī </w></cl><cl><w n="6">mā</w><w n="7" lemma="trā">trā </w></cl><cl><w n="8">pī</w><w n="9" lemma="tā">tā </w></cl><cl><w n="10" lemma="cā">cā¦</w><w n="11" lemma="rtiṃ">rtin </w></cl><cl><w n="12">ni</w><w n="13">ya</w><w n="14">ccha</w><w n="15" lemma="ti">ti | </w></cl><cl><w n="16">pi</w><w n="17" lemma="tā">ttā</w><w n="18">bhi</w><w n="19" lemma="ṣyaṃ">ṣyan</w><w n="20">da</w><w n="21">śa</w><w n="22">ma</w><w n="23" lemma="naḥ">no </w></cl><cl><w n="24">ga</w><w n="25" lemma="ṇaṃ">ṇañ </w></cl><cl><w n="26">cā</w><w n="27"/><w n="28">ṣpyu</w><w n="29">pa</w><w n="30">yā</w><w n="31">di</w><w n="32" lemma="taḥ">taḥ || </w></cl></text></TEI><TEI n="K"><text><cl><w n="0" lemma="ghṛ"> ghṛ</w><w n="1">ta</w><w n="2" lemma="sya">sya </w></cl><cl><w n="3">ma</w><w n="4">ha</w><w n="5" lemma="tī">tī </w></cl><cl><w n="6">mā</w><w n="7" lemma="trā">trā </w></cl><cl><w n="8">pī</w><w n="9" lemma="tā">tā </w></cl><cl><w n="10">cā</w><w n="11" lemma="rti">rti </w></cl><cl><w n="12">ni</w><w n="13">ya</w><w n="14">ccha</w><w n="15" lemma="ti">ti | </w></cl><cl><w n="16">pi</w><w n="17">tā</w><w n="18">bhi</w><w n="19" lemma="ṣyaṃ">ṣyan</w><w n="20">da</w><w n="21">śa</w><w n="22">ma</w><w n="23" lemma="naḥ">no </w></cl><cl><w n="24">ga</w><w n="25" lemma="ṇaṃ">ṇam </w></cl><cl><w n="26">cā</w><w n="27"/><w n="28">ṣpyu</w><w n="29">pa</w><w n="30">yā</w><w n="31">di</w><w n="32" lemma="taḥ">taḥ | </w></cl></text></TEI><TEI n="NE"><text><cl><w n="0" lemma="ghṛ"> ghṛ</w><w n="1">ta</w><w n="2" lemma="sya">sya </w></cl><cl><w n="3">ma</w><w n="4">ha</w><w n="5" lemma="tī">tī </w></cl><cl><w n="6">mā</w><w n="7" lemma="trā">trā </w></cl><cl><w n="8">pī</w><w n="9" lemma="tā">tā </w></cl><cl><w n="10">cā</w><w n="11" lemma="rti">rti </w></cl><cl><w n="12">ni</w><w n="13">ya</w><w n="14">ccha</w><w n="15" lemma="ti">ti | </w></cl><cl><w n="16">pi</w><w n="17">tā</w><w n="18">bhi</w><w n="19" lemma="ṣyaṃ">ṣyan</w><w n="20">da</w><w n="21">śa</w><w n="22">ma</w><w n="23" lemma="naḥ">no </w></cl><cl><w n="24">ga</w><w n="25" lemma="ṇaṃ">ṇam </w></cl><cl><w n="26">cā</w><w n="27"/><w n="28">ṣpyu</w><w n="29">pa</w><w n="30">yā</w><w n="31">di</w><w n="32" lemma="taḥ">taḥ | </w></cl></text></TEI></teiCorpus>