<?xml version="1.0" encoding="UTF-8"?>
<teiCorpus xmlns="http://www.tei-c.org/ns/1.0" xml:lang="sa-Latn">
  <teiHeader>
<listWit>
<witness xml:id="A" source="06-ut-vulgate-1938-1-30.xml">
<abbr>A</abbr>
<expan>Printed edition: Ācārya 1938: Uttaratantra 1-30</expan>
</witness>
<witness xml:id="K" source="kl_699_uttaratantra-1-30.xml">
<abbr>K</abbr>
<expan>MSS Kathmandu KL 699: Uttaratantra</expan>
<listWit>
<witness xml:id="Kac" n="ac">
<abbr>Kac</abbr>
<expan>MSS Kathmandu KL 699: Uttaratantra [ante correctionem]</expan>
</witness>
<witness xml:id="Kpc" n="pc">
<abbr type="siglum">Kpc</abbr>
<expan>MSS Kathmandu KL 699: Uttaratantra [post correctionem]</expan>
</witness>
</listWit>
</witness>
<witness xml:id="H" source="nak_5-333_uttaratantra-1-30.xml">
<abbr>H</abbr>
<expan>MS Kathmandu NAK 5-333, Uttaratantra</expan>
<listWit>
<witness xml:id="Hac" n="ac">
<abbr>Hac</abbr>
<expan>MS Kathmandu NAK 5-333, Uttaratantra [ante correctionem]</expan>
</witness>
<witness xml:id="Hpc" n="pc">
<abbr type="siglum">Hpc</abbr>
<expan>MS Kathmandu NAK 5-333, Uttaratantra [post correctionem]</expan>
</witness>
</listWit>
</witness>
<witness xml:id="NE" source="provisional-edition_uttaratantra-1-30.xml">
<abbr>NE</abbr>
<expan>The Nepalese Version of the Suśrutasaṃhitā, uttaratantra 1-30, based on the
                    Nepalese MSS</expan>
</witness>
</listWit>
    <encodingDesc>
      <editorialDecl>
        <segmentation>
          <ab type="tokenization">aksara</ab>
          <ab type="blockid">SS.6.17.53</ab>
          <ab type="targetedition">NE</ab>
          <ab type="scoring">
            <ab type="match">1</ab>
            <ab type="mismatch">-1</ab>
            <ab type="gapopen">-2</ab>
            <ab type="gapextend">-0.25</ab>
            <ab type="recursive">true</ab>
            <ab type="realigndepth">20</ab>
            <ab type="distancefunction">ngrams</ab>
            
          </ab>
        </segmentation>
        <normalization method="markup">
<ab>ignore punctuation</ab>
<ab>candrabindu as anusvāra</ab>
<ab>geminated aspirated consonants</ab>
<ab>geminated m after h</ab>
<ab>geminated t</ab>
<ab>geminated consonants after r</ab>
<ab>final nasal variants</ab>
<ab>internal nasal variants</ab>
<ab>final anusvāra variants</ab>
<ab>visarga aḥ before voiced consonants</ab>
<ab>visarga aḥ before vowels</ab>
<ab>visarga aḥ before unvoiced consonants and space + anusvāra</ab>
<ab>visarga āḥ variants</ab>
<ab>other visarga variants</ab>
<ab>superfluous avagrahas</ab>
<ab>double avagrahas</ab>
<ab>avagrahas to short a</ab>
<ab>internal visarga variants</ab>
<ab>final au/āv</ab>
<ab>final su</ab>
<ab>final i</ab>
<ab>kcch/kś</ab>
<ab>cś/tś</ab>
<ab>cch/ch</ab>
<ab>final t + hi</ab>
<ab>final t + voiced syllable</ab>
<ab>final t + n/m</ab>
<ab>final t + c/j</ab>
<ab>i/y + vowel</ab>
<ab>bhd for bdh</ab>
<ab>remove spaces</ab>
        </normalization>
        <ab type="tagfilters">
<tag subtype="ignore">pc</tag>
<tag subtype="ignore">head</tag>
<tag subtype="ignore">label</tag>
<tag subtype="ignore">note</tag>
<tag subtype="ignore">num</tag>
<tag subtype="ignore">locus</tag>
<tag subtype="ignore">supplied</tag>
<tag subtype="ignore">surplus</tag>
        </ab>
      </editorialDecl>
    </encodingDesc>
    <xenoData>
      <stemma format="nexml" id="stemma0"><nex:nexml xmlns:nex="http://www.nexml.org/2009" version="0.9"><nex:otus id="otus1"><nex:otu id="otu0" label="A"/><nex:otu id="otu1" label="K"/><nex:otu id="otu2" label="H"/><nex:otu id="otu3" label="NE"/></nex:otus><nex:trees otus="otus1" id="trees1"><nex:tree id="guidetree" label="guidetree" xsi:type="nex:FloatTree" xmlns:xsi="http://www.w3.org/2001/XMLSchema-instance"><nex:node id="66d8a6db-7f17-434a-86ac-f0ad3914176b" root="true"/><nex:node id="678b40a2-d6b8-4124-88e7-5e1499e03c86"/><nex:node id="98f74215-869a-481a-8abe-2b8141165f39" label="A" otu="otu2"/><nex:node id="1c98e833-784b-4a08-96fa-55b03d6e6b37" label="K" otu="otu3"/><nex:node id="89790183-9fec-4f55-91ed-a956db21dbe0"/><nex:node id="51268204-5da8-4c57-9f05-98cecbab4287" label="H" otu="otu5"/><nex:node id="85f2ad57-6212-4b50-9993-4f8187ade36b" label="NE" otu="otu6"/><nex:edge source="66d8a6db-7f17-434a-86ac-f0ad3914176b" target="678b40a2-d6b8-4124-88e7-5e1499e03c86" id="edge0" length="0.13269495551371704"/><nex:edge source="66d8a6db-7f17-434a-86ac-f0ad3914176b" target="89790183-9fec-4f55-91ed-a956db21dbe0" id="edge1" length="0.13269495551371704"/><nex:edge source="678b40a2-d6b8-4124-88e7-5e1499e03c86" target="98f74215-869a-481a-8abe-2b8141165f39" id="edge2" length="0.5573078447662383"/><nex:edge source="678b40a2-d6b8-4124-88e7-5e1499e03c86" target="1c98e833-784b-4a08-96fa-55b03d6e6b37" id="edge3" length="0.4345935729919733"/><nex:edge source="89790183-9fec-4f55-91ed-a956db21dbe0" target="51268204-5da8-4c57-9f05-98cecbab4287" id="edge4" length="0.18447754492933932"/><nex:edge source="89790183-9fec-4f55-91ed-a956db21dbe0" target="85f2ad57-6212-4b50-9993-4f8187ade36b" id="edge5" length="0.14212606228580127"/></nex:tree></nex:trees></nex:nexml></stemma>
    </xenoData>
  </teiHeader>
<TEI n="A"><text><cl><w n="0" lemma="a"> a</w><w n="1">rā</w><w n="2" lemma="gi">gi </w></cl><cl><w n="3">ti</w><w n="4">mi</w><w n="5" lemma="raṃ">raṃ </w></cl><cl><w n="6">sā</w><w n="7" lemma="dhyaṃ">dhyam </w></cl><cl><w n="8">ā</w><w n="9" lemma="dyaṃ">dyaṃ </w></cl><cl><w n="10">pa</w><w n="11">ṭa</w><w n="12">la</w></cl><cl><w n="13">mā</w><w n="14">śri</w><w n="15" lemma="taṃ">tam | </w></cl><cl><w n="16">kṛ</w><w n="17" lemma="chraṃ">cchraṃ </w></cl><cl><w n="18">dvi</w><w n="19">tī</w><w n="20" lemma="ye">ye </w></cl><cl><w n="21">rā</w><w n="22" lemma="gi">gi </w><w n="23">syā</w></cl><cl><w n="24" lemma="ttṛ">t tṛ</w><w n="25">tī</w><w n="26" lemma="ye">ye </w></cl><cl><w n="27">yā</w><w n="28" lemma="pyaṃ">pyam </w></cl><cl><w n="29">u</w><w n="30">cya</w><w n="31" lemma="te">te || </w></cl></text></TEI><TEI n="K"><text><cl><w n="0" lemma="a"> a</w><w n="1">rā</w><w n="2" lemma="gaṃ">gaṃ </w></cl><cl><w n="3">ti</w><w n="4">mi</w><w n="5" lemma="raṃ">raṃ </w></cl><cl><w n="6">sā</w><w n="7" lemma="dhyaṃ">dhyam </w></cl><cl><w n="8">ā</w><w n="9" lemma="dyaṃ">dyaṃ </w></cl><cl><w n="10">pa</w><w n="11">ṭā</w><w n="12" lemma="laṃ">lam </w></cl><cl><w n="13">ā</w><w n="14">sri</w><w n="15" lemma="taṃ">taṃ | </w></cl><cl><w n="16">rā</w><w n="17" lemma="gi">gi </w></cl><cl><w n="18">dvi</w><w n="19">tī</w><w n="20" lemma="ye">ye </w></cl><cl><w n="21">kṛ</w><w n="22" lemma="chre">cchre</w><w n="23" lemma="ṇa">ṇa </w></cl><cl><w n="24">tṛ</w><w n="25">tī</w><w n="26" lemma="ye">ye </w></cl><cl><w n="27">yā</w><w n="28" lemma="pyaṃ">pyam </w></cl><cl><w n="29">u</w><w n="30">cya</w><w n="31" lemma="te">te || </w></cl></text></TEI><TEI n="H"><text><cl><w n="0" lemma="a"> a</w><w n="1">rā</w><w n="2" lemma="gaṃ">gan </w></cl><cl><w n="3">ti</w><w n="4">mi</w><w n="5" lemma="raṃ">raṃ </w></cl><cl><w n="6">sā</w><w n="7" lemma="dhyaṃ">dhyam </w></cl><cl><w n="8">ā</w><w n="9" lemma="dyaṃ">dyaṃ </w></cl><cl><w n="10">pa</w><w n="11">ṭa</w><w n="12" lemma="laṃ">lam </w></cl><cl><w n="13">ā</w><w n="14">śri</w><w n="15" lemma="taṃ">taṃ | </w></cl><cl><w n="16">rā</w><w n="17" lemma="gi">gi </w></cl><cl><w n="18">dvi</w><w n="19">tī</w><w n="20" lemma="ye">ye </w></cl><cl><w n="21">kṛ</w><w n="22" lemma="chre">cchre</w><w n="23" lemma="ṇa">ṇa </w></cl><cl><w n="24">tṛ</w><w n="25">tī</w><w n="26" lemma="ye">ye </w></cl><cl><w n="27">yā</w><w n="28" lemma="pya">pya </w></cl><cl><w n="29">u</w><w n="30">cya</w><w n="31" lemma="te">te || </w></cl></text></TEI><TEI n="NE"><text><cl><w n="0" lemma="a"> a</w><w n="1">rā</w><w n="2" lemma="gaṃ">gaṃ </w></cl><cl><w n="3">ti</w><w n="4">mi</w><w n="5" lemma="raṃ">raṃ </w></cl><cl><w n="6">sā</w><w n="7" lemma="dhyaṃ">dhyam </w></cl><cl><w n="8">ā</w><w n="9" lemma="dyaṃ">dyaṃ </w></cl><cl><w n="10">pa</w><w n="11">ṭa</w><w n="12" lemma="laṃ">lam </w></cl><cl><w n="13">ā</w><w n="14">śri</w><w n="15" lemma="taṃ">taṃ | </w></cl><cl><w n="16">rā</w><w n="17" lemma="gi">gi </w></cl><cl><w n="18">dvi</w><w n="19">tī</w><w n="20" lemma="ye">ye </w></cl><cl><w n="21">kṛ</w><w n="22" lemma="chre">cchre</w><w n="23" lemma="ṇa">ṇa </w></cl><cl><w n="24">tṛ</w><w n="25">tī</w><w n="26" lemma="ye">ye </w></cl><cl><w n="27">yā</w><w n="28" lemma="pyaṃ">pyam </w></cl><cl><w n="29">u</w><w n="30">cya</w><w n="31" lemma="te">te || </w></cl></text></TEI></teiCorpus>