<?xml version="1.0" encoding="UTF-8"?>
<teiCorpus xmlns="http://www.tei-c.org/ns/1.0" xml:lang="sa-Latn">
  <teiHeader>
<listWit>
<witness xml:id="A" source="06-ut-vulgate-1938-1-30.xml">
<abbr>A</abbr>
<expan>Printed edition: Ācārya 1938: Uttaratantra 1-30</expan>
</witness>
<witness xml:id="K" source="kl_699_uttaratantra-1-30.xml">
<abbr>K</abbr>
<expan>MSS Kathmandu KL 699: Uttaratantra</expan>
<listWit>
<witness xml:id="Kac" n="ac">
<abbr>Kac</abbr>
<expan>MSS Kathmandu KL 699: Uttaratantra [ante correctionem]</expan>
</witness>
<witness xml:id="Kpc" n="pc">
<abbr type="siglum">Kpc</abbr>
<expan>MSS Kathmandu KL 699: Uttaratantra [post correctionem]</expan>
</witness>
</listWit>
</witness>
<witness xml:id="H" source="nak_5-333_uttaratantra-1-30.xml">
<abbr>H</abbr>
<expan>MS Kathmandu NAK 5-333, Uttaratantra</expan>
<listWit>
<witness xml:id="Hac" n="ac">
<abbr>Hac</abbr>
<expan>MS Kathmandu NAK 5-333, Uttaratantra [ante correctionem]</expan>
</witness>
<witness xml:id="Hpc" n="pc">
<abbr type="siglum">Hpc</abbr>
<expan>MS Kathmandu NAK 5-333, Uttaratantra [post correctionem]</expan>
</witness>
</listWit>
</witness>
<witness xml:id="NE" source="provisional-edition_uttaratantra-1-30.xml">
<abbr>NE</abbr>
<expan>The Nepalese Version of the Suśrutasaṃhitā, uttaratantra 1-30, based on the
                    Nepalese MSS</expan>
</witness>
</listWit>
    <encodingDesc>
      <editorialDecl>
        <segmentation>
          <ab type="tokenization">aksara</ab>
          <ab type="blockid">SS.6.12.23</ab>
          <ab type="targetedition">NE</ab>
          <ab type="scoring">
            <ab type="match">1</ab>
            <ab type="mismatch">-1</ab>
            <ab type="gapopen">-2</ab>
            <ab type="gapextend">-0.25</ab>
            <ab type="recursive">true</ab>
            <ab type="realigndepth">20</ab>
            <ab type="distancefunction">ngrams</ab>
            
          </ab>
        </segmentation>
        <normalization method="markup">
<ab>ignore punctuation</ab>
<ab>candrabindu as anusvāra</ab>
<ab>geminated aspirated consonants</ab>
<ab>geminated m after h</ab>
<ab>geminated t</ab>
<ab>geminated consonants after r</ab>
<ab>final nasal variants</ab>
<ab>internal nasal variants</ab>
<ab>final anusvāra variants</ab>
<ab>visarga aḥ before voiced consonants</ab>
<ab>visarga aḥ before vowels</ab>
<ab>visarga aḥ before unvoiced consonants and space + anusvāra</ab>
<ab>visarga āḥ variants</ab>
<ab>other visarga variants</ab>
<ab>superfluous avagrahas</ab>
<ab>double avagrahas</ab>
<ab>avagrahas to short a</ab>
<ab>internal visarga variants</ab>
<ab>final au/āv</ab>
<ab>final su</ab>
<ab>final i</ab>
<ab>kcch/kś</ab>
<ab>cś/tś</ab>
<ab>cch/ch</ab>
<ab>final t + hi</ab>
<ab>final t + voiced syllable</ab>
<ab>final t + n/m</ab>
<ab>final t + c/j</ab>
<ab>i/y + vowel</ab>
<ab>bhd for bdh</ab>
<ab>remove spaces</ab>
        </normalization>
        <ab type="tagfilters">
<tag subtype="ignore">pc</tag>
<tag subtype="ignore">head</tag>
<tag subtype="ignore">label</tag>
<tag subtype="ignore">note</tag>
<tag subtype="ignore">num</tag>
<tag subtype="ignore">locus</tag>
<tag subtype="ignore">supplied</tag>
<tag subtype="ignore">surplus</tag>
        </ab>
      </editorialDecl>
    </encodingDesc>
    <xenoData>
      <stemma format="nexml" id="stemma0"><nex:nexml xmlns:nex="http://www.nexml.org/2009" version="0.9"><nex:otus id="otus1"><nex:otu id="otu0" label="Hac"/><nex:otu id="otu1" label="Hpc"/><nex:otu id="otu2" label="A"/><nex:otu id="otu3" label="K"/><nex:otu id="otu4" label="NE"/></nex:otus><nex:trees otus="otus1" id="trees1"><nex:tree id="guidetree" label="guidetree" xsi:type="nex:FloatTree" xmlns:xsi="http://www.w3.org/2001/XMLSchema-instance"><nex:node id="bc40b6d3-f262-4cec-ae3d-78b641d4e70e" root="true"/><nex:node id="3566dd5b-f80c-4cb9-b990-97f60946bed4"/><nex:node id="7ddedf32-ba78-4ce2-9d80-98d7657778b5"/><nex:node id="f9243d98-ac17-4666-a51c-1ec3e070b64d" label="Hac" otu="otu3"/><nex:node id="29c8bfb1-b366-447f-950c-ac206a137070" label="Hpc" otu="otu4"/><nex:node id="cff575f0-3156-48ee-a701-d4cadabe08de" label="A" otu="otu5"/><nex:node id="7f86e43d-f033-40da-9f5a-793a03221e5f"/><nex:node id="95db7cf9-facd-480d-bb49-d72bc6a73d51" label="K" otu="otu7"/><nex:node id="511a1b17-f749-468f-b3e1-d338f9b1d38f" label="NE" otu="otu8"/><nex:edge source="bc40b6d3-f262-4cec-ae3d-78b641d4e70e" target="3566dd5b-f80c-4cb9-b990-97f60946bed4" id="edge0" length="0.20600205916359463"/><nex:edge source="bc40b6d3-f262-4cec-ae3d-78b641d4e70e" target="7f86e43d-f033-40da-9f5a-793a03221e5f" id="edge1" length="0.20600205916359463"/><nex:edge source="3566dd5b-f80c-4cb9-b990-97f60946bed4" target="7ddedf32-ba78-4ce2-9d80-98d7657778b5" id="edge2" length="0.0006328964003123327"/><nex:edge source="3566dd5b-f80c-4cb9-b990-97f60946bed4" target="cff575f0-3156-48ee-a701-d4cadabe08de" id="edge3" length="0.6518849822532073"/><nex:edge source="7f86e43d-f033-40da-9f5a-793a03221e5f" target="95db7cf9-facd-480d-bb49-d72bc6a73d51" id="edge4" length="0"/><nex:edge source="7f86e43d-f033-40da-9f5a-793a03221e5f" target="511a1b17-f749-468f-b3e1-d338f9b1d38f" id="edge5" length="0"/><nex:edge source="7ddedf32-ba78-4ce2-9d80-98d7657778b5" target="f9243d98-ac17-4666-a51c-1ec3e070b64d" id="edge6" length="0.29236575823749955"/><nex:edge source="7ddedf32-ba78-4ce2-9d80-98d7657778b5" target="29c8bfb1-b366-447f-950c-ac206a137070" id="edge7" length="0.297991144813173"/></nex:tree></nex:trees></nex:nexml></stemma>
    </xenoData>
  </teiHeader>
<TEI n="Hac"><text><cl><w n="0" lemma="dvā"> dvā</w><w n="1">ve</w><w n="2" lemma="tau">tau </w></cl><cl><w n="3">vi</w><w n="4" lemma="hi">hi </w><w n="5"/></cl><cl><w n="6">yo</w><w n="7">gā</w><w n="8" lemma="vaṃ">vañ</w><w n="9">ja</w><w n="10">nā</w><w n="11"/><w n="12">rju</w><w n="13">na</w><w n="14">nā</w><w n="15">śa</w><w n="16" lemma="nau">nau || </w></cl><cl><w n="17">sa</w><w n="18">ndhai</w><w n="19">va</w><w n="20">kṣau</w><w n="21">dra</w><w n="22">ka</w><w n="23">ta</w><w n="24" lemma="kāḥ">kāḥ </w></cl><cl><w n="25">sa</w><w n="26">kṣau</w><w n="27" lemma="draṃ">dram </w><w n="28" lemma="vā">vā </w></cl><cl><w n="29">ra</w><w n="30" lemma="sāṃ">sāñ</w><w n="31">ja</w><w n="32" lemma="naṃ">naṃ | </w></cl></text></TEI><TEI n="Hpc"><text><cl><w n="0" lemma="dvā"> dvā</w><w n="1">ve</w><w n="2" lemma="tau">tau </w></cl><cl><w n="3">vi</w><w n="4">hi</w><w n="5" lemma="tā">tā </w></cl><cl><w n="6">yo</w><w n="7">gā</w><w n="8" lemma="vaṃ">vañ</w><w n="9">ja</w><w n="10">nā</w><w n="11"/><w n="12">rju</w><w n="13">na</w><w n="14">nā</w><w n="15">śa</w><w n="16" lemma="nau">nau || </w></cl><cl><w n="17">sa</w><w n="18">ndhai</w><w n="19">va</w><w n="20">kṣau</w><w n="21">dra</w><w n="22">ka</w><w n="23">ta</w><w n="24" lemma="kāḥ">kāḥ </w></cl><cl><w n="25">sa</w><w n="26">kṣau</w><w n="27" lemma="draṃ">dram </w><w n="28" lemma="vā">vā </w></cl><cl><w n="29">ra</w><w n="30" lemma="sāṃ">sāñ</w><w n="31">ja</w><w n="32" lemma="naṃ">naṃ | </w></cl></text></TEI><TEI n="A"><text><cl><w n="0" lemma="dvā"> dvā</w><w n="1">vi</w><w n="2" lemma="mau">mau </w></cl><cl><w n="3">vi</w><w n="4">hi</w><w n="5" lemma="tau">tau </w></cl><cl><w n="6">yo</w><w n="7">gā</w><w n="8" lemma="vaṃ">vañ</w><w n="9">ja</w><w n="10" lemma="ne">ne </w><w n="11" lemma="a">'</w><w n="12">rju</w><w n="13">na</w><w n="14">nā</w><w n="15">śa</w><w n="16" lemma="nau">nau | </w></cl><cl><w n="17">sai</w><w n="18">ndha</w><w n="19">va</w><w n="20">kṣau</w><w n="21">dra</w><w n="22">ka</w><w n="23">ta</w><w n="24" lemma="kāḥ">kāḥ </w></cl><cl><w n="25">sa</w><w n="26">kṣau</w><w n="27" lemma="draṃ">draṃ </w><w n="28" lemma="vā">vā </w></cl><cl><w n="29">ra</w><w n="30" lemma="sāṃ">sāñ</w><w n="31">ja</w><w n="32" lemma="naṃ">nam || </w></cl></text></TEI><TEI n="K"><text><cl><w n="0" lemma="dvā"> dvā</w><w n="1">ve</w><w n="2" lemma="tau">tau </w></cl><cl><w n="3">vi</w><w n="4">hi</w><w n="5" lemma="tau">tau </w></cl><cl><w n="6">yo</w><w n="7">gā</w><w n="8" lemma="vaṃ">vañ</w><w n="9">ja</w><w n="10">nā</w><w n="11"/><w n="12">rju</w><w n="13">na</w><w n="14">nā</w><w n="15">śa</w><w n="16" lemma="nau">nau || </w></cl><cl><w n="17">sai</w><w n="18">ndha</w><w n="19">va</w><w n="20">kṣau</w><w n="21">dra</w><w n="22">ka</w><w n="23">ta</w><w n="24" lemma="kaṃ">kaṃ </w></cl><cl><w n="25">sa</w><w n="26">kṣau</w><w n="27" lemma="draṃ">dram </w><w n="28" lemma="vā">vā </w></cl><cl><w n="29">ra</w><w n="30" lemma="sāṃ">sāñ</w><w n="31">ja</w><w n="32" lemma="naṃ">naṃ | </w></cl></text></TEI><TEI n="NE"><text><cl><w n="0" lemma="dvā"> dvā</w><w n="1">ve</w><w n="2" lemma="tau">tau </w></cl><cl><w n="3">vi</w><w n="4">hi</w><w n="5" lemma="tau">tau </w></cl><cl><w n="6">yo</w><w n="7">gā</w><w n="8" lemma="vaṃ">vañ</w><w n="9">ja</w><w n="10">nā</w><w n="11"/><w n="12">rju</w><w n="13">na</w><w n="14">nā</w><w n="15">śa</w><w n="16" lemma="nau">nau || </w></cl><cl><w n="17">sai</w><w n="18">ndha</w><w n="19">va</w><w n="20">kṣau</w><w n="21">dra</w><w n="22">ka</w><w n="23">ta</w><w n="24" lemma="kaṃ">kaṃ </w></cl><cl><w n="25">sa</w><w n="26">kṣau</w><w n="27" lemma="draṃ">dram </w><w n="28" lemma="vā">vā </w></cl><cl><w n="29">ra</w><w n="30" lemma="sāṃ">sāñ</w><w n="31">ja</w><w n="32" lemma="naṃ">naṃ | </w></cl></text></TEI></teiCorpus>