<?xml version="1.0" encoding="UTF-8"?>
<teiCorpus xmlns="http://www.tei-c.org/ns/1.0" xml:lang="sa-Latn">
  <teiHeader>
<listWit>
<witness xml:id="A" source="06-ut-vulgate-1938-1-30.xml">
<abbr>A</abbr>
<expan>Printed edition: Ācārya 1938: Uttaratantra 1-30</expan>
</witness>
<witness xml:id="K" source="kl_699_uttaratantra-1-30.xml">
<abbr>K</abbr>
<expan>MSS Kathmandu KL 699: Uttaratantra</expan>
<listWit>
<witness xml:id="Kac" n="ac">
<abbr>Kac</abbr>
<expan>MSS Kathmandu KL 699: Uttaratantra [ante correctionem]</expan>
</witness>
<witness xml:id="Kpc" n="pc">
<abbr type="siglum">Kpc</abbr>
<expan>MSS Kathmandu KL 699: Uttaratantra [post correctionem]</expan>
</witness>
</listWit>
</witness>
<witness xml:id="H" source="nak_5-333_uttaratantra-1-30.xml">
<abbr>H</abbr>
<expan>MS Kathmandu NAK 5-333, Uttaratantra</expan>
<listWit>
<witness xml:id="Hac" n="ac">
<abbr>Hac</abbr>
<expan>MS Kathmandu NAK 5-333, Uttaratantra [ante correctionem]</expan>
</witness>
<witness xml:id="Hpc" n="pc">
<abbr type="siglum">Hpc</abbr>
<expan>MS Kathmandu NAK 5-333, Uttaratantra [post correctionem]</expan>
</witness>
</listWit>
</witness>
<witness xml:id="NE" source="provisional-edition_uttaratantra-1-30.xml">
<abbr>NE</abbr>
<expan>The Nepalese Version of the Suśrutasaṃhitā, uttaratantra 1-30, based on the
                    Nepalese MSS</expan>
</witness>
</listWit>
    <encodingDesc>
      <editorialDecl>
        <segmentation>
          <ab type="tokenization">aksara</ab>
          <ab type="blockid">SS.6.12.4</ab>
          <ab type="targetedition">NE</ab>
          <ab type="scoring">
            <ab type="match">1</ab>
            <ab type="mismatch">-1</ab>
            <ab type="gapopen">-2</ab>
            <ab type="gapextend">-0.25</ab>
            <ab type="recursive">true</ab>
            <ab type="realigndepth">20</ab>
            <ab type="distancefunction">ngrams</ab>
            
          </ab>
        </segmentation>
        <normalization method="markup">
<ab>ignore punctuation</ab>
<ab>candrabindu as anusvāra</ab>
<ab>geminated aspirated consonants</ab>
<ab>geminated m after h</ab>
<ab>geminated t</ab>
<ab>geminated consonants after r</ab>
<ab>final nasal variants</ab>
<ab>internal nasal variants</ab>
<ab>final anusvāra variants</ab>
<ab>visarga aḥ before voiced consonants</ab>
<ab>visarga aḥ before vowels</ab>
<ab>visarga aḥ before unvoiced consonants and space + anusvāra</ab>
<ab>visarga āḥ variants</ab>
<ab>other visarga variants</ab>
<ab>superfluous avagrahas</ab>
<ab>double avagrahas</ab>
<ab>avagrahas to short a</ab>
<ab>internal visarga variants</ab>
<ab>final au/āv</ab>
<ab>final su</ab>
<ab>final i</ab>
<ab>kcch/kś</ab>
<ab>cś/tś</ab>
<ab>cch/ch</ab>
<ab>final t + hi</ab>
<ab>final t + voiced syllable</ab>
<ab>final t + n/m</ab>
<ab>final t + c/j</ab>
<ab>i/y + vowel</ab>
<ab>bhd for bdh</ab>
<ab>remove spaces</ab>
        </normalization>
        <ab type="tagfilters">
<tag subtype="ignore">pc</tag>
<tag subtype="ignore">head</tag>
<tag subtype="ignore">label</tag>
<tag subtype="ignore">note</tag>
<tag subtype="ignore">num</tag>
<tag subtype="ignore">locus</tag>
<tag subtype="ignore">supplied</tag>
<tag subtype="ignore">surplus</tag>
        </ab>
      </editorialDecl>
    </encodingDesc>
    <xenoData>
      <stemma format="nexml" id="stemma0"><nex:nexml xmlns:nex="http://www.nexml.org/2009" version="0.9"><nex:otus id="otus1"><nex:otu id="otu0" label="A"/><nex:otu id="otu1" label="H"/><nex:otu id="otu2" label="K"/><nex:otu id="otu3" label="NE"/></nex:otus><nex:trees otus="otus1" id="trees1"><nex:tree id="guidetree" label="guidetree" xsi:type="nex:FloatTree" xmlns:xsi="http://www.w3.org/2001/XMLSchema-instance"><nex:node id="fb002ed4-8a7d-4979-96a2-d265ad85d66d" root="true"/><nex:node id="fadf9837-212c-4859-9f9e-2cf29bf6ea62"/><nex:node id="b337f44e-fcc3-4746-998d-f5d57592db0e" label="A" otu="otu2"/><nex:node id="4095c85b-bdf5-4a5b-bd8e-7d430d0843be" label="H" otu="otu3"/><nex:node id="46071aec-1cf2-44ba-9fe0-fe0acb47c592"/><nex:node id="24809643-7a72-42ca-b23f-1c6a97bd9de1" label="K" otu="otu5"/><nex:node id="ce19e802-68d1-499d-8c1f-46cffe7c31e0" label="NE" otu="otu6"/><nex:edge source="fb002ed4-8a7d-4979-96a2-d265ad85d66d" target="fadf9837-212c-4859-9f9e-2cf29bf6ea62" id="edge0" length="0.25004864564509366"/><nex:edge source="fb002ed4-8a7d-4979-96a2-d265ad85d66d" target="46071aec-1cf2-44ba-9fe0-fe0acb47c592" id="edge1" length="0.25004864564509366"/><nex:edge source="fadf9837-212c-4859-9f9e-2cf29bf6ea62" target="b337f44e-fcc3-4746-998d-f5d57592db0e" id="edge2" length="0.49990270870981274"/><nex:edge source="fadf9837-212c-4859-9f9e-2cf29bf6ea62" target="4095c85b-bdf5-4a5b-bd8e-7d430d0843be" id="edge3" length="0.45998444979669145"/><nex:edge source="46071aec-1cf2-44ba-9fe0-fe0acb47c592" target="24809643-7a72-42ca-b23f-1c6a97bd9de1" id="edge4" length="0"/><nex:edge source="46071aec-1cf2-44ba-9fe0-fe0acb47c592" target="ce19e802-68d1-499d-8c1f-46cffe7c31e0" id="edge5" length="0"/></nex:tree></nex:trees></nex:nexml></stemma>
    </xenoData>
  </teiHeader>
<TEI n="A"><text><cl><w n="0" lemma="vyā"> vyā</w><w n="1">dhyā</w><w n="2" lemma="rtāṃḥ">rtāṃś </w></cl><cl><w n="3">ca</w><w n="4">tu</w><w n="5" lemma="raḥ">ro </w><w n="6" lemma="a">'</w><w n="7"/><w n="8">pye</w><w n="9">tā</w></cl><cl><w n="10" lemma="nsni">n sni</w><w n="11" lemma="gdhāṃ">gdhān</w></cl><cl><w n="12">kau</w><w n="13">mbhe</w><w n="14" lemma="na">na </w></cl><cl><w n="15">sa</w><w n="16">rpi</w><w n="17" lemma="ṣā">ṣā | </w></cl><cl><w n="18">ra</w><w n="19" lemma="saiḥ">sair </w><w n="20">u</w><w n="21">dā</w><w n="22" lemma="raiḥ">rair </w></cl><cl><w n="23">a</w><w n="24">tha</w><w n="25" lemma="vā">vā </w></cl><cl><w n="26">si</w><w n="27">rā</w><w n="28">mo</w><w n="29">kṣe</w><w n="30" lemma="ṇa">ṇa </w></cl><cl><w n="31">yo</w><w n="32">ja</w><w n="33">ye</w><w n="34" lemma="t">t || </w></cl></text></TEI><TEI n="H"><text><cl><w n="0" lemma="vyā"> vyā</w><w n="1">dhya</w><w n="2" lemma="rtā">rttā || || </w></cl><cl><w n="3">ca</w><w n="4">tu</w><w n="5" lemma="raḥ">ro </w><w n="6" lemma="a"/><w n="7" lemma="pi">py </w><w n="8">e</w><w n="9" lemma="tāṃ">tāṃ </w></cl><cl><w n="10">sni</w><w n="11">gdhā</w></cl><cl><w n="12">ko</w><w n="13">mbhe</w><w n="14" lemma="na">na </w></cl><cl><w n="15">sa</w><w n="16" lemma="rpi">rppi</w><w n="17" lemma="ṣā">ṣā | </w></cl><cl><w n="18">ra</w><w n="19">sai</w><w n="20">rū</w><w n="21">dā</w><w n="22" lemma="raiḥ">rair </w></cl><cl><w n="23">a</w><w n="24">tha</w><w n="25" lemma="vā">vā </w></cl><cl><w n="26">si</w><w n="27">rā</w><w n="28">mo</w><w n="29">kṣe</w><w n="30" lemma="ṇa">ṇa </w></cl><cl><w n="31">yo</w><w n="32">ja</w><w n="33">ye</w><w n="34" lemma="t">t || </w></cl></text></TEI><TEI n="K"><text><cl><w n="0" lemma="vyā"> vyā</w><w n="1">dhya</w><w n="2" lemma="rtāḥ">rtāś </w></cl><cl><w n="3">ca</w><w n="4">tu</w><w n="5"/><w n="6"/><w n="7">ro</w><w n="8">pya</w><w n="9" lemma="tāṃ">tāṃ </w></cl><cl><w n="10">sni</w><w n="11" lemma="gdhāṃ">gdhāṃ </w></cl><cl><w n="12">ko</w><w n="13">mbhe</w><w n="14" lemma="na">na </w></cl><cl><w n="15">sa</w><w n="16" lemma="rpi">rppi</w><w n="17" lemma="ṣā">ṣā | </w></cl><cl><w n="18">ra</w><w n="19">sai</w><w n="20">rū</w><w n="21">dā</w><w n="22" lemma="raiḥ">rair </w></cl><cl><w n="23">a</w><w n="24">tha</w><w n="25" lemma="vā">vā </w></cl><cl><w n="26">si</w><w n="27">rā</w><w n="28">mo</w><w n="29">kṣe</w><w n="30" lemma="ṇa">ṇa </w></cl><cl><w n="31">yo</w><w n="32">ja</w><w n="33">ye</w><w n="34" lemma="t">t | </w></cl></text></TEI><TEI n="NE"><text><cl><w n="0" lemma="vyā"> vyā</w><w n="1">dhya</w><w n="2" lemma="rtāḥ">rtāś </w></cl><cl><w n="3">ca</w><w n="4">tu</w><w n="5"/><w n="6"/><w n="7">ro</w><w n="8">pya</w><w n="9" lemma="tāṃ">tāṃ </w></cl><cl><w n="10">sni</w><w n="11" lemma="gdhāṃ">gdhāṃ </w></cl><cl><w n="12">ko</w><w n="13">mbhe</w><w n="14" lemma="na">na </w></cl><cl><w n="15">sa</w><w n="16" lemma="rpi">rppi</w><w n="17" lemma="ṣā">ṣā | </w></cl><cl><w n="18">ra</w><w n="19">sai</w><w n="20">rū</w><w n="21">dā</w><w n="22" lemma="raiḥ">rair </w></cl><cl><w n="23">a</w><w n="24">tha</w><w n="25" lemma="vā">vā </w></cl><cl><w n="26">si</w><w n="27">rā</w><w n="28">mo</w><w n="29">kṣe</w><w n="30" lemma="ṇa">ṇa </w></cl><cl><w n="31">yo</w><w n="32">ja</w><w n="33">ye</w><w n="34" lemma="t">t | </w></cl></text></TEI></teiCorpus>