<?xml version="1.0" encoding="UTF-8"?>
<teiCorpus xmlns="http://www.tei-c.org/ns/1.0" xml:lang="sa-Latn">
  <teiHeader>
<listWit>
<witness xml:id="A" source="06-ut-vulgate-1938-1-30.xml">
<abbr>A</abbr>
<expan>Printed edition: Ācārya 1938: Uttaratantra 1-30</expan>
</witness>
<witness xml:id="K" source="kl_699_uttaratantra-1-30.xml">
<abbr>K</abbr>
<expan>MSS Kathmandu KL 699: Uttaratantra</expan>
<listWit>
<witness xml:id="Kac" n="ac">
<abbr>Kac</abbr>
<expan>MSS Kathmandu KL 699: Uttaratantra [ante correctionem]</expan>
</witness>
<witness xml:id="Kpc" n="pc">
<abbr type="siglum">Kpc</abbr>
<expan>MSS Kathmandu KL 699: Uttaratantra [post correctionem]</expan>
</witness>
</listWit>
</witness>
<witness xml:id="H" source="nak_5-333_uttaratantra-1-30.xml">
<abbr>H</abbr>
<expan>MS Kathmandu NAK 5-333, Uttaratantra</expan>
<listWit>
<witness xml:id="Hac" n="ac">
<abbr>Hac</abbr>
<expan>MS Kathmandu NAK 5-333, Uttaratantra [ante correctionem]</expan>
</witness>
<witness xml:id="Hpc" n="pc">
<abbr type="siglum">Hpc</abbr>
<expan>MS Kathmandu NAK 5-333, Uttaratantra [post correctionem]</expan>
</witness>
</listWit>
</witness>
<witness xml:id="NE" source="provisional-edition_uttaratantra-1-30.xml">
<abbr>NE</abbr>
<expan>The Nepalese Version of the Suśrutasaṃhitā, uttaratantra 1-30, based on the
                    Nepalese MSS</expan>
</witness>
</listWit>
    <encodingDesc>
      <editorialDecl>
        <segmentation>
          <ab type="tokenization">aksara</ab>
          <ab type="blockid">SS.6.15.9</ab>
          <ab type="targetedition">NE</ab>
          <ab type="scoring">
            <ab type="match">1</ab>
            <ab type="mismatch">-1</ab>
            <ab type="gapopen">-2</ab>
            <ab type="gapextend">-0.25</ab>
            <ab type="recursive">true</ab>
            <ab type="realigndepth">20</ab>
            <ab type="distancefunction">ngrams</ab>
            
          </ab>
        </segmentation>
        <normalization method="markup">
<ab>ignore punctuation</ab>
<ab>candrabindu as anusvāra</ab>
<ab>geminated aspirated consonants</ab>
<ab>geminated m after h</ab>
<ab>geminated t</ab>
<ab>geminated consonants after r</ab>
<ab>final nasal variants</ab>
<ab>internal nasal variants</ab>
<ab>final anusvāra variants</ab>
<ab>visarga aḥ before voiced consonants</ab>
<ab>visarga aḥ before vowels</ab>
<ab>visarga aḥ before unvoiced consonants and space + anusvāra</ab>
<ab>visarga āḥ variants</ab>
<ab>other visarga variants</ab>
<ab>superfluous avagrahas</ab>
<ab>double avagrahas</ab>
<ab>avagrahas to short a</ab>
<ab>internal visarga variants</ab>
<ab>final au/āv</ab>
<ab>final su</ab>
<ab>final i</ab>
<ab>kcch/kś</ab>
<ab>cś/tś</ab>
<ab>cch/ch</ab>
<ab>final t + hi</ab>
<ab>final t + voiced syllable</ab>
<ab>final t + n/m</ab>
<ab>final t + c/j</ab>
<ab>i/y + vowel</ab>
<ab>bhd for bdh</ab>
<ab>remove spaces</ab>
        </normalization>
        <ab type="tagfilters">
<tag subtype="ignore">pc</tag>
<tag subtype="ignore">head</tag>
<tag subtype="ignore">label</tag>
<tag subtype="ignore">note</tag>
<tag subtype="ignore">num</tag>
<tag subtype="ignore">locus</tag>
<tag subtype="ignore">supplied</tag>
<tag subtype="ignore">surplus</tag>
        </ab>
      </editorialDecl>
    </encodingDesc>
    <xenoData>
      <stemma format="nexml" id="stemma0"><nex:nexml xmlns:nex="http://www.nexml.org/2009" version="0.9"><nex:otus id="otus1"><nex:otu id="otu0" label="A"/><nex:otu id="otu1" label="H"/><nex:otu id="otu2" label="K"/><nex:otu id="otu3" label="NE"/></nex:otus><nex:trees otus="otus1" id="trees1"><nex:tree id="guidetree" label="guidetree" xsi:type="nex:FloatTree" xmlns:xsi="http://www.w3.org/2001/XMLSchema-instance"><nex:node id="b9f3fb9b-baff-497c-9a44-83c9a28262c8" root="true"/><nex:node id="71463fa9-c737-4f0b-99aa-1df27b139af2"/><nex:node id="542a40d7-4c29-4955-9f25-8846290fade8" label="A" otu="otu2"/><nex:node id="bda6f818-f4da-4b65-86d9-a80cc328232b" label="H" otu="otu3"/><nex:node id="0353376d-1585-4601-a0d4-6b61bf26d4be"/><nex:node id="80a3a0cf-7114-49a4-a980-bed4ac8bf815" label="K" otu="otu5"/><nex:node id="6d255921-0181-4b02-97c6-41abc95fa8e8" label="NE" otu="otu6"/><nex:edge source="b9f3fb9b-baff-497c-9a44-83c9a28262c8" target="71463fa9-c737-4f0b-99aa-1df27b139af2" id="edge0" length="0.24045752847982782"/><nex:edge source="b9f3fb9b-baff-497c-9a44-83c9a28262c8" target="0353376d-1585-4601-a0d4-6b61bf26d4be" id="edge1" length="0.24045752847982782"/><nex:edge source="71463fa9-c737-4f0b-99aa-1df27b139af2" target="542a40d7-4c29-4955-9f25-8846290fade8" id="edge2" length="0.49333168592512355"/><nex:edge source="71463fa9-c737-4f0b-99aa-1df27b139af2" target="bda6f818-f4da-4b65-86d9-a80cc328232b" id="edge3" length="0.4527181245933385"/><nex:edge source="0353376d-1585-4601-a0d4-6b61bf26d4be" target="80a3a0cf-7114-49a4-a980-bed4ac8bf815" id="edge4" length="0"/><nex:edge source="0353376d-1585-4601-a0d4-6b61bf26d4be" target="6d255921-0181-4b02-97c6-41abc95fa8e8" id="edge5" length="0"/></nex:tree></nex:trees></nex:nexml></stemma>
    </xenoData>
  </teiHeader>
<TEI n="A"><text><cl><w n="0" lemma="ca"> ca</w><w n="1">tu</w><w n="2">rbhā</w><w n="3">ga</w><w n="4">sthi</w><w n="5" lemma="te">te </w></cl><cl><w n="6">māṃ</w><w n="7" lemma="se">se </w></cl><cl><w n="8">nā</w><w n="9" lemma="kṣi">kṣi </w></cl><cl><w n="10">vyā</w><w n="11">pa</w><w n="12" lemma="ti">tti</w><w n="13">mṛ</w><w n="14" lemma="cha">ccha</w><w n="15" lemma="ti">ti | </w></cl><cl><w n="16">ka</w><w n="17">nī</w><w n="18">na</w><w n="19">ka</w><w n="20"/><w n="21">va</w><w n="22">dhā</w><w n="23">da</w><w n="24" lemma="sraṃ">sraṃ </w><w n="25">nā</w><w n="26" lemma="ḍī">ḍī </w></cl><cl><w n="27">vā</w><w n="28"/><w n="29">pyu</w><w n="30">pa</w><w n="31">jā</w><w n="32">ya</w><w n="33" lemma="te">te || </w></cl></text></TEI><TEI n="H"><text><cl><w n="0">ca</w><w n="1">tu</w><w n="2">rbhā</w><w n="3">ga</w><w n="4">shi</w><w n="5" lemma="te">te </w></cl><cl><w n="6">māṃ</w><w n="7" lemma="se">se </w></cl><cl><w n="8">nā</w><w n="9" lemma="kṣi">kṣi </w></cl><cl><w n="10">vyā</w><w n="11">pa</w><w n="12">dya</w><w n="13">te</w><w n="14" lemma="nya">n ya</w><w n="15" lemma="thā">thā | </w></cl><cl><w n="16">ka</w><w n="17">nī</w><w n="18">ni</w><w n="19">ka</w><w n="20"/><w n="21">va</w><w n="22">dhā</w><w n="23">da</w><w n="24" lemma="smiṃ">smin</w><w n="25">nā</w><w n="26">ḍī</w></cl><cl><w n="27">cā</w><w n="28" lemma="pi">py </w><w n="29">u</w><w n="30">pa</w><w n="31">jā</w><w n="32">ya</w><w n="33" lemma="te">te ||</w></cl></text></TEI><TEI n="K"><text><cl><w n="0"/><w n="1">cau</w><w n="2">rbhā</w><w n="3">ga</w><w n="4">sthi</w><w n="5" lemma="te">te </w></cl><cl><w n="6">māṃ</w><w n="7" lemma="se">se </w></cl><cl><w n="8">nā</w><w n="9" lemma="kṣi">kṣi </w></cl><cl><w n="10">vyā</w><w n="11">pa</w><w n="12">dya</w><w n="13">te</w><w n="14" lemma="nya">n ya</w><w n="15" lemma="thā">thā | </w></cl><cl><w n="16">ka</w><w n="17">nī</w><w n="18">ni</w><w n="19">ka</w><w n="20">va</w><w n="21">va</w><w n="22">dhā</w><w n="23">da</w><w n="24" lemma="sraṃṃ">sraṃn</w><w n="25">dī</w><w n="26" lemma="dī">dī </w></cl><cl><w n="27">cā</w><w n="28"/><w n="29">pyu</w><w n="30">pa</w><w n="31">jā</w><w n="32">ya</w><w n="33" lemma="te">te |</w></cl></text></TEI><TEI n="NE"><text><cl><w n="0" lemma=""> </w><w n="1">cau</w><w n="2">rbhā</w><w n="3">ga</w><w n="4">sthi</w><w n="5" lemma="te">te </w></cl><cl><w n="6">māṃ</w><w n="7" lemma="se">se </w></cl><cl><w n="8">nā</w><w n="9" lemma="kṣi">kṣi </w></cl><cl><w n="10">vyā</w><w n="11">pa</w><w n="12">dya</w><w n="13">te</w><w n="14" lemma="nya">n ya</w><w n="15" lemma="thā">thā | </w></cl><cl><w n="16">ka</w><w n="17">nī</w><w n="18">ni</w><w n="19">ka</w><w n="20">va</w><w n="21">va</w><w n="22">dhā</w><w n="23">da</w><w n="24" lemma="sraṃṃ">sraṃn</w><w n="25">dī</w><w n="26" lemma="dī">dī </w></cl><cl><w n="27">cā</w><w n="28"/><w n="29">pyu</w><w n="30">pa</w><w n="31">jā</w><w n="32">ya</w><w n="33" lemma="te">te |</w></cl></text></TEI></teiCorpus>