<?xml version="1.0" encoding="UTF-8"?>
<teiCorpus xmlns="http://www.tei-c.org/ns/1.0" xml:lang="sa-Latn">
  <teiHeader>
<listWit>
<witness xml:id="A" source="06-ut-vulgate-1938-1-30.xml">
<abbr>A</abbr>
<expan>Printed edition: Ācārya 1938: Uttaratantra 1-30</expan>
</witness>
<witness xml:id="K" source="kl_699_uttaratantra-1-30.xml">
<abbr>K</abbr>
<expan>MSS Kathmandu KL 699: Uttaratantra</expan>
<listWit>
<witness xml:id="Kac" n="ac">
<abbr>Kac</abbr>
<expan>MSS Kathmandu KL 699: Uttaratantra [ante correctionem]</expan>
</witness>
<witness xml:id="Kpc" n="pc">
<abbr type="siglum">Kpc</abbr>
<expan>MSS Kathmandu KL 699: Uttaratantra [post correctionem]</expan>
</witness>
</listWit>
</witness>
<witness xml:id="H" source="nak_5-333_uttaratantra-1-30.xml">
<abbr>H</abbr>
<expan>MS Kathmandu NAK 5-333, Uttaratantra</expan>
<listWit>
<witness xml:id="Hac" n="ac">
<abbr>Hac</abbr>
<expan>MS Kathmandu NAK 5-333, Uttaratantra [ante correctionem]</expan>
</witness>
<witness xml:id="Hpc" n="pc">
<abbr type="siglum">Hpc</abbr>
<expan>MS Kathmandu NAK 5-333, Uttaratantra [post correctionem]</expan>
</witness>
</listWit>
</witness>
<witness xml:id="NE" source="provisional-edition_uttaratantra-1-30.xml">
<abbr>NE</abbr>
<expan>The Nepalese Version of the Suśrutasaṃhitā, uttaratantra 1-30, based on the
                    Nepalese MSS</expan>
</witness>
</listWit>
    <encodingDesc>
      <editorialDecl>
        <segmentation>
          <ab type="tokenization">aksara</ab>
          <ab type="blockid">SS.6.15.7</ab>
          <ab type="targetedition">NE</ab>
          <ab type="scoring">
            <ab type="match">1</ab>
            <ab type="mismatch">-1</ab>
            <ab type="gapopen">-2</ab>
            <ab type="gapextend">-0.25</ab>
            <ab type="recursive">true</ab>
            <ab type="realigndepth">20</ab>
            <ab type="distancefunction">ngrams</ab>
            
          </ab>
        </segmentation>
        <normalization method="markup">
<ab>ignore punctuation</ab>
<ab>candrabindu as anusvāra</ab>
<ab>geminated aspirated consonants</ab>
<ab>geminated m after h</ab>
<ab>geminated t</ab>
<ab>geminated consonants after r</ab>
<ab>final nasal variants</ab>
<ab>internal nasal variants</ab>
<ab>final anusvāra variants</ab>
<ab>visarga aḥ before voiced consonants</ab>
<ab>visarga aḥ before vowels</ab>
<ab>visarga aḥ before unvoiced consonants and space + anusvāra</ab>
<ab>visarga āḥ variants</ab>
<ab>other visarga variants</ab>
<ab>superfluous avagrahas</ab>
<ab>double avagrahas</ab>
<ab>avagrahas to short a</ab>
<ab>internal visarga variants</ab>
<ab>final au/āv</ab>
<ab>final su</ab>
<ab>final i</ab>
<ab>kcch/kś</ab>
<ab>cś/tś</ab>
<ab>cch/ch</ab>
<ab>final t + hi</ab>
<ab>final t + voiced syllable</ab>
<ab>final t + n/m</ab>
<ab>final t + c/j</ab>
<ab>i/y + vowel</ab>
<ab>bhd for bdh</ab>
<ab>remove spaces</ab>
        </normalization>
        <ab type="tagfilters">
<tag subtype="ignore">pc</tag>
<tag subtype="ignore">head</tag>
<tag subtype="ignore">label</tag>
<tag subtype="ignore">note</tag>
<tag subtype="ignore">num</tag>
<tag subtype="ignore">locus</tag>
<tag subtype="ignore">supplied</tag>
<tag subtype="ignore">surplus</tag>
        </ab>
      </editorialDecl>
    </encodingDesc>
    <xenoData>
      <stemma format="nexml" id="stemma0"><nex:nexml xmlns:nex="http://www.nexml.org/2009" version="0.9"><nex:otus id="otus1"><nex:otu id="otu0" label="A"/><nex:otu id="otu1" label="H"/><nex:otu id="otu2" label="Kac"/><nex:otu id="otu3" label="Kpc"/><nex:otu id="otu4" label="NE"/></nex:otus><nex:trees otus="otus1" id="trees1"><nex:tree id="guidetree" label="guidetree" xsi:type="nex:FloatTree" xmlns:xsi="http://www.w3.org/2001/XMLSchema-instance"><nex:node id="e0941f1b-c57b-4e8b-8c97-ddb88c1f36ab" root="true"/><nex:node id="b1b162ef-520b-4a9c-a5c6-61118e3e94a6"/><nex:node id="89afcbde-1bed-4bac-86cb-7660c7d8723b"/><nex:node id="d2c6b22a-2a8c-41a4-8240-7e08d8d6649d" label="A" otu="otu3"/><nex:node id="91fb6a09-1176-4f6c-a043-e040bdcf6129" label="H" otu="otu4"/><nex:node id="dff98c6e-e586-48e9-a08b-deaf28a72194" label="Kac" otu="otu5"/><nex:node id="aef8c568-1749-4b7f-90a3-d957c06d8fb0"/><nex:node id="f61ec84b-6f7d-400e-a5d4-871cd5b7bd08" label="Kpc" otu="otu7"/><nex:node id="29b22330-14a6-435d-ad30-1cb2f4bd2e83" label="NE" otu="otu8"/><nex:edge source="e0941f1b-c57b-4e8b-8c97-ddb88c1f36ab" target="b1b162ef-520b-4a9c-a5c6-61118e3e94a6" id="edge0" length="0.16516437947871457"/><nex:edge source="e0941f1b-c57b-4e8b-8c97-ddb88c1f36ab" target="aef8c568-1749-4b7f-90a3-d957c06d8fb0" id="edge1" length="0.16516437947871457"/><nex:edge source="b1b162ef-520b-4a9c-a5c6-61118e3e94a6" target="89afcbde-1bed-4bac-86cb-7660c7d8723b" id="edge2" length="0.14565545757748916"/><nex:edge source="b1b162ef-520b-4a9c-a5c6-61118e3e94a6" target="dff98c6e-e586-48e9-a08b-deaf28a72194" id="edge3" length="0.584159642751227"/><nex:edge source="aef8c568-1749-4b7f-90a3-d957c06d8fb0" target="f61ec84b-6f7d-400e-a5d4-871cd5b7bd08" id="edge4" length="0"/><nex:edge source="aef8c568-1749-4b7f-90a3-d957c06d8fb0" target="29b22330-14a6-435d-ad30-1cb2f4bd2e83" id="edge5" length="0"/><nex:edge source="89afcbde-1bed-4bac-86cb-7660c7d8723b" target="d2c6b22a-2a8c-41a4-8240-7e08d8d6649d" id="edge6" length="0.2558790880233065"/><nex:edge source="89afcbde-1bed-4bac-86cb-7660c7d8723b" target="91fb6a09-1176-4f6c-a043-e040bdcf6129" id="edge7" length="0.2558790880233065"/></nex:tree></nex:trees></nex:nexml></stemma>
    </xenoData>
  </teiHeader>
<TEI n="A"><text><cl><w n="0" lemma="ta"> ta</w><w n="1" lemma="taḥ">taḥ </w></cl><cl><w n="2">pra</w><w n="3">śi</w><w n="4">thi</w><w n="5">lī</w><w n="6">bhū</w><w n="7" lemma="taṃ">taṃ </w></cl><cl><w n="8">tri</w><w n="9" lemma="bhiḥ">bhir </w></cl><cl><w n="10">e</w><w n="11" lemma="va">va </w></cl><cl><w n="12">vi</w><w n="13" lemma="laṃ">lam</w><w n="14">bi</w><w n="15" lemma="taṃ">tam | </w></cl><cl><w n="16">u</w><w n="17">lli</w><w n="18" lemma="khaṃ">khan</w><w n="19" lemma="maṃ">maṇ</w><w n="20">ḍa</w><w n="21">lā</w><w n="22">gre</w><w n="23" lemma="ṇa">ṇa </w><w n="24">tī</w><w n="25">kṣṇe</w><w n="26" lemma="na">na </w></cl><cl><w n="27">pa</w><w n="28">ri</w><w n="29">śo</w><w n="30">dha</w><w n="31">ye</w><w n="32" lemma="t">t || </w></cl></text></TEI><TEI n="H"><text><cl><w n="0">ta</w><w n="1" lemma="taḥ">taḥ </w></cl><cl><w n="2">pra</w><w n="3">śi</w><w n="4">thi</w><w n="5">lī</w><w n="6">bhū</w><w n="7" lemma="taṃ">taṃ </w></cl><cl><w n="8">tri</w><w n="9" lemma="bhiḥ">bhir </w></cl><cl><w n="10">e</w><w n="11" lemma="vaṃ">vam </w></cl><cl><w n="12">vi</w><w n="13" lemma="laṃ">lam</w><w n="14">vi</w><w n="15" lemma="taṃ">taṃ | </w></cl><cl><w n="16">u</w><w n="17">lli</w><w n="18" lemma="khaṃ">khan</w><w n="19" lemma="maṃ">maṇ</w><w n="20">ḍa</w><w n="21">lā</w><w n="22">gre</w><w n="23" lemma="ṇa">ṇa </w><w n="24">tī</w><w n="25">kṣṇe</w><w n="26" lemma="na">na </w></cl><cl><w n="27">pa</w><w n="28">ri</w><w n="29">śo</w><w n="30">dha</w><w n="31">ye</w><w n="32" lemma="t">t ||</w></cl></text></TEI><TEI n="Kac"><text><cl><w n="0">ta</w><w n="1" lemma="taḥ">taḥ </w></cl><cl><w n="2">pra</w><w n="3">śi</w><w n="4">thi</w><w n="5">lī</w><w n="6">bhū</w><w n="7" lemma="taṃ">taṃ </w></cl><cl><w n="8">tri</w><w n="9" lemma="bhiḥ">bhir </w></cl><cl><w n="10">e</w><w n="11" lemma="va">va </w></cl><cl><w n="12">vi</w><w n="13" lemma="laṃ">lam</w><w n="14">vi</w><w n="15" lemma="taṃ">taṃ | </w></cl><cl><w n="16">u</w><w n="17">lli</w><w n="18">kha</w><w n="19" lemma="maṃ">maṇ</w><w n="20">ḍa</w><w n="21">lā</w><w n="22" lemma="gra">gra </w><w n="23"/><w n="24">tī</w><w n="25">kṣe</w><w n="26" lemma="na">na </w></cl><cl><w n="27">pa</w><w n="28">ri</w><w n="29">śo</w><w n="30">dha</w><w n="31">ye</w><w n="32" lemma="t">t |</w></cl></text></TEI><TEI n="Kpc"><text><cl><w n="0">ta</w><w n="1" lemma="taḥ">taḥ </w></cl><cl><w n="2">pra</w><w n="3">śi</w><w n="4">thi</w><w n="5">lī</w><w n="6">bhū</w><w n="7" lemma="taṃ">taṃ </w></cl><cl><w n="8">tri</w><w n="9" lemma="bhiḥ">bhir </w></cl><cl><w n="10">e</w><w n="11" lemma="va">va </w></cl><cl><w n="12">vi</w><w n="13" lemma="laṃ">lam</w><w n="14">vi</w><w n="15" lemma="taṃ">taṃ | </w></cl><cl><w n="16">u</w><w n="17">lli</w><w n="18">kha</w><w n="19" lemma="maṃ">maṇ</w><w n="20">ḍa</w><w n="21">lā</w><w n="22">gra</w><w n="23" lemma="ṇa">ṇa </w><w n="24">tī</w><w n="25">kṣe</w><w n="26" lemma="na">na </w></cl><cl><w n="27">pa</w><w n="28">ri</w><w n="29">śo</w><w n="30">dha</w><w n="31">ye</w><w n="32" lemma="t">t |</w></cl></text></TEI><TEI n="NE"><text><cl><w n="0" lemma="ta"> ta</w><w n="1" lemma="taḥ">taḥ </w></cl><cl><w n="2">pra</w><w n="3">śi</w><w n="4">thi</w><w n="5">lī</w><w n="6">bhū</w><w n="7" lemma="taṃ">taṃ </w></cl><cl><w n="8">tri</w><w n="9" lemma="bhiḥ">bhir </w></cl><cl><w n="10">e</w><w n="11" lemma="va">va </w></cl><cl><w n="12">vi</w><w n="13" lemma="laṃ">lam</w><w n="14">vi</w><w n="15" lemma="taṃ">taṃ | </w></cl><cl><w n="16">u</w><w n="17">lli</w><w n="18">kha</w><w n="19" lemma="maṃ">maṇ</w><w n="20">ḍa</w><w n="21">lā</w><w n="22">gra</w><w n="23">ṇa</w><w n="24">tī</w><w n="25">kṣe</w><w n="26" lemma="na">na </w></cl><cl><w n="27">pa</w><w n="28">ri</w><w n="29">śo</w><w n="30">dha</w><w n="31">ye</w><w n="32" lemma="t">t |</w></cl></text></TEI></teiCorpus>