<?xml version="1.0" encoding="UTF-8"?>
<teiCorpus xmlns="http://www.tei-c.org/ns/1.0" xml:lang="sa-Latn">
  <teiHeader>
<listWit>
<witness xml:id="A" source="06-ut-vulgate-1938-1-30.xml">
<abbr>A</abbr>
<expan>Printed edition: Ācārya 1938: Uttaratantra 1-30</expan>
</witness>
<witness xml:id="K" source="kl_699_uttaratantra-1-30.xml">
<abbr>K</abbr>
<expan>MSS Kathmandu KL 699: Uttaratantra</expan>
<listWit>
<witness xml:id="Kac" n="ac">
<abbr>Kac</abbr>
<expan>MSS Kathmandu KL 699: Uttaratantra [ante correctionem]</expan>
</witness>
<witness xml:id="Kpc" n="pc">
<abbr type="siglum">Kpc</abbr>
<expan>MSS Kathmandu KL 699: Uttaratantra [post correctionem]</expan>
</witness>
</listWit>
</witness>
<witness xml:id="H" source="nak_5-333_uttaratantra-1-30.xml">
<abbr>H</abbr>
<expan>MS Kathmandu NAK 5-333, Uttaratantra</expan>
<listWit>
<witness xml:id="Hac" n="ac">
<abbr>Hac</abbr>
<expan>MS Kathmandu NAK 5-333, Uttaratantra [ante correctionem]</expan>
</witness>
<witness xml:id="Hpc" n="pc">
<abbr type="siglum">Hpc</abbr>
<expan>MS Kathmandu NAK 5-333, Uttaratantra [post correctionem]</expan>
</witness>
</listWit>
</witness>
<witness xml:id="NE" source="provisional-edition_uttaratantra-1-30.xml">
<abbr>NE</abbr>
<expan>The Nepalese Version of the Suśrutasaṃhitā, uttaratantra 1-30, based on the
                    Nepalese MSS</expan>
</witness>
</listWit>
    <encodingDesc>
      <editorialDecl>
        <segmentation>
          <ab type="tokenization">aksara</ab>
          <ab type="blockid">SS.6.12.34ab</ab>
          <ab type="targetedition">NE</ab>
          <ab type="scoring">
            <ab type="match">1</ab>
            <ab type="mismatch">-1</ab>
            <ab type="gapopen">-2</ab>
            <ab type="gapextend">-0.25</ab>
            <ab type="recursive">true</ab>
            <ab type="realigndepth">20</ab>
            <ab type="distancefunction">ngrams</ab>
            
          </ab>
        </segmentation>
        <normalization method="markup">
<ab>ignore punctuation</ab>
<ab>candrabindu as anusvāra</ab>
<ab>geminated aspirated consonants</ab>
<ab>geminated m after h</ab>
<ab>geminated t</ab>
<ab>geminated consonants after r</ab>
<ab>final nasal variants</ab>
<ab>internal nasal variants</ab>
<ab>final anusvāra variants</ab>
<ab>visarga aḥ before voiced consonants</ab>
<ab>visarga aḥ before vowels</ab>
<ab>visarga aḥ before unvoiced consonants and space + anusvāra</ab>
<ab>visarga āḥ variants</ab>
<ab>other visarga variants</ab>
<ab>superfluous avagrahas</ab>
<ab>double avagrahas</ab>
<ab>avagrahas to short a</ab>
<ab>internal visarga variants</ab>
<ab>final au/āv</ab>
<ab>final su</ab>
<ab>final i</ab>
<ab>kcch/kś</ab>
<ab>cś/tś</ab>
<ab>cch/ch</ab>
<ab>final t + hi</ab>
<ab>final t + voiced syllable</ab>
<ab>final t + n/m</ab>
<ab>final t + c/j</ab>
<ab>i/y + vowel</ab>
<ab>bhd for bdh</ab>
<ab>remove spaces</ab>
        </normalization>
        <ab type="tagfilters">
<tag subtype="ignore">pc</tag>
<tag subtype="ignore">head</tag>
<tag subtype="ignore">label</tag>
<tag subtype="ignore">note</tag>
<tag subtype="ignore">num</tag>
<tag subtype="ignore">locus</tag>
<tag subtype="ignore">supplied</tag>
<tag subtype="ignore">surplus</tag>
        </ab>
      </editorialDecl>
    </encodingDesc>
    <xenoData>
      <stemma format="nexml" id="stemma0"><nex:nexml xmlns:nex="http://www.nexml.org/2009" version="0.9"><nex:otus id="otus1"><nex:otu id="otu0" label="H"/><nex:otu id="otu1" label="K"/><nex:otu id="otu2" label="NE"/></nex:otus><nex:trees otus="otus1" id="trees1"><nex:tree id="guidetree" label="guidetree" xsi:type="nex:FloatTree" xmlns:xsi="http://www.w3.org/2001/XMLSchema-instance"><nex:node id="864b4ac3-429b-4828-a733-3107669acc03" root="true"/><nex:node id="56f53db2-9855-419a-b18b-a985a9cb4d7d"/><nex:node id="6722c31e-9551-40c7-a32f-40dce514341b" label="H" otu="otu2"/><nex:node id="6550a33a-3845-4eae-aad3-1b4d6de4f3e6" label="K" otu="otu3"/><nex:node id="93a127a3-0ade-4d3a-a088-1219ee52bac5" label="NE" otu="otu4"/><nex:edge source="864b4ac3-429b-4828-a733-3107669acc03" target="56f53db2-9855-419a-b18b-a985a9cb4d7d" id="edge0" length="0"/><nex:edge source="864b4ac3-429b-4828-a733-3107669acc03" target="93a127a3-0ade-4d3a-a088-1219ee52bac5" id="edge1" length="0"/><nex:edge source="56f53db2-9855-419a-b18b-a985a9cb4d7d" target="6722c31e-9551-40c7-a32f-40dce514341b" id="edge2" length="1"/><nex:edge source="56f53db2-9855-419a-b18b-a985a9cb4d7d" target="6550a33a-3845-4eae-aad3-1b4d6de4f3e6" id="edge3" length="0"/></nex:tree></nex:trees></nex:nexml></stemma>
    </xenoData>
  </teiHeader>
<TEI n="H"><text><cl><w n="0" lemma="śaṃ"> śaṃ</w><w n="1" lemma="khāṃ">khān</w><w n="2"/><w n="3" lemma="ta">ta </w></cl><cl><w n="4">ma</w><w n="5">dhu</w><w n="6">dā</w><w n="7" lemma="kṣā">kṣā </w></cl><cl><w n="8">ma</w><w n="9">yū</w><w n="10">ta</w><w n="11">ka</w><w n="12">ta</w><w n="13">kā</w><w n="14" lemma="ni">ni </w></cl><cl><w n="15" lemma="vā">vā | </w></cl></text></TEI><TEI n="K"><text><cl><w n="0" lemma="śaṃ"> śaṃ</w><w n="1">khā</w><w n="2" lemma="syṃ">syn</w><w n="3" lemma="ta">ta </w></cl><cl><w n="4">ma</w><w n="5">dhu</w><w n="6">dā</w><w n="7" lemma="kṣā">kṣā </w></cl><cl><w n="8">ma</w><w n="9">yū</w><w n="10">ta</w><w n="11">ka</w><w n="12">ta</w><w n="13">kā</w><w n="14" lemma="ni">ni </w></cl><cl><w n="15" lemma="vā">vā | </w></cl></text></TEI><TEI n="NE"><text><cl><w n="0" lemma="śaṃ"> śaṃ</w><w n="1">khā</w><w n="2" lemma="syṃ">syn</w><w n="3" lemma="ta">ta </w></cl><cl><w n="4">ma</w><w n="5">dhu</w><w n="6">dā</w><w n="7" lemma="kṣā">kṣā </w></cl><cl><w n="8">ma</w><w n="9">yū</w><w n="10">ta</w><w n="11">ka</w><w n="12">ta</w><w n="13">kā</w><w n="14" lemma="ni">ni </w></cl><cl><w n="15" lemma="vā">vā | </w></cl></text></TEI></teiCorpus>