<?xml version="1.0" encoding="UTF-8"?>
<teiCorpus xmlns="http://www.tei-c.org/ns/1.0" xml:lang="sa-Latn">
  <teiHeader>
<listWit>
<witness xml:id="A" source="06-ut-vulgate-1938-1-30.xml">
<abbr>A</abbr>
<expan>Printed edition: Ācārya 1938: Uttaratantra 1-30</expan>
</witness>
<witness xml:id="K" source="kl_699_uttaratantra-1-30.xml">
<abbr>K</abbr>
<expan>MSS Kathmandu KL 699: Uttaratantra</expan>
<listWit>
<witness xml:id="Kac" n="ac">
<abbr>Kac</abbr>
<expan>MSS Kathmandu KL 699: Uttaratantra [ante correctionem]</expan>
</witness>
<witness xml:id="Kpc" n="pc">
<abbr type="siglum">Kpc</abbr>
<expan>MSS Kathmandu KL 699: Uttaratantra [post correctionem]</expan>
</witness>
</listWit>
</witness>
<witness xml:id="H" source="nak_5-333_uttaratantra-1-30.xml">
<abbr>H</abbr>
<expan>MS Kathmandu NAK 5-333, Uttaratantra</expan>
<listWit>
<witness xml:id="Hac" n="ac">
<abbr>Hac</abbr>
<expan>MS Kathmandu NAK 5-333, Uttaratantra [ante correctionem]</expan>
</witness>
<witness xml:id="Hpc" n="pc">
<abbr type="siglum">Hpc</abbr>
<expan>MS Kathmandu NAK 5-333, Uttaratantra [post correctionem]</expan>
</witness>
</listWit>
</witness>
<witness xml:id="NE" source="provisional-edition_uttaratantra-1-30.xml">
<abbr>NE</abbr>
<expan>The Nepalese Version of the Suśrutasaṃhitā, uttaratantra 1-30, based on the
                    Nepalese MSS</expan>
</witness>
</listWit>
    <encodingDesc>
      <editorialDecl>
        <segmentation>
          <ab type="tokenization">aksara</ab>
          <ab type="blockid">SS.6.15.3</ab>
          <ab type="targetedition">NE</ab>
          <ab type="scoring">
            <ab type="match">1</ab>
            <ab type="mismatch">-1</ab>
            <ab type="gapopen">-2</ab>
            <ab type="gapextend">-0.25</ab>
            <ab type="recursive">true</ab>
            <ab type="realigndepth">20</ab>
            <ab type="distancefunction">ngrams</ab>
            
          </ab>
        </segmentation>
        <normalization method="markup">
<ab>ignore punctuation</ab>
<ab>candrabindu as anusvāra</ab>
<ab>geminated aspirated consonants</ab>
<ab>geminated m after h</ab>
<ab>geminated t</ab>
<ab>geminated consonants after r</ab>
<ab>final nasal variants</ab>
<ab>internal nasal variants</ab>
<ab>final anusvāra variants</ab>
<ab>visarga aḥ before voiced consonants</ab>
<ab>visarga aḥ before vowels</ab>
<ab>visarga aḥ before unvoiced consonants and space + anusvāra</ab>
<ab>visarga āḥ variants</ab>
<ab>other visarga variants</ab>
<ab>superfluous avagrahas</ab>
<ab>double avagrahas</ab>
<ab>avagrahas to short a</ab>
<ab>internal visarga variants</ab>
<ab>final au/āv</ab>
<ab>final su</ab>
<ab>final i</ab>
<ab>kcch/kś</ab>
<ab>cś/tś</ab>
<ab>cch/ch</ab>
<ab>final t + hi</ab>
<ab>final t + voiced syllable</ab>
<ab>final t + n/m</ab>
<ab>final t + c/j</ab>
<ab>i/y + vowel</ab>
<ab>bhd for bdh</ab>
<ab>remove spaces</ab>
        </normalization>
        <ab type="tagfilters">
<tag subtype="ignore">pc</tag>
<tag subtype="ignore">head</tag>
<tag subtype="ignore">label</tag>
<tag subtype="ignore">note</tag>
<tag subtype="ignore">num</tag>
<tag subtype="ignore">locus</tag>
<tag subtype="ignore">supplied</tag>
<tag subtype="ignore">surplus</tag>
        </ab>
      </editorialDecl>
    </encodingDesc>
    <xenoData>
      <stemma format="nexml" id="stemma0"><nex:nexml xmlns:nex="http://www.nexml.org/2009" version="0.9"><nex:otus id="otus1"><nex:otu id="otu0" label="A"/><nex:otu id="otu1" label="H"/><nex:otu id="otu2" label="Kpc"/><nex:otu id="otu3" label="NE"/><nex:otu id="otu4" label="Kac"/></nex:otus><nex:trees otus="otus1" id="trees1"><nex:tree id="guidetree" label="guidetree" xsi:type="nex:FloatTree" xmlns:xsi="http://www.w3.org/2001/XMLSchema-instance"><nex:node id="f75f3c23-1688-4c6a-8ceb-70075104208f" root="true"/><nex:node id="4428f308-7234-4768-ada8-f11cbf4a68f5"/><nex:node id="f42a90d9-8fa9-443d-adfb-2638d6e985c9" label="A" otu="otu2"/><nex:node id="f2b0eb2e-ce50-4781-8c9d-4812ae800be5" label="H" otu="otu3"/><nex:node id="ce476f47-f173-46cd-a5b4-854e6b41d9f6"/><nex:node id="806ddeb2-dcaa-4299-bd3d-b6082d15ba22"/><nex:node id="9b8d6512-9eb5-478a-9d56-71905a33a242" label="Kpc" otu="otu6"/><nex:node id="458d2897-1738-46dd-8bac-ca3c791498e5" label="NE" otu="otu7"/><nex:node id="7a76f311-516f-4ec8-84cb-d0b4a1f85957" label="Kac" otu="otu8"/><nex:edge source="f75f3c23-1688-4c6a-8ceb-70075104208f" target="4428f308-7234-4768-ada8-f11cbf4a68f5" id="edge0" length="0.14663758497556628"/><nex:edge source="f75f3c23-1688-4c6a-8ceb-70075104208f" target="ce476f47-f173-46cd-a5b4-854e6b41d9f6" id="edge1" length="0.14663758497556628"/><nex:edge source="4428f308-7234-4768-ada8-f11cbf4a68f5" target="f42a90d9-8fa9-443d-adfb-2638d6e985c9" id="edge2" length="0.23063040559062686"/><nex:edge source="4428f308-7234-4768-ada8-f11cbf4a68f5" target="f2b0eb2e-ce50-4781-8c9d-4812ae800be5" id="edge3" length="0.2886596848589432"/><nex:edge source="ce476f47-f173-46cd-a5b4-854e6b41d9f6" target="806ddeb2-dcaa-4299-bd3d-b6082d15ba22" id="edge4" length="0.16544724345640593"/><nex:edge source="ce476f47-f173-46cd-a5b4-854e6b41d9f6" target="7a76f311-516f-4ec8-84cb-d0b4a1f85957" id="edge5" length="0.6706830469234427"/><nex:edge source="806ddeb2-dcaa-4299-bd3d-b6082d15ba22" target="9b8d6512-9eb5-478a-9d56-71905a33a242" id="edge6" length="0"/><nex:edge source="806ddeb2-dcaa-4299-bd3d-b6082d15ba22" target="458d2897-1738-46dd-8bac-ca3c791498e5" id="edge7" length="0"/></nex:tree></nex:trees></nex:nexml></stemma>
    </xenoData>
  </teiHeader>
<TEI n="A"><text><cl><w n="0" lemma="sni"> sni</w><w n="1" lemma="gdhaṃ">gdhaṃ </w></cl><cl><w n="2">bhu</w><w n="3">kta</w><w n="4">va</w><w n="5" lemma="taḥ">to </w><w n="6" lemma="hi">hy </w></cl><cl><w n="7" lemma="aṃ">an</w><w n="8" lemma="naṃ">nam </w></cl><cl><w n="9">u</w><w n="10">pa</w><w n="11">vi</w><w n="12">ṣṭa</w><w n="13" lemma="sya">sya </w></cl><cl><w n="14">ya</w><w n="15">tna</w><w n="16" lemma="taḥ">taḥ | </w></cl><cl><w n="17">saṃ</w><w n="18">ro</w><w n="19">ṣa</w><w n="20">ye</w><w n="21" lemma="ttu">t tu </w></cl><cl><w n="22">na</w><w n="23">ya</w><w n="24" lemma="naṃ">naṃ </w></cl><cl><w n="25">bhi</w><w n="26">ṣa</w><w n="27" lemma="kcū">k cū</w><w n="28" lemma="rṇaiḥ">rṇais </w><w n="29" lemma="tu">tu </w></cl><cl><w n="30">lā</w><w n="31">va</w><w n="32" lemma="ṇaiḥ">ṇaiḥ || </w></cl></text></TEI><TEI n="H"><text><cl><w n="0">sni</w><w n="1">gdha</w></cl><cl><w n="2">mu</w><w n="3">kta</w><w n="4">va</w><w n="5" lemma="taḥ">to </w><w n="6" lemma="hi">hy </w></cl><cl><w n="7" lemma="aṃ">an</w><w n="8" lemma="naṃ">nam </w></cl><cl><w n="9">u</w><w n="10">pa</w><w n="11">vi</w><w n="12">ṣṭa</w><w n="13" lemma="sya">sya </w></cl><cl><w n="14">ya</w><w n="15">tna</w><w n="16" lemma="taḥ">taḥ | </w></cl><cl><w n="17">saṃ</w><w n="18">ro</w><w n="19">ṣa</w><w n="20">ye</w><w n="21" lemma="ttu">t tu </w></cl><cl><w n="22">na</w><w n="23">ya</w><w n="24" lemma="naṃ">naṃ </w></cl><cl><w n="25">bhi</w><w n="26">ṣa</w><w n="27" lemma="kcū">k cū</w><w n="28" lemma="rṇaiḥ">rṇṇai|||s </w><w n="29" lemma="tu">tu </w></cl><cl><w n="30">lā</w><w n="31">va</w><w n="32" lemma="ṇaiḥ">ṇaiḥ ||</w></cl></text></TEI><TEI n="Kpc"><text><cl><w n="0">sni</w><w n="1" lemma="gdhaṃ">gdhaṃ </w></cl><cl><w n="2">bhu</w><w n="3">kta</w><w n="4">va</w><w n="5" lemma="taḥ">to </w><w n="6" lemma="hi">hy </w></cl><cl><w n="7" lemma="aṃ">an</w><w n="8" lemma="naṃ">nam </w></cl><cl><w n="9">u</w><w n="10">pa</w><w n="11">vi</w><w n="12">ṣṭa</w><w n="13" lemma="sya">sya </w></cl><cl><w n="14">ya</w><w n="15">tna</w><w n="16" lemma="taḥ">taḥ | </w></cl><cl><w n="17">saṃ</w><w n="18">ro</w><w n="19">ṣa</w><w n="20">ye</w><w n="21" lemma="ttu">t tu </w></cl><cl><w n="22">na</w><w n="23">ya</w><w n="24" lemma="naṃ">naṃ </w></cl><cl><w n="25">bhi</w><w n="26">ṣa</w><w n="27" lemma="kcū">k cū</w><w n="28" lemma="rṇai">rṇṇai</w><w n="29" lemma="tu">tu </w></cl><cl><w n="30">lā</w><w n="31">va</w><w n="32" lemma="ṇaiḥ">ṇaiḥ |</w></cl></text></TEI><TEI n="NE"><text><cl><w n="0" lemma="sni"> sni</w><w n="1" lemma="gdhaṃ">gdhaṃ </w></cl><cl><w n="2">bhu</w><w n="3">kta</w><w n="4">va</w><w n="5" lemma="taḥ">to </w><w n="6" lemma="hi">hy </w></cl><cl><w n="7" lemma="aṃ">an</w><w n="8" lemma="naṃ">nam </w></cl><cl><w n="9">u</w><w n="10">pa</w><w n="11">vi</w><w n="12">ṣṭa</w><w n="13" lemma="sya">sya </w></cl><cl><w n="14">ya</w><w n="15">tna</w><w n="16" lemma="taḥ">taḥ | </w></cl><cl><w n="17">saṃ</w><w n="18">ro</w><w n="19">ṣa</w><w n="20">ye</w><w n="21" lemma="ttu">t tu </w></cl><cl><w n="22">na</w><w n="23">ya</w><w n="24" lemma="naṃ">naṃ </w></cl><cl><w n="25">bhi</w><w n="26">ṣa</w><w n="27" lemma="kcū">k cū</w><w n="28" lemma="rṇai">rṇṇai </w><w n="29" lemma="tu">tu </w></cl><cl><w n="30">lā</w><w n="31">va</w><w n="32" lemma="ṇaiḥ">ṇaiḥ |</w></cl></text></TEI><TEI n="Kac"><text><cl><w n="0">sni</w><w n="1" lemma="gdhaṃ">gdhaṃ </w></cl><cl><w n="2">bhu</w><w n="3">kta</w><w n="4">va</w><w n="5" lemma="taḥ">to </w><w n="6" lemma="hi">hy </w></cl><cl><w n="7" lemma="aṃ">an</w><w n="8" lemma="naṃ">nam </w></cl><cl><w n="9">u</w><w n="10">pa</w><w n="11">vi</w><w n="12">ṣṭa</w><w n="13" lemma="sya">sya </w></cl><cl><w n="14">ya</w><w n="15">tna</w><w n="16" lemma="taḥ">taḥ | </w></cl><cl><w n="17">saṃ</w><w n="18">ro</w><w n="19">ṣa</w><w n="20">ye</w><w n="21" lemma="ttu">t tu </w></cl><cl><w n="22">na</w><w n="23">ya</w><w n="24" lemma="naṃ">naṃ </w></cl><cl><w n="25">bhi</w><w n="26">ṣa</w><w n="27" lemma="kcū">k cū</w><w n="28" lemma="rṇai">rṇṇai </w><w n="29"/></cl><cl><w n="30">lā</w><w n="31">va</w><w n="32" lemma="ṇaiḥ">ṇaiḥ |</w></cl></text></TEI></teiCorpus>