<?xml version="1.0" encoding="UTF-8"?>
<teiCorpus xmlns="http://www.tei-c.org/ns/1.0" xml:lang="sa-Latn">
  <teiHeader>
<listWit>
<witness xml:id="A" source="06-ut-vulgate-1938-1-30.xml">
<abbr>A</abbr>
<expan>Printed edition: Ācārya 1938: Uttaratantra 1-30</expan>
</witness>
<witness xml:id="K" source="kl_699_uttaratantra-1-30.xml">
<abbr>K</abbr>
<expan>MSS Kathmandu KL 699: Uttaratantra</expan>
<listWit>
<witness xml:id="Kac" n="ac">
<abbr>Kac</abbr>
<expan>MSS Kathmandu KL 699: Uttaratantra [ante correctionem]</expan>
</witness>
<witness xml:id="Kpc" n="pc">
<abbr type="siglum">Kpc</abbr>
<expan>MSS Kathmandu KL 699: Uttaratantra [post correctionem]</expan>
</witness>
</listWit>
</witness>
<witness xml:id="H" source="nak_5-333_uttaratantra-1-30.xml">
<abbr>H</abbr>
<expan>MS Kathmandu NAK 5-333, Uttaratantra</expan>
<listWit>
<witness xml:id="Hac" n="ac">
<abbr>Hac</abbr>
<expan>MS Kathmandu NAK 5-333, Uttaratantra [ante correctionem]</expan>
</witness>
<witness xml:id="Hpc" n="pc">
<abbr type="siglum">Hpc</abbr>
<expan>MS Kathmandu NAK 5-333, Uttaratantra [post correctionem]</expan>
</witness>
</listWit>
</witness>
<witness xml:id="NE" source="provisional-edition_uttaratantra-1-30.xml">
<abbr>NE</abbr>
<expan>The Nepalese Version of the Suśrutasaṃhitā, uttaratantra 1-30, based on the
                    Nepalese MSS</expan>
</witness>
</listWit>
    <encodingDesc>
      <editorialDecl>
        <segmentation>
          <ab type="tokenization">aksara</ab>
          <ab type="blockid">SS.6.12.51ab</ab>
          <ab type="targetedition">NE</ab>
          <ab type="scoring">
            <ab type="match">1</ab>
            <ab type="mismatch">-1</ab>
            <ab type="gapopen">-2</ab>
            <ab type="gapextend">-0.25</ab>
            <ab type="recursive">true</ab>
            <ab type="realigndepth">20</ab>
            <ab type="distancefunction">ngrams</ab>
            
          </ab>
        </segmentation>
        <normalization method="markup">
<ab>ignore punctuation</ab>
<ab>candrabindu as anusvāra</ab>
<ab>geminated aspirated consonants</ab>
<ab>geminated m after h</ab>
<ab>geminated t</ab>
<ab>geminated consonants after r</ab>
<ab>final nasal variants</ab>
<ab>internal nasal variants</ab>
<ab>final anusvāra variants</ab>
<ab>visarga aḥ before voiced consonants</ab>
<ab>visarga aḥ before vowels</ab>
<ab>visarga aḥ before unvoiced consonants and space + anusvāra</ab>
<ab>visarga āḥ variants</ab>
<ab>other visarga variants</ab>
<ab>superfluous avagrahas</ab>
<ab>double avagrahas</ab>
<ab>avagrahas to short a</ab>
<ab>internal visarga variants</ab>
<ab>final au/āv</ab>
<ab>final su</ab>
<ab>final i</ab>
<ab>kcch/kś</ab>
<ab>cś/tś</ab>
<ab>cch/ch</ab>
<ab>final t + hi</ab>
<ab>final t + voiced syllable</ab>
<ab>final t + n/m</ab>
<ab>final t + c/j</ab>
<ab>i/y + vowel</ab>
<ab>bhd for bdh</ab>
<ab>remove spaces</ab>
        </normalization>
        <ab type="tagfilters">
<tag subtype="ignore">pc</tag>
<tag subtype="ignore">head</tag>
<tag subtype="ignore">label</tag>
<tag subtype="ignore">note</tag>
<tag subtype="ignore">num</tag>
<tag subtype="ignore">locus</tag>
<tag subtype="ignore">supplied</tag>
<tag subtype="ignore">surplus</tag>
        </ab>
      </editorialDecl>
    </encodingDesc>
    <xenoData>
      <stemma format="nexml" id="stemma0"><nex:nexml xmlns:nex="http://www.nexml.org/2009" version="0.9"><nex:otus id="otus1"><nex:otu id="otu0" label="A"/><nex:otu id="otu1" label="H"/><nex:otu id="otu2" label="K"/><nex:otu id="otu3" label="NE"/></nex:otus><nex:trees otus="otus1" id="trees1"><nex:tree id="guidetree" label="guidetree" xsi:type="nex:FloatTree" xmlns:xsi="http://www.w3.org/2001/XMLSchema-instance"><nex:node id="41df463d-af88-4d41-9cd0-bf7a626a307d" root="true"/><nex:node id="e0dd71bd-36d9-412b-a852-e6ed43c78f9b"/><nex:node id="352bf743-488c-40ac-b1af-5be54efd54ba" label="A" otu="otu2"/><nex:node id="17a80c30-b187-4d3e-8cc6-f209949c42df" label="H" otu="otu3"/><nex:node id="fc65dc15-2c61-4953-bf11-f05eb9218bd6"/><nex:node id="72b55b58-14e4-4986-86e3-cffc914af5b5" label="K" otu="otu5"/><nex:node id="434eb7b2-db4c-470f-b5fb-4850187734b9" label="NE" otu="otu6"/><nex:edge source="41df463d-af88-4d41-9cd0-bf7a626a307d" target="e0dd71bd-36d9-412b-a852-e6ed43c78f9b" id="edge0" length="0.21623446661509022"/><nex:edge source="41df463d-af88-4d41-9cd0-bf7a626a307d" target="fc65dc15-2c61-4953-bf11-f05eb9218bd6" id="edge1" length="0.21623446661509022"/><nex:edge source="e0dd71bd-36d9-412b-a852-e6ed43c78f9b" target="352bf743-488c-40ac-b1af-5be54efd54ba" id="edge2" length="0.5675310667698196"/><nex:edge source="e0dd71bd-36d9-412b-a852-e6ed43c78f9b" target="17a80c30-b187-4d3e-8cc6-f209949c42df" id="edge3" length="0.3950177184216156"/><nex:edge source="fc65dc15-2c61-4953-bf11-f05eb9218bd6" target="72b55b58-14e4-4986-86e3-cffc914af5b5" id="edge4" length="0"/><nex:edge source="fc65dc15-2c61-4953-bf11-f05eb9218bd6" target="434eb7b2-db4c-470f-b5fb-4850187734b9" id="edge5" length="4.440892098500626e-16"/></nex:tree></nex:trees></nex:nexml></stemma>
    </xenoData>
  </teiHeader>
<TEI n="A"><text><cl><w n="0" lemma="pra"> pra</w><w n="1" lemma="tyaṃ">tyañ</w><w n="2">ja</w><w n="3" lemma="naṃ">naṃ </w><w n="4">ta</w><w n="5" lemma="tma">n ma</w><w n="6">ri</w><w n="7" lemma="caiḥ">cair </w><w n="8">u</w><w n="9">pe</w><w n="10" lemma="taṃ">taṃ </w></cl><cl><w n="11">cū</w><w n="12">rṇe</w><w n="13" lemma="na">na </w><w n="14">tā</w><w n="15">mra</w><w n="16" lemma="sya">sya </w></cl><cl><w n="17">sa</w><w n="18">ho</w><w n="19">pa</w><w n="20">yo</w><w n="21" lemma="jyaṃ">jyam |</w><w n="22"/></cl></text></TEI><TEI n="H"><text><cl><w n="0" lemma="pra"> pra</w><w n="1" lemma="tyaṃ">tyañ</w><w n="2">ja</w><w n="3">na</w><w n="4">ta</w><w n="5">tma</w><w n="6">ri</w><w n="7" lemma="caiḥ">cair </w><w n="8">ū</w><w n="9">pe</w><w n="10" lemma="taṃ">taṃ </w></cl><cl><w n="11">cū</w><w n="12" lemma="rṇa">rṇṇa</w><w n="13"/><w n="14">tā</w><w n="15">mra</w><w n="16" lemma="sya">sya </w></cl><cl><w n="17">sa</w><w n="18">hā</w><w n="19">bhi</w><w n="20">yuṃ</w><w n="21">jyā</w><w n="22" lemma="t">t | </w></cl></text></TEI><TEI n="K"><text><cl><w n="0" lemma="pra"> pra</w><w n="1" lemma="tyaṃ">tyañ</w><w n="2">ja</w><w n="3">na</w><w n="4">ta</w><w n="5">tma</w><w n="6">ri</w><w n="7">cai</w><w n="8">rū</w><w n="9">pe</w><w n="10" lemma="taṃ">taṃ </w></cl><cl><w n="11">cū</w><w n="12" lemma="rṇa">rṇṇa</w><w n="13"/><w n="14">tā</w><w n="15">mra</w><w n="16" lemma="sya">sya </w></cl><cl><w n="17">sa</w><w n="18">hā</w><w n="19">bhi</w><w n="20" lemma="yuṃ">yuñ</w><w n="21">jyā</w><w n="22" lemma="t">t | </w></cl></text></TEI><TEI n="NE"><text><cl><w n="0" lemma="pra"> pra</w><w n="1" lemma="tyaṃ">tyañ</w><w n="2">ja</w><w n="3">na</w><w n="4">ta</w><w n="5">tma</w><w n="6">ri</w><w n="7">cai</w><w n="8">rū</w><w n="9">pe</w><w n="10" lemma="taṃ">taṃ </w></cl><cl><w n="11">cū</w><w n="12" lemma="rṇa">rṇṇa</w><w n="13"/><w n="14">tā</w><w n="15">mra</w><w n="16" lemma="sya">sya </w></cl><cl><w n="17">sa</w><w n="18">hā</w><w n="19">bhi</w><w n="20" lemma="yuṃ">yuñ</w><w n="21">jyā</w><w n="22" lemma="t">t | </w></cl></text></TEI></teiCorpus>