<?xml version="1.0" encoding="UTF-8"?>
<teiCorpus xmlns="http://www.tei-c.org/ns/1.0" xml:lang="sa-Latn">
  <teiHeader>
<listWit>
<witness xml:id="A" source="06-ut-vulgate-1938-1-30.xml">
<abbr>A</abbr>
<expan>Printed edition: Ācārya 1938: Uttaratantra 1-30</expan>
</witness>
<witness xml:id="K" source="kl_699_uttaratantra-1-30.xml">
<abbr>K</abbr>
<expan>MSS Kathmandu KL 699: Uttaratantra</expan>
<listWit>
<witness xml:id="Kac" n="ac">
<abbr>Kac</abbr>
<expan>MSS Kathmandu KL 699: Uttaratantra [ante correctionem]</expan>
</witness>
<witness xml:id="Kpc" n="pc">
<abbr type="siglum">Kpc</abbr>
<expan>MSS Kathmandu KL 699: Uttaratantra [post correctionem]</expan>
</witness>
</listWit>
</witness>
<witness xml:id="H" source="nak_5-333_uttaratantra-1-30.xml">
<abbr>H</abbr>
<expan>MS Kathmandu NAK 5-333, Uttaratantra</expan>
<listWit>
<witness xml:id="Hac" n="ac">
<abbr>Hac</abbr>
<expan>MS Kathmandu NAK 5-333, Uttaratantra [ante correctionem]</expan>
</witness>
<witness xml:id="Hpc" n="pc">
<abbr type="siglum">Hpc</abbr>
<expan>MS Kathmandu NAK 5-333, Uttaratantra [post correctionem]</expan>
</witness>
</listWit>
</witness>
<witness xml:id="NE" source="provisional-edition_uttaratantra-1-30.xml">
<abbr>NE</abbr>
<expan>The Nepalese Version of the Suśrutasaṃhitā, uttaratantra 1-30, based on the
                    Nepalese MSS</expan>
</witness>
</listWit>
    <encodingDesc>
      <editorialDecl>
        <segmentation>
          <ab type="tokenization">aksara</ab>
          <ab type="blockid">SS.6.18.54</ab>
          <ab type="targetedition">NE</ab>
          <ab type="scoring">
            <ab type="match">1</ab>
            <ab type="mismatch">-1</ab>
            <ab type="gapopen">-2</ab>
            <ab type="gapextend">-0.25</ab>
            <ab type="recursive">true</ab>
            <ab type="realigndepth">20</ab>
            <ab type="distancefunction">ngrams</ab>
            
          </ab>
        </segmentation>
        <normalization method="markup">
<ab>ignore punctuation</ab>
<ab>candrabindu as anusvāra</ab>
<ab>geminated aspirated consonants</ab>
<ab>geminated m after h</ab>
<ab>geminated t</ab>
<ab>geminated consonants after r</ab>
<ab>final nasal variants</ab>
<ab>internal nasal variants</ab>
<ab>final anusvāra variants</ab>
<ab>visarga aḥ before voiced consonants</ab>
<ab>visarga aḥ before vowels</ab>
<ab>visarga aḥ before unvoiced consonants and space + anusvāra</ab>
<ab>visarga āḥ variants</ab>
<ab>other visarga variants</ab>
<ab>superfluous avagrahas</ab>
<ab>double avagrahas</ab>
<ab>avagrahas to short a</ab>
<ab>internal visarga variants</ab>
<ab>final au/āv</ab>
<ab>final su</ab>
<ab>final i</ab>
<ab>kcch/kś</ab>
<ab>cś/tś</ab>
<ab>cch/ch</ab>
<ab>final t + hi</ab>
<ab>final t + voiced syllable</ab>
<ab>final t + n/m</ab>
<ab>final t + c/j</ab>
<ab>i/y + vowel</ab>
<ab>bhd for bdh</ab>
<ab>remove spaces</ab>
        </normalization>
        <ab type="tagfilters">
<tag subtype="ignore">pc</tag>
<tag subtype="ignore">head</tag>
<tag subtype="ignore">label</tag>
<tag subtype="ignore">note</tag>
<tag subtype="ignore">num</tag>
<tag subtype="ignore">locus</tag>
<tag subtype="ignore">supplied</tag>
<tag subtype="ignore">surplus</tag>
        </ab>
      </editorialDecl>
    </encodingDesc>
    <xenoData>
      <stemma format="nexml" id="stemma0"><nex:nexml xmlns:nex="http://www.nexml.org/2009" version="0.9"><nex:otus id="otus1"><nex:otu id="otu0" label="H"/><nex:otu id="otu1" label="A"/><nex:otu id="otu2" label="K"/><nex:otu id="otu3" label="NE"/></nex:otus><nex:trees otus="otus1" id="trees1"><nex:tree id="guidetree" label="guidetree" xsi:type="nex:FloatTree" xmlns:xsi="http://www.w3.org/2001/XMLSchema-instance"><nex:node id="6d7514bc-2de2-462d-b268-0d93d9bbcb41" root="true"/><nex:node id="ce2680bb-7040-441e-a2ec-5821d7c4f498"/><nex:node id="45abd6c8-476f-4af1-8bb8-153a2b97916e" label="H" otu="otu2"/><nex:node id="33b13992-7638-407e-8e5e-41a77ac3fd61" label="A" otu="otu3"/><nex:node id="cf09c4a9-754a-4057-9b33-b09964aaa7d2"/><nex:node id="a5664a17-6155-4572-af05-17e6a8863ce6" label="K" otu="otu5"/><nex:node id="c4291467-517b-4fd6-9114-7721a037e142" label="NE" otu="otu6"/><nex:edge source="6d7514bc-2de2-462d-b268-0d93d9bbcb41" target="ce2680bb-7040-441e-a2ec-5821d7c4f498" id="edge0" length="0.13671658061399797"/><nex:edge source="6d7514bc-2de2-462d-b268-0d93d9bbcb41" target="cf09c4a9-754a-4057-9b33-b09964aaa7d2" id="edge1" length="0.13671658061399797"/><nex:edge source="ce2680bb-7040-441e-a2ec-5821d7c4f498" target="45abd6c8-476f-4af1-8bb8-153a2b97916e" id="edge2" length="0.7265668387720039"/><nex:edge source="ce2680bb-7040-441e-a2ec-5821d7c4f498" target="33b13992-7638-407e-8e5e-41a77ac3fd61" id="edge3" length="0.2734331612279961"/><nex:edge source="cf09c4a9-754a-4057-9b33-b09964aaa7d2" target="a5664a17-6155-4572-af05-17e6a8863ce6" id="edge4" length="5.551115123125783e-17"/><nex:edge source="cf09c4a9-754a-4057-9b33-b09964aaa7d2" target="c4291467-517b-4fd6-9114-7721a037e142" id="edge5" length="5.551115123125783e-17"/></nex:tree></nex:trees></nex:nexml></stemma>
    </xenoData>
  </teiHeader>
<TEI n="H"><text><cl><w n="0" lemma="ne"> ne</w><w n="1">tra</w><w n="2">va</w><w n="3" lemma="rtṃ">rtm</w><w n="4">ma</w><w n="5">si</w><w n="6">rā</w><w n="7">ko</w><w n="8">śa</w><w n="9">sro</w><w n="10">taḥ</w><w n="11" lemma="śṛṃ">śṛṅ</w><w n="12">gā</w><w n="13">ṭa</w><w n="14">kā</w><w n="15">śri</w><w n="16" lemma="taṃ">taṃ || </w></cl><cl><w n="17">mu</w><w n="18">kha</w><w n="19">nā</w><w n="20">sā</w><w n="21">kṣi</w><w n="22" lemma="bhiḥ">bhir </w></cl><cl><w n="23" lemma="do">ddo</w><w n="24" lemma="ṣaṃ">ṣa,m </w></cl><cl><w n="25">o</w><w n="26">ja</w><w n="27" lemma="sā">sā </w></cl><cl><w n="28">sā</w><w n="29">va</w><w n="30">yo</w><w n="31" lemma="ttu">t tu </w></cl><w n="32">ta</w><cl><w n="33" lemma="t">t | </w></cl></text></TEI><TEI n="A"><text><cl><w n="0" lemma="ne"> ne</w><w n="1">tra</w><w n="2">va</w><w n="3"/><w n="4">rtma</w><w n="5">si</w><w n="6">rā</w><w n="7">ko</w><w n="8">śa</w><w n="9">sro</w><w n="10">taḥ</w><w n="11" lemma="śṛṃ">śṛṅ</w><w n="12">gā</w><w n="13">ṭa</w><w n="14">kā</w><w n="15">śri</w><w n="16" lemma="taṃ">tam | </w></cl><cl><w n="17">mu</w><w n="18">kha</w><w n="19">nā</w><w n="20">sā</w><w n="21">kṣi</w><w n="22" lemma="bhiḥ">bhir </w></cl><cl><w n="23">do</w><w n="24" lemma="ṣaṃ">ṣam </w></cl><cl><w n="25">o</w><w n="26">ja</w><w n="27" lemma="sā">sā </w></cl><cl><w n="28">srā</w><w n="29">va</w><w n="30">ye</w><w n="31" lemma="ttu">t tu </w></cl><w n="32">ta</w><cl><w n="33" lemma="t">t || </w></cl></text></TEI><TEI n="K"><text><cl><w n="0" lemma="ne"> ne</w><w n="1">tra</w><w n="2">va</w><w n="3"/><w n="4">rtma</w><w n="5">si</w><w n="6">rā</w><w n="7">ko</w><w n="8">śa</w><w n="9">sro</w><w n="10">taḥ</w><w n="11" lemma="śṛṃ">śṛṅ</w><w n="12">gā</w><w n="13">ṭa</w><w n="14">kā</w><w n="15">śri</w><w n="16" lemma="taṃ">taṃ | </w></cl><cl><w n="17">mu</w><w n="18">kha</w><w n="19">nā</w><w n="20">sā</w><w n="21">kṣi</w><w n="22" lemma="bhiḥ">bhir </w></cl><cl><w n="23">do</w><w n="24" lemma="ṣaṃ">ṣam </w></cl><cl><w n="25">o</w><w n="26">ja</w><w n="27" lemma="sā">sā </w></cl><cl><w n="28">srā</w><w n="29">va</w><w n="30">ye</w><w n="31" lemma="ttu">t tu </w></cl><w n="32" lemma="taṃ">taṃ | </w><cl><w n="33"/></cl></text></TEI><TEI n="NE"><text><cl><w n="0" lemma="ne"> ne</w><w n="1">tra</w><w n="2">va</w><w n="3"/><w n="4">rtma</w><w n="5">si</w><w n="6">rā</w><w n="7">ko</w><w n="8">śa</w><w n="9">sro</w><w n="10">taḥ</w><w n="11" lemma="śṛṃ">śṛṅ</w><w n="12">gā</w><w n="13">ṭa</w><w n="14">kā</w><w n="15">śri</w><w n="16" lemma="taṃ">taṃ | </w></cl><cl><w n="17">mu</w><w n="18">kha</w><w n="19">nā</w><w n="20">sā</w><w n="21">kṣi</w><w n="22" lemma="bhiḥ">bhir </w></cl><cl><w n="23">do</w><w n="24" lemma="ṣaṃ">ṣam </w></cl><cl><w n="25">o</w><w n="26">ja</w><w n="27" lemma="sā">sā </w></cl><cl><w n="28">srā</w><w n="29">va</w><w n="30">ye</w><w n="31" lemma="ttu">t tu </w></cl><w n="32" lemma="taṃ">taṃ | </w><cl><w n="33"/></cl></text></TEI></teiCorpus>