<?xml version="1.0" encoding="UTF-8"?>
<teiCorpus xmlns="http://www.tei-c.org/ns/1.0" xml:lang="sa-Latn">
  <teiHeader>
<listWit>
<witness xml:id="A" source="06-ut-vulgate-1938-1-30.xml">
<abbr>A</abbr>
<expan>Printed edition: Ācārya 1938: Uttaratantra 1-30</expan>
</witness>
<witness xml:id="K" source="kl_699_uttaratantra-1-30.xml">
<abbr>K</abbr>
<expan>MSS Kathmandu KL 699: Uttaratantra</expan>
<listWit>
<witness xml:id="Kac" n="ac">
<abbr>Kac</abbr>
<expan>MSS Kathmandu KL 699: Uttaratantra [ante correctionem]</expan>
</witness>
<witness xml:id="Kpc" n="pc">
<abbr type="siglum">Kpc</abbr>
<expan>MSS Kathmandu KL 699: Uttaratantra [post correctionem]</expan>
</witness>
</listWit>
</witness>
<witness xml:id="H" source="nak_5-333_uttaratantra-1-30.xml">
<abbr>H</abbr>
<expan>MS Kathmandu NAK 5-333, Uttaratantra</expan>
<listWit>
<witness xml:id="Hac" n="ac">
<abbr>Hac</abbr>
<expan>MS Kathmandu NAK 5-333, Uttaratantra [ante correctionem]</expan>
</witness>
<witness xml:id="Hpc" n="pc">
<abbr type="siglum">Hpc</abbr>
<expan>MS Kathmandu NAK 5-333, Uttaratantra [post correctionem]</expan>
</witness>
</listWit>
</witness>
<witness xml:id="NE" source="provisional-edition_uttaratantra-1-30.xml">
<abbr>NE</abbr>
<expan>The Nepalese Version of the Suśrutasaṃhitā, uttaratantra 1-30, based on the
                    Nepalese MSS</expan>
</witness>
</listWit>
    <encodingDesc>
      <editorialDecl>
        <segmentation>
          <ab type="tokenization">aksara</ab>
          <ab type="blockid">SS.6.11.5</ab>
          <ab type="targetedition">NE</ab>
          <ab type="scoring">
            <ab type="match">1</ab>
            <ab type="mismatch">-1</ab>
            <ab type="gapopen">-2</ab>
            <ab type="gapextend">-0.25</ab>
            <ab type="recursive">true</ab>
            <ab type="realigndepth">20</ab>
            <ab type="distancefunction">ngrams</ab>
            
          </ab>
        </segmentation>
        <normalization method="markup">
<ab>ignore punctuation</ab>
<ab>candrabindu as anusvāra</ab>
<ab>geminated aspirated consonants</ab>
<ab>geminated m after h</ab>
<ab>geminated t</ab>
<ab>geminated consonants after r</ab>
<ab>final nasal variants</ab>
<ab>internal nasal variants</ab>
<ab>final anusvāra variants</ab>
<ab>visarga aḥ before voiced consonants</ab>
<ab>visarga aḥ before vowels</ab>
<ab>visarga aḥ before unvoiced consonants and space + anusvāra</ab>
<ab>visarga āḥ variants</ab>
<ab>other visarga variants</ab>
<ab>superfluous avagrahas</ab>
<ab>double avagrahas</ab>
<ab>avagrahas to short a</ab>
<ab>internal visarga variants</ab>
<ab>final au/āv</ab>
<ab>final su</ab>
<ab>final i</ab>
<ab>kcch/kś</ab>
<ab>cś/tś</ab>
<ab>cch/ch</ab>
<ab>final t + hi</ab>
<ab>final t + voiced syllable</ab>
<ab>final t + n/m</ab>
<ab>final t + c/j</ab>
<ab>i/y + vowel</ab>
<ab>bhd for bdh</ab>
<ab>remove spaces</ab>
        </normalization>
        <ab type="tagfilters">
<tag subtype="ignore">pc</tag>
<tag subtype="ignore">head</tag>
<tag subtype="ignore">label</tag>
<tag subtype="ignore">note</tag>
<tag subtype="ignore">num</tag>
<tag subtype="ignore">locus</tag>
<tag subtype="ignore">supplied</tag>
<tag subtype="ignore">surplus</tag>
        </ab>
      </editorialDecl>
    </encodingDesc>
    <xenoData>
      <stemma format="nexml" id="stemma0"><nex:nexml xmlns:nex="http://www.nexml.org/2009" version="0.9"><nex:otus id="otus1"><nex:otu id="otu0" label="A"/><nex:otu id="otu1" label="H"/><nex:otu id="otu2" label="K"/><nex:otu id="otu3" label="NE"/></nex:otus><nex:trees otus="otus1" id="trees1"><nex:tree id="guidetree" label="guidetree" xsi:type="nex:FloatTree" xmlns:xsi="http://www.w3.org/2001/XMLSchema-instance"><nex:node id="cc7d728c-fde5-4644-8f18-c4c7047f7d04" root="true"/><nex:node id="8ec36af1-c415-43e7-8af9-5ba2b136c8ef"/><nex:node id="d2f0551c-10ef-4392-b3cf-03e1c3e5deec" label="A" otu="otu2"/><nex:node id="3bad2927-e7f4-4a1f-96d6-bcfdc8ac77e7" label="H" otu="otu3"/><nex:node id="8cfdf309-47c4-46fb-a195-8621e6dfa277"/><nex:node id="6df5b916-12a5-4daf-8d0d-61453d082778" label="K" otu="otu5"/><nex:node id="0d04844c-7250-4f4a-a168-cef92d983b8b" label="NE" otu="otu6"/><nex:edge source="cc7d728c-fde5-4644-8f18-c4c7047f7d04" target="8ec36af1-c415-43e7-8af9-5ba2b136c8ef" id="edge0" length="0.21404482245443002"/><nex:edge source="cc7d728c-fde5-4644-8f18-c4c7047f7d04" target="8cfdf309-47c4-46fb-a195-8621e6dfa277" id="edge1" length="0.21404482245443002"/><nex:edge source="8ec36af1-c415-43e7-8af9-5ba2b136c8ef" target="d2f0551c-10ef-4392-b3cf-03e1c3e5deec" id="edge2" length="0.57191035509114"/><nex:edge source="8ec36af1-c415-43e7-8af9-5ba2b136c8ef" target="3bad2927-e7f4-4a1f-96d6-bcfdc8ac77e7" id="edge3" length="0.42808964490886003"/><nex:edge source="8cfdf309-47c4-46fb-a195-8621e6dfa277" target="6df5b916-12a5-4daf-8d0d-61453d082778" id="edge4" length="0"/><nex:edge source="8cfdf309-47c4-46fb-a195-8621e6dfa277" target="0d04844c-7250-4f4a-a168-cef92d983b8b" id="edge5" length="0"/></nex:tree></nex:trees></nex:nexml></stemma>
    </xenoData>
  </teiHeader>
<TEI n="A"><text><w n="0" lemma="ta"> ta</w><cl><w n="1" lemma="taṃ">d an</w><w n="2">na</w><w n="3">pā</w><w n="4" lemma="naṃ">naṃ </w><w n="5" lemma="ca">ca </w><w n="6">sa</w><w n="7">mā</w><w n="8">ca</w><w n="9">re</w><w n="10" lemma="thi">d dhi </w><w n="11">ya</w><w n="12" lemma="cchle">c chle</w><w n="13">ṣma</w><w n="14" lemma="ṇaḥ">ṇo </w><w n="15">nai</w><w n="16" lemma="va">va </w><w n="17">ka</w><w n="18">ro</w><w n="19" lemma="ti">ti </w><w n="20">vṛ</w><w n="21" lemma="dhiṃ">ddhim | </w><w n="22">ku</w><w n="23" lemma="ṭaṃ">ṭan</w><w n="24">na</w><w n="25">ṭā</w><w n="26">spho</w><w n="27">ṭa</w><w n="28">pha</w><w n="29">ṇi</w><w n="30">jjña</w><w n="31">bi</w><w n="32">lva</w><w n="33"/></cl><cl><w n="34">pa</w><w n="35" lemma="tū">ttū</w><w n="36">ra</w><w n="37">pi</w><w n="38">lva</w><w n="39">rka</w><w n="40">ka</w><w n="41">pi</w><w n="42" lemma="tha">ttha</w><w n="43" lemma="bhaṃ">bhaṅ</w><w n="44" lemma="gaiḥ">gaiḥ || </w></cl><cl><w n="45"/><w n="46"/></cl><cl><w n="47"/><w n="48"/><w n="49"/><w n="50"/><w n="51"/><w n="52"/><w n="53"/><w n="54"/><w n="55"/></cl><cl><w n="56"/><w n="57"/><w n="58"/><w n="59"/><w n="60"/><w n="61"/><w n="62"/><w n="63"/><w n="64"/><w n="65"/><w n="66"/></cl></text></TEI><TEI n="H"><text><w n="0" lemma=""> </w><cl><w n="1"/><w n="2"/><w n="3"/><w n="4"/><w n="5"/><w n="6"/><w n="7"/><w n="8"/><w n="9"/><w n="10"/><w n="11"/><w n="12"/><w n="13"/><w n="14"/><w n="15"/><w n="16"/><w n="17"/><w n="18"/><w n="19"/><w n="20"/><w n="21"/><w n="22"/><w n="23">pha</w><w n="24">li</w><w n="25">ko</w><w n="26">sphu</w><w n="27">ta</w><w n="28">ka</w><w n="29">pi</w><w n="30" lemma="tha">ttha</w><w n="31">vi</w><w n="32" lemma="lva">lva </w><w n="33"/></cl><cl><w n="34">dha</w><w n="35">ttū</w><w n="36">ra</w><w n="37">pi</w><w n="38">lū</w><w n="39">su</w><w n="40">ra</w><w n="41">sā</w><w n="42" lemma="rka">rkka</w><w n="43" lemma="bhaṃ">bhaṅ</w><w n="44" lemma="gaiḥ">gaiḥ || </w></cl><cl><w n="45">sve</w><w n="46" lemma="daṃ">dam </w></cl><cl><w n="47">vi</w><w n="48">da</w><w n="49">dhyā</w><w n="50" lemma="ta">d a</w><w n="51">tha</w><w n="52">vā</w><w n="53">tra</w><w n="54">le</w><w n="55" lemma="paṃ">paṃ </w></cl><cl><w n="56">va</w><w n="57">rhi</w><w n="58">ṣṭha</w><w n="59">śu</w><w n="60">ṇṭhī</w><w n="61">su</w><w n="62">ra</w><w n="63">dā</w><w n="64">ru</w><w n="65">ku</w><w n="66" lemma="ṣṭhaiḥ">ṣṭhaiḥ | </w></cl></text></TEI><TEI n="K"><text><w n="0" lemma=""> </w><cl><w n="1"/><w n="2"/><w n="3"/><w n="4"/><w n="5"/><w n="6"/><w n="7"/><w n="8"/><w n="9"/><w n="10"/><w n="11"/><w n="12"/><w n="13"/><w n="14"/><w n="15"/><w n="16"/><w n="17"/><w n="18"/><w n="19"/><w n="20"/><w n="21">pha</w><w n="22">ṇi</w><w n="23" lemma="jha">jjha</w><w n="24"/><w n="25">ko</w><w n="26">sphu</w><w n="27">ta</w><w n="28">ka</w><w n="29">pi</w><w n="30" lemma="tha">ttha</w><w n="31">vi</w><w n="32">lve</w><w n="33" lemma="ṣa">ṣa </w></cl><cl><w n="34">dha</w><w n="35">ttū</w><w n="36">ra</w><w n="37">pī</w><w n="38">lū</w><w n="39">su</w><w n="40">ra</w><w n="41">sā</w><w n="42">rka</w><w n="43">bhā</w><w n="44" lemma="goḥ">goḥ | </w></cl><cl><w n="45">sve</w><w n="46" lemma="daṃ">dam </w></cl><cl><w n="47">vi</w><w n="48">da</w><w n="49">dhyā</w><w n="50" lemma="ta">d a</w><w n="51">tha</w><w n="52">vā</w><w n="53">tra</w><w n="54">le</w><w n="55" lemma="paṃ">paṃ </w></cl><cl><w n="56">va</w><w n="57">rhi</w><w n="58">ṣṭha</w><w n="59">śu</w><w n="60">ṇṭhī</w><w n="61">su</w><w n="62">ra</w><w n="63">dā</w><w n="64">ru</w><w n="65">ku</w><w n="66" lemma="ṣṭhaiḥ">ṣṭhaiḥ | </w></cl></text></TEI><TEI n="NE"><text><w n="0" lemma=""> </w><cl><w n="1"/><w n="2"/><w n="3"/><w n="4"/><w n="5"/><w n="6"/><w n="7"/><w n="8"/><w n="9"/><w n="10"/><w n="11"/><w n="12"/><w n="13"/><w n="14"/><w n="15"/><w n="16"/><w n="17"/><w n="18"/><w n="19"/><w n="20"/><w n="21">pha</w><w n="22">ṇi</w><w n="23" lemma="jha">jjha</w><w n="24"/><w n="25">ko</w><w n="26">sphu</w><w n="27">ta</w><w n="28">ka</w><w n="29">pi</w><w n="30" lemma="tha">ttha</w><w n="31">vi</w><w n="32">lve</w><w n="33" lemma="ṣa">ṣa </w></cl><cl><w n="34">dha</w><w n="35">ttū</w><w n="36">ra</w><w n="37">pī</w><w n="38">lū</w><w n="39">su</w><w n="40">ra</w><w n="41">sā</w><w n="42">rka</w><w n="43">bhā</w><w n="44" lemma="goḥ">goḥ | </w></cl><cl><w n="45">sve</w><w n="46" lemma="daṃ">dam </w></cl><cl><w n="47">vi</w><w n="48">da</w><w n="49">dhyā</w><w n="50" lemma="ta">d a</w><w n="51">tha</w><w n="52">vā</w><w n="53">tra</w><w n="54">le</w><w n="55" lemma="paṃ">paṃ </w></cl><cl><w n="56">va</w><w n="57">rhi</w><w n="58">ṣṭha</w><w n="59">śu</w><w n="60">ṇṭhī</w><w n="61">su</w><w n="62">ra</w><w n="63">dā</w><w n="64">ru</w><w n="65">ku</w><w n="66" lemma="ṣṭhaiḥ">ṣṭhaiḥ | </w></cl></text></TEI></teiCorpus>