<?xml version="1.0" encoding="UTF-8"?>
<teiCorpus xmlns="http://www.tei-c.org/ns/1.0" xml:lang="sa-Latn">
  <teiHeader>
<listWit>
<witness xml:id="A" source="06-ut-vulgate-1938-1-30.xml">
<abbr>A</abbr>
<expan>Printed edition: Ācārya 1938: Uttaratantra 1-30</expan>
</witness>
<witness xml:id="K" source="kl_699_uttaratantra-1-30.xml">
<abbr>K</abbr>
<expan>MSS Kathmandu KL 699: Uttaratantra</expan>
<listWit>
<witness xml:id="Kac" n="ac">
<abbr>Kac</abbr>
<expan>MSS Kathmandu KL 699: Uttaratantra [ante correctionem]</expan>
</witness>
<witness xml:id="Kpc" n="pc">
<abbr type="siglum">Kpc</abbr>
<expan>MSS Kathmandu KL 699: Uttaratantra [post correctionem]</expan>
</witness>
</listWit>
</witness>
<witness xml:id="H" source="nak_5-333_uttaratantra-1-30.xml">
<abbr>H</abbr>
<expan>MS Kathmandu NAK 5-333, Uttaratantra</expan>
<listWit>
<witness xml:id="Hac" n="ac">
<abbr>Hac</abbr>
<expan>MS Kathmandu NAK 5-333, Uttaratantra [ante correctionem]</expan>
</witness>
<witness xml:id="Hpc" n="pc">
<abbr type="siglum">Hpc</abbr>
<expan>MS Kathmandu NAK 5-333, Uttaratantra [post correctionem]</expan>
</witness>
</listWit>
</witness>
<witness xml:id="NE" source="provisional-edition_uttaratantra-1-30.xml">
<abbr>NE</abbr>
<expan>The Nepalese Version of the Suśrutasaṃhitā, uttaratantra 1-30, based on the
                    Nepalese MSS</expan>
</witness>
</listWit>
    <encodingDesc>
      <editorialDecl>
        <segmentation>
          <ab type="tokenization">aksara</ab>
          <ab type="blockid">SS.6.10.9</ab>
          <ab type="targetedition">NE</ab>
          <ab type="scoring">
            <ab type="match">1</ab>
            <ab type="mismatch">-1</ab>
            <ab type="gapopen">-2</ab>
            <ab type="gapextend">-0.25</ab>
            <ab type="recursive">true</ab>
            <ab type="realigndepth">20</ab>
            <ab type="distancefunction">ngrams</ab>
            
          </ab>
        </segmentation>
        <normalization method="markup">
<ab>ignore punctuation</ab>
<ab>candrabindu as anusvāra</ab>
<ab>geminated aspirated consonants</ab>
<ab>geminated m after h</ab>
<ab>geminated t</ab>
<ab>geminated consonants after r</ab>
<ab>final nasal variants</ab>
<ab>internal nasal variants</ab>
<ab>final anusvāra variants</ab>
<ab>visarga aḥ before voiced consonants</ab>
<ab>visarga aḥ before vowels</ab>
<ab>visarga aḥ before unvoiced consonants and space + anusvāra</ab>
<ab>visarga āḥ variants</ab>
<ab>other visarga variants</ab>
<ab>superfluous avagrahas</ab>
<ab>double avagrahas</ab>
<ab>avagrahas to short a</ab>
<ab>internal visarga variants</ab>
<ab>final au/āv</ab>
<ab>final su</ab>
<ab>final i</ab>
<ab>kcch/kś</ab>
<ab>cś/tś</ab>
<ab>cch/ch</ab>
<ab>final t + hi</ab>
<ab>final t + voiced syllable</ab>
<ab>final t + n/m</ab>
<ab>final t + c/j</ab>
<ab>i/y + vowel</ab>
<ab>bhd for bdh</ab>
<ab>remove spaces</ab>
        </normalization>
        <ab type="tagfilters">
<tag subtype="ignore">pc</tag>
<tag subtype="ignore">head</tag>
<tag subtype="ignore">label</tag>
<tag subtype="ignore">note</tag>
<tag subtype="ignore">num</tag>
<tag subtype="ignore">locus</tag>
<tag subtype="ignore">supplied</tag>
<tag subtype="ignore">surplus</tag>
        </ab>
      </editorialDecl>
    </encodingDesc>
    <xenoData>
      <stemma format="nexml" id="stemma0"><nex:nexml xmlns:nex="http://www.nexml.org/2009" version="0.9"><nex:otus id="otus1"><nex:otu id="otu0" label="A"/><nex:otu id="otu1" label="H"/><nex:otu id="otu2" label="K"/><nex:otu id="otu3" label="NE"/></nex:otus><nex:trees otus="otus1" id="trees1"><nex:tree id="guidetree" label="guidetree" xsi:type="nex:FloatTree" xmlns:xsi="http://www.w3.org/2001/XMLSchema-instance"><nex:node id="f244d3dc-a6f3-4641-bef6-9c018c5ed2fe" root="true"/><nex:node id="f23d82ce-f438-47ae-a866-3fd3154c5f19"/><nex:node id="d7ce54ea-c094-4396-9a92-3899c2849cd0" label="A" otu="otu2"/><nex:node id="53405836-f9e1-469d-8e40-4ad8de701662" label="H" otu="otu3"/><nex:node id="6fb19274-d335-4c1e-a46f-a57a420e4ba6"/><nex:node id="de2d2fe9-95f1-43f9-9bdc-2caeb51a2f06" label="K" otu="otu5"/><nex:node id="dda9565e-55f0-448a-b8a7-f8b3b9e548af" label="NE" otu="otu6"/><nex:edge source="f244d3dc-a6f3-4641-bef6-9c018c5ed2fe" target="f23d82ce-f438-47ae-a866-3fd3154c5f19" id="edge0" length="0.1836869001603204"/><nex:edge source="f244d3dc-a6f3-4641-bef6-9c018c5ed2fe" target="6fb19274-d335-4c1e-a46f-a57a420e4ba6" id="edge1" length="0.1836869001603204"/><nex:edge source="f23d82ce-f438-47ae-a866-3fd3154c5f19" target="d7ce54ea-c094-4396-9a92-3899c2849cd0" id="edge2" length="0.6326261996793592"/><nex:edge source="f23d82ce-f438-47ae-a866-3fd3154c5f19" target="53405836-f9e1-469d-8e40-4ad8de701662" id="edge3" length="0.3673738003206408"/><nex:edge source="6fb19274-d335-4c1e-a46f-a57a420e4ba6" target="de2d2fe9-95f1-43f9-9bdc-2caeb51a2f06" id="edge4" length="0"/><nex:edge source="6fb19274-d335-4c1e-a46f-a57a420e4ba6" target="dda9565e-55f0-448a-b8a7-f8b3b9e548af" id="edge5" length="0"/></nex:tree></nex:trees></nex:nexml></stemma>
    </xenoData>
  </teiHeader>
<TEI n="A"><text><cl><w n="0" lemma=""> </w><w n="1"/></cl><cl><w n="2">cū</w><w n="3" lemma="rṇaṃ">rṇaṃ </w><w n="4">ku</w><w n="5">ryā</w><w n="6" lemma="taṃ">d añ</w><w n="7">ja</w><w n="8">nā</w><w n="9" lemma="rthe">rthe </w></cl><cl><w n="10">ra</w><w n="11" lemma="saḥ">so </w><w n="12" lemma="vā">vā </w></cl><cl><w n="13">sta</w><w n="14">nyo</w><w n="15">pe</w><w n="16" lemma="taḥ">to </w></cl><cl><w n="17">dhā</w><w n="18">ta</w><w n="19">kī</w><w n="20" lemma="syaṃ">syan</w><w n="21">da</w><w n="22">nā</w><w n="23" lemma="bhyāṃ">bhyām | </w></cl><cl><w n="24">yo</w><w n="25">ṣi</w><w n="26">tsta</w><w n="27" lemma="nyaṃ">nyaṃ </w><w n="28"/></cl><cl><w n="29">śā</w><w n="30">ta</w><w n="31">ku</w><w n="32" lemma="mbhaṃ">mbhaṃ </w></cl><cl><w n="33">vi</w><w n="34">ghṛ</w><w n="35" lemma="ṣṭaṃ">ṣṭaṃ </w></cl><cl><w n="36"/><w n="37"/><w n="38">kṣau</w><w n="39">dro</w></cl><cl><w n="40">pe</w><w n="41" lemma="taṃ">taṃ </w><w n="42">kai</w><w n="43">śu</w><w n="44" lemma="kaṃ">kaṃ </w><w n="45">cā</w><w n="46" lemma="pi">pi </w></cl><cl><w n="47">pu</w><w n="48" lemma="ṣpaṃ">ṣpam || </w></cl></text></TEI><TEI n="H"><text><cl><w n="0" lemma="kā"> kā</w><w n="1" lemma="ryaṃ">ryaṃ </w></cl><cl><w n="2">cū</w><w n="3" lemma="rṇāṃ">rṇṇāñ</w><w n="4"/><w n="5"/><w n="6"/><w n="7">ja</w><w n="8">nā</w><w n="9" lemma="rthaṃ">rthaṃ </w></cl><cl><w n="10">ra</w><w n="11" lemma="saḥ">so </w><w n="12" lemma="vā">vā </w></cl><cl><w n="13">sta</w><w n="14">nyo</w><w n="15">pe</w><w n="16" lemma="taḥ">to </w></cl><cl><w n="17">dhā</w><w n="18">ta</w><w n="19">kī</w><w n="20" lemma="syaṃ">syan</w><w n="21">da</w><w n="22">nā</w><w n="23" lemma="bhyāṃ">bhyāṃ || </w></cl><cl><w n="24">yo</w><w n="25">ṣi</w><w n="26">tsta</w><w n="27" lemma="nyaḥ">nyo </w><w n="28" lemma="a"/></cl><cl><w n="29">śā</w><w n="30">ta</w><w n="31">ku</w><w n="32" lemma="mbhaṃ">mbhaṃ </w></cl><cl><w n="33">vi</w><w n="34">ghṛ</w><w n="35" lemma="ṣṭaṃ">ṣṭaṃ </w></cl><cl><w n="36">si</w><w n="37">tā</w><w n="38">kṣau</w><w n="39" lemma="dre">dre </w></cl><cl><w n="40"/><w n="41"/><w n="42">kiṃ</w><w n="43">śu</w><w n="44">kā</w><w n="45">dvā</w><w n="46" lemma="pi">pi </w></cl><cl><w n="47">pu</w><w n="48" lemma="ṣpāṃ">ṣpāṃ || </w></cl></text></TEI><TEI n="K"><text><cl><w n="0" lemma="kā"> kā</w><w n="1" lemma="ryaṃ">ryaṃ </w></cl><cl><w n="2">cū</w><w n="3" lemma="rṇāṃ">rṇāñ</w><w n="4"/><w n="5"/><w n="6"/><w n="7">ja</w><w n="8">nā</w><w n="9" lemma="rthaṃ">rthaṃ </w></cl><cl><w n="10">ra</w><w n="11" lemma="saḥ">so </w><w n="12" lemma="vā">vā </w></cl><cl><w n="13">sta</w><w n="14">nyo</w><w n="15">pe</w><w n="16" lemma="taḥ">to </w></cl><cl><w n="17">dhā</w><w n="18">ta</w><w n="19">kī</w><w n="20" lemma="syaṃ">syan</w><w n="21">da</w><w n="22">nā</w><w n="23" lemma="bhyāṃ">bhyāṃ | </w></cl><cl><w n="24">yo</w><w n="25">ṣi</w><w n="26">tsta</w><w n="27" lemma="nya">nya </w><w n="28"/></cl><cl><w n="29">śā</w><w n="30">ta</w><w n="31">ku</w><w n="32" lemma="mbhaṃ">mbhaṃ </w></cl><cl><w n="33">vi</w><w n="34">ghṛ</w><w n="35" lemma="ṣṭaṃ">ṣṭaṃ </w></cl><cl><w n="36">si</w><w n="37">tā</w><w n="38">kṣau</w><w n="39" lemma="dre">dre </w></cl><cl><w n="40"/><w n="41"/><w n="42">kiṃ</w><w n="43">śu</w><w n="44">kā</w><w n="45">dvā</w><w n="46" lemma="pi">pi </w></cl><cl><w n="47">pu</w><w n="48" lemma="ṣpāṃ">ṣpāṃ | </w></cl></text></TEI><TEI n="NE"><text><cl><w n="0" lemma="kā"> kā</w><w n="1" lemma="ryaṃ">ryaṃ </w></cl><cl><w n="2">cū</w><w n="3" lemma="rṇāṃ">rṇāñ</w><w n="4"/><w n="5"/><w n="6"/><w n="7">ja</w><w n="8">nā</w><w n="9" lemma="rthaṃ">rthaṃ </w></cl><cl><w n="10">ra</w><w n="11" lemma="saḥ">so </w><w n="12" lemma="vā">vā </w></cl><cl><w n="13">sta</w><w n="14">nyo</w><w n="15">pe</w><w n="16" lemma="taḥ">to </w></cl><cl><w n="17">dhā</w><w n="18">ta</w><w n="19">kī</w><w n="20" lemma="syaṃ">syan</w><w n="21">da</w><w n="22">nā</w><w n="23" lemma="bhyāṃ">bhyāṃ | </w></cl><cl><w n="24">yo</w><w n="25">ṣi</w><w n="26">tsta</w><w n="27" lemma="nya">nya </w><w n="28"/></cl><cl><w n="29">śā</w><w n="30">ta</w><w n="31">ku</w><w n="32" lemma="mbhaṃ">mbhaṃ </w></cl><cl><w n="33">vi</w><w n="34">ghṛ</w><w n="35" lemma="ṣṭaṃ">ṣṭaṃ </w></cl><cl><w n="36">si</w><w n="37">tā</w><w n="38">kṣau</w><w n="39" lemma="dre">dre </w></cl><cl><w n="40"/><w n="41"/><w n="42">kiṃ</w><w n="43">śu</w><w n="44">kā</w><w n="45">dvā</w><w n="46" lemma="pi">pi </w></cl><cl><w n="47">pu</w><w n="48" lemma="ṣpāṃ">ṣpāṃ | </w></cl></text></TEI></teiCorpus>