<?xml version="1.0" encoding="UTF-8"?>
<teiCorpus xmlns="http://www.tei-c.org/ns/1.0" xml:lang="sa-Latn">
  <teiHeader>
<listWit>
<witness xml:id="A" source="06-ut-vulgate-1938-1-30.xml">
<abbr>A</abbr>
<expan>Printed edition: Ācārya 1938: Uttaratantra 1-30</expan>
</witness>
<witness xml:id="K" source="kl_699_uttaratantra-1-30.xml">
<abbr>K</abbr>
<expan>MSS Kathmandu KL 699: Uttaratantra</expan>
<listWit>
<witness xml:id="Kac" n="ac">
<abbr>Kac</abbr>
<expan>MSS Kathmandu KL 699: Uttaratantra [ante correctionem]</expan>
</witness>
<witness xml:id="Kpc" n="pc">
<abbr type="siglum">Kpc</abbr>
<expan>MSS Kathmandu KL 699: Uttaratantra [post correctionem]</expan>
</witness>
</listWit>
</witness>
<witness xml:id="H" source="nak_5-333_uttaratantra-1-30.xml">
<abbr>H</abbr>
<expan>MS Kathmandu NAK 5-333, Uttaratantra</expan>
<listWit>
<witness xml:id="Hac" n="ac">
<abbr>Hac</abbr>
<expan>MS Kathmandu NAK 5-333, Uttaratantra [ante correctionem]</expan>
</witness>
<witness xml:id="Hpc" n="pc">
<abbr type="siglum">Hpc</abbr>
<expan>MS Kathmandu NAK 5-333, Uttaratantra [post correctionem]</expan>
</witness>
</listWit>
</witness>
<witness xml:id="NE" source="provisional-edition_uttaratantra-1-30.xml">
<abbr>NE</abbr>
<expan>The Nepalese Version of the Suśrutasaṃhitā, uttaratantra 1-30, based on the
                    Nepalese MSS</expan>
</witness>
</listWit>
    <encodingDesc>
      <editorialDecl>
        <segmentation>
          <ab type="tokenization">aksara</ab>
          <ab type="blockid">SS.6.17.11</ab>
          <ab type="targetedition">NE</ab>
          <ab type="scoring">
            <ab type="match">1</ab>
            <ab type="mismatch">-1</ab>
            <ab type="gapopen">-2</ab>
            <ab type="gapextend">-0.25</ab>
            <ab type="recursive">true</ab>
            <ab type="realigndepth">20</ab>
            <ab type="distancefunction">ngrams</ab>
            
          </ab>
        </segmentation>
        <normalization method="markup">
<ab>ignore punctuation</ab>
<ab>candrabindu as anusvāra</ab>
<ab>geminated aspirated consonants</ab>
<ab>geminated m after h</ab>
<ab>geminated t</ab>
<ab>geminated consonants after r</ab>
<ab>final nasal variants</ab>
<ab>internal nasal variants</ab>
<ab>final anusvāra variants</ab>
<ab>visarga aḥ before voiced consonants</ab>
<ab>visarga aḥ before vowels</ab>
<ab>visarga aḥ before unvoiced consonants and space + anusvāra</ab>
<ab>visarga āḥ variants</ab>
<ab>other visarga variants</ab>
<ab>superfluous avagrahas</ab>
<ab>double avagrahas</ab>
<ab>avagrahas to short a</ab>
<ab>internal visarga variants</ab>
<ab>final au/āv</ab>
<ab>final su</ab>
<ab>final i</ab>
<ab>kcch/kś</ab>
<ab>cś/tś</ab>
<ab>cch/ch</ab>
<ab>final t + hi</ab>
<ab>final t + voiced syllable</ab>
<ab>final t + n/m</ab>
<ab>final t + c/j</ab>
<ab>i/y + vowel</ab>
<ab>bhd for bdh</ab>
<ab>remove spaces</ab>
        </normalization>
        <ab type="tagfilters">
<tag subtype="ignore">pc</tag>
<tag subtype="ignore">head</tag>
<tag subtype="ignore">label</tag>
<tag subtype="ignore">note</tag>
<tag subtype="ignore">num</tag>
<tag subtype="ignore">locus</tag>
<tag subtype="ignore">supplied</tag>
<tag subtype="ignore">surplus</tag>
        </ab>
      </editorialDecl>
    </encodingDesc>
    <xenoData>
      <stemma format="nexml" id="stemma0"><nex:nexml xmlns:nex="http://www.nexml.org/2009" version="0.9"><nex:otus id="otus1"><nex:otu id="otu0" label="A"/><nex:otu id="otu1" label="H"/><nex:otu id="otu2" label="K"/><nex:otu id="otu3" label="NE"/></nex:otus><nex:trees otus="otus1" id="trees1"><nex:tree id="guidetree" label="guidetree" xsi:type="nex:FloatTree" xmlns:xsi="http://www.w3.org/2001/XMLSchema-instance"><nex:node id="fa945a36-73a6-4920-876e-375a93f926db" root="true"/><nex:node id="f440404d-5bd2-4f77-acb3-498702d6e80f"/><nex:node id="ffcc2c1e-d5f1-4fff-8578-2cdcb2d71a12" label="A" otu="otu2"/><nex:node id="5e9c4986-7d17-431b-9804-5ac9d2a67536" label="H" otu="otu3"/><nex:node id="516cc7c5-87f8-4a84-8a3e-c547763621fb"/><nex:node id="80c59870-913e-4180-b32d-838a3556bf7a" label="K" otu="otu5"/><nex:node id="24dfc8f0-b6fc-454f-916c-3ae84f1a1c7a" label="NE" otu="otu6"/><nex:edge source="fa945a36-73a6-4920-876e-375a93f926db" target="f440404d-5bd2-4f77-acb3-498702d6e80f" id="edge0" length="0.15586134745089059"/><nex:edge source="fa945a36-73a6-4920-876e-375a93f926db" target="516cc7c5-87f8-4a84-8a3e-c547763621fb" id="edge1" length="0.15586134745089059"/><nex:edge source="f440404d-5bd2-4f77-acb3-498702d6e80f" target="ffcc2c1e-d5f1-4fff-8578-2cdcb2d71a12" id="edge2" length="0.508387663326366"/><nex:edge source="f440404d-5bd2-4f77-acb3-498702d6e80f" target="5e9c4986-7d17-431b-9804-5ac9d2a67536" id="edge3" length="0.34106971770228967"/><nex:edge source="516cc7c5-87f8-4a84-8a3e-c547763621fb" target="80c59870-913e-4180-b32d-838a3556bf7a" id="edge4" length="0.21231841516175526"/><nex:edge source="516cc7c5-87f8-4a84-8a3e-c547763621fb" target="24dfc8f0-b6fc-454f-916c-3ae84f1a1c7a" id="edge5" length="0.1393860483376142"/></nex:tree></nex:trees></nex:nexml></stemma>
    </xenoData>
  </teiHeader>
<TEI n="A"><text><cl><w n="0" lemma="pi"> pi</w><w n="1" lemma="ṣṭvā">ṣṭvā </w><w n="2">kṣau</w><w n="3">drā</w><w n="4"/><w n="5">jya</w><w n="6">saṃ</w></cl><w n="7">yu</w><cl><w n="8" lemma="ktaṃ">ktaṃ </w><w n="9">pra</w><w n="10">yo</w><w n="11" lemma="jyaṃ">jyam </w></cl><cl><w n="12">a</w><w n="13">tha</w><w n="14" lemma="vāṃ">vāñ</w><w n="15">ja</w><w n="16" lemma="naṃ">nam | </w></cl><cl><w n="17">na</w><w n="18">li</w><w n="19">no</w><w n="20">tpa</w><w n="21">la</w><w n="22" lemma="kiṃ">kiñ</w><w n="23">ja</w><w n="24">lka</w><w n="25">gai</w><w n="26">ri</w><w n="27" lemma="kaiḥ">kair </w></cl><cl><w n="28">go</w><w n="29">śa</w><w n="30">kṛ</w><w n="31">dra</w><w n="32" lemma="saiḥ">saiḥ || </w></cl></text></TEI><TEI n="H"><text><cl><w n="0" lemma="ghṛ"> ghṛ</w><w n="1">ta</w><w n="2">kṣau</w><w n="3">dra</w><w n="4">vi</w><w n="5">pa</w><w n="6" lemma="kvaṃ">kvan </w></cl><w n="7"/><cl><w n="8">ta</w><w n="9" lemma="tpra">t pra</w><w n="10">yo</w><w n="11" lemma="jyaṃ">jyam </w></cl><cl><w n="12">a</w><w n="13">tha</w><w n="14" lemma="vāṃ">vāñ</w><w n="15">ja</w><w n="16" lemma="naṃ">naṃ | </w></cl><cl><w n="17">na</w><w n="18">li</w><w n="19">no</w><w n="20">tpa</w><w n="21">la</w><w n="22" lemma="kiṃ">kiñ</w><w n="23">ja</w><w n="24">lka</w><w n="25">gai</w><w n="26">ri</w><w n="27" lemma="kā">kā </w></cl><cl><w n="28">go</w><w n="29">śa</w><w n="30">kṛ</w><w n="31">dra</w><w n="32" lemma="saḥ">saḥ || </w></cl></text></TEI><TEI n="K"><text><cl><w n="0" lemma="ghṛ"> ghṛ</w><w n="1">ta</w><w n="2">kṣau</w><w n="3">dra</w><w n="4">vi</w><w n="5">pa</w><w n="6" lemma="kvaṃ">kvan </w></cl><w n="7" lemma="tu">tu </w><cl><w n="8">ta</w><w n="9" lemma="tpra">t pra</w><w n="10">yo</w><w n="11" lemma="jyaṃ">jyam </w></cl><cl><w n="12">a</w><w n="13"/><w n="14" lemma="thāṃ">thāñ</w><w n="15">ja</w><w n="16" lemma="naṃ">naṃ | </w></cl><cl><w n="17">na</w><w n="18">li</w><w n="19">no</w><w n="20">tpa</w><w n="21">la</w><w n="22" lemma="kiṃ">kiñ</w><w n="23">ja</w><w n="24">lka</w><w n="25">gai</w><w n="26">ri</w><w n="27" lemma="kā">kā </w></cl><cl><w n="28">go</w><w n="29">sa</w><w n="30">kṛ</w><w n="31">dra</w><w n="32" lemma="saḥ">saḥ | </w></cl></text></TEI><TEI n="NE"><text><cl><w n="0" lemma="ghṛ"> ghṛ</w><w n="1">ta</w><w n="2">kṣau</w><w n="3">dra</w><w n="4">vi</w><w n="5">pa</w><w n="6" lemma="kvaṃ">kvan </w></cl><w n="7" lemma="tu">tu </w><cl><w n="8">ta</w><w n="9" lemma="tpra">t pra</w><w n="10">yo</w><w n="11" lemma="jyaṃ">jyam </w></cl><cl><w n="12">a</w><w n="13"/><w n="14" lemma="thāṃ">thāñ</w><w n="15">ja</w><w n="16" lemma="naṃ">naṃ | </w></cl><cl><w n="17">na</w><w n="18">li</w><w n="19">no</w><w n="20">tpa</w><w n="21">la</w><w n="22" lemma="kiṃ">kiñ</w><w n="23">ja</w><w n="24">lka</w><w n="25">gai</w><w n="26">ri</w><w n="27" lemma="kā">kā </w></cl><cl><w n="28">go</w><w n="29">śa</w><w n="30">kṛ</w><w n="31">dra</w><w n="32" lemma="saḥ">saḥ || </w></cl></text></TEI></teiCorpus>