<?xml version="1.0" encoding="UTF-8"?>
<teiCorpus xmlns="http://www.tei-c.org/ns/1.0" xml:lang="sa-Latn">
  <teiHeader>
<listWit>
<witness xml:id="A" source="06-ut-vulgate-1938-1-30.xml">
<abbr>A</abbr>
<expan>Printed edition: Ācārya 1938: Uttaratantra 1-30</expan>
</witness>
<witness xml:id="K" source="kl_699_uttaratantra-1-30.xml">
<abbr>K</abbr>
<expan>MSS Kathmandu KL 699: Uttaratantra</expan>
<listWit>
<witness xml:id="Kac" n="ac">
<abbr>Kac</abbr>
<expan>MSS Kathmandu KL 699: Uttaratantra [ante correctionem]</expan>
</witness>
<witness xml:id="Kpc" n="pc">
<abbr type="siglum">Kpc</abbr>
<expan>MSS Kathmandu KL 699: Uttaratantra [post correctionem]</expan>
</witness>
</listWit>
</witness>
<witness xml:id="H" source="nak_5-333_uttaratantra-1-30.xml">
<abbr>H</abbr>
<expan>MS Kathmandu NAK 5-333, Uttaratantra</expan>
<listWit>
<witness xml:id="Hac" n="ac">
<abbr>Hac</abbr>
<expan>MS Kathmandu NAK 5-333, Uttaratantra [ante correctionem]</expan>
</witness>
<witness xml:id="Hpc" n="pc">
<abbr type="siglum">Hpc</abbr>
<expan>MS Kathmandu NAK 5-333, Uttaratantra [post correctionem]</expan>
</witness>
</listWit>
</witness>
<witness xml:id="NE" source="provisional-edition_uttaratantra-1-30.xml">
<abbr>NE</abbr>
<expan>The Nepalese Version of the Suśrutasaṃhitā, uttaratantra 1-30, based on the
                    Nepalese MSS</expan>
</witness>
</listWit>
    <encodingDesc>
      <editorialDecl>
        <segmentation>
          <ab type="tokenization">aksara</ab>
          <ab type="blockid">SS.6.12.10</ab>
          <ab type="targetedition">NE</ab>
          <ab type="scoring">
            <ab type="match">1</ab>
            <ab type="mismatch">-1</ab>
            <ab type="gapopen">-2</ab>
            <ab type="gapextend">-0.25</ab>
            <ab type="recursive">true</ab>
            <ab type="realigndepth">20</ab>
            <ab type="distancefunction">ngrams</ab>
            
          </ab>
        </segmentation>
        <normalization method="markup">
<ab>ignore punctuation</ab>
<ab>candrabindu as anusvāra</ab>
<ab>geminated aspirated consonants</ab>
<ab>geminated m after h</ab>
<ab>geminated t</ab>
<ab>geminated consonants after r</ab>
<ab>final nasal variants</ab>
<ab>internal nasal variants</ab>
<ab>final anusvāra variants</ab>
<ab>visarga aḥ before voiced consonants</ab>
<ab>visarga aḥ before vowels</ab>
<ab>visarga aḥ before unvoiced consonants and space + anusvāra</ab>
<ab>visarga āḥ variants</ab>
<ab>other visarga variants</ab>
<ab>superfluous avagrahas</ab>
<ab>double avagrahas</ab>
<ab>avagrahas to short a</ab>
<ab>internal visarga variants</ab>
<ab>final au/āv</ab>
<ab>final su</ab>
<ab>final i</ab>
<ab>kcch/kś</ab>
<ab>cś/tś</ab>
<ab>cch/ch</ab>
<ab>final t + hi</ab>
<ab>final t + voiced syllable</ab>
<ab>final t + n/m</ab>
<ab>final t + c/j</ab>
<ab>i/y + vowel</ab>
<ab>bhd for bdh</ab>
<ab>remove spaces</ab>
        </normalization>
        <ab type="tagfilters">
<tag subtype="ignore">pc</tag>
<tag subtype="ignore">head</tag>
<tag subtype="ignore">label</tag>
<tag subtype="ignore">note</tag>
<tag subtype="ignore">num</tag>
<tag subtype="ignore">locus</tag>
<tag subtype="ignore">supplied</tag>
<tag subtype="ignore">surplus</tag>
        </ab>
      </editorialDecl>
    </encodingDesc>
    <xenoData>
      <stemma format="nexml" id="stemma0"><nex:nexml xmlns:nex="http://www.nexml.org/2009" version="0.9"><nex:otus id="otus1"><nex:otu id="otu0" label="A"/><nex:otu id="otu1" label="H"/><nex:otu id="otu2" label="K"/><nex:otu id="otu3" label="NE"/></nex:otus><nex:trees otus="otus1" id="trees1"><nex:tree id="guidetree" label="guidetree" xsi:type="nex:FloatTree" xmlns:xsi="http://www.w3.org/2001/XMLSchema-instance"><nex:node id="ab76f737-111b-4061-a4ff-bd6b663f3424" root="true"/><nex:node id="fa99271c-e6da-4adc-946c-41b467a40659"/><nex:node id="aa862f31-1d24-4499-9d16-6cc11aa74723" label="A" otu="otu2"/><nex:node id="0ad3e207-8591-4b2f-8d58-e651dc79c902" label="H" otu="otu3"/><nex:node id="8ee14c7d-4b9c-42e0-af33-cbaad0bc665d"/><nex:node id="51bcac96-b3da-46f6-89d5-ba3712fc7569" label="K" otu="otu5"/><nex:node id="1e51805e-e26d-4f9b-ba55-9ce60e717559" label="NE" otu="otu6"/><nex:edge source="ab76f737-111b-4061-a4ff-bd6b663f3424" target="fa99271c-e6da-4adc-946c-41b467a40659" id="edge0" length="0"/><nex:edge source="ab76f737-111b-4061-a4ff-bd6b663f3424" target="8ee14c7d-4b9c-42e0-af33-cbaad0bc665d" id="edge1" length="0"/><nex:edge source="fa99271c-e6da-4adc-946c-41b467a40659" target="aa862f31-1d24-4499-9d16-6cc11aa74723" id="edge2" length="1"/><nex:edge source="fa99271c-e6da-4adc-946c-41b467a40659" target="0ad3e207-8591-4b2f-8d58-e651dc79c902" id="edge3" length="0"/><nex:edge source="8ee14c7d-4b9c-42e0-af33-cbaad0bc665d" target="51bcac96-b3da-46f6-89d5-ba3712fc7569" id="edge4" length="0"/><nex:edge source="8ee14c7d-4b9c-42e0-af33-cbaad0bc665d" target="1e51805e-e26d-4f9b-ba55-9ce60e717559" id="edge5" length="0"/></nex:tree></nex:trees></nex:nexml></stemma>
    </xenoData>
  </teiHeader>
<TEI n="A"><text><cl><w n="0" lemma="ka"> ka</w><w n="1">śe</w><w n="2">ru</w><w n="3">ma</w><w n="4">dhu</w><w n="5">kā</w><w n="6" lemma="bhyāṃ">bhyāṃ </w><w n="7" lemma="vā">vā </w></cl><cl><w n="8">cū</w><w n="9">rṇa</w><w n="10" lemma="maṃ">mam</w><w n="11">ba</w><w n="12">ra</w><w n="13">saṃ</w><w n="14">vṛ</w><w n="15" lemma="taṃ">tam | </w></cl><cl><w n="16">nya</w><w n="17">sta</w><w n="18">ma</w><w n="19" lemma="psvāṃ">psvān</w><w n="20">ta</w><w n="21">ri</w><w n="22">kṣā</w><w n="23" lemma="su">su </w></cl><cl><w n="24">hi</w><w n="25">ta</w><w n="26" lemma="māḥ">māś </w><w n="27">cyo</w><w n="28">ta</w><w n="29" lemma="naṃ">naṃ </w></cl><cl><w n="30">bha</w><w n="31">ve</w></cl><cl><w n="32" lemma="t">t || </w></cl></text></TEI><TEI n="H"><text><cl><w n="0" lemma="ka"> ka</w><w n="1">se</w><w n="2">ru</w><w n="3">ma</w><w n="4">dhu</w><w n="5">kā</w><w n="6" lemma="nāṃ">nāñ </w><w n="7" lemma="ca">ca </w></cl><cl><w n="8">cū</w><w n="9">rṇa</w><w n="10" lemma="maṃ">mam</w><w n="11">va</w><w n="12">ra</w><w n="13" lemma="saṃ">sam</w><w n="14">vṛ</w><w n="15" lemma="taṃ">taṃ | </w></cl><cl><w n="16">sta</w><w n="17">nya</w><w n="18">ma</w><w n="19" lemma="psvāṃ">psvān</w><w n="20">ta</w><w n="21">ri</w><w n="22">kṣā</w><w n="23" lemma="su">su </w></cl><cl><w n="24">hi</w><w n="25">ta</w><w n="26">mā</w><w n="27">ścyo</w><w n="28">ta</w><w n="29" lemma="naṃ">nan </w></cl><cl><w n="30">ta</w><w n="31" lemma="thā">thā || </w></cl><cl><w n="32"/></cl></text></TEI><TEI n="K"><text><cl><w n="0" lemma="ka"> ka</w><w n="1">se</w><w n="2">ru</w><w n="3">ma</w><w n="4">dhu</w><w n="5">kā</w><w n="6" lemma="nāṃ">nāñ </w><w n="7" lemma="ca">ca </w></cl><cl><w n="8">cū</w><w n="9">rṇa</w><w n="10" lemma="maṃ">mam</w><w n="11">va</w><w n="12">ra</w><w n="13" lemma="saṃ">sam</w><w n="14">vṛ</w><w n="15" lemma="taṃ">taṃ | </w></cl><cl><w n="16">sta</w><w n="17">nya</w><w n="18">ma</w><w n="19" lemma="psvāṃ">psvān</w><w n="20">ta</w><w n="21">ri</w><w n="22">kṣā</w><w n="23" lemma="su">su </w></cl><cl><w n="24">hi</w><w n="25">ta</w><w n="26">mā</w><w n="27">ścyo</w><w n="28">ta</w><w n="29" lemma="naṃ">naṃ </w></cl><cl><w n="30">sa</w><w n="31" lemma="dā">dā | </w></cl><cl><w n="32"/></cl></text></TEI><TEI n="NE"><text><cl><w n="0" lemma="ka"> ka</w><w n="1">se</w><w n="2">ru</w><w n="3">ma</w><w n="4">dhu</w><w n="5">kā</w><w n="6" lemma="nāṃ">nāñ </w><w n="7" lemma="ca">ca </w></cl><cl><w n="8">cū</w><w n="9">rṇa</w><w n="10" lemma="maṃ">mam</w><w n="11">va</w><w n="12">ra</w><w n="13" lemma="saṃ">sam</w><w n="14">vṛ</w><w n="15" lemma="taṃ">taṃ | </w></cl><cl><w n="16">sta</w><w n="17">nya</w><w n="18">ma</w><w n="19" lemma="psvāṃ">psvān</w><w n="20">ta</w><w n="21">ri</w><w n="22">kṣā</w><w n="23" lemma="su">su </w></cl><cl><w n="24">hi</w><w n="25">ta</w><w n="26">mā</w><w n="27">ścyo</w><w n="28">ta</w><w n="29" lemma="naṃ">naṃ </w></cl><cl><w n="30">sa</w><w n="31" lemma="dā">dā | </w></cl><cl><w n="32"/></cl></text></TEI></teiCorpus>