<?xml version="1.0" encoding="UTF-8"?>
<teiCorpus xmlns="http://www.tei-c.org/ns/1.0" xml:lang="sa-Latn">
  <teiHeader>
<listWit>
<witness xml:id="A" source="06-ut-vulgate-1938-1-30.xml">
<abbr>A</abbr>
<expan>Printed edition: Ācārya 1938: Uttaratantra 1-30</expan>
</witness>
<witness xml:id="K" source="kl_699_uttaratantra-1-30.xml">
<abbr>K</abbr>
<expan>MSS Kathmandu KL 699: Uttaratantra</expan>
<listWit>
<witness xml:id="Kac" n="ac">
<abbr>Kac</abbr>
<expan>MSS Kathmandu KL 699: Uttaratantra [ante correctionem]</expan>
</witness>
<witness xml:id="Kpc" n="pc">
<abbr type="siglum">Kpc</abbr>
<expan>MSS Kathmandu KL 699: Uttaratantra [post correctionem]</expan>
</witness>
</listWit>
</witness>
<witness xml:id="H" source="nak_5-333_uttaratantra-1-30.xml">
<abbr>H</abbr>
<expan>MS Kathmandu NAK 5-333, Uttaratantra</expan>
<listWit>
<witness xml:id="Hac" n="ac">
<abbr>Hac</abbr>
<expan>MS Kathmandu NAK 5-333, Uttaratantra [ante correctionem]</expan>
</witness>
<witness xml:id="Hpc" n="pc">
<abbr type="siglum">Hpc</abbr>
<expan>MS Kathmandu NAK 5-333, Uttaratantra [post correctionem]</expan>
</witness>
</listWit>
</witness>
<witness xml:id="NE" source="provisional-edition_uttaratantra-1-30.xml">
<abbr>NE</abbr>
<expan>The Nepalese Version of the Suśrutasaṃhitā, uttaratantra 1-30, based on the
                    Nepalese MSS</expan>
</witness>
</listWit>
    <encodingDesc>
      <editorialDecl>
        <segmentation>
          <ab type="tokenization">aksara</ab>
          <ab type="blockid">SS.6.18.33</ab>
          <ab type="targetedition">NE</ab>
          <ab type="scoring">
            <ab type="match">1</ab>
            <ab type="mismatch">-1</ab>
            <ab type="gapopen">-2</ab>
            <ab type="gapextend">-0.25</ab>
            <ab type="recursive">true</ab>
            <ab type="realigndepth">20</ab>
            <ab type="distancefunction">ngrams</ab>
            
          </ab>
        </segmentation>
        <normalization method="markup">
<ab>ignore punctuation</ab>
<ab>candrabindu as anusvāra</ab>
<ab>geminated aspirated consonants</ab>
<ab>geminated m after h</ab>
<ab>geminated t</ab>
<ab>geminated consonants after r</ab>
<ab>final nasal variants</ab>
<ab>internal nasal variants</ab>
<ab>final anusvāra variants</ab>
<ab>visarga aḥ before voiced consonants</ab>
<ab>visarga aḥ before vowels</ab>
<ab>visarga aḥ before unvoiced consonants and space + anusvāra</ab>
<ab>visarga āḥ variants</ab>
<ab>other visarga variants</ab>
<ab>superfluous avagrahas</ab>
<ab>double avagrahas</ab>
<ab>avagrahas to short a</ab>
<ab>internal visarga variants</ab>
<ab>final au/āv</ab>
<ab>final su</ab>
<ab>final i</ab>
<ab>kcch/kś</ab>
<ab>cś/tś</ab>
<ab>cch/ch</ab>
<ab>final t + hi</ab>
<ab>final t + voiced syllable</ab>
<ab>final t + n/m</ab>
<ab>final t + c/j</ab>
<ab>i/y + vowel</ab>
<ab>bhd for bdh</ab>
<ab>remove spaces</ab>
        </normalization>
        <ab type="tagfilters">
<tag subtype="ignore">pc</tag>
<tag subtype="ignore">head</tag>
<tag subtype="ignore">label</tag>
<tag subtype="ignore">note</tag>
<tag subtype="ignore">num</tag>
<tag subtype="ignore">locus</tag>
<tag subtype="ignore">supplied</tag>
<tag subtype="ignore">surplus</tag>
        </ab>
      </editorialDecl>
    </encodingDesc>
    <xenoData>
      <stemma format="nexml" id="stemma0"><nex:nexml xmlns:nex="http://www.nexml.org/2009" version="0.9"><nex:otus id="otus1"><nex:otu id="otu0" label="A"/><nex:otu id="otu1" label="H"/><nex:otu id="otu2" label="K"/><nex:otu id="otu3" label="NE"/></nex:otus><nex:trees otus="otus1" id="trees1"><nex:tree id="guidetree" label="guidetree" xsi:type="nex:FloatTree" xmlns:xsi="http://www.w3.org/2001/XMLSchema-instance"><nex:node id="522e4838-71f5-43f8-a114-17ccacf9fc08" root="true"/><nex:node id="e3918eb6-ce2e-4fd4-b096-65663620b48e"/><nex:node id="8af54b77-dbee-4103-936f-10a1d930e4df" label="A" otu="otu2"/><nex:node id="548727d2-3307-4507-be42-0ea05c22f8c7" label="H" otu="otu3"/><nex:node id="feac37c7-5d5a-4397-b15e-897ada56e925"/><nex:node id="f01b43d6-8442-4d12-a240-1c12e529bbcc" label="K" otu="otu5"/><nex:node id="984f2561-c9a3-45ba-86dd-6a89db81ceee" label="NE" otu="otu6"/><nex:edge source="522e4838-71f5-43f8-a114-17ccacf9fc08" target="e3918eb6-ce2e-4fd4-b096-65663620b48e" id="edge0" length="0"/><nex:edge source="522e4838-71f5-43f8-a114-17ccacf9fc08" target="feac37c7-5d5a-4397-b15e-897ada56e925" id="edge1" length="0"/><nex:edge source="e3918eb6-ce2e-4fd4-b096-65663620b48e" target="8af54b77-dbee-4103-936f-10a1d930e4df" id="edge2" length="1"/><nex:edge source="e3918eb6-ce2e-4fd4-b096-65663620b48e" target="548727d2-3307-4507-be42-0ea05c22f8c7" id="edge3" length="0"/><nex:edge source="feac37c7-5d5a-4397-b15e-897ada56e925" target="f01b43d6-8442-4d12-a240-1c12e529bbcc" id="edge4" length="0"/><nex:edge source="feac37c7-5d5a-4397-b15e-897ada56e925" target="984f2561-c9a3-45ba-86dd-6a89db81ceee" id="edge5" length="0"/></nex:tree></nex:trees></nex:nexml></stemma>
    </xenoData>
  </teiHeader>
<TEI n="A"><text><cl><w n="0" lemma="a"> a</w><w n="1" lemma="ta">ta </w><w n="2">ū</w><w n="3" lemma="rdhvaṃ">rdhvaṃ </w><w n="4">pra</w></cl><cl><w n="5">va</w><w n="6">kṣyā</w><w n="7" lemma="mi">mi </w></cl><cl><w n="8">pu</w><w n="9">ṭa</w><w n="10">pā</w><w n="11">ka</w><w n="12">pra</w><w n="13">sā</w><w n="14">dha</w><w n="15" lemma="naṃ">nam | </w><w n="16" lemma="dvau">dvau </w></cl><cl><w n="17">bi</w><w n="18">lva</w><w n="19">mā</w><w n="20" lemma="trau">trau </w><w n="21">śla</w><w n="22">kṣṇa</w><w n="23" lemma="sya">sya </w><w n="24" lemma="piṃ">piṇ</w><w n="25" lemma="ḍau">ḍau </w><w n="26">māṃ</w><w n="27">sa</w><w n="28" lemma="sya">sya </w><w n="29">pe</w><w n="30">ṣi</w><w n="31" lemma="tau">tau || </w></cl></text></TEI><TEI n="H"><text><cl><w n="0" lemma="a"> a</w><w n="1">tī</w><w n="2">sā</w><w n="3">re</w><w n="4" lemma="ṣu">ṣu </w></cl><cl><w n="5">va</w><w n="6">kṣyā</w><w n="7" lemma="mi">mi , </w></cl><cl><w n="8">pu</w><w n="9">ṭa</w><w n="10">pā</w><w n="11">ka</w><w n="12">pra</w><w n="13">sā</w><w n="14">dha</w><w n="15" lemma="naṃ">naṃ || </w><w n="16"/></cl><cl><w n="17"/><w n="18"/><w n="19"/><w n="20"/><w n="21"/><w n="22"/><w n="23"/><w n="24"/><w n="25"/><w n="26"/><w n="27"/><w n="28"/><w n="29"/><w n="30"/><w n="31"/></cl></text></TEI><TEI n="K"><text><cl><w n="0" lemma="a"> a</w><w n="1">tī</w><w n="2">sā</w><w n="3">re</w><w n="4" lemma="ṣu">ṣu </w></cl><cl><w n="5">va</w><w n="6">kṣyā</w><w n="7" lemma="mi">mi </w></cl><cl><w n="8">pu</w><w n="9">ṭa</w><w n="10">pā</w><w n="11">ka</w><w n="12">pra</w><w n="13">sā</w><w n="14">dha</w><w n="15" lemma="naṃ">naṃ | </w><w n="16"/></cl><cl><w n="17"/><w n="18"/><w n="19"/><w n="20"/><w n="21"/><w n="22"/><w n="23"/><w n="24"/><w n="25"/><w n="26"/><w n="27"/><w n="28"/><w n="29"/><w n="30"/><w n="31"/></cl></text></TEI><TEI n="NE"><text><cl><w n="0" lemma="a"> a</w><w n="1">tī</w><w n="2">sā</w><w n="3">re</w><w n="4" lemma="ṣu">ṣu </w></cl><cl><w n="5">va</w><w n="6">kṣyā</w><w n="7" lemma="mi">mi </w></cl><cl><w n="8">pu</w><w n="9">ṭa</w><w n="10">pā</w><w n="11">ka</w><w n="12">pra</w><w n="13">sā</w><w n="14">dha</w><w n="15" lemma="naṃ">naṃ | </w><w n="16"/></cl><cl><w n="17"/><w n="18"/><w n="19"/><w n="20"/><w n="21"/><w n="22"/><w n="23"/><w n="24"/><w n="25"/><w n="26"/><w n="27"/><w n="28"/><w n="29"/><w n="30"/><w n="31"/></cl></text></TEI></teiCorpus>