<?xml version="1.0" encoding="UTF-8"?>
<teiCorpus xmlns="http://www.tei-c.org/ns/1.0" xml:lang="sa-Latn">
  <teiHeader>
<listWit>
<witness xml:id="A" source="06-ut-vulgate-1938-1-30.xml">
<abbr>A</abbr>
<expan>Printed edition: Ācārya 1938: Uttaratantra 1-30</expan>
</witness>
<witness xml:id="K" source="kl_699_uttaratantra-1-30.xml">
<abbr>K</abbr>
<expan>MSS Kathmandu KL 699: Uttaratantra</expan>
<listWit>
<witness xml:id="Kac" n="ac">
<abbr>Kac</abbr>
<expan>MSS Kathmandu KL 699: Uttaratantra [ante correctionem]</expan>
</witness>
<witness xml:id="Kpc" n="pc">
<abbr type="siglum">Kpc</abbr>
<expan>MSS Kathmandu KL 699: Uttaratantra [post correctionem]</expan>
</witness>
</listWit>
</witness>
<witness xml:id="H" source="nak_5-333_uttaratantra-1-30.xml">
<abbr>H</abbr>
<expan>MS Kathmandu NAK 5-333, Uttaratantra</expan>
<listWit>
<witness xml:id="Hac" n="ac">
<abbr>Hac</abbr>
<expan>MS Kathmandu NAK 5-333, Uttaratantra [ante correctionem]</expan>
</witness>
<witness xml:id="Hpc" n="pc">
<abbr type="siglum">Hpc</abbr>
<expan>MS Kathmandu NAK 5-333, Uttaratantra [post correctionem]</expan>
</witness>
</listWit>
</witness>
<witness xml:id="NE" source="provisional-edition_uttaratantra-1-30.xml">
<abbr>NE</abbr>
<expan>The Nepalese Version of the Suśrutasaṃhitā, uttaratantra 1-30, based on the
                    Nepalese MSS</expan>
</witness>
</listWit>
    <encodingDesc>
      <editorialDecl>
        <segmentation>
          <ab type="tokenization">aksara</ab>
          <ab type="blockid">SS.6.1.18</ab>
          <ab type="targetedition">NE</ab>
          <ab type="scoring">
            <ab type="match">1</ab>
            <ab type="mismatch">-1</ab>
            <ab type="gapopen">-2</ab>
            <ab type="gapextend">-0.25</ab>
            <ab type="recursive">true</ab>
            <ab type="realigndepth">20</ab>
            <ab type="distancefunction">ngrams</ab>
            
          </ab>
        </segmentation>
        <normalization method="markup">
<ab>ignore punctuation</ab>
<ab>candrabindu as anusvāra</ab>
<ab>geminated aspirated consonants</ab>
<ab>geminated m after h</ab>
<ab>geminated t</ab>
<ab>geminated consonants after r</ab>
<ab>final nasal variants</ab>
<ab>internal nasal variants</ab>
<ab>final anusvāra variants</ab>
<ab>visarga aḥ before voiced consonants</ab>
<ab>visarga aḥ before vowels</ab>
<ab>visarga aḥ before unvoiced consonants and space + anusvāra</ab>
<ab>visarga āḥ variants</ab>
<ab>other visarga variants</ab>
<ab>superfluous avagrahas</ab>
<ab>double avagrahas</ab>
<ab>avagrahas to short a</ab>
<ab>internal visarga variants</ab>
<ab>final au/āv</ab>
<ab>final su</ab>
<ab>final i</ab>
<ab>kcch/kś</ab>
<ab>cś/tś</ab>
<ab>cch/ch</ab>
<ab>final t + hi</ab>
<ab>final t + voiced syllable</ab>
<ab>final t + n/m</ab>
<ab>final t + c/j</ab>
<ab>i/y + vowel</ab>
<ab>bhd for bdh</ab>
<ab>remove spaces</ab>
        </normalization>
        <ab type="tagfilters">
<tag subtype="ignore">pc</tag>
<tag subtype="ignore">head</tag>
<tag subtype="ignore">label</tag>
<tag subtype="ignore">note</tag>
<tag subtype="ignore">num</tag>
<tag subtype="ignore">locus</tag>
<tag subtype="ignore">supplied</tag>
<tag subtype="ignore">surplus</tag>
        </ab>
      </editorialDecl>
    </encodingDesc>
    <xenoData>
      <stemma format="nexml" id="stemma0"><nex:nexml xmlns:nex="http://www.nexml.org/2009" version="0.9"><nex:otus id="otus1"><nex:otu id="otu0" label="H"/><nex:otu id="otu1" label="A"/><nex:otu id="otu2" label="K"/><nex:otu id="otu3" label="NE"/></nex:otus><nex:trees otus="otus1" id="trees1"><nex:tree id="guidetree" label="guidetree" xsi:type="nex:FloatTree" xmlns:xsi="http://www.w3.org/2001/XMLSchema-instance"><nex:node id="4850ce11-0e20-428f-bab0-7eb7b61a38c9" root="true"/><nex:node id="2ee92237-c398-46c7-9920-bdc01bf53cac"/><nex:node id="33ecd21e-4d96-4bee-9664-16f217da1ffc" label="H" otu="otu2"/><nex:node id="38ad7ed2-ce62-41d9-b174-c64ec95b8de0" label="A" otu="otu3"/><nex:node id="08095c8e-0e1c-4862-8b2d-43ed018c7a07"/><nex:node id="d9f9aebd-2eba-40ae-942a-9c8def484f3e" label="K" otu="otu5"/><nex:node id="2001cf77-718e-4654-afd3-7fd4893542d8" label="NE" otu="otu6"/><nex:edge source="4850ce11-0e20-428f-bab0-7eb7b61a38c9" target="2ee92237-c398-46c7-9920-bdc01bf53cac" id="edge0" length="0.16636992888115026"/><nex:edge source="4850ce11-0e20-428f-bab0-7eb7b61a38c9" target="08095c8e-0e1c-4862-8b2d-43ed018c7a07" id="edge1" length="0.16636992888115026"/><nex:edge source="2ee92237-c398-46c7-9920-bdc01bf53cac" target="33ecd21e-4d96-4bee-9664-16f217da1ffc" id="edge2" length="0.6672601422376995"/><nex:edge source="2ee92237-c398-46c7-9920-bdc01bf53cac" target="38ad7ed2-ce62-41d9-b174-c64ec95b8de0" id="edge3" length="0.2511337301961477"/><nex:edge source="08095c8e-0e1c-4862-8b2d-43ed018c7a07" target="d9f9aebd-2eba-40ae-942a-9c8def484f3e" id="edge4" length="0"/><nex:edge source="08095c8e-0e1c-4862-8b2d-43ed018c7a07" target="2001cf77-718e-4654-afd3-7fd4893542d8" id="edge5" length="0"/></nex:tree></nex:trees></nex:nexml></stemma>
    </xenoData>
  </teiHeader>
<TEI n="H"><text><cl><w n="0">te</w><w n="1">jo</w></cl><cl><w n="2">ja</w><w n="3">lā</w><w n="4">śri</w><w n="5">taṃ</w></cl><cl><w n="6"/><w n="7"/></cl><cl><w n="8"/><w n="9" lemma="‡">‡ </w></cl><cl><w n="10">ṣva</w><w n="11">nya</w><w n="12" lemma="tpi">t pi</w><w n="13">śi</w><w n="14">tā</w><w n="15">śri</w><w n="16" lemma="taṃ">taṃ || </w></cl><cl><w n="17">me</w><w n="18">da</w></cl><cl><w n="19">stṛ</w><w n="20">tī</w><w n="21">ya</w></cl><cl><w n="22">pa</w><w n="23">ṭa</w><w n="24">la</w></cl><cl><w n="25">mā</w><w n="26">śri</w><w n="27" lemma="taṃ">taṃ </w></cl><cl><w n="28">tva</w><w n="29" lemma="sthi">sthi </w></cl><cl><w n="30">cā</w><w n="31">pa</w><w n="32" lemma="raṃ">raṃ |</w></cl></text></TEI><TEI n="A"><text><cl><w n="0" lemma="te"> te</w><w n="1" lemma="jaḥ">jo </w></cl><cl><w n="2">ja</w><w n="3">lā</w><w n="4">śri</w><w n="5" lemma="taṃ">taṃ </w></cl><cl><w n="6">bā</w><w n="7" lemma="hyaṃ">hyaṃ </w></cl><cl><w n="8">te</w><w n="9" lemma="ṣu">ṣv </w></cl><cl><w n="10">a</w><w n="11">nya</w><w n="12" lemma="tpi">t pi</w><w n="13">śi</w><w n="14">tā</w><w n="15">śri</w><w n="16" lemma="taṃ">tam | </w></cl><cl><w n="17">me</w><w n="18" lemma="daḥ">das </w></cl><cl><w n="19">tṛ</w><w n="20">tī</w><w n="21" lemma="yaṃ">yaṃ </w></cl><cl><w n="22">pa</w><w n="23">ṭa</w><w n="24" lemma="laṃ">lam </w></cl><cl><w n="25">ā</w><w n="26">śri</w><w n="27" lemma="taṃ">taṃ </w></cl><cl><w n="28">tva</w><w n="29" lemma="sthi">sthi </w></cl><cl><w n="30">cā</w><w n="31">pa</w><w n="32" lemma="raṃ">ram || </w></cl></text></TEI><TEI n="K"><text><cl><w n="0">te</w><w n="1" lemma="jaḥ">jo </w></cl><cl><w n="2">ja</w><w n="3">lā</w><w n="4">śri</w><w n="5" lemma="taṃ">taṃ </w></cl><cl><w n="6">bā</w><w n="7" lemma="hyaṃ">hyaṃ </w></cl><cl><w n="8">te</w><w n="9" lemma="ṣu">ṣv </w></cl><cl><w n="10">a</w><w n="11">nya</w><w n="12">pi</w><w n="13">śi</w><w n="14">tā</w><w n="15">śri</w><w n="16" lemma="taṃ">taṃ | </w></cl><cl><w n="17">me</w><w n="18" lemma="daḥ">das </w></cl><cl><w n="19">tṛ</w><w n="20">tī</w><w n="21" lemma="yaṃ">yam </w></cl><cl><w n="22">pa</w><w n="23">ṭa</w><w n="24" lemma="laṃ">lam </w></cl><cl><w n="25">ā</w><w n="26">śri</w><w n="27" lemma="taṃ">taṃ </w></cl><cl><w n="28" lemma="tva">tv a</w><w n="29" lemma="sthi">sthi </w></cl><cl><w n="30">cā</w><w n="31">pa</w><w n="32" lemma="raṃ">raṃ |</w></cl></text></TEI><TEI n="NE"><text><cl><w n="0" lemma="te"> te</w><w n="1" lemma="jaḥ">jo </w></cl><cl><w n="2">ja</w><w n="3">lā</w><w n="4">śri</w><w n="5" lemma="taṃ">taṃ </w></cl><cl><w n="6">bā</w><w n="7" lemma="hyaṃ">hyaṃ </w></cl><cl><w n="8">te</w><w n="9" lemma="ṣu">ṣv </w></cl><cl><w n="10">a</w><w n="11">nya</w><w n="12">pi</w><w n="13">śi</w><w n="14">tā</w><w n="15">śri</w><w n="16" lemma="taṃ">taṃ | </w></cl><cl><w n="17">me</w><w n="18" lemma="daḥ">das </w></cl><cl><w n="19">tṛ</w><w n="20">tī</w><w n="21" lemma="yaṃ">yam </w></cl><cl><w n="22">pa</w><w n="23">ṭa</w><w n="24" lemma="laṃ">lam </w></cl><cl><w n="25">ā</w><w n="26">śri</w><w n="27" lemma="taṃ">taṃ </w></cl><cl><w n="28" lemma="tva">tv a</w><w n="29" lemma="sthi">sthi </w></cl><cl><w n="30">cā</w><w n="31">pa</w><w n="32" lemma="raṃ">raṃ |</w></cl></text></TEI></teiCorpus>