<?xml version="1.0" encoding="UTF-8"?>
<teiCorpus xmlns="http://www.tei-c.org/ns/1.0" xml:lang="sa-Latn">
  <teiHeader>
<listWit>
<witness xml:id="A" source="06-ut-vulgate-1938-1-30.xml">
<abbr>A</abbr>
<expan>Printed edition: Ācārya 1938: Uttaratantra 1-30</expan>
</witness>
<witness xml:id="K" source="kl_699_uttaratantra-1-30.xml">
<abbr>K</abbr>
<expan>MSS Kathmandu KL 699: Uttaratantra</expan>
<listWit>
<witness xml:id="Kac" n="ac">
<abbr>Kac</abbr>
<expan>MSS Kathmandu KL 699: Uttaratantra [ante correctionem]</expan>
</witness>
<witness xml:id="Kpc" n="pc">
<abbr type="siglum">Kpc</abbr>
<expan>MSS Kathmandu KL 699: Uttaratantra [post correctionem]</expan>
</witness>
</listWit>
</witness>
<witness xml:id="H" source="nak_5-333_uttaratantra-1-30.xml">
<abbr>H</abbr>
<expan>MS Kathmandu NAK 5-333, Uttaratantra</expan>
<listWit>
<witness xml:id="Hac" n="ac">
<abbr>Hac</abbr>
<expan>MS Kathmandu NAK 5-333, Uttaratantra [ante correctionem]</expan>
</witness>
<witness xml:id="Hpc" n="pc">
<abbr type="siglum">Hpc</abbr>
<expan>MS Kathmandu NAK 5-333, Uttaratantra [post correctionem]</expan>
</witness>
</listWit>
</witness>
<witness xml:id="NE" source="provisional-edition_uttaratantra-1-30.xml">
<abbr>NE</abbr>
<expan>The Nepalese Version of the Suśrutasaṃhitā, uttaratantra 1-30, based on the
                    Nepalese MSS</expan>
</witness>
</listWit>
    <encodingDesc>
      <editorialDecl>
        <segmentation>
          <ab type="tokenization">aksara</ab>
          <ab type="blockid">SS.6.17.14</ab>
          <ab type="targetedition">NE</ab>
          <ab type="scoring">
            <ab type="match">1</ab>
            <ab type="mismatch">-1</ab>
            <ab type="gapopen">-2</ab>
            <ab type="gapextend">-0.25</ab>
            <ab type="recursive">true</ab>
            <ab type="realigndepth">20</ab>
            <ab type="distancefunction">ngrams</ab>
            
          </ab>
        </segmentation>
        <normalization method="markup">
<ab>ignore punctuation</ab>
<ab>candrabindu as anusvāra</ab>
<ab>geminated aspirated consonants</ab>
<ab>geminated m after h</ab>
<ab>geminated t</ab>
<ab>geminated consonants after r</ab>
<ab>final nasal variants</ab>
<ab>internal nasal variants</ab>
<ab>final anusvāra variants</ab>
<ab>visarga aḥ before voiced consonants</ab>
<ab>visarga aḥ before vowels</ab>
<ab>visarga aḥ before unvoiced consonants and space + anusvāra</ab>
<ab>visarga āḥ variants</ab>
<ab>other visarga variants</ab>
<ab>superfluous avagrahas</ab>
<ab>double avagrahas</ab>
<ab>avagrahas to short a</ab>
<ab>internal visarga variants</ab>
<ab>final au/āv</ab>
<ab>final su</ab>
<ab>final i</ab>
<ab>kcch/kś</ab>
<ab>cś/tś</ab>
<ab>cch/ch</ab>
<ab>final t + hi</ab>
<ab>final t + voiced syllable</ab>
<ab>final t + n/m</ab>
<ab>final t + c/j</ab>
<ab>i/y + vowel</ab>
<ab>bhd for bdh</ab>
<ab>remove spaces</ab>
        </normalization>
        <ab type="tagfilters">
<tag subtype="ignore">pc</tag>
<tag subtype="ignore">head</tag>
<tag subtype="ignore">label</tag>
<tag subtype="ignore">note</tag>
<tag subtype="ignore">num</tag>
<tag subtype="ignore">locus</tag>
<tag subtype="ignore">supplied</tag>
<tag subtype="ignore">surplus</tag>
        </ab>
      </editorialDecl>
    </encodingDesc>
    <xenoData>
      <stemma format="nexml" id="stemma0"><nex:nexml xmlns:nex="http://www.nexml.org/2009" version="0.9"><nex:otus id="otus1"><nex:otu id="otu0" label="A"/><nex:otu id="otu1" label="K"/><nex:otu id="otu2" label="H"/><nex:otu id="otu3" label="NE"/></nex:otus><nex:trees otus="otus1" id="trees1"><nex:tree id="guidetree" label="guidetree" xsi:type="nex:FloatTree" xmlns:xsi="http://www.w3.org/2001/XMLSchema-instance"><nex:node id="9e61cec9-7966-4d48-938c-c3079e4da5cd" root="true"/><nex:node id="9465dbdd-d6da-4a5f-aceb-7c718fd9d71b"/><nex:node id="8e924541-03a0-4bb5-8586-e68a4dfcaf5f" label="A" otu="otu2"/><nex:node id="afbe11ad-2632-4823-9178-60e1b2093e0a" label="K" otu="otu3"/><nex:node id="44807e4f-7b19-4dec-a17a-ed7879e2bb1e"/><nex:node id="9afd9660-61cf-41be-a799-4beb543f5254" label="H" otu="otu5"/><nex:node id="407abf28-9343-4e2b-acd7-e9498fa1ba7e" label="NE" otu="otu6"/><nex:edge source="9e61cec9-7966-4d48-938c-c3079e4da5cd" target="9465dbdd-d6da-4a5f-aceb-7c718fd9d71b" id="edge0" length="0.16673871257929773"/><nex:edge source="9e61cec9-7966-4d48-938c-c3079e4da5cd" target="44807e4f-7b19-4dec-a17a-ed7879e2bb1e" id="edge1" length="0.16673871257929773"/><nex:edge source="9465dbdd-d6da-4a5f-aceb-7c718fd9d71b" target="8e924541-03a0-4bb5-8586-e68a4dfcaf5f" id="edge2" length="0.5969649614906885"/><nex:edge source="9465dbdd-d6da-4a5f-aceb-7c718fd9d71b" target="afbe11ad-2632-4823-9178-60e1b2093e0a" id="edge3" length="0.40303503850931155"/><nex:edge source="44807e4f-7b19-4dec-a17a-ed7879e2bb1e" target="9afd9660-61cf-41be-a799-4beb543f5254" id="edge4" length="0"/><nex:edge source="44807e4f-7b19-4dec-a17a-ed7879e2bb1e" target="407abf28-9343-4e2b-acd7-e9498fa1ba7e" id="edge5" length="0"/></nex:tree></nex:trees></nex:nexml></stemma>
    </xenoData>
  </teiHeader>
<TEI n="A"><text><cl><w n="0" lemma="kū"> kū</w><w n="1">rma</w><w n="2">pi</w><w n="3" lemma="te">tte</w><w n="4" lemma="na">na </w></cl><cl><w n="5">ma</w><w n="6">ti</w><w n="7">mā</w><w n="8" lemma="nbhā">n bhā</w><w n="9">va</w><w n="10">ye</w><w n="11" lemma="trau">d rau</w><w n="12">hi</w><w n="13">te</w><w n="14" lemma="na">na </w><w n="15" lemma="vā">vā | </w></cl><cl><w n="16">cū</w><w n="17" lemma="rṇāṃ">rṇāñ</w><w n="18">ja</w><w n="19" lemma="naṃ">nam </w><w n="20">i</w><w n="21" lemma="daṃ">daṃ </w></cl><cl><w n="22">ni</w><w n="23" lemma="tyaṃ">tyaṃ </w></cl><cl><w n="24">pra</w><w n="25">yo</w><w n="26" lemma="jyaṃ">jyaṃ </w></cl><cl><w n="27">pi</w><w n="28" lemma="ta">tta</w><w n="29" lemma="śāṃ">śān</w><w n="30">ta</w><w n="31" lemma="ye">ye || </w></cl></text></TEI><TEI n="K"><text><cl><w n="0" lemma="kū"> kū</w><w n="1" lemma="rma">rmma</w><w n="2">pi</w><w n="3" lemma="te">tte</w><w n="4" lemma="na">na </w></cl><cl><w n="5">ma</w><w n="6">ti</w><w n="7" lemma="māṃ">māṃ </w><w n="8">bhā</w><w n="9">va</w><w n="10">ye</w><w n="11" lemma="trau">d rau</w><w n="12">hi</w><w n="13">te</w><w n="14" lemma="na">na </w><w n="15" lemma="vā">vā | </w></cl><cl><w n="16">cū</w><w n="17" lemma="rṇāṃ">rṇāñ</w><w n="18">ja</w><w n="19">ne</w><w n="20" lemma="na">na </w><w n="21" lemma="tu">tu </w></cl><cl><w n="22">sa</w><w n="23" lemma="dā">dā </w></cl><cl><w n="24">pra</w><w n="25">yo</w><w n="26" lemma="jyaḥ">jyaḥ </w></cl><cl><w n="27">pi</w><w n="28" lemma="ta">tta</w><w n="29" lemma="śāṃ">śān</w><w n="30">ta</w><w n="31" lemma="ye">ye || </w></cl></text></TEI><TEI n="H"><text><cl><w n="0" lemma="kū"> kū</w><w n="1" lemma="rma">rmma</w><w n="2">pi</w><w n="3" lemma="te">tte</w><w n="4" lemma="na">na </w></cl><cl><w n="5">ma</w><w n="6">ti</w><w n="7">mā</w><w n="8" lemma="nbhā">n bhā</w><w n="9">va</w><w n="10">ye</w><w n="11" lemma="trau">d rau</w><w n="12">hi</w><w n="13">te</w><w n="14" lemma="na">na </w><w n="15" lemma="vā">vā | </w></cl><cl><w n="16">cū</w><w n="17" lemma="rṇāṃ">rṇāñ</w><w n="18">ja</w><w n="19">ne</w><w n="20" lemma="na">na </w><w n="21" lemma="tu">tu </w></cl><cl><w n="22">sa</w><w n="23" lemma="dā">dā </w></cl><cl><w n="24">pra</w><w n="25">yo</w><w n="26" lemma="jyaḥ">jyaḥ </w></cl><cl><w n="27">pi</w><w n="28" lemma="ta">tta</w><w n="29" lemma="śāṃ">śān</w><w n="30">ta</w><w n="31" lemma="ye">ye || </w></cl></text></TEI><TEI n="NE"><text><cl><w n="0" lemma="kū"> kū</w><w n="1">rma</w><w n="2">pi</w><w n="3" lemma="te">tte</w><w n="4" lemma="na">na </w></cl><cl><w n="5">ma</w><w n="6">ti</w><w n="7">mā</w><w n="8" lemma="nbhā">n bhā</w><w n="9">va</w><w n="10">ye</w><w n="11" lemma="trau">d rau</w><w n="12">hi</w><w n="13">te</w><w n="14" lemma="na">na </w><w n="15" lemma="vā">vā | </w></cl><cl><w n="16">cū</w><w n="17" lemma="rṇāṃ">rṇāñ</w><w n="18">ja</w><w n="19">ne</w><w n="20" lemma="na">na </w><w n="21" lemma="tu">tu </w></cl><cl><w n="22">sa</w><w n="23" lemma="dā">dā </w></cl><cl><w n="24">pra</w><w n="25">yo</w><w n="26" lemma="jyaḥ">jyaḥ </w></cl><cl><w n="27">pi</w><w n="28" lemma="ta">tta</w><w n="29" lemma="śāṃ">śān</w><w n="30">ta</w><w n="31" lemma="ye">ye || </w></cl></text></TEI></teiCorpus>