<?xml version="1.0" encoding="UTF-8"?>
<teiCorpus xmlns="http://www.tei-c.org/ns/1.0" xml:lang="sa-Latn">
  <teiHeader>
<listWit>
<witness xml:id="A" source="06-ut-vulgate-1938-1-30.xml">
<abbr>A</abbr>
<expan>Printed edition: Ācārya 1938: Uttaratantra 1-30</expan>
</witness>
<witness xml:id="K" source="kl_699_uttaratantra-1-30.xml">
<abbr>K</abbr>
<expan>MSS Kathmandu KL 699: Uttaratantra</expan>
<listWit>
<witness xml:id="Kac" n="ac">
<abbr>Kac</abbr>
<expan>MSS Kathmandu KL 699: Uttaratantra [ante correctionem]</expan>
</witness>
<witness xml:id="Kpc" n="pc">
<abbr type="siglum">Kpc</abbr>
<expan>MSS Kathmandu KL 699: Uttaratantra [post correctionem]</expan>
</witness>
</listWit>
</witness>
<witness xml:id="H" source="nak_5-333_uttaratantra-1-30.xml">
<abbr>H</abbr>
<expan>MS Kathmandu NAK 5-333, Uttaratantra</expan>
<listWit>
<witness xml:id="Hac" n="ac">
<abbr>Hac</abbr>
<expan>MS Kathmandu NAK 5-333, Uttaratantra [ante correctionem]</expan>
</witness>
<witness xml:id="Hpc" n="pc">
<abbr type="siglum">Hpc</abbr>
<expan>MS Kathmandu NAK 5-333, Uttaratantra [post correctionem]</expan>
</witness>
</listWit>
</witness>
<witness xml:id="NE" source="provisional-edition_uttaratantra-1-30.xml">
<abbr>NE</abbr>
<expan>The Nepalese Version of the Suśrutasaṃhitā, uttaratantra 1-30, based on the
                    Nepalese MSS</expan>
</witness>
</listWit>
    <encodingDesc>
      <editorialDecl>
        <segmentation>
          <ab type="tokenization">aksara</ab>
          <ab type="blockid">SS.6.1.36</ab>
          <ab type="targetedition">NE</ab>
          <ab type="scoring">
            <ab type="match">1</ab>
            <ab type="mismatch">-1</ab>
            <ab type="gapopen">-2</ab>
            <ab type="gapextend">-0.25</ab>
            <ab type="recursive">true</ab>
            <ab type="realigndepth">20</ab>
            <ab type="distancefunction">ngrams</ab>
            
          </ab>
        </segmentation>
        <normalization method="markup">
<ab>ignore punctuation</ab>
<ab>candrabindu as anusvāra</ab>
<ab>geminated aspirated consonants</ab>
<ab>geminated m after h</ab>
<ab>geminated t</ab>
<ab>geminated consonants after r</ab>
<ab>final nasal variants</ab>
<ab>internal nasal variants</ab>
<ab>final anusvāra variants</ab>
<ab>visarga aḥ before voiced consonants</ab>
<ab>visarga aḥ before vowels</ab>
<ab>visarga aḥ before unvoiced consonants and space + anusvāra</ab>
<ab>visarga āḥ variants</ab>
<ab>other visarga variants</ab>
<ab>superfluous avagrahas</ab>
<ab>double avagrahas</ab>
<ab>avagrahas to short a</ab>
<ab>internal visarga variants</ab>
<ab>final au/āv</ab>
<ab>final su</ab>
<ab>final i</ab>
<ab>kcch/kś</ab>
<ab>cś/tś</ab>
<ab>cch/ch</ab>
<ab>final t + hi</ab>
<ab>final t + voiced syllable</ab>
<ab>final t + n/m</ab>
<ab>final t + c/j</ab>
<ab>i/y + vowel</ab>
<ab>bhd for bdh</ab>
<ab>remove spaces</ab>
        </normalization>
        <ab type="tagfilters">
<tag subtype="ignore">pc</tag>
<tag subtype="ignore">head</tag>
<tag subtype="ignore">label</tag>
<tag subtype="ignore">note</tag>
<tag subtype="ignore">num</tag>
<tag subtype="ignore">locus</tag>
<tag subtype="ignore">supplied</tag>
<tag subtype="ignore">surplus</tag>
        </ab>
      </editorialDecl>
    </encodingDesc>
    <xenoData>
      <stemma format="nexml" id="stemma0"><nex:nexml xmlns:nex="http://www.nexml.org/2009" version="0.9"><nex:otus id="otus1"><nex:otu id="otu0" label="A"/><nex:otu id="otu1" label="H"/><nex:otu id="otu2" label="K"/><nex:otu id="otu3" label="NE"/></nex:otus><nex:trees otus="otus1" id="trees1"><nex:tree id="guidetree" label="guidetree" xsi:type="nex:FloatTree" xmlns:xsi="http://www.w3.org/2001/XMLSchema-instance"><nex:node id="3424b304-1e44-48d1-a4a1-a160e1fe54ec" root="true"/><nex:node id="7d225df1-ed8d-4276-81c0-c2e3f8a947be"/><nex:node id="c4f99fee-d094-4c33-86e1-6d131e97aa9e" label="A" otu="otu2"/><nex:node id="c4ca5548-3c6a-4b2f-b028-f23cbd2d26f0" label="H" otu="otu3"/><nex:node id="9c7b5eac-1238-428e-baa7-9b030d1a25d1"/><nex:node id="449b8b58-03e1-44a3-baaa-b4145f8fd7f3" label="K" otu="otu5"/><nex:node id="93403f41-6a7d-473d-8bf1-0c6844950ded" label="NE" otu="otu6"/><nex:edge source="3424b304-1e44-48d1-a4a1-a160e1fe54ec" target="7d225df1-ed8d-4276-81c0-c2e3f8a947be" id="edge0" length="0.23226739128117796"/><nex:edge source="3424b304-1e44-48d1-a4a1-a160e1fe54ec" target="9c7b5eac-1238-428e-baa7-9b030d1a25d1" id="edge1" length="0.23226739128117796"/><nex:edge source="7d225df1-ed8d-4276-81c0-c2e3f8a947be" target="c4f99fee-d094-4c33-86e1-6d131e97aa9e" id="edge2" length="0.4759872684979408"/><nex:edge source="7d225df1-ed8d-4276-81c0-c2e3f8a947be" target="c4ca5548-3c6a-4b2f-b028-f23cbd2d26f0" id="edge3" length="0.5039352594565633"/><nex:edge source="9c7b5eac-1238-428e-baa7-9b030d1a25d1" target="449b8b58-03e1-44a3-baaa-b4145f8fd7f3" id="edge4" length="0"/><nex:edge source="9c7b5eac-1238-428e-baa7-9b030d1a25d1" target="93403f41-6a7d-473d-8bf1-0c6844950ded" id="edge5" length="0"/></nex:tree></nex:trees></nex:nexml></stemma>
    </xenoData>
  </teiHeader>
<TEI n="A"><text><cl><w n="0" lemma="ra"> ra</w><w n="1">kta</w><w n="2">srā</w><w n="3" lemma="vaḥ">vo </w><w n="4" lemma="a">'</w><w n="5">ja</w><w n="6">kā</w><w n="7">jā</w><w n="8" lemma="taṃ">taṃ </w></cl><cl><w n="9">śo</w><w n="10">ṇi</w><w n="11">tā</w><w n="12">rśo</w><w n="13">vra</w><w n="14" lemma="ṇāṃ">ṇān</w><w n="15">vi</w><w n="16" lemma="taṃ">tam | </w></cl><cl><w n="17">śu</w><w n="18" lemma="kraṃ">kraṃ </w><w n="19" lemma="na">na </w></cl><cl><w n="20">sā</w><w n="21" lemma="dhyaṃ">dhyaṃ </w></cl><cl><w n="22">kā</w><w n="23" lemma="caḥ">caś </w><w n="24" lemma="ca">ca </w></cl><cl><w n="25">yā</w><w n="26">pya</w></cl><cl><w n="27">sta</w><w n="28" lemma="jjaḥ">jjaḥ </w></cl><w n="29">pra</w><cl><w n="30">kī</w><w n="31">rti</w><w n="32" lemma="taḥ">taḥ || </w></cl></text></TEI><TEI n="H"><text><cl><w n="0">ra</w><w n="1">ktā</w><w n="2">srā</w><w n="3">vo</w><w n="4"/><w n="5">ja</w><w n="6">kā</w><w n="7">jā</w><w n="8" lemma="taṃ">taṃ </w></cl><cl><w n="9">śo</w><w n="10">ṇe</w><w n="11">tā</w><w n="12">so</w><w n="13">va</w><w n="14" lemma="ṇāṃ">ṇān</w><w n="15">vi</w><w n="16" lemma="taṃ">taṃ || </w></cl><cl><w n="17">śu</w><w n="18" lemma="kraṃ">kraṃ </w><w n="19" lemma="na">na </w></cl><cl><w n="20">sā</w><w n="21" lemma="dhyaṃ">dhyaṃ </w></cl><cl><w n="22">kā</w><w n="23" lemma="caḥ">cas </w><w n="24" lemma="tu">tu </w></cl><cl><w n="25">yā</w><w n="26" lemma="pyaṃ">pyaṃ </w></cl><cl><w n="27">kṛ</w><w n="28" lemma="ṣṇaṃ">ṣṇañ </w></cl><w n="29" lemma="ca">ca </w><cl><w n="30" lemma="taṃ">tan</w><w n="31">ma</w><w n="32" lemma="yaḥ">yaḥ |</w></cl></text></TEI><TEI n="K"><text><cl><w n="0">ra</w><w n="1">kta</w><w n="2">srā</w><w n="3">vo</w><w n="4"/><w n="5">ja</w><w n="6">kā</w><w n="7">jā</w><w n="8" lemma="taṃ">taṃ </w></cl><cl><w n="9">śo</w><w n="10">ṇi</w><w n="11">tā</w><w n="12">rśo</w><w n="13">vra</w><w n="14" lemma="ṇāṃ">ṇān</w><w n="15">vi</w><w n="16" lemma="taṃ">taṃ | </w></cl><cl><w n="17">śu</w><w n="18" lemma="kraṃ">kraṃ </w><w n="19" lemma="na">na </w></cl><cl><w n="20">sā</w><w n="21" lemma="dhyaṃ">dhyaṃ </w></cl><cl><w n="22">kā</w><w n="23" lemma="caṃ">can</w><w n="24" lemma="tu">tu </w></cl><cl><w n="25">yā</w><w n="26" lemma="pyaṃ">pyaṃ </w></cl><cl><w n="27">kṛ</w><w n="28" lemma="ṣṇaḥ">ṣṇaś </w></cl><w n="29" lemma="ca">ca </w><cl><w n="30" lemma="taṃ">tan</w><w n="31">ma</w><w n="32" lemma="yaḥ">yaḥ |</w></cl></text></TEI><TEI n="NE"><text><cl><w n="0" lemma="ra"> ra</w><w n="1">kta</w><w n="2">srā</w><w n="3">vo</w><w n="4"/><w n="5">ja</w><w n="6">kā</w><w n="7">jā</w><w n="8" lemma="taṃ">taṃ </w></cl><cl><w n="9">śo</w><w n="10">ṇi</w><w n="11">tā</w><w n="12">rśo</w><w n="13">vra</w><w n="14" lemma="ṇāṃ">ṇān</w><w n="15">vi</w><w n="16" lemma="taṃ">taṃ | </w></cl><cl><w n="17">śu</w><w n="18" lemma="kraṃ">kraṃ </w><w n="19" lemma="na">na </w></cl><cl><w n="20">sā</w><w n="21" lemma="dhyaṃ">dhyaṃ </w></cl><cl><w n="22">kā</w><w n="23" lemma="caṃ">can</w><w n="24" lemma="tu">tu </w></cl><cl><w n="25">yā</w><w n="26" lemma="pyaṃ">pyaṃ </w></cl><cl><w n="27">kṛ</w><w n="28" lemma="ṣṇaḥ">ṣṇaś </w></cl><w n="29" lemma="ca">ca </w><cl><w n="30" lemma="taṃ">tan</w><w n="31">ma</w><w n="32" lemma="yaḥ">yaḥ |</w></cl></text></TEI></teiCorpus>