<?xml version="1.0" encoding="UTF-8"?>
<teiCorpus xmlns="http://www.tei-c.org/ns/1.0" xml:lang="sa-Latn">
  <teiHeader>
<listWit>
<witness xml:id="A" source="06-ut-vulgate-1938-1-30.xml">
<abbr>A</abbr>
<expan>Printed edition: Ācārya 1938: Uttaratantra 1-30</expan>
</witness>
<witness xml:id="K" source="kl_699_uttaratantra-1-30.xml">
<abbr>K</abbr>
<expan>MSS Kathmandu KL 699: Uttaratantra</expan>
<listWit>
<witness xml:id="Kac" n="ac">
<abbr>Kac</abbr>
<expan>MSS Kathmandu KL 699: Uttaratantra [ante correctionem]</expan>
</witness>
<witness xml:id="Kpc" n="pc">
<abbr type="siglum">Kpc</abbr>
<expan>MSS Kathmandu KL 699: Uttaratantra [post correctionem]</expan>
</witness>
</listWit>
</witness>
<witness xml:id="H" source="nak_5-333_uttaratantra-1-30.xml">
<abbr>H</abbr>
<expan>MS Kathmandu NAK 5-333, Uttaratantra</expan>
<listWit>
<witness xml:id="Hac" n="ac">
<abbr>Hac</abbr>
<expan>MS Kathmandu NAK 5-333, Uttaratantra [ante correctionem]</expan>
</witness>
<witness xml:id="Hpc" n="pc">
<abbr type="siglum">Hpc</abbr>
<expan>MS Kathmandu NAK 5-333, Uttaratantra [post correctionem]</expan>
</witness>
</listWit>
</witness>
<witness xml:id="NE" source="provisional-edition_uttaratantra-1-30.xml">
<abbr>NE</abbr>
<expan>The Nepalese Version of the Suśrutasaṃhitā, uttaratantra 1-30, based on the
                    Nepalese MSS</expan>
</witness>
</listWit>
    <encodingDesc>
      <editorialDecl>
        <segmentation>
          <ab type="tokenization">aksara</ab>
          <ab type="blockid">SS.6.12.50</ab>
          <ab type="targetedition">NE</ab>
          <ab type="scoring">
            <ab type="match">1</ab>
            <ab type="mismatch">-1</ab>
            <ab type="gapopen">-2</ab>
            <ab type="gapextend">-0.25</ab>
            <ab type="recursive">true</ab>
            <ab type="realigndepth">20</ab>
            <ab type="distancefunction">ngrams</ab>
            
          </ab>
        </segmentation>
        <normalization method="markup">
<ab>ignore punctuation</ab>
<ab>candrabindu as anusvāra</ab>
<ab>geminated aspirated consonants</ab>
<ab>geminated m after h</ab>
<ab>geminated t</ab>
<ab>geminated consonants after r</ab>
<ab>final nasal variants</ab>
<ab>internal nasal variants</ab>
<ab>final anusvāra variants</ab>
<ab>visarga aḥ before voiced consonants</ab>
<ab>visarga aḥ before vowels</ab>
<ab>visarga aḥ before unvoiced consonants and space + anusvāra</ab>
<ab>visarga āḥ variants</ab>
<ab>other visarga variants</ab>
<ab>superfluous avagrahas</ab>
<ab>double avagrahas</ab>
<ab>avagrahas to short a</ab>
<ab>internal visarga variants</ab>
<ab>final au/āv</ab>
<ab>final su</ab>
<ab>final i</ab>
<ab>kcch/kś</ab>
<ab>cś/tś</ab>
<ab>cch/ch</ab>
<ab>final t + hi</ab>
<ab>final t + voiced syllable</ab>
<ab>final t + n/m</ab>
<ab>final t + c/j</ab>
<ab>i/y + vowel</ab>
<ab>bhd for bdh</ab>
<ab>remove spaces</ab>
        </normalization>
        <ab type="tagfilters">
<tag subtype="ignore">pc</tag>
<tag subtype="ignore">head</tag>
<tag subtype="ignore">label</tag>
<tag subtype="ignore">note</tag>
<tag subtype="ignore">num</tag>
<tag subtype="ignore">locus</tag>
<tag subtype="ignore">supplied</tag>
<tag subtype="ignore">surplus</tag>
        </ab>
      </editorialDecl>
    </encodingDesc>
    <xenoData>
      <stemma format="nexml" id="stemma0"><nex:nexml xmlns:nex="http://www.nexml.org/2009" version="0.9"><nex:otus id="otus1"><nex:otu id="otu0" label="A"/><nex:otu id="otu1" label="H"/><nex:otu id="otu2" label="K"/><nex:otu id="otu3" label="NE"/></nex:otus><nex:trees otus="otus1" id="trees1"><nex:tree id="guidetree" label="guidetree" xsi:type="nex:FloatTree" xmlns:xsi="http://www.w3.org/2001/XMLSchema-instance"><nex:node id="6a8d1979-fd81-4d0c-8e0c-0d0d4b2d4638" root="true"/><nex:node id="85741cac-5fae-46ea-8dcf-81b7635b6c76"/><nex:node id="ab331aa7-0c20-441b-b1b7-641c253e5077" label="A" otu="otu2"/><nex:node id="8a510960-d2c9-4b90-b519-604b51b95fa5" label="H" otu="otu3"/><nex:node id="a624506f-0d9a-4bad-8c42-ff174b8f7952"/><nex:node id="cce60ad3-c819-478f-b4a0-5bf57a3bdab9" label="K" otu="otu5"/><nex:node id="96b37329-0d5c-449d-9c7d-c5b9580be072" label="NE" otu="otu6"/><nex:edge source="6a8d1979-fd81-4d0c-8e0c-0d0d4b2d4638" target="85741cac-5fae-46ea-8dcf-81b7635b6c76" id="edge0" length="0.19091795436144382"/><nex:edge source="6a8d1979-fd81-4d0c-8e0c-0d0d4b2d4638" target="a624506f-0d9a-4bad-8c42-ff174b8f7952" id="edge1" length="0.19091795436144382"/><nex:edge source="85741cac-5fae-46ea-8dcf-81b7635b6c76" target="ab331aa7-0c20-441b-b1b7-641c253e5077" id="edge2" length="0.5945764452653661"/><nex:edge source="85741cac-5fae-46ea-8dcf-81b7635b6c76" target="8a510960-d2c9-4b90-b519-604b51b95fa5" id="edge3" length="0.4054235547346339"/><nex:edge source="a624506f-0d9a-4bad-8c42-ff174b8f7952" target="cce60ad3-c819-478f-b4a0-5bf57a3bdab9" id="edge4" length="0"/><nex:edge source="a624506f-0d9a-4bad-8c42-ff174b8f7952" target="96b37329-0d5c-449d-9c7d-c5b9580be072" id="edge5" length="0"/></nex:tree></nex:trees></nex:nexml></stemma>
    </xenoData>
  </teiHeader>
<TEI n="A"><text><cl><w n="0" lemma="ra"> ra</w><w n="1">sa</w><w n="2">kri</w><w n="3" lemma="yāṃ">yāṃ </w><w n="4" lemma="vā">vā </w></cl><cl><w n="5">tri</w><w n="6">pha</w><w n="7">lā</w><w n="8">vi</w><w n="9">pa</w><w n="10" lemma="kvāṃ">kvāṃ </w></cl><cl><w n="11">pa</w><w n="12">lā</w><w n="13">śa</w><w n="14">pu</w><w n="15" lemma="ṣpaiḥ">ṣpaiḥ </w></cl><cl><w n="16">sva</w><w n="17">ra</w><w n="18" lemma="maṃ">mañ</w><w n="19">ja</w><w n="20">re</w><w n="21" lemma="rvā">rvā | </w></cl><cl><w n="22">pi</w><w n="23" lemma="ṣṭvā">ṣṭvā </w><w n="24">cha</w></cl><cl><w n="25">ga</w><w n="26" lemma="lyāḥ">lyāḥ </w></cl><cl><w n="27">pa</w><w n="28">ya</w><w n="29" lemma="sā">sā </w><w n="30">ma</w><w n="31" lemma="laṃ">laṃ </w><w n="32" lemma="vā">vā </w></cl><cl><w n="33">kāṃ</w><w n="34">sa</w><w n="35" lemma="sya">sya </w></cl><cl><w n="36">da</w><w n="37" lemma="gdhvā">gdhvā </w></cl><cl><w n="38">sa</w><w n="39" lemma="ha">ha </w></cl><cl><w n="40" lemma="tāṃ">tān</w><w n="41">ta</w><w n="42">ve</w><w n="43" lemma="na">na || </w></cl></text></TEI><TEI n="H"><text><cl><w n="0" lemma="ra"> ra</w><w n="1">sa</w><w n="2">kri</w><w n="3" lemma="yāṃ">yāṃ </w><w n="4" lemma="vā">vā </w></cl><cl><w n="5">vi</w><w n="6">pha</w><w n="7">lā</w><w n="8">vi</w><w n="9">pa</w><w n="10" lemma="kvaṃ">kvaṃ </w></cl><cl><w n="11">pa</w><w n="12">lā</w><w n="13">śa</w><w n="14">pu</w><w n="15" lemma="ṣpaiḥ">ṣpaiḥ </w></cl><cl><w n="16">ka</w><w n="17">ra</w><w n="18">vī</w><w n="19">ra</w><w n="20" lemma="jaiḥ">jair </w><w n="21" lemma="vā">vvā || </w></cl><cl><w n="22">pi</w><w n="23">ṣṭvā</w><w n="24">la</w></cl><cl><w n="25">jā</w><w n="26" lemma="nāṃ">nām </w></cl><cl><w n="27">pa</w><w n="28">ya</w><w n="29">sā</w><w n="30">ma</w><w n="31" lemma="laṃ">lam </w><w n="32" lemma="vā">vā </w></cl><cl><w n="33">kāṃ</w><w n="34">sa</w><w n="35" lemma="sya">sya </w></cl><cl><w n="36">da</w><w n="37" lemma="gdhā">gdhā </w></cl><cl><w n="38">sa</w><w n="39" lemma="ha">ha </w></cl><cl><w n="40" lemma="tāṃ">tān</w><w n="41">ta</w><w n="42">ve</w><w n="43" lemma="na">na || </w></cl></text></TEI><TEI n="K"><text><cl><w n="0" lemma="ra"> ra</w><w n="1">sa</w><w n="2">kri</w><w n="3" lemma="yāṃ">yāṃ </w><w n="4" lemma="vā">vā </w></cl><cl><w n="5">vi</w><w n="6">pha</w><w n="7">lā</w><w n="8">vi</w><w n="9">pa</w><w n="10" lemma="kvāṃ">kvāṃ </w></cl><cl><w n="11">pa</w><w n="12">lā</w><w n="13">śa</w><w n="14">pu</w><w n="15" lemma="ṣpaiḥ">ṣpaiḥ </w></cl><cl><w n="16">ka</w><w n="17">ra</w><w n="18">vī</w><w n="19">ra</w><w n="20" lemma="jaiḥ">jair </w><w n="21" lemma="vā">vā | </w></cl><cl><w n="22">pi</w><w n="23">ṣṭvā</w><w n="24" lemma="nca">n ca </w></cl><cl><w n="25">jā</w><w n="26" lemma="nāṃ">nāṃ </w></cl><cl><w n="27">pa</w><w n="28">ya</w><w n="29">sā</w><w n="30">ma</w><w n="31" lemma="laṃ">lam </w><w n="32" lemma="vā">vā </w></cl><cl><w n="33">kāṃ</w><w n="34">sa</w><w n="35" lemma="sya">sya </w></cl><cl><w n="36">da</w><w n="37" lemma="gdhā">gdhā </w></cl><cl><w n="38">sa</w><w n="39" lemma="ha">ha </w></cl><cl><w n="40" lemma="tāṃ">tān</w><w n="41">ta</w><w n="42">ve</w><w n="43" lemma="na">na | </w></cl></text></TEI><TEI n="NE"><text><cl><w n="0" lemma="ra"> ra</w><w n="1">sa</w><w n="2">kri</w><w n="3" lemma="yāṃ">yāṃ </w><w n="4" lemma="vā">vā </w></cl><cl><w n="5">vi</w><w n="6">pha</w><w n="7">lā</w><w n="8">vi</w><w n="9">pa</w><w n="10" lemma="kvāṃ">kvāṃ </w></cl><cl><w n="11">pa</w><w n="12">lā</w><w n="13">śa</w><w n="14">pu</w><w n="15" lemma="ṣpaiḥ">ṣpaiḥ </w></cl><cl><w n="16">ka</w><w n="17">ra</w><w n="18">vī</w><w n="19">ra</w><w n="20" lemma="jaiḥ">jair </w><w n="21" lemma="vā">vā | </w></cl><cl><w n="22">pi</w><w n="23">ṣṭvā</w><w n="24" lemma="nca">n ca </w></cl><cl><w n="25">jā</w><w n="26" lemma="nāṃ">nāṃ </w></cl><cl><w n="27">pa</w><w n="28">ya</w><w n="29">sā</w><w n="30">ma</w><w n="31" lemma="laṃ">lam </w><w n="32" lemma="vā">vā </w></cl><cl><w n="33">kāṃ</w><w n="34">sa</w><w n="35" lemma="sya">sya </w></cl><cl><w n="36">da</w><w n="37" lemma="gdhā">gdhā </w></cl><cl><w n="38">sa</w><w n="39" lemma="ha">ha </w></cl><cl><w n="40" lemma="tāṃ">tān</w><w n="41">ta</w><w n="42">ve</w><w n="43" lemma="na">na | </w></cl></text></TEI></teiCorpus>