<?xml version="1.0" encoding="UTF-8"?>
<teiCorpus xmlns="http://www.tei-c.org/ns/1.0" xml:lang="sa-Latn">
  <teiHeader>
<listWit>
<witness xml:id="A" source="06-ut-vulgate-1938-1-30.xml">
<abbr>A</abbr>
<expan>Printed edition: Ācārya 1938: Uttaratantra 1-30</expan>
</witness>
<witness xml:id="K" source="kl_699_uttaratantra-1-30.xml">
<abbr>K</abbr>
<expan>MSS Kathmandu KL 699: Uttaratantra</expan>
<listWit>
<witness xml:id="Kac" n="ac">
<abbr>Kac</abbr>
<expan>MSS Kathmandu KL 699: Uttaratantra [ante correctionem]</expan>
</witness>
<witness xml:id="Kpc" n="pc">
<abbr type="siglum">Kpc</abbr>
<expan>MSS Kathmandu KL 699: Uttaratantra [post correctionem]</expan>
</witness>
</listWit>
</witness>
<witness xml:id="H" source="nak_5-333_uttaratantra-1-30.xml">
<abbr>H</abbr>
<expan>MS Kathmandu NAK 5-333, Uttaratantra</expan>
<listWit>
<witness xml:id="Hac" n="ac">
<abbr>Hac</abbr>
<expan>MS Kathmandu NAK 5-333, Uttaratantra [ante correctionem]</expan>
</witness>
<witness xml:id="Hpc" n="pc">
<abbr type="siglum">Hpc</abbr>
<expan>MS Kathmandu NAK 5-333, Uttaratantra [post correctionem]</expan>
</witness>
</listWit>
</witness>
<witness xml:id="NE" source="provisional-edition_uttaratantra-1-30.xml">
<abbr>NE</abbr>
<expan>The Nepalese Version of the Suśrutasaṃhitā, uttaratantra 1-30, based on the
                    Nepalese MSS</expan>
</witness>
</listWit>
    <encodingDesc>
      <editorialDecl>
        <segmentation>
          <ab type="tokenization">aksara</ab>
          <ab type="blockid">SS.6.12.35</ab>
          <ab type="targetedition">NE</ab>
          <ab type="scoring">
            <ab type="match">1</ab>
            <ab type="mismatch">-1</ab>
            <ab type="gapopen">-2</ab>
            <ab type="gapextend">-0.25</ab>
            <ab type="recursive">true</ab>
            <ab type="realigndepth">20</ab>
            <ab type="distancefunction">ngrams</ab>
            
          </ab>
        </segmentation>
        <normalization method="markup">
<ab>ignore punctuation</ab>
<ab>candrabindu as anusvāra</ab>
<ab>geminated aspirated consonants</ab>
<ab>geminated m after h</ab>
<ab>geminated t</ab>
<ab>geminated consonants after r</ab>
<ab>final nasal variants</ab>
<ab>internal nasal variants</ab>
<ab>final anusvāra variants</ab>
<ab>visarga aḥ before voiced consonants</ab>
<ab>visarga aḥ before vowels</ab>
<ab>visarga aḥ before unvoiced consonants and space + anusvāra</ab>
<ab>visarga āḥ variants</ab>
<ab>other visarga variants</ab>
<ab>superfluous avagrahas</ab>
<ab>double avagrahas</ab>
<ab>avagrahas to short a</ab>
<ab>internal visarga variants</ab>
<ab>final au/āv</ab>
<ab>final su</ab>
<ab>final i</ab>
<ab>kcch/kś</ab>
<ab>cś/tś</ab>
<ab>cch/ch</ab>
<ab>final t + hi</ab>
<ab>final t + voiced syllable</ab>
<ab>final t + n/m</ab>
<ab>final t + c/j</ab>
<ab>i/y + vowel</ab>
<ab>bhd for bdh</ab>
<ab>remove spaces</ab>
        </normalization>
        <ab type="tagfilters">
<tag subtype="ignore">pc</tag>
<tag subtype="ignore">head</tag>
<tag subtype="ignore">label</tag>
<tag subtype="ignore">note</tag>
<tag subtype="ignore">num</tag>
<tag subtype="ignore">locus</tag>
<tag subtype="ignore">supplied</tag>
<tag subtype="ignore">surplus</tag>
        </ab>
      </editorialDecl>
    </encodingDesc>
    <xenoData>
      <stemma format="nexml" id="stemma0"><nex:nexml xmlns:nex="http://www.nexml.org/2009" version="0.9"><nex:otus id="otus1"><nex:otu id="otu0" label="A"/><nex:otu id="otu1" label="H"/><nex:otu id="otu2" label="Kac"/><nex:otu id="otu3" label="Kpc"/><nex:otu id="otu4" label="NE"/></nex:otus><nex:trees otus="otus1" id="trees1"><nex:tree id="guidetree" label="guidetree" xsi:type="nex:FloatTree" xmlns:xsi="http://www.w3.org/2001/XMLSchema-instance"><nex:node id="8814ef02-5b95-4046-b406-fe7b978c248b" root="true"/><nex:node id="3b2e4c96-01d0-40c3-a9a7-9b1c4ba96ffc"/><nex:node id="08fd360e-528c-4fb9-84ec-fb376269b35d"/><nex:node id="bee802d8-c8aa-4316-94b3-96c9169c909a" label="A" otu="otu3"/><nex:node id="aeb9649a-b55b-49e1-874a-28356610b688" label="H" otu="otu4"/><nex:node id="42bf2520-c952-4011-8e5f-507e7d1a1bab" label="Kac" otu="otu5"/><nex:node id="261fb3ea-562c-43b4-becd-52213e79021c"/><nex:node id="ee3946f7-9de0-41fa-867f-434d25cb98f5" label="Kpc" otu="otu7"/><nex:node id="0d43338d-1eef-4769-bcba-379e41a103a2" label="NE" otu="otu8"/><nex:edge source="8814ef02-5b95-4046-b406-fe7b978c248b" target="3b2e4c96-01d0-40c3-a9a7-9b1c4ba96ffc" id="edge0" length="0.10018771056243381"/><nex:edge source="8814ef02-5b95-4046-b406-fe7b978c248b" target="261fb3ea-562c-43b4-becd-52213e79021c" id="edge1" length="0.10018771056243381"/><nex:edge source="3b2e4c96-01d0-40c3-a9a7-9b1c4ba96ffc" target="08fd360e-528c-4fb9-84ec-fb376269b35d" id="edge2" length="0"/><nex:edge source="3b2e4c96-01d0-40c3-a9a7-9b1c4ba96ffc" target="42bf2520-c952-4011-8e5f-507e7d1a1bab" id="edge3" length="0.5166772697337796"/><nex:edge source="261fb3ea-562c-43b4-becd-52213e79021c" target="ee3946f7-9de0-41fa-867f-434d25cb98f5" id="edge4" length="5.551115123125783e-17"/><nex:edge source="261fb3ea-562c-43b4-becd-52213e79021c" target="0d43338d-1eef-4769-bcba-379e41a103a2" id="edge5" length="5.551115123125783e-17"/><nex:edge source="08fd360e-528c-4fb9-84ec-fb376269b35d" target="bee802d8-c8aa-4316-94b3-96c9169c909a" id="edge6" length="0.5513791641499263"/><nex:edge source="08fd360e-528c-4fb9-84ec-fb376269b35d" target="aeb9649a-b55b-49e1-874a-28356610b688" id="edge7" length="0.44862083585007373"/></nex:tree></nex:trees></nex:nexml></stemma>
    </xenoData>
  </teiHeader>
<TEI n="A"><text><cl><w n="0" lemma="vaṃ"> vaṃ</w><w n="1">śa</w><w n="2">jā</w><w n="3">ru</w><w n="4">ṣka</w><w n="5" lemma="rau">rau </w></cl><cl><w n="6">tā</w><w n="7" lemma="laṃ">laṃ </w></cl><cl><w n="8">nā</w><w n="9">ri</w><w n="10">ke</w><w n="11" lemma="laṃ">laṃ </w><w n="12" lemma="ca">ca </w></cl><cl><w n="13">dā</w><w n="14">ha</w><w n="15">ye</w><w n="16" lemma="tvi">t | vi</w><w n="17">srā</w><w n="18" lemma="vya">vya </w><w n="19">ksā</w><w n="20">ra</w><w n="21">va</w><w n="22"/><w n="23"/><w n="24"/><w n="25">ccū</w><w n="26" lemma="rṇaṃ">rṇaṃ </w></cl><cl><w n="27"/><w n="28"/><w n="29"/><w n="30"/></cl><cl><w n="31">bhā</w><w n="32">va</w><w n="33">ye</w><w n="34">tka</w></cl><cl><w n="35">ra</w><w n="36">bhā</w><w n="37">sthi</w><w n="38" lemma="jaṃ">jam || </w></cl></text></TEI><TEI n="H"><text><cl><w n="0" lemma="vaṃ"> vaṃ</w><w n="1">śa</w><w n="2">jā</w><w n="3">rū</w><w n="4">ṣka</w><w n="5" lemma="rau">rau </w></cl><cl><w n="6">tā</w><w n="7" lemma="laṃ">laṃ </w></cl><cl><w n="8">nā</w><w n="9">li</w><w n="10">ke</w><w n="11" lemma="raṃ">rañ </w><w n="12" lemma="ca">ca </w></cl><cl><w n="13">ta</w><w n="14" lemma="tda">d da</w><w n="15">he</w><w n="16"/><w n="17"/><w n="18"/><w n="19" lemma="tkṣā">t || kṣā</w><w n="20">ra</w><w n="21">va</w><w n="22"/><w n="23" lemma="nca">n ca</w><w n="24">ye</w><w n="25" lemma="tcū">c cū</w><w n="26" lemma="rṇa">rṇṇa </w></cl><cl><w n="27">ka</w><w n="28">ra</w><w n="29" lemma="bhāṃ">bhām </w><w n="30" lemma="tu">tu </w></cl><cl><w n="31">bhā</w><w n="32">va</w><w n="33">ye</w><w n="34" lemma="t">t | </w></cl><cl><w n="35"/><w n="36"/><w n="37"/><w n="38"/></cl></text></TEI><TEI n="Kac"><text><cl><w n="0" lemma="vaṃ"> vaṃ</w><w n="1">śa</w><w n="2">jā</w><w n="3">rū</w><w n="4">ṣka</w><w n="5" lemma="rau">rau </w></cl><cl><w n="6">tā</w><w n="7" lemma="laṃ">laṃ </w></cl><cl><w n="8">nā</w><w n="9">li</w><w n="10">ke</w><w n="11" lemma="raṃ">rañ </w><w n="12" lemma="ca">ca </w></cl><cl><w n="13"/><w n="14"/><w n="15"/><w n="16"/><w n="17" lemma="tda">d da</w><w n="18">he</w><w n="19" lemma="tkṣā">t | kṣā</w><w n="20">ra</w><w n="21">va</w><w n="22" lemma="nśrā">n śrā</w><w n="23">va</w><w n="24">ye</w><w n="25" lemma="tcū">c cū</w><w n="26" lemma="rṇaṃ">rṇṇaṃ </w></cl><cl><w n="27">ka</w><w n="28">ra</w><w n="29">bhā</w><w n="30" lemma="tu">tu </w></cl><cl><w n="31">bhā</w><w n="32">va</w><w n="33">ye</w><w n="34" lemma="t">t | </w></cl><cl><w n="35"/><w n="36"/><w n="37"/><w n="38"/></cl></text></TEI><TEI n="Kpc"><text><cl><w n="0" lemma="vaṃ"> vaṃ</w><w n="1">śa</w><w n="2">jā</w><w n="3">rū</w><w n="4">ṣka</w><w n="5" lemma="rau">rau </w></cl><cl><w n="6">tā</w><w n="7" lemma="laṃ">laṃ </w></cl><cl><w n="8">nā</w><w n="9">li</w><w n="10">ke</w><w n="11" lemma="raṃ">rañ </w><w n="12" lemma="ca">ca </w></cl><cl><w n="13" lemma="ta">ta </w><w n="14" lemma="tda">d da</w><w n="15">he</w><w n="16"/><w n="17"/><w n="18"/><w n="19" lemma="tkṣā">t | kṣā</w><w n="20">ra</w><w n="21">va</w><w n="22" lemma="nśrā">n śrā</w><w n="23">va</w><w n="24">ye</w><w n="25" lemma="tcū">c cū</w><w n="26" lemma="rṇaṃ">rṇṇaṃ </w></cl><cl><w n="27">ka</w><w n="28">ra</w><w n="29">bhā</w><w n="30" lemma="tu">tu </w></cl><cl><w n="31">bhā</w><w n="32">va</w><w n="33">ye</w><w n="34" lemma="t">t | </w></cl><cl><w n="35"/><w n="36"/><w n="37"/><w n="38"/></cl></text></TEI><TEI n="NE"><text><cl><w n="0" lemma="vaṃ"> vaṃ</w><w n="1">śa</w><w n="2">jā</w><w n="3">rū</w><w n="4">ṣka</w><w n="5" lemma="rau">rau </w></cl><cl><w n="6">tā</w><w n="7" lemma="laṃ">laṃ </w></cl><cl><w n="8">nā</w><w n="9">li</w><w n="10">ke</w><w n="11" lemma="raṃ">rañ </w><w n="12" lemma="ca">ca </w></cl><cl><w n="13">ta</w><w n="14" lemma="tda">d da</w><w n="15">he</w><w n="16"/><w n="17"/><w n="18"/><w n="19" lemma="tkṣā">t | kṣā</w><w n="20">ra</w><w n="21">va</w><w n="22" lemma="nśrā">n śrā</w><w n="23">va</w><w n="24">ye</w><w n="25" lemma="tcū">c cū</w><w n="26" lemma="rṇaṃ">rṇṇaṃ </w></cl><cl><w n="27">ka</w><w n="28">ra</w><w n="29">bhā</w><w n="30" lemma="tu">tu </w></cl><cl><w n="31">bhā</w><w n="32">va</w><w n="33">ye</w><w n="34" lemma="t">t | </w></cl><cl><w n="35"/><w n="36"/><w n="37"/><w n="38"/></cl></text></TEI></teiCorpus>