<?xml version="1.0" encoding="UTF-8"?>
<teiCorpus xmlns="http://www.tei-c.org/ns/1.0" xml:lang="sa-Latn">
  <teiHeader>
<listWit>
<witness xml:id="A" source="06-ut-vulgate-1938-1-30.xml">
<abbr>A</abbr>
<expan>Printed edition: Ācārya 1938: Uttaratantra 1-30</expan>
</witness>
<witness xml:id="K" source="kl_699_uttaratantra-1-30.xml">
<abbr>K</abbr>
<expan>MSS Kathmandu KL 699: Uttaratantra</expan>
<listWit>
<witness xml:id="Kac" n="ac">
<abbr>Kac</abbr>
<expan>MSS Kathmandu KL 699: Uttaratantra [ante correctionem]</expan>
</witness>
<witness xml:id="Kpc" n="pc">
<abbr type="siglum">Kpc</abbr>
<expan>MSS Kathmandu KL 699: Uttaratantra [post correctionem]</expan>
</witness>
</listWit>
</witness>
<witness xml:id="H" source="nak_5-333_uttaratantra-1-30.xml">
<abbr>H</abbr>
<expan>MS Kathmandu NAK 5-333, Uttaratantra</expan>
<listWit>
<witness xml:id="Hac" n="ac">
<abbr>Hac</abbr>
<expan>MS Kathmandu NAK 5-333, Uttaratantra [ante correctionem]</expan>
</witness>
<witness xml:id="Hpc" n="pc">
<abbr type="siglum">Hpc</abbr>
<expan>MS Kathmandu NAK 5-333, Uttaratantra [post correctionem]</expan>
</witness>
</listWit>
</witness>
<witness xml:id="NE" source="provisional-edition_uttaratantra-1-30.xml">
<abbr>NE</abbr>
<expan>The Nepalese Version of the Suśrutasaṃhitā, uttaratantra 1-30, based on the
                    Nepalese MSS</expan>
</witness>
</listWit>
    <encodingDesc>
      <editorialDecl>
        <segmentation>
          <ab type="tokenization">aksara</ab>
          <ab type="blockid">SS.6.12.28</ab>
          <ab type="targetedition">NE</ab>
          <ab type="scoring">
            <ab type="match">1</ab>
            <ab type="mismatch">-1</ab>
            <ab type="gapopen">-2</ab>
            <ab type="gapextend">-0.25</ab>
            <ab type="recursive">true</ab>
            <ab type="realigndepth">20</ab>
            <ab type="distancefunction">ngrams</ab>
            
          </ab>
        </segmentation>
        <normalization method="markup">
<ab>ignore punctuation</ab>
<ab>candrabindu as anusvāra</ab>
<ab>geminated aspirated consonants</ab>
<ab>geminated m after h</ab>
<ab>geminated t</ab>
<ab>geminated consonants after r</ab>
<ab>final nasal variants</ab>
<ab>internal nasal variants</ab>
<ab>final anusvāra variants</ab>
<ab>visarga aḥ before voiced consonants</ab>
<ab>visarga aḥ before vowels</ab>
<ab>visarga aḥ before unvoiced consonants and space + anusvāra</ab>
<ab>visarga āḥ variants</ab>
<ab>other visarga variants</ab>
<ab>superfluous avagrahas</ab>
<ab>double avagrahas</ab>
<ab>avagrahas to short a</ab>
<ab>internal visarga variants</ab>
<ab>final au/āv</ab>
<ab>final su</ab>
<ab>final i</ab>
<ab>kcch/kś</ab>
<ab>cś/tś</ab>
<ab>cch/ch</ab>
<ab>final t + hi</ab>
<ab>final t + voiced syllable</ab>
<ab>final t + n/m</ab>
<ab>final t + c/j</ab>
<ab>i/y + vowel</ab>
<ab>bhd for bdh</ab>
<ab>remove spaces</ab>
        </normalization>
        <ab type="tagfilters">
<tag subtype="ignore">pc</tag>
<tag subtype="ignore">head</tag>
<tag subtype="ignore">label</tag>
<tag subtype="ignore">note</tag>
<tag subtype="ignore">num</tag>
<tag subtype="ignore">locus</tag>
<tag subtype="ignore">supplied</tag>
<tag subtype="ignore">surplus</tag>
        </ab>
      </editorialDecl>
    </encodingDesc>
    <xenoData>
      <stemma format="nexml" id="stemma0"><nex:nexml xmlns:nex="http://www.nexml.org/2009" version="0.9"><nex:otus id="otus1"><nex:otu id="otu0" label="A"/><nex:otu id="otu1" label="H"/><nex:otu id="otu2" label="K"/><nex:otu id="otu3" label="NE"/></nex:otus><nex:trees otus="otus1" id="trees1"><nex:tree id="guidetree" label="guidetree" xsi:type="nex:FloatTree" xmlns:xsi="http://www.w3.org/2001/XMLSchema-instance"><nex:node id="105038d4-8b9f-4ae6-8bab-961acf461d48" root="true"/><nex:node id="4818e8cc-8271-48a0-b940-828aa3a4926f"/><nex:node id="46ad5501-df1c-460b-93a0-cbbb57adab8c" label="A" otu="otu2"/><nex:node id="5191669a-3a55-42a7-84ca-c9d056549d3a" label="H" otu="otu3"/><nex:node id="c022e334-4842-4288-8193-8d572962749b"/><nex:node id="0f14e17c-d05b-494a-b985-41cbadabe32b" label="K" otu="otu5"/><nex:node id="2d58931a-3817-42ba-b4e5-8d30165195ec" label="NE" otu="otu6"/><nex:edge source="105038d4-8b9f-4ae6-8bab-961acf461d48" target="4818e8cc-8271-48a0-b940-828aa3a4926f" id="edge0" length="0"/><nex:edge source="105038d4-8b9f-4ae6-8bab-961acf461d48" target="c022e334-4842-4288-8193-8d572962749b" id="edge1" length="0"/><nex:edge source="4818e8cc-8271-48a0-b940-828aa3a4926f" target="46ad5501-df1c-460b-93a0-cbbb57adab8c" id="edge2" length="1"/><nex:edge source="4818e8cc-8271-48a0-b940-828aa3a4926f" target="5191669a-3a55-42a7-84ca-c9d056549d3a" id="edge3" length="0"/><nex:edge source="c022e334-4842-4288-8193-8d572962749b" target="0f14e17c-d05b-494a-b985-41cbadabe32b" id="edge4" length="5.551115123125783e-17"/><nex:edge source="c022e334-4842-4288-8193-8d572962749b" target="2d58931a-3817-42ba-b4e5-8d30165195ec" id="edge5" length="5.551115123125783e-17"/></nex:tree></nex:trees></nex:nexml></stemma>
    </xenoData>
  </teiHeader>
<TEI n="A"><text><cl><w n="0" lemma="u"> u</w><w n="1">ttā</w><w n="2">na</w></cl><w n="3">ma</w><cl><w n="4">va</w><w n="5">gā</w><w n="6" lemma="ḍhaṃ">ḍhaṃ </w><w n="7" lemma="vā">vā </w></cl><cl><w n="8">ka</w><w n="9">rka</w><w n="10" lemma="śaṃ">śaṃ </w><w n="11">vā</w><w n="12" lemma="pi">pi </w></cl><cl><w n="13">sa</w><w n="14">vra</w><w n="15" lemma="ṇaṃ">ṇam | </w></cl><cl><w n="16">śi</w><w n="17">rī</w><w n="18">ṣa</w><w n="19">bī</w><w n="20">ja</w><w n="21">ma</w><w n="22">ri</w><w n="23">ca</w><w n="24">pi</w><w n="25">ppa</w><w n="26">lī</w><w n="27">sai</w><w n="28">ndha</w><w n="29" lemma="vaiḥ">vair </w></cl><cl><w n="30">a</w><w n="31" lemma="pi">pi || </w></cl></text></TEI><TEI n="H"><text><cl><w n="0" lemma="u"> u</w><w n="1">ttā</w><w n="2" lemma="naṃ">nam </w></cl><w n="3" lemma="vā">vā </w><cl><w n="4">va</w><w n="5">gā</w><w n="6" lemma="ḍhaṃ">ḍham </w><w n="7" lemma="vā">vā </w></cl><cl><w n="8">ka</w><w n="9">rṣa</w><w n="10">ye</w><w n="11" lemma="tcā">c cā</w><w n="12" lemma="pi">pi </w></cl><cl><w n="13">sa</w><w n="14">vra</w><w n="15" lemma="ṇaṃ">ṇaṃ | </w></cl><cl><w n="16">śi</w><w n="17">rī</w><w n="18">ṣa</w><w n="19">vī</w><w n="20">ja</w><w n="21">ma</w><w n="22">ri</w><w n="23">ca</w><w n="24">pi</w><w n="25">ppa</w><w n="26">lī</w><w n="27">sai</w><w n="28">ndha</w><w n="29" lemma="vaiḥ">vair </w></cl><cl><w n="30">a</w><w n="31" lemma="pi">pi || </w></cl></text></TEI><TEI n="K"><text><cl><w n="0" lemma="u"> u</w><w n="1">ttā</w><w n="2" lemma="naṃ">nam </w></cl><w n="3" lemma="vā">vā </w><cl><w n="4">va</w><w n="5">gā</w><w n="6" lemma="ḍhaṃ">ḍham </w><w n="7" lemma="vā">vā </w></cl><cl><w n="8">ka</w><w n="9">rṣa</w><w n="10">ye</w><w n="11" lemma="tcā">c cā</w><w n="12" lemma="pi">pi </w></cl><cl><w n="13">sa</w><w n="14">vra</w><w n="15" lemma="ṇaṃ">ṇaṃ | </w></cl><cl><w n="16">śi</w><w n="17">rī</w><w n="18">ṣa</w><w n="19">vī</w><w n="20">ja</w><w n="21">ma</w><w n="22">ri</w><w n="23">ca</w><w n="24">pi</w><w n="25">ppa</w><w n="26">lī</w><w n="27">sai</w><w n="28">ndha</w><w n="29" lemma="vaiḥ">vair </w></cl><cl><w n="30">a</w><w n="31" lemma="pi">pi | </w></cl></text></TEI><TEI n="NE"><text><cl><w n="0" lemma="u"> u</w><w n="1">ttā</w><w n="2" lemma="naṃ">nam </w></cl><w n="3" lemma="vā">vā </w><cl><w n="4">va</w><w n="5">gā</w><w n="6" lemma="ḍhaṃ">ḍham </w><w n="7" lemma="vā">vā </w></cl><cl><w n="8">ka</w><w n="9">rṣa</w><w n="10">ye</w><w n="11" lemma="tcā">c cā</w><w n="12" lemma="pi">pi </w></cl><cl><w n="13">sa</w><w n="14">vra</w><w n="15" lemma="ṇaṃ">ṇaṃ | </w></cl><cl><w n="16">śi</w><w n="17">rī</w><w n="18">ṣa</w><w n="19">vī</w><w n="20">ja</w><w n="21">ma</w><w n="22">ri</w><w n="23">ca</w><w n="24">pi</w><w n="25">ppa</w><w n="26">lī</w><w n="27">sai</w><w n="28">ndha</w><w n="29" lemma="vaiḥ">vair </w></cl><cl><w n="30">a</w><w n="31" lemma="pi">pi | </w></cl></text></TEI></teiCorpus>