<?xml version="1.0" encoding="UTF-8"?>
<teiCorpus xmlns="http://www.tei-c.org/ns/1.0" xml:lang="sa-Latn">
  <teiHeader>
<listWit>
<witness xml:id="A" source="06-ut-vulgate-1938-1-30.xml">
<abbr>A</abbr>
<expan>Printed edition: Ācārya 1938: Uttaratantra 1-30</expan>
</witness>
<witness xml:id="K" source="kl_699_uttaratantra-1-30.xml">
<abbr>K</abbr>
<expan>MSS Kathmandu KL 699: Uttaratantra</expan>
<listWit>
<witness xml:id="Kac" n="ac">
<abbr>Kac</abbr>
<expan>MSS Kathmandu KL 699: Uttaratantra [ante correctionem]</expan>
</witness>
<witness xml:id="Kpc" n="pc">
<abbr type="siglum">Kpc</abbr>
<expan>MSS Kathmandu KL 699: Uttaratantra [post correctionem]</expan>
</witness>
</listWit>
</witness>
<witness xml:id="H" source="nak_5-333_uttaratantra-1-30.xml">
<abbr>H</abbr>
<expan>MS Kathmandu NAK 5-333, Uttaratantra</expan>
<listWit>
<witness xml:id="Hac" n="ac">
<abbr>Hac</abbr>
<expan>MS Kathmandu NAK 5-333, Uttaratantra [ante correctionem]</expan>
</witness>
<witness xml:id="Hpc" n="pc">
<abbr type="siglum">Hpc</abbr>
<expan>MS Kathmandu NAK 5-333, Uttaratantra [post correctionem]</expan>
</witness>
</listWit>
</witness>
<witness xml:id="NE" source="provisional-edition_uttaratantra-1-30.xml">
<abbr>NE</abbr>
<expan>The Nepalese Version of the Suśrutasaṃhitā, uttaratantra 1-30, based on the
                    Nepalese MSS</expan>
</witness>
</listWit>
    <encodingDesc>
      <editorialDecl>
        <segmentation>
          <ab type="tokenization">aksara</ab>
          <ab type="blockid">SS.6.17.93</ab>
          <ab type="targetedition">NE</ab>
          <ab type="scoring">
            <ab type="match">1</ab>
            <ab type="mismatch">-1</ab>
            <ab type="gapopen">-2</ab>
            <ab type="gapextend">-0.25</ab>
            <ab type="recursive">true</ab>
            <ab type="realigndepth">20</ab>
            <ab type="distancefunction">ngrams</ab>
            
          </ab>
        </segmentation>
        <normalization method="markup">
<ab>ignore punctuation</ab>
<ab>candrabindu as anusvāra</ab>
<ab>geminated aspirated consonants</ab>
<ab>geminated m after h</ab>
<ab>geminated t</ab>
<ab>geminated consonants after r</ab>
<ab>final nasal variants</ab>
<ab>internal nasal variants</ab>
<ab>final anusvāra variants</ab>
<ab>visarga aḥ before voiced consonants</ab>
<ab>visarga aḥ before vowels</ab>
<ab>visarga aḥ before unvoiced consonants and space + anusvāra</ab>
<ab>visarga āḥ variants</ab>
<ab>other visarga variants</ab>
<ab>superfluous avagrahas</ab>
<ab>double avagrahas</ab>
<ab>avagrahas to short a</ab>
<ab>internal visarga variants</ab>
<ab>final au/āv</ab>
<ab>final su</ab>
<ab>final i</ab>
<ab>kcch/kś</ab>
<ab>cś/tś</ab>
<ab>cch/ch</ab>
<ab>final t + hi</ab>
<ab>final t + voiced syllable</ab>
<ab>final t + n/m</ab>
<ab>final t + c/j</ab>
<ab>i/y + vowel</ab>
<ab>bhd for bdh</ab>
<ab>remove spaces</ab>
        </normalization>
        <ab type="tagfilters">
<tag subtype="ignore">pc</tag>
<tag subtype="ignore">head</tag>
<tag subtype="ignore">label</tag>
<tag subtype="ignore">note</tag>
<tag subtype="ignore">num</tag>
<tag subtype="ignore">locus</tag>
<tag subtype="ignore">supplied</tag>
<tag subtype="ignore">surplus</tag>
        </ab>
      </editorialDecl>
    </encodingDesc>
    <xenoData>
      <stemma format="nexml" id="stemma0"><nex:nexml xmlns:nex="http://www.nexml.org/2009" version="0.9"><nex:otus id="otus1"><nex:otu id="otu0" label="H"/><nex:otu id="otu1" label="K"/><nex:otu id="otu2" label="A"/><nex:otu id="otu3" label="NE"/></nex:otus><nex:trees otus="otus1" id="trees1"><nex:tree id="guidetree" label="guidetree" xsi:type="nex:FloatTree" xmlns:xsi="http://www.w3.org/2001/XMLSchema-instance"><nex:node id="5ed274e6-9faa-4ec6-a52a-ac8c20e1bdc8" root="true"/><nex:node id="2114a591-3f58-405d-a35d-f3370ecae6f8"/><nex:node id="99fb0c56-a89f-45a8-bad8-d6ecca6212fc" label="H" otu="otu2"/><nex:node id="992d75e2-ed6a-418b-a55d-e21ef9cee228" label="K" otu="otu3"/><nex:node id="57acf033-db8b-49a2-8a2c-77f4a35f5774"/><nex:node id="d73c2635-7719-48b8-9b92-cb51f046ebb8" label="A" otu="otu5"/><nex:node id="80b58bbf-7659-4bd4-bcc8-685b0cd544d7" label="NE" otu="otu6"/><nex:edge source="5ed274e6-9faa-4ec6-a52a-ac8c20e1bdc8" target="2114a591-3f58-405d-a35d-f3370ecae6f8" id="edge0" length="0.04792440794510819"/><nex:edge source="5ed274e6-9faa-4ec6-a52a-ac8c20e1bdc8" target="57acf033-db8b-49a2-8a2c-77f4a35f5774" id="edge1" length="0.04792440794510819"/><nex:edge source="2114a591-3f58-405d-a35d-f3370ecae6f8" target="99fb0c56-a89f-45a8-bad8-d6ecca6212fc" id="edge2" length="0.3226026417140906"/><nex:edge source="2114a591-3f58-405d-a35d-f3370ecae6f8" target="992d75e2-ed6a-418b-a55d-e21ef9cee228" id="edge3" length="0.25065529438965983"/><nex:edge source="57acf033-db8b-49a2-8a2c-77f4a35f5774" target="d73c2635-7719-48b8-9b92-cb51f046ebb8" id="edge4" length="0.6146738173464799"/><nex:edge source="57acf033-db8b-49a2-8a2c-77f4a35f5774" target="80b58bbf-7659-4bd4-bcc8-685b0cd544d7" id="edge5" length="0.3801763209254839"/></nex:tree></nex:trees></nex:nexml></stemma>
    </xenoData>
  </teiHeader>
<TEI n="H"><text><cl><w n="0" lemma="śa"> śa</w><w n="1">tā</w><w n="2">va</w><w n="3">rī</w><w n="4">pṛ</w><w n="5">tha</w><w n="6">kpa</w><w n="7" lemma="rṇī">rṇṇī</w><w n="8">mu</w><w n="9">stā</w><w n="10">ma</w><w n="11">dhu</w><w n="12">ka</w><w n="13">pa</w><w n="14">dma</w><w n="15" lemma="kaiḥ">kaiḥ | </w></cl><cl><w n="16">sa</w><w n="17">sai</w><w n="18">ndha</w><w n="19" lemma="vaiḥ">vaiḥ </w></cl><cl><w n="20">sri</w><w n="21" lemma="taṃ">taṃ </w></cl><cl><w n="22">cā</w><w n="23" lemma="pi">pi </w></cl><cl><w n="24">su</w><w n="25">kho</w><w n="26" lemma="ṣṇaṃ">ṣṇam </w></cl><cl><w n="27">a</w><w n="28">va</w><w n="29">tā</w><w n="30">ra</w><w n="31">ye</w><w n="32" lemma="t">t || </w></cl><cl><w n="33"/><w n="34"/><w n="35"/><w n="36"/><w n="37"/><w n="38"/><w n="39"/><w n="40"/><w n="41"/><w n="42"/></cl></text></TEI><TEI n="K"><text><cl><w n="0" lemma="sa"> sa</w><w n="1">tā</w><w n="2">va</w><w n="3">rī</w><w n="4">pṛ</w><w n="5">tha</w><w n="6">kpa</w><w n="7" lemma="rṇī">rṇṇī</w><w n="8">mu</w><w n="9">stā</w><w n="10">ma</w><w n="11">dhu</w><w n="12">ka</w><w n="13">pa</w><w n="14">dma</w><w n="15" lemma="kaiḥ">kaiḥ | </w></cl><cl><w n="16">sa</w><w n="17">sai</w><w n="18">ndha</w><w n="19" lemma="vaiḥ">vaiḥ </w></cl><cl><w n="20">sri</w><w n="21" lemma="taṃ">taṃ </w></cl><cl><w n="22">cā</w><w n="23" lemma="pi">pi </w></cl><cl><w n="24">su</w><w n="25">kho</w><w n="26" lemma="ṣṇaṃ">ṣṇam </w></cl><cl><w n="27">a</w><w n="28">va</w><w n="29">cā</w><w n="30">ra</w><w n="31">ye</w><w n="32" lemma="t">t || </w></cl><cl><w n="33"/><w n="34"/><w n="35"/><w n="36"/><w n="37"/><w n="38"/><w n="39"/><w n="40"/><w n="41"/><w n="42"/></cl></text></TEI><TEI n="A"><text><cl><w n="0" lemma="śa"> śa</w><w n="1">tā</w><w n="2">va</w><w n="3">rī</w><w n="4">pṛ</w><w n="5">tha</w><w n="6">kpa</w><w n="7">rṇī</w><w n="8">mu</w><w n="9">stā</w><w n="10">ma</w><w n="11">la</w><w n="12">ka</w><w n="13">pa</w><w n="14">dma</w><w n="15" lemma="kaiḥ">kaiḥ | </w></cl><cl><w n="16">sā</w><w n="17">ja</w><w n="18">kṣī</w><w n="19" lemma="raiḥ">raiḥ </w></cl><cl><w n="20">śṛ</w><w n="21" lemma="taṃ">taṃ </w></cl><cl><w n="22"/><w n="23"/></cl><cl><w n="24"/><w n="25"/><w n="26"/></cl><cl><w n="27"/><w n="28"/><w n="29"/><w n="30"/><w n="31"/><w n="32"/></cl><cl><w n="33">sa</w><w n="34" lemma="rpiḥ">rpir </w><w n="35">dā</w><w n="36">ha</w><w n="37">śū</w><w n="38">la</w><w n="39">ni</w><w n="40">ba</w><w n="41">rha</w><w n="42" lemma="ṇaṃ">ṇam || </w></cl></text></TEI><TEI n="NE"><text><cl><w n="0" lemma="śa"> śa</w><w n="1">tā</w><w n="2">va</w><w n="3">rī</w><w n="4">pṛ</w><w n="5">tha</w><w n="6">kpa</w><w n="7">rṇī</w><w n="8">mu</w><w n="9">stā</w><w n="10">ma</w><w n="11">dhu</w><w n="12">ka</w><w n="13">pa</w><w n="14">dma</w><w n="15" lemma="kaiḥ">kaiḥ ||75|| </w></cl><cl><w n="16">sa</w><w n="17">sai</w><w n="18">ndha</w><w n="19" lemma="vaiḥ">vaiḥ </w></cl><cl><w n="20">śri</w><w n="21" lemma="taṃ">taṃ </w></cl><cl><w n="22">cā</w><w n="23" lemma="pi">pi </w></cl><cl><w n="24">su</w><w n="25">kho</w><w n="26" lemma="ṣṇaṃ">ṣṇam </w></cl><cl><w n="27">a</w><w n="28">va</w><w n="29">cā</w><w n="30">ra</w><w n="31">ye</w><w n="32" lemma="t">t | </w></cl><cl><w n="33"/><w n="34"/><w n="35"/><w n="36"/><w n="37"/><w n="38"/><w n="39"/><w n="40"/><w n="41"/><w n="42"/></cl></text></TEI></teiCorpus>