<?xml version="1.0" encoding="UTF-8"?>
<teiCorpus xmlns="http://www.tei-c.org/ns/1.0" xml:lang="sa-Latn">
  <teiHeader>
<listWit>
<witness xml:id="A" source="06-ut-vulgate-1938-1-30.xml">
<abbr>A</abbr>
<expan>Printed edition: Ācārya 1938: Uttaratantra 1-30</expan>
</witness>
<witness xml:id="K" source="kl_699_uttaratantra-1-30.xml">
<abbr>K</abbr>
<expan>MSS Kathmandu KL 699: Uttaratantra</expan>
<listWit>
<witness xml:id="Kac" n="ac">
<abbr>Kac</abbr>
<expan>MSS Kathmandu KL 699: Uttaratantra [ante correctionem]</expan>
</witness>
<witness xml:id="Kpc" n="pc">
<abbr type="siglum">Kpc</abbr>
<expan>MSS Kathmandu KL 699: Uttaratantra [post correctionem]</expan>
</witness>
</listWit>
</witness>
<witness xml:id="H" source="nak_5-333_uttaratantra-1-30.xml">
<abbr>H</abbr>
<expan>MS Kathmandu NAK 5-333, Uttaratantra</expan>
<listWit>
<witness xml:id="Hac" n="ac">
<abbr>Hac</abbr>
<expan>MS Kathmandu NAK 5-333, Uttaratantra [ante correctionem]</expan>
</witness>
<witness xml:id="Hpc" n="pc">
<abbr type="siglum">Hpc</abbr>
<expan>MS Kathmandu NAK 5-333, Uttaratantra [post correctionem]</expan>
</witness>
</listWit>
</witness>
<witness xml:id="NE" source="provisional-edition_uttaratantra-1-30.xml">
<abbr>NE</abbr>
<expan>The Nepalese Version of the Suśrutasaṃhitā, uttaratantra 1-30, based on the
                    Nepalese MSS</expan>
</witness>
</listWit>
    <encodingDesc>
      <editorialDecl>
        <segmentation>
          <ab type="tokenization">aksara</ab>
          <ab type="blockid">SS.6.19.9ab</ab>
          <ab type="targetedition">NE</ab>
          <ab type="scoring">
            <ab type="match">1</ab>
            <ab type="mismatch">-1</ab>
            <ab type="gapopen">-2</ab>
            <ab type="gapextend">-0.25</ab>
            <ab type="recursive">true</ab>
            <ab type="realigndepth">20</ab>
            <ab type="distancefunction">ngrams</ab>
            
          </ab>
        </segmentation>
        <normalization method="markup">
<ab>ignore punctuation</ab>
<ab>candrabindu as anusvāra</ab>
<ab>geminated aspirated consonants</ab>
<ab>geminated m after h</ab>
<ab>geminated t</ab>
<ab>geminated consonants after r</ab>
<ab>final nasal variants</ab>
<ab>internal nasal variants</ab>
<ab>final anusvāra variants</ab>
<ab>visarga aḥ before voiced consonants</ab>
<ab>visarga aḥ before vowels</ab>
<ab>visarga aḥ before unvoiced consonants and space + anusvāra</ab>
<ab>visarga āḥ variants</ab>
<ab>other visarga variants</ab>
<ab>superfluous avagrahas</ab>
<ab>double avagrahas</ab>
<ab>avagrahas to short a</ab>
<ab>internal visarga variants</ab>
<ab>final au/āv</ab>
<ab>final su</ab>
<ab>final i</ab>
<ab>kcch/kś</ab>
<ab>cś/tś</ab>
<ab>cch/ch</ab>
<ab>final t + hi</ab>
<ab>final t + voiced syllable</ab>
<ab>final t + n/m</ab>
<ab>final t + c/j</ab>
<ab>i/y + vowel</ab>
<ab>bhd for bdh</ab>
<ab>remove spaces</ab>
        </normalization>
        <ab type="tagfilters">
<tag subtype="ignore">pc</tag>
<tag subtype="ignore">head</tag>
<tag subtype="ignore">label</tag>
<tag subtype="ignore">note</tag>
<tag subtype="ignore">num</tag>
<tag subtype="ignore">locus</tag>
<tag subtype="ignore">supplied</tag>
<tag subtype="ignore">surplus</tag>
        </ab>
      </editorialDecl>
    </encodingDesc>
    <xenoData>
      <stemma format="nexml" id="stemma0"><nex:nexml xmlns:nex="http://www.nexml.org/2009" version="0.9"><nex:otus id="otus1"><nex:otu id="otu0" label="A"/><nex:otu id="otu1" label="H"/><nex:otu id="otu2" label="Kpc"/><nex:otu id="otu3" label="NE"/><nex:otu id="otu4" label="Kac"/></nex:otus><nex:trees otus="otus1" id="trees1"><nex:tree id="guidetree" label="guidetree" xsi:type="nex:FloatTree" xmlns:xsi="http://www.w3.org/2001/XMLSchema-instance"><nex:node id="f481a8d7-1f9a-4e0d-9fe8-80d0ff07b8a3" root="true"/><nex:node id="e8b4c40d-4e97-4f9c-999a-efb7a866e9ab"/><nex:node id="efd69e3c-b355-4fde-8a1f-91eac3353e39" label="A" otu="otu2"/><nex:node id="5c49f4d9-1a1c-4588-be63-3df249a4e1cd" label="H" otu="otu3"/><nex:node id="e76e6118-da82-48bd-9c38-ce912990fbba"/><nex:node id="97c681fe-bb6e-4530-8722-13ccba9f683d"/><nex:node id="63d74f7c-ae2b-45e5-8128-66fa89a26314" label="Kpc" otu="otu6"/><nex:node id="dc386bda-c0d4-4809-8a1e-6a70c355bb73" label="NE" otu="otu7"/><nex:node id="59a8f9cc-bffe-4533-a4c2-a0faaff57f97" label="Kac" otu="otu8"/><nex:edge source="f481a8d7-1f9a-4e0d-9fe8-80d0ff07b8a3" target="e8b4c40d-4e97-4f9c-999a-efb7a866e9ab" id="edge0" length="0.09263867846122498"/><nex:edge source="f481a8d7-1f9a-4e0d-9fe8-80d0ff07b8a3" target="e76e6118-da82-48bd-9c38-ce912990fbba" id="edge1" length="0.09263867846122498"/><nex:edge source="e8b4c40d-4e97-4f9c-999a-efb7a866e9ab" target="efd69e3c-b355-4fde-8a1f-91eac3353e39" id="edge2" length="0.5094651233135412"/><nex:edge source="e8b4c40d-4e97-4f9c-999a-efb7a866e9ab" target="5c49f4d9-1a1c-4588-be63-3df249a4e1cd" id="edge3" length="0.4331698524570119"/><nex:edge source="e76e6118-da82-48bd-9c38-ce912990fbba" target="97c681fe-bb6e-4530-8722-13ccba9f683d" id="edge4" length="0.013840648233548247"/><nex:edge source="e76e6118-da82-48bd-9c38-ce912990fbba" target="59a8f9cc-bffe-4533-a4c2-a0faaff57f97" id="edge5" length="0.5790159450212593"/><nex:edge source="97c681fe-bb6e-4530-8722-13ccba9f683d" target="63d74f7c-ae2b-45e5-8128-66fa89a26314" id="edge6" length="0"/><nex:edge source="97c681fe-bb6e-4530-8722-13ccba9f683d" target="dc386bda-c0d4-4809-8a1e-6a70c355bb73" id="edge7" length="0"/></nex:tree></nex:trees></nex:nexml></stemma>
    </xenoData>
  </teiHeader>
<TEI n="A"><text><cl><w n="0" lemma="sta"> sta</w><w n="1">nya</w><w n="2">pra</w><w n="3">ko</w><w n="4">pa</w><w n="5">ka</w><w n="6">pha</w><w n="7">mā</w></cl><cl><w n="8">ru</w><w n="9">ta</w><w n="10">pi</w><w n="11" lemma="ta">tta</w><w n="12">ra</w><w n="13">ktai</w><w n="14"/><w n="15"/><w n="16">rba</w><w n="17">lā</w><w n="18">kṣi</w><w n="19">va</w><w n="20"/><w n="21">rtma</w><w n="22">bha</w><w n="23" lemma="va">va </w></cl><cl><w n="24">e</w><w n="25" lemma="va">va </w></cl><cl><w n="26">ku</w><w n="27">kū</w><w n="28">ṇa</w><w n="29" lemma="kaḥ">ko </w></cl><w n="30" lemma="a">'</w><cl><w n="31" lemma="nyaḥ">nyaḥ | </w></cl></text></TEI><TEI n="H"><text><cl><w n="0" lemma="sta"> sta</w><w n="1">nya</w><w n="2">pra</w><w n="3"/><w n="4">ya</w><w n="5">ja</w><w n="6">ni</w><w n="7" lemma="taḥ">taḥ </w></cl><cl><w n="8">ka</w><w n="9">pha</w><w n="10"/><w n="11"/><w n="12">ra</w><w n="13">kta</w><w n="14">do</w><w n="15" lemma="ṣā">ṣā,</w><w n="16" lemma="tbā">d bā</w><w n="17">lā</w><w n="18">kṣi</w><w n="19">va</w><w n="20" lemma="rtṃ">rtm</w><w n="21">ma</w><w n="22">bha</w><w n="23" lemma="va">va </w></cl><cl><w n="24">e</w><w n="25" lemma="va">va </w></cl><cl><w n="26">ku</w><w n="27">kū</w><w n="28">ṇa</w><w n="29" lemma="kaḥ">ko </w></cl><w n="30" lemma="nyaḥ">nyaḥ || </w><cl><w n="31"/></cl></text></TEI><TEI n="Kpc"><text><cl><w n="0" lemma="sta"> sta</w><w n="1">nya</w><w n="2">pra</w><w n="3">do</w><w n="4">ṣa</w><w n="5">ja</w><w n="6">ni</w><w n="7" lemma="taḥ">taḥ </w></cl><cl><w n="8">ka</w><w n="9">pha</w><w n="10"/><w n="11"/><w n="12">ra</w><w n="13">kta</w><w n="14">do</w><w n="15">ṣā</w><w n="16" lemma="tbā">d | bā</w><w n="17">lā</w><w n="18">kṣi</w><w n="19">va</w><w n="20"/><w n="21">rtma</w><w n="22">bha</w><w n="23" lemma="ya">ya </w></cl><cl><w n="24">e</w><w n="25" lemma="va">va </w></cl><cl><w n="26">ku</w><w n="27">kū</w><w n="28">ṇa</w><w n="29" lemma="kaḥ">ko </w></cl><w n="30" lemma="nyaḥ">nyas </w><cl><w n="31"/></cl></text></TEI><TEI n="NE"><text><cl><w n="0" lemma="sta"> sta</w><w n="1">nya</w><w n="2">pra</w><w n="3">do</w><w n="4">ṣa</w><w n="5">ja</w><w n="6">ni</w><w n="7" lemma="taḥ">taḥ </w></cl><cl><w n="8">ka</w><w n="9">pha</w><w n="10"/><w n="11"/><w n="12">ra</w><w n="13">kta</w><w n="14">do</w><w n="15">ṣā</w><w n="16" lemma="tbā">d | bā</w><w n="17">lā</w><w n="18">kṣi</w><w n="19">va</w><w n="20"/><w n="21">rtma</w><w n="22">bha</w><w n="23" lemma="ya">ya </w></cl><cl><w n="24">e</w><w n="25" lemma="va">va </w></cl><cl><w n="26">ku</w><w n="27">kū</w><w n="28">ṇa</w><w n="29" lemma="kaḥ">ko </w></cl><w n="30" lemma="nyaḥ">nyas </w><cl><w n="31"/></cl></text></TEI><TEI n="Kac"><text><cl><w n="0" lemma="sta"> sta</w><w n="1">nya</w><w n="2">pra</w><w n="3">do</w><w n="4">ṣa</w><w n="5">ja</w><w n="6">ni</w><w n="7" lemma="taḥ">taḥ </w></cl><cl><w n="8">ka</w><w n="9">pha</w><w n="10"/><w n="11"/><w n="12">ra</w><w n="13">kta</w><w n="14">do</w><w n="15">ṣā</w><w n="16" lemma="tblā">d | blā</w><w n="17"/><w n="18">kṣi</w><w n="19">va</w><w n="20"/><w n="21">rtma</w><w n="22">bha</w><w n="23" lemma="ya">ya </w></cl><cl><w n="24">e</w><w n="25" lemma="va">va </w></cl><cl><w n="26">ku</w><w n="27">kū</w><w n="28">ṇa</w><w n="29" lemma="kaḥ">ko </w></cl><w n="30" lemma="nyaḥ">nyas </w><cl><w n="31"/></cl></text></TEI></teiCorpus>