<?xml version="1.0" encoding="UTF-8"?>
<teiCorpus xmlns="http://www.tei-c.org/ns/1.0" xml:lang="sa-Latn">
  <teiHeader>
<listWit>
<witness xml:id="A" source="06-ut-vulgate-1938-1-30.xml">
<abbr>A</abbr>
<expan>Printed edition: Ācārya 1938: Uttaratantra 1-30</expan>
</witness>
<witness xml:id="K" source="kl_699_uttaratantra-1-30.xml">
<abbr>K</abbr>
<expan>MSS Kathmandu KL 699: Uttaratantra</expan>
<listWit>
<witness xml:id="Kac" n="ac">
<abbr>Kac</abbr>
<expan>MSS Kathmandu KL 699: Uttaratantra [ante correctionem]</expan>
</witness>
<witness xml:id="Kpc" n="pc">
<abbr type="siglum">Kpc</abbr>
<expan>MSS Kathmandu KL 699: Uttaratantra [post correctionem]</expan>
</witness>
</listWit>
</witness>
<witness xml:id="H" source="nak_5-333_uttaratantra-1-30.xml">
<abbr>H</abbr>
<expan>MS Kathmandu NAK 5-333, Uttaratantra</expan>
<listWit>
<witness xml:id="Hac" n="ac">
<abbr>Hac</abbr>
<expan>MS Kathmandu NAK 5-333, Uttaratantra [ante correctionem]</expan>
</witness>
<witness xml:id="Hpc" n="pc">
<abbr type="siglum">Hpc</abbr>
<expan>MS Kathmandu NAK 5-333, Uttaratantra [post correctionem]</expan>
</witness>
</listWit>
</witness>
<witness xml:id="NE" source="provisional-edition_uttaratantra-1-30.xml">
<abbr>NE</abbr>
<expan>The Nepalese Version of the Suśrutasaṃhitā, uttaratantra 1-30, based on the
                    Nepalese MSS</expan>
</witness>
</listWit>
    <encodingDesc>
      <editorialDecl>
        <segmentation>
          <ab type="tokenization">aksara</ab>
          <ab type="blockid">SS.6.17.89</ab>
          <ab type="targetedition">NE</ab>
          <ab type="scoring">
            <ab type="match">1</ab>
            <ab type="mismatch">-1</ab>
            <ab type="gapopen">-2</ab>
            <ab type="gapextend">-0.25</ab>
            <ab type="recursive">true</ab>
            <ab type="realigndepth">20</ab>
            <ab type="distancefunction">ngrams</ab>
            
          </ab>
        </segmentation>
        <normalization method="markup">
<ab>ignore punctuation</ab>
<ab>candrabindu as anusvāra</ab>
<ab>geminated aspirated consonants</ab>
<ab>geminated m after h</ab>
<ab>geminated t</ab>
<ab>geminated consonants after r</ab>
<ab>final nasal variants</ab>
<ab>internal nasal variants</ab>
<ab>final anusvāra variants</ab>
<ab>visarga aḥ before voiced consonants</ab>
<ab>visarga aḥ before vowels</ab>
<ab>visarga aḥ before unvoiced consonants and space + anusvāra</ab>
<ab>visarga āḥ variants</ab>
<ab>other visarga variants</ab>
<ab>superfluous avagrahas</ab>
<ab>double avagrahas</ab>
<ab>avagrahas to short a</ab>
<ab>internal visarga variants</ab>
<ab>final au/āv</ab>
<ab>final su</ab>
<ab>final i</ab>
<ab>kcch/kś</ab>
<ab>cś/tś</ab>
<ab>cch/ch</ab>
<ab>final t + hi</ab>
<ab>final t + voiced syllable</ab>
<ab>final t + n/m</ab>
<ab>final t + c/j</ab>
<ab>i/y + vowel</ab>
<ab>bhd for bdh</ab>
<ab>remove spaces</ab>
        </normalization>
        <ab type="tagfilters">
<tag subtype="ignore">pc</tag>
<tag subtype="ignore">head</tag>
<tag subtype="ignore">label</tag>
<tag subtype="ignore">note</tag>
<tag subtype="ignore">num</tag>
<tag subtype="ignore">locus</tag>
<tag subtype="ignore">supplied</tag>
<tag subtype="ignore">surplus</tag>
        </ab>
      </editorialDecl>
    </encodingDesc>
    <xenoData>
      <stemma format="nexml" id="stemma0"><nex:nexml xmlns:nex="http://www.nexml.org/2009" version="0.9"><nex:otus id="otus1"><nex:otu id="otu0" label="H"/><nex:otu id="otu1" label="K"/><nex:otu id="otu2" label="A"/><nex:otu id="otu3" label="NE"/></nex:otus><nex:trees otus="otus1" id="trees1"><nex:tree id="guidetree" label="guidetree" xsi:type="nex:FloatTree" xmlns:xsi="http://www.w3.org/2001/XMLSchema-instance"><nex:node id="9474ff9b-0a11-4caa-82e0-1b7b90cbfaf5" root="true"/><nex:node id="c78aa1e3-2661-4e16-a7aa-f93e5670fcdf"/><nex:node id="664f1778-1a74-40ec-b0da-ef037251e508" label="H" otu="otu2"/><nex:node id="56d86515-39a6-4e0b-ba33-ecc335142605" label="K" otu="otu3"/><nex:node id="cbb68608-7abb-4ee9-8e98-9b0e54a86a8d"/><nex:node id="1aef2f97-cb0e-435b-8271-a1f335fd0f9a" label="A" otu="otu5"/><nex:node id="50494ed3-d3dd-4c6e-b445-f0f3c902079f" label="NE" otu="otu6"/><nex:edge source="9474ff9b-0a11-4caa-82e0-1b7b90cbfaf5" target="c78aa1e3-2661-4e16-a7aa-f93e5670fcdf" id="edge0" length="0.19466936383946853"/><nex:edge source="9474ff9b-0a11-4caa-82e0-1b7b90cbfaf5" target="cbb68608-7abb-4ee9-8e98-9b0e54a86a8d" id="edge1" length="0.19466936383946853"/><nex:edge source="c78aa1e3-2661-4e16-a7aa-f93e5670fcdf" target="664f1778-1a74-40ec-b0da-ef037251e508" id="edge2" length="0"/><nex:edge source="c78aa1e3-2661-4e16-a7aa-f93e5670fcdf" target="56d86515-39a6-4e0b-ba33-ecc335142605" id="edge3" length="0"/><nex:edge source="cbb68608-7abb-4ee9-8e98-9b0e54a86a8d" target="1aef2f97-cb0e-435b-8271-a1f335fd0f9a" id="edge4" length="0.6106612723210628"/><nex:edge source="cbb68608-7abb-4ee9-8e98-9b0e54a86a8d" target="50494ed3-d3dd-4c6e-b445-f0f3c902079f" id="edge5" length="0.20271899444843944"/></nex:tree></nex:trees></nex:nexml></stemma>
    </xenoData>
  </teiHeader>
<TEI n="H"><text><cl><w n="0">mā</w><w n="1">tu</w><w n="2" lemma="luṃ">luṅ</w><w n="3">ga</w><w n="4">ra</w><w n="5">so</w><w n="6">pe</w><w n="7" lemma="taḥ">taḥ </w></cl><cl><w n="8">sa</w><w n="9"/><w n="10"/><w n="11" lemma="dyaḥ">dyaḥ </w></cl><cl><w n="12">śa</w><w n="13" lemma="rmā">rmmā</w><w n="14">rthi</w><w n="15" lemma="ne">ne </w></cl><cl><w n="16">hi</w><w n="17" lemma="taḥ">taḥ || </w></cl><cl><w n="18"/><w n="19">pa</w><w n="20">ya</w><w n="21">syā</w><w n="22">sā</w><w n="23">ri</w><w n="24">vā</w><w n="25">pa</w><w n="26">tra</w><w n="27" lemma="maṃ">mañ</w><w n="28">ji</w><w n="29">ṣṭhā</w><w n="30">ma</w><w n="31">dhu</w><w n="32" lemma="kaiḥ">kair </w></cl><cl><w n="33">a</w><w n="34" lemma="pi">pi || </w></cl></text></TEI><TEI n="K"><text><cl><w n="0">mā</w><w n="1">tu</w><w n="2" lemma="luṃ">luṅ</w><w n="3">ga</w><w n="4">ra</w><w n="5">so</w><w n="6">pe</w><w n="7" lemma="taḥ">taḥ </w></cl><cl><w n="8">sa</w><w n="9"/><w n="10"/><w n="11" lemma="dyaḥ">dyaḥ </w></cl><cl><w n="12">śa</w><w n="13">rmā</w><w n="14">rthi</w><w n="15" lemma="ne">ne </w></cl><cl><w n="16">hi</w><w n="17" lemma="taḥ">taḥ || </w></cl><cl><w n="18"/><w n="19">pa</w><w n="20">ya</w><w n="21">syā</w><w n="22">sā</w><w n="23">ri</w><w n="24">vā</w><w n="25">pa</w><w n="26">tra</w><w n="27" lemma="maṃ">mañ</w><w n="28">ji</w><w n="29">ṣṭhā</w><w n="30">ma</w><w n="31">dhu</w><w n="32" lemma="kaiḥ">kair </w></cl><cl><w n="33">a</w><w n="34" lemma="pi">pi || </w></cl></text></TEI><TEI n="A"><text><cl><w n="0" lemma="mā"> mā</w><w n="1">tu</w><w n="2" lemma="luṃ">luṅ</w><w n="3">ga</w><w n="4">ra</w><w n="5">so</w><w n="6">pe</w><w n="7" lemma="taiḥ">taiḥ </w></cl><cl><w n="8">su</w><w n="9">khā</w><w n="10">le</w><w n="11">pa</w></cl><cl><w n="12">sta</w><w n="13">da</w><w n="14">rtha</w><w n="15"/></cl><cl><w n="16"/><w n="17"/></cl><cl><w n="18">kṛ</w><w n="19" lemma="tpa">t | pa</w><w n="20">ya</w><w n="21">syā</w><w n="22">śā</w><w n="23">ri</w><w n="24">vā</w><w n="25">pa</w><w n="26">tra</w><w n="27" lemma="maṃ">mañ</w><w n="28">ji</w><w n="29">ṣṭhā</w><w n="30">ma</w><w n="31">dhu</w><w n="32" lemma="kaiḥ">kair </w></cl><cl><w n="33">a</w><w n="34" lemma="pi">pi || </w></cl></text></TEI><TEI n="NE"><text><cl><w n="0" lemma="mā"> mā</w><w n="1">tu</w><w n="2" lemma="luṃ">luṅ</w><w n="3">ga</w><w n="4">ra</w><w n="5">so</w><w n="6">pe</w><w n="7" lemma="taḥ">taḥ </w></cl><cl><w n="8">sa</w><w n="9"/><w n="10"/><w n="11" lemma="dyaḥ">dyaḥ </w></cl><cl><w n="12">śa</w><w n="13">rmā</w><w n="14">rthi</w><w n="15" lemma="ne">ne </w></cl><cl><w n="16">hi</w><w n="17" lemma="taḥ">taḥ ||71|| </w></cl><cl><w n="18"/><w n="19">pa</w><w n="20">ya</w><w n="21">syā</w><w n="22">śā</w><w n="23">ri</w><w n="24">vā</w><w n="25">pa</w><w n="26">tra</w><w n="27" lemma="maṃ">mañ</w><w n="28">ji</w><w n="29">ṣṭhā</w><w n="30">ma</w><w n="31">dhu</w><w n="32" lemma="kaiḥ">kair </w></cl><cl><w n="33">a</w><w n="34" lemma="pi">pi | </w></cl></text></TEI></teiCorpus>