<?xml version="1.0" encoding="UTF-8"?>
<teiCorpus xmlns="http://www.tei-c.org/ns/1.0" xml:lang="sa-Latn">
  <teiHeader>
<listWit>
<witness xml:id="A" source="06-ut-vulgate-1938-1-30.xml">
<abbr>A</abbr>
<expan>Printed edition: Ācārya 1938: Uttaratantra 1-30</expan>
</witness>
<witness xml:id="K" source="kl_699_uttaratantra-1-30.xml">
<abbr>K</abbr>
<expan>MSS Kathmandu KL 699: Uttaratantra</expan>
<listWit>
<witness xml:id="Kac" n="ac">
<abbr>Kac</abbr>
<expan>MSS Kathmandu KL 699: Uttaratantra [ante correctionem]</expan>
</witness>
<witness xml:id="Kpc" n="pc">
<abbr type="siglum">Kpc</abbr>
<expan>MSS Kathmandu KL 699: Uttaratantra [post correctionem]</expan>
</witness>
</listWit>
</witness>
<witness xml:id="H" source="nak_5-333_uttaratantra-1-30.xml">
<abbr>H</abbr>
<expan>MS Kathmandu NAK 5-333, Uttaratantra</expan>
<listWit>
<witness xml:id="Hac" n="ac">
<abbr>Hac</abbr>
<expan>MS Kathmandu NAK 5-333, Uttaratantra [ante correctionem]</expan>
</witness>
<witness xml:id="Hpc" n="pc">
<abbr type="siglum">Hpc</abbr>
<expan>MS Kathmandu NAK 5-333, Uttaratantra [post correctionem]</expan>
</witness>
</listWit>
</witness>
<witness xml:id="NE" source="provisional-edition_uttaratantra-1-30.xml">
<abbr>NE</abbr>
<expan>The Nepalese Version of the Suśrutasaṃhitā, uttaratantra 1-30, based on the
                    Nepalese MSS</expan>
</witness>
</listWit>
    <encodingDesc>
      <editorialDecl>
        <segmentation>
          <ab type="tokenization">aksara</ab>
          <ab type="blockid">SS.6.2.trailer</ab>
          <ab type="targetedition">NE</ab>
          <ab type="scoring">
            <ab type="match">1</ab>
            <ab type="mismatch">-1</ab>
            <ab type="gapopen">-2</ab>
            <ab type="gapextend">-0.25</ab>
            <ab type="recursive">true</ab>
            <ab type="realigndepth">20</ab>
            <ab type="distancefunction">ngrams</ab>
            
          </ab>
        </segmentation>
        <normalization method="markup">
<ab>ignore punctuation</ab>
<ab>candrabindu as anusvāra</ab>
<ab>geminated aspirated consonants</ab>
<ab>geminated m after h</ab>
<ab>geminated t</ab>
<ab>geminated consonants after r</ab>
<ab>final nasal variants</ab>
<ab>internal nasal variants</ab>
<ab>final anusvāra variants</ab>
<ab>visarga aḥ before voiced consonants</ab>
<ab>visarga aḥ before vowels</ab>
<ab>visarga aḥ before unvoiced consonants and space + anusvāra</ab>
<ab>visarga āḥ variants</ab>
<ab>other visarga variants</ab>
<ab>superfluous avagrahas</ab>
<ab>double avagrahas</ab>
<ab>avagrahas to short a</ab>
<ab>internal visarga variants</ab>
<ab>final au/āv</ab>
<ab>final su</ab>
<ab>final i</ab>
<ab>kcch/kś</ab>
<ab>cś/tś</ab>
<ab>cch/ch</ab>
<ab>final t + hi</ab>
<ab>final t + voiced syllable</ab>
<ab>final t + n/m</ab>
<ab>final t + c/j</ab>
<ab>i/y + vowel</ab>
<ab>bhd for bdh</ab>
<ab>remove spaces</ab>
        </normalization>
        <ab type="tagfilters">
<tag subtype="ignore">pc</tag>
<tag subtype="ignore">head</tag>
<tag subtype="ignore">label</tag>
<tag subtype="ignore">note</tag>
<tag subtype="ignore">num</tag>
<tag subtype="ignore">locus</tag>
<tag subtype="ignore">supplied</tag>
<tag subtype="ignore">surplus</tag>
        </ab>
      </editorialDecl>
    </encodingDesc>
    <xenoData>
      <stemma format="nexml" id="stemma0"><nex:nexml xmlns:nex="http://www.nexml.org/2009" version="0.9"><nex:otus id="otus1"><nex:otu id="otu0" label="K"/><nex:otu id="otu1" label="A"/><nex:otu id="otu2" label="H"/><nex:otu id="otu3" label="NE"/></nex:otus><nex:trees otus="otus1" id="trees1"><nex:tree id="guidetree" label="guidetree" xsi:type="nex:FloatTree" xmlns:xsi="http://www.w3.org/2001/XMLSchema-instance"><nex:node id="f3a2e117-71c9-4ed4-86f0-30dd5acc6bcd" root="true"/><nex:node id="a5212e7b-189a-40ce-8664-e9a2036cc39e"/><nex:node id="68f440a7-cd0f-44c1-b10f-515c748be237" label="K" otu="otu2"/><nex:node id="2cfd3319-bb00-40fc-97a3-22ae946dd087" label="A" otu="otu3"/><nex:node id="28c2a3e1-9f89-4b94-9368-2c7d82ecadef"/><nex:node id="a6a064cd-c652-4c03-967f-6c0d5d21ede4" label="H" otu="otu5"/><nex:node id="1b055720-969a-4ebf-9b16-054f5be93efd" label="NE" otu="otu6"/><nex:edge source="f3a2e117-71c9-4ed4-86f0-30dd5acc6bcd" target="a5212e7b-189a-40ce-8664-e9a2036cc39e" id="edge0" length="0.24538954829184934"/><nex:edge source="f3a2e117-71c9-4ed4-86f0-30dd5acc6bcd" target="28c2a3e1-9f89-4b94-9368-2c7d82ecadef" id="edge1" length="0.24538954829184934"/><nex:edge source="a5212e7b-189a-40ce-8664-e9a2036cc39e" target="68f440a7-cd0f-44c1-b10f-515c748be237" id="edge2" length="0.5092209034163013"/><nex:edge source="a5212e7b-189a-40ce-8664-e9a2036cc39e" target="2cfd3319-bb00-40fc-97a3-22ae946dd087" id="edge3" length="0.49077909658369867"/><nex:edge source="28c2a3e1-9f89-4b94-9368-2c7d82ecadef" target="a6a064cd-c652-4c03-967f-6c0d5d21ede4" id="edge4" length="0"/><nex:edge source="28c2a3e1-9f89-4b94-9368-2c7d82ecadef" target="1b055720-969a-4ebf-9b16-054f5be93efd" id="edge5" length="0"/></nex:tree></nex:trees></nex:nexml></stemma>
    </xenoData>
  </teiHeader>
<TEI n="K"><text><w n="0" lemma=""> || </w><cl><w n="1"/><w n="2"/><w n="3"/><w n="4"/><w n="5"/><w n="6"/><w n="7"/><w n="8"/><w n="9"/><w n="10"/><w n="11"/><w n="12"/><w n="13"/><w n="14"/><w n="15"/><w n="16"/><w n="17"/><w n="18"/><w n="19"/><w n="20"/><w n="21"/><w n="22"/><w n="23">śā</w><w n="24">lā</w><w n="25" lemma="kye">kye 2 || </w></cl><cl><w n="26"/><w n="27"/><w n="28"/></cl><cl><w n="29"/><w n="30"/><w n="31"/></cl></text></TEI><TEI n="A"><text><w n="0">i</w><cl><w n="1" lemma="ti">ti </w><w n="2">su</w><w n="3">śru</w><w n="4">ta</w><w n="5">saṃ</w><w n="6">hi</w><w n="7">tā</w><w n="8" lemma="yāṃ">yām </w><w n="9">u</w><w n="10">tta</w><w n="11">ra</w><w n="12" lemma="taṃ">tan</w><w n="13" lemma="tre">tre </w><w n="14">sa</w><w n="15">ndhi</w><w n="16">ga</w><w n="17">ta</w><w n="18">ro</w><w n="19">ga</w><w n="20">vi</w><w n="21">jñā</w><w n="22">nī</w><w n="23" lemma="yaḥ">yo </w><w n="24">nā</w><w n="25" lemma="ma">ma </w></cl><cl><w n="26">dvi</w><w n="27">tī</w><w n="28" lemma="yaḥ">yo </w></cl><cl><w n="29" lemma="a">'</w><w n="30">dhyā</w><w n="31" lemma="yaḥ">yaḥ ||2 ||</w></cl></text></TEI><TEI n="H"><text><w n="0" lemma=""> || </w><cl><w n="1"/><w n="2"/><w n="3"/><w n="4"/><w n="5"/><w n="6"/><w n="7"/><w n="8"/><w n="9"/><w n="10"/><w n="11"/><w n="12"/><w n="13"/><w n="14"/><w n="15"/><w n="16"/><w n="17"/><w n="18"/><w n="19"/><w n="20"/><w n="21"/><w n="22"/><w n="23">śā</w><w n="24">lā</w><w n="25" lemma="kye">kye </w></cl><cl><w n="26">dvi</w><w n="27">tī</w><w n="28" lemma="yaḥ">yo </w></cl><cl><w n="29" lemma="a">'</w><w n="30">dhyā</w><w n="31" lemma="yaḥ❈">yaḥ || ❈ || </w></cl></text></TEI><TEI n="NE"><text><w n="0" lemma=""> || </w><cl><w n="1"/><w n="2"/><w n="3"/><w n="4"/><w n="5"/><w n="6"/><w n="7"/><w n="8"/><w n="9"/><w n="10"/><w n="11"/><w n="12"/><w n="13"/><w n="14"/><w n="15"/><w n="16"/><w n="17"/><w n="18"/><w n="19"/><w n="20"/><w n="21"/><w n="22"/><w n="23">śā</w><w n="24">lā</w><w n="25" lemma="kye">kye </w></cl><cl><w n="26">dvi</w><w n="27">tī</w><w n="28" lemma="yaḥ">yo </w></cl><cl><w n="29" lemma="a">'</w><w n="30">dhyā</w><w n="31" lemma="yaḥ">yaḥ || </w></cl></text></TEI></teiCorpus>