<?xml version="1.0" encoding="UTF-8"?>
<teiCorpus xmlns="http://www.tei-c.org/ns/1.0" xml:lang="sa-Latn">
  <teiHeader>
<listWit>
<witness xml:id="A" source="06-ut-vulgate-1938-1-30.xml">
<abbr>A</abbr>
<expan>Printed edition: Ācārya 1938: Uttaratantra 1-30</expan>
</witness>
<witness xml:id="K" source="kl_699_uttaratantra-1-30.xml">
<abbr>K</abbr>
<expan>MSS Kathmandu KL 699: Uttaratantra</expan>
<listWit>
<witness xml:id="Kac" n="ac">
<abbr>Kac</abbr>
<expan>MSS Kathmandu KL 699: Uttaratantra [ante correctionem]</expan>
</witness>
<witness xml:id="Kpc" n="pc">
<abbr type="siglum">Kpc</abbr>
<expan>MSS Kathmandu KL 699: Uttaratantra [post correctionem]</expan>
</witness>
</listWit>
</witness>
<witness xml:id="H" source="nak_5-333_uttaratantra-1-30.xml">
<abbr>H</abbr>
<expan>MS Kathmandu NAK 5-333, Uttaratantra</expan>
<listWit>
<witness xml:id="Hac" n="ac">
<abbr>Hac</abbr>
<expan>MS Kathmandu NAK 5-333, Uttaratantra [ante correctionem]</expan>
</witness>
<witness xml:id="Hpc" n="pc">
<abbr type="siglum">Hpc</abbr>
<expan>MS Kathmandu NAK 5-333, Uttaratantra [post correctionem]</expan>
</witness>
</listWit>
</witness>
<witness xml:id="NE" source="provisional-edition_uttaratantra-1-30.xml">
<abbr>NE</abbr>
<expan>The Nepalese Version of the Suśrutasaṃhitā, uttaratantra 1-30, based on the
                    Nepalese MSS</expan>
</witness>
</listWit>
    <encodingDesc>
      <editorialDecl>
        <segmentation>
          <ab type="tokenization">aksara</ab>
          <ab type="blockid">SS.6.17.31</ab>
          <ab type="targetedition">NE</ab>
          <ab type="scoring">
            <ab type="match">1</ab>
            <ab type="mismatch">-1</ab>
            <ab type="gapopen">-2</ab>
            <ab type="gapextend">-0.25</ab>
            <ab type="recursive">true</ab>
            <ab type="realigndepth">20</ab>
            <ab type="distancefunction">ngrams</ab>
            
          </ab>
        </segmentation>
        <normalization method="markup">
<ab>ignore punctuation</ab>
<ab>candrabindu as anusvāra</ab>
<ab>geminated aspirated consonants</ab>
<ab>geminated m after h</ab>
<ab>geminated t</ab>
<ab>geminated consonants after r</ab>
<ab>final nasal variants</ab>
<ab>internal nasal variants</ab>
<ab>final anusvāra variants</ab>
<ab>visarga aḥ before voiced consonants</ab>
<ab>visarga aḥ before vowels</ab>
<ab>visarga aḥ before unvoiced consonants and space + anusvāra</ab>
<ab>visarga āḥ variants</ab>
<ab>other visarga variants</ab>
<ab>superfluous avagrahas</ab>
<ab>double avagrahas</ab>
<ab>avagrahas to short a</ab>
<ab>internal visarga variants</ab>
<ab>final au/āv</ab>
<ab>final su</ab>
<ab>final i</ab>
<ab>kcch/kś</ab>
<ab>cś/tś</ab>
<ab>cch/ch</ab>
<ab>final t + hi</ab>
<ab>final t + voiced syllable</ab>
<ab>final t + n/m</ab>
<ab>final t + c/j</ab>
<ab>i/y + vowel</ab>
<ab>bhd for bdh</ab>
<ab>remove spaces</ab>
        </normalization>
        <ab type="tagfilters">
<tag subtype="ignore">pc</tag>
<tag subtype="ignore">head</tag>
<tag subtype="ignore">label</tag>
<tag subtype="ignore">note</tag>
<tag subtype="ignore">num</tag>
<tag subtype="ignore">locus</tag>
<tag subtype="ignore">supplied</tag>
<tag subtype="ignore">surplus</tag>
        </ab>
      </editorialDecl>
    </encodingDesc>
    <xenoData>
      <stemma format="nexml" id="stemma0"><nex:nexml xmlns:nex="http://www.nexml.org/2009" version="0.9"><nex:otus id="otus1"><nex:otu id="otu0" label="A"/><nex:otu id="otu1" label="H"/><nex:otu id="otu2" label="K"/><nex:otu id="otu3" label="NE"/></nex:otus><nex:trees otus="otus1" id="trees1"><nex:tree id="guidetree" label="guidetree" xsi:type="nex:FloatTree" xmlns:xsi="http://www.w3.org/2001/XMLSchema-instance"><nex:node id="fff42b85-1931-4eff-9286-55c508b5254c" root="true"/><nex:node id="9b157617-be9b-4b4c-9224-32fea7e02889"/><nex:node id="e09663d6-b83b-40e0-b603-d37857f06812" label="A" otu="otu2"/><nex:node id="944dcabe-d864-4744-96c9-1526f8d35a63" label="H" otu="otu3"/><nex:node id="f4f07b40-a5a1-4a7b-936e-56f9e2f8858e"/><nex:node id="921e0202-201d-4f11-9f76-c4e7ced4c2cb" label="K" otu="otu5"/><nex:node id="990f832e-2c26-4308-8092-c5ddf2b4e481" label="NE" otu="otu6"/><nex:edge source="fff42b85-1931-4eff-9286-55c508b5254c" target="9b157617-be9b-4b4c-9224-32fea7e02889" id="edge0" length="0.19558782758348808"/><nex:edge source="fff42b85-1931-4eff-9286-55c508b5254c" target="f4f07b40-a5a1-4a7b-936e-56f9e2f8858e" id="edge1" length="0.19558782758348808"/><nex:edge source="9b157617-be9b-4b4c-9224-32fea7e02889" target="e09663d6-b83b-40e0-b603-d37857f06812" id="edge2" length="0.5839008098589205"/><nex:edge source="9b157617-be9b-4b4c-9224-32fea7e02889" target="944dcabe-d864-4744-96c9-1526f8d35a63" id="edge3" length="0.41609919014107954"/><nex:edge source="f4f07b40-a5a1-4a7b-936e-56f9e2f8858e" target="921e0202-201d-4f11-9f76-c4e7ced4c2cb" id="edge4" length="0"/><nex:edge source="f4f07b40-a5a1-4a7b-936e-56f9e2f8858e" target="990f832e-2c26-4308-8092-c5ddf2b4e481" id="edge5" length="0"/></nex:tree></nex:trees></nex:nexml></stemma>
    </xenoData>
  </teiHeader>
<TEI n="A"><text><cl><w n="0" lemma="hi"> hi</w><w n="1" lemma="taṃ">taṃ </w><w n="2" lemma="ca">ca </w></cl><cl><w n="3">vi</w><w n="4">dyā</w><w n="5" lemma="ttri">t tri</w><w n="6">pha</w><w n="7">lā</w><w n="8">ghṛ</w><w n="9" lemma="taṃ">taṃ </w></cl><cl><w n="10">sa</w><w n="11" lemma="dā">dā </w></cl><cl><w n="12">kṛ</w><w n="13" lemma="taṃ">taṃ </w><w n="14" lemma="ca">ca </w></cl><cl><w n="15">ya</w><w n="16" lemma="tme">n me</w><w n="17">ṣa</w><w n="18">vi</w><w n="19">ṣā</w><w n="20">ṇa</w><w n="21">nā</w><w n="22">ma</w><w n="23" lemma="bhiḥ">bhiḥ | </w><w n="24">sa</w><w n="25">dā</w><w n="26">va</w></cl><cl><w n="27">li</w><w n="28">hyā</w><w n="29"/><w n="30"/><w n="31"/></cl><cl><w n="32" lemma="ttri">t tri</w><w n="33">pha</w><w n="34" lemma="lāṃ">lāṃ </w></cl><cl><w n="35">su</w><w n="36">cū</w><w n="37">rṇi</w><w n="38" lemma="tāṃ">tāṃ </w></cl><cl><w n="39">ghṛ</w><w n="40">ta</w><w n="41">pra</w><w n="42">gā</w><w n="43" lemma="ḍhāṃ">ḍhāṃ </w></cl><cl><w n="44">ti</w><w n="45">mi</w><w n="46" lemma="re">re </w><w n="47"/><w n="48"/></cl><cl><w n="49"/><w n="50"/></cl><cl><w n="51" lemma="a">'</w><w n="52" lemma="tha">tha </w><w n="53">pi</w><w n="54" lemma="ta">tta</w><w n="55" lemma="je">je || </w></cl></text></TEI><TEI n="H"><text><cl><w n="0" lemma="hi"> hi</w><w n="1" lemma="taṃ">tañ </w><w n="2" lemma="ca">ca </w></cl><cl><w n="3">vi</w><w n="4">dyā</w><w n="5" lemma="ttri">t tri</w><w n="6">pha</w><w n="7">lā</w><w n="8">ghṛ</w><w n="9" lemma="taṃ">taṃ </w></cl><cl><w n="10">sa</w><w n="11" lemma="dā">dā </w></cl><cl><w n="12">kṛ</w><w n="13" lemma="taṃ">tañ </w><w n="14" lemma="ca">ca </w></cl><cl><w n="15">ta</w><w n="16" lemma="tme">n me</w><w n="17">ṣa</w><w n="18">vi</w><w n="19">ṣā</w><w n="20">ṇa</w><w n="21"/><w n="22"/><w n="23"/><w n="24">saṃ</w><w n="25">jña</w><w n="26" lemma="yā">yā | </w></cl><cl><w n="27">li</w><w n="28">hyā</w><w n="29" lemma="tsa">t sa</w><w n="30">pā</w><w n="31" lemma="ṇaṃ">ṇaṃ </w></cl><cl><w n="32">tri</w><w n="33">pha</w><w n="34" lemma="lāṃ">lāṃ </w></cl><cl><w n="35">su</w><w n="36">cū</w><w n="37">rṇi</w><w n="38" lemma="tāṃ">tāṃ </w></cl><cl><w n="39">ghṛ</w><w n="40" lemma="taṃ">tam </w><w n="41">pra</w><w n="42">gā</w><w n="43" lemma="ḍhāṃ">ḍhān </w></cl><cl><w n="44">ti</w><w n="45">mi</w><w n="46">rā</w><w n="47">tu</w><w n="48" lemma="raḥ">ro </w></cl><cl><w n="49">na</w><w n="50" lemma="raḥ">raḥ || </w></cl><cl><w n="51"/><w n="52"/><w n="53"/><w n="54"/><w n="55"/></cl></text></TEI><TEI n="K"><text><cl><w n="0" lemma="hi"> hi</w><w n="1" lemma="taṃ">tañ </w><w n="2" lemma="ca">ca </w></cl><cl><w n="3">vi</w><w n="4">dyā</w><w n="5" lemma="ttri">t tri</w><w n="6">pha</w><w n="7">lā</w><w n="8">ghṛ</w><w n="9" lemma="taṃ">taṃ </w></cl><cl><w n="10">sa</w><w n="11" lemma="dā">dā </w></cl><cl><w n="12">kṛ</w><w n="13" lemma="taṃ">tañ </w><w n="14" lemma="ca">ca </w></cl><cl><w n="15">ta</w><w n="16" lemma="tme">n me</w><w n="17">ṣa</w><w n="18">vi</w><w n="19">ṣā</w><w n="20">ṇa</w><w n="21"/><w n="22"/><w n="23"/><w n="24" lemma="saṃ">sañ</w><w n="25">jña</w><w n="26" lemma="yā">yā | </w></cl><cl><w n="27">li</w><w n="28">he</w><w n="29" lemma="tsa">t sa</w><w n="30">pā</w><w n="31" lemma="ṇaṃ">ṇaṃ </w></cl><cl><w n="32">tri</w><w n="33">pha</w><w n="34" lemma="lāṃ">lāṃ </w></cl><cl><w n="35">su</w><w n="36">cū</w><w n="37">rṇi</w><w n="38" lemma="tāṃ">tāṃ </w></cl><cl><w n="39">ghṛ</w><w n="40">ta</w><w n="41">pra</w><w n="42">gā</w><w n="43" lemma="ḍhāṃ">ḍhān </w></cl><cl><w n="44">ti</w><w n="45">mi</w><w n="46">rā</w><w n="47">tu</w><w n="48" lemma="raḥ">ro </w></cl><cl><w n="49">na</w><w n="50" lemma="raḥ">raḥ || </w></cl><cl><w n="51"/><w n="52"/><w n="53"/><w n="54"/><w n="55"/></cl></text></TEI><TEI n="NE"><text><cl><w n="0" lemma="hi"> hi</w><w n="1" lemma="taṃ">tañ </w><w n="2" lemma="ca">ca </w></cl><cl><w n="3">vi</w><w n="4">dyā</w><w n="5" lemma="ttri">t tri</w><w n="6">pha</w><w n="7">lā</w><w n="8">ghṛ</w><w n="9" lemma="taṃ">taṃ </w></cl><cl><w n="10">sa</w><w n="11" lemma="dā">dā </w></cl><cl><w n="12">kṛ</w><w n="13" lemma="taṃ">tañ </w><w n="14" lemma="ca">ca </w></cl><cl><w n="15">ta</w><w n="16" lemma="tme">n me</w><w n="17">ṣa</w><w n="18">vi</w><w n="19">ṣā</w><w n="20">ṇa</w><w n="21"/><w n="22"/><w n="23"/><w n="24" lemma="saṃ">sañ</w><w n="25">jña</w><w n="26" lemma="yā">yā | </w></cl><cl><w n="27">li</w><w n="28">he</w><w n="29" lemma="tsa">t sa</w><w n="30">pā</w><w n="31" lemma="ṇaṃ">ṇaṃ </w></cl><cl><w n="32">tri</w><w n="33">pha</w><w n="34" lemma="lāṃ">lāṃ </w></cl><cl><w n="35">su</w><w n="36">cū</w><w n="37">rṇi</w><w n="38" lemma="tāṃ">tāṃ </w></cl><cl><w n="39">ghṛ</w><w n="40">ta</w><w n="41">pra</w><w n="42">gā</w><w n="43" lemma="ḍhāṃ">ḍhān </w></cl><cl><w n="44">ti</w><w n="45">mi</w><w n="46">rā</w><w n="47">tu</w><w n="48" lemma="raḥ">ro </w></cl><cl><w n="49">na</w><w n="50" lemma="raḥ">raḥ || </w></cl><cl><w n="51"/><w n="52"/><w n="53"/><w n="54"/><w n="55"/></cl></text></TEI></teiCorpus>