<?xml version="1.0" encoding="UTF-8"?>
<teiCorpus xmlns="http://www.tei-c.org/ns/1.0" xml:lang="sa-Latn">
  <teiHeader>
<listWit>
<witness xml:id="A" source="06-ut-vulgate-1938-1-30.xml">
<abbr>A</abbr>
<expan>Printed edition: Ācārya 1938: Uttaratantra 1-30</expan>
</witness>
<witness xml:id="K" source="kl_699_uttaratantra-1-30.xml">
<abbr>K</abbr>
<expan>MSS Kathmandu KL 699: Uttaratantra</expan>
<listWit>
<witness xml:id="Kac" n="ac">
<abbr>Kac</abbr>
<expan>MSS Kathmandu KL 699: Uttaratantra [ante correctionem]</expan>
</witness>
<witness xml:id="Kpc" n="pc">
<abbr type="siglum">Kpc</abbr>
<expan>MSS Kathmandu KL 699: Uttaratantra [post correctionem]</expan>
</witness>
</listWit>
</witness>
<witness xml:id="H" source="nak_5-333_uttaratantra-1-30.xml">
<abbr>H</abbr>
<expan>MS Kathmandu NAK 5-333, Uttaratantra</expan>
<listWit>
<witness xml:id="Hac" n="ac">
<abbr>Hac</abbr>
<expan>MS Kathmandu NAK 5-333, Uttaratantra [ante correctionem]</expan>
</witness>
<witness xml:id="Hpc" n="pc">
<abbr type="siglum">Hpc</abbr>
<expan>MS Kathmandu NAK 5-333, Uttaratantra [post correctionem]</expan>
</witness>
</listWit>
</witness>
<witness xml:id="NE" source="provisional-edition_uttaratantra-1-30.xml">
<abbr>NE</abbr>
<expan>The Nepalese Version of the Suśrutasaṃhitā, uttaratantra 1-30, based on the
                    Nepalese MSS</expan>
</witness>
</listWit>
    <encodingDesc>
      <editorialDecl>
        <segmentation>
          <ab type="tokenization">aksara</ab>
          <ab type="blockid">SS.6.17.87</ab>
          <ab type="targetedition">NE</ab>
          <ab type="scoring">
            <ab type="match">1</ab>
            <ab type="mismatch">-1</ab>
            <ab type="gapopen">-2</ab>
            <ab type="gapextend">-0.25</ab>
            <ab type="recursive">true</ab>
            <ab type="realigndepth">20</ab>
            <ab type="distancefunction">ngrams</ab>
            
          </ab>
        </segmentation>
        <normalization method="markup">
<ab>ignore punctuation</ab>
<ab>candrabindu as anusvāra</ab>
<ab>geminated aspirated consonants</ab>
<ab>geminated m after h</ab>
<ab>geminated t</ab>
<ab>geminated consonants after r</ab>
<ab>final nasal variants</ab>
<ab>internal nasal variants</ab>
<ab>final anusvāra variants</ab>
<ab>visarga aḥ before voiced consonants</ab>
<ab>visarga aḥ before vowels</ab>
<ab>visarga aḥ before unvoiced consonants and space + anusvāra</ab>
<ab>visarga āḥ variants</ab>
<ab>other visarga variants</ab>
<ab>superfluous avagrahas</ab>
<ab>double avagrahas</ab>
<ab>avagrahas to short a</ab>
<ab>internal visarga variants</ab>
<ab>final au/āv</ab>
<ab>final su</ab>
<ab>final i</ab>
<ab>kcch/kś</ab>
<ab>cś/tś</ab>
<ab>cch/ch</ab>
<ab>final t + hi</ab>
<ab>final t + voiced syllable</ab>
<ab>final t + n/m</ab>
<ab>final t + c/j</ab>
<ab>i/y + vowel</ab>
<ab>bhd for bdh</ab>
<ab>remove spaces</ab>
        </normalization>
        <ab type="tagfilters">
<tag subtype="ignore">pc</tag>
<tag subtype="ignore">head</tag>
<tag subtype="ignore">label</tag>
<tag subtype="ignore">note</tag>
<tag subtype="ignore">num</tag>
<tag subtype="ignore">locus</tag>
<tag subtype="ignore">supplied</tag>
<tag subtype="ignore">surplus</tag>
        </ab>
      </editorialDecl>
    </encodingDesc>
    <xenoData>
      <stemma format="nexml" id="stemma0"><nex:nexml xmlns:nex="http://www.nexml.org/2009" version="0.9"><nex:otus id="otus1"><nex:otu id="otu0" label="H"/><nex:otu id="otu1" label="K"/><nex:otu id="otu2" label="A"/><nex:otu id="otu3" label="NE"/></nex:otus><nex:trees otus="otus1" id="trees1"><nex:tree id="guidetree" label="guidetree" xsi:type="nex:FloatTree" xmlns:xsi="http://www.w3.org/2001/XMLSchema-instance"><nex:node id="ecc5c136-210e-4af5-aa7d-57fedfd63349" root="true"/><nex:node id="0c6a9f98-9172-4368-bac2-8c3f2ba31226"/><nex:node id="0abbbf47-ad92-48bd-b633-ebfae0712d64" label="H" otu="otu2"/><nex:node id="2d94c94e-11b6-407a-9c8a-4fb2bb174668" label="K" otu="otu3"/><nex:node id="ce5b0b1c-fa7a-48c9-98fc-c2c3dc26809f"/><nex:node id="86d7a6ce-2042-4d44-8446-1ae9b0ca5444" label="A" otu="otu5"/><nex:node id="f9b68979-81d9-41cb-811a-638023e28597" label="NE" otu="otu6"/><nex:edge source="ecc5c136-210e-4af5-aa7d-57fedfd63349" target="0c6a9f98-9172-4368-bac2-8c3f2ba31226" id="edge0" length="0.10739969042932707"/><nex:edge source="ecc5c136-210e-4af5-aa7d-57fedfd63349" target="ce5b0b1c-fa7a-48c9-98fc-c2c3dc26809f" id="edge1" length="0.10739969042932707"/><nex:edge source="0c6a9f98-9172-4368-bac2-8c3f2ba31226" target="0abbbf47-ad92-48bd-b633-ebfae0712d64" id="edge2" length="0.19084128459798633"/><nex:edge source="0c6a9f98-9172-4368-bac2-8c3f2ba31226" target="2d94c94e-11b6-407a-9c8a-4fb2bb174668" id="edge3" length="0.1190992349718345"/><nex:edge source="ce5b0b1c-fa7a-48c9-98fc-c2c3dc26809f" target="86d7a6ce-2042-4d44-8446-1ae9b0ca5444" id="edge4" length="0.6302303593564353"/><nex:edge source="ce5b0b1c-fa7a-48c9-98fc-c2c3dc26809f" target="f9b68979-81d9-41cb-811a-638023e28597" id="edge5" length="0.36976964064356466"/></nex:tree></nex:trees></nex:nexml></stemma>
    </xenoData>
  </teiHeader>
<TEI n="H"><text><cl><w n="0" lemma="rā"> rā</w><w n="1">jā</w><w n="2" lemma="su">sv </w></cl><cl><w n="3">a</w><w n="4" lemma="kṣi">kṣi </w><w n="5" lemma="tu">tu </w></cl><cl><w n="6">rā</w><w n="7">ge</w><w n="8"/><w n="9"/><w n="10" lemma="ṣu">ṣu </w></cl><cl><w n="11">bhū</w><w n="12" lemma="yaḥ">yo </w></cl><cl><w n="13">yo</w><w n="14" lemma="gāṃ">gān </w></cl><cl><w n="15">ni</w><w n="16">bo</w><w n="17" lemma="dha">dha </w><w n="18" lemma="me">me | </w></cl><cl><w n="19">gai</w><w n="20">ri</w><w n="21" lemma="kaḥ">kaḥ </w></cl><cl><w n="22">śā</w><w n="23">ri</w><w n="24" lemma="vā">vā </w></cl><cl><w n="25">dū</w><w n="26" lemma="rvā">rvvā </w></cl><cl><w n="27">ya</w><w n="28">va</w><w n="29">pi</w><w n="30" lemma="ṣṭaṃ">ṣṭaṃ </w></cl><cl><w n="31">ghṛ</w><w n="32" lemma="taṃ">tan </w></cl><cl><w n="33">ta</w><w n="34" lemma="thā">thā || </w></cl></text></TEI><TEI n="K"><text><cl><w n="0" lemma="ru"> ru</w><w n="1">jā</w><w n="2" lemma="su">sv </w></cl><cl><w n="3">a</w><w n="4" lemma="kṣi">kṣi </w><w n="5" lemma="tu">tu </w></cl><cl><w n="6">rā</w><w n="7">ge</w><w n="8"/><w n="9"/><w n="10" lemma="ṣu">ṣu </w></cl><cl><w n="11">bhū</w><w n="12" lemma="yaḥ">yo </w></cl><cl><w n="13">yo</w><w n="14" lemma="gāṃ">gāṃ </w></cl><cl><w n="15">ni</w><w n="16">bo</w><w n="17" lemma="dha">dha </w><w n="18" lemma="me">me | </w></cl><cl><w n="19">gai</w><w n="20">ri</w><w n="21" lemma="kaḥ">kaḥ </w></cl><cl><w n="22">śā</w><w n="23">ri</w><w n="24" lemma="vā">vā </w></cl><cl><w n="25">dū</w><w n="26" lemma="rvā">rvvā </w></cl><cl><w n="27">ya</w><w n="28">va</w><w n="29">pi</w><w n="30" lemma="ṣṭaṃ">ṣṭaṃ </w></cl><cl><w n="31">ghṛ</w><w n="32" lemma="taṃ">tan </w></cl><cl><w n="33">ta</w><w n="34" lemma="thā">thā || </w></cl></text></TEI><TEI n="A"><text><cl><w n="0" lemma="ru"> ru</w><w n="1">jā</w><w n="2" lemma="yāṃ">yām </w></cl><cl><w n="3">a</w><w n="4">kṣi</w><w n="5"/></cl><cl><w n="6">rā</w><w n="7" lemma="ge">ge </w><w n="8" lemma="vā">vā </w><w n="9">yo</w><w n="10">gā</w></cl><cl><w n="11" lemma="nbhū">n bhū</w><w n="12" lemma="yaḥ">yo </w></cl><cl><w n="13"/><w n="14"/></cl><cl><w n="15">ni</w><w n="16">bo</w><w n="17" lemma="dha">dha </w><w n="18" lemma="me">me | </w></cl><cl><w n="19">gai</w><w n="20">ri</w><w n="21" lemma="kaṃ">kaṃ </w></cl><cl><w n="22">sā</w><w n="23">ri</w><w n="24" lemma="vā">vā </w></cl><cl><w n="25">dū</w><w n="26" lemma="rvā">rvā </w></cl><cl><w n="27">ya</w><w n="28">va</w><w n="29">pi</w><w n="30" lemma="ṣṭaṃ">ṣṭaṃ </w></cl><cl><w n="31">ghṛ</w><w n="32" lemma="taṃ">taṃ </w></cl><cl><w n="33">pa</w><w n="34" lemma="yaḥ">yaḥ || </w></cl></text></TEI><TEI n="NE"><text><cl><w n="0" lemma="ru"> ru</w><w n="1">jā</w><w n="2" lemma="su">sv </w></cl><cl><w n="3">a</w><w n="4">kṣi</w><w n="5" lemma="ṣu">ṣu </w></cl><cl><w n="6">rā</w><w n="7">ge</w><w n="8"/><w n="9"/><w n="10" lemma="ṣu">ṣu </w></cl><cl><w n="11">bhū</w><w n="12" lemma="yaḥ">yo </w></cl><cl><w n="13">yo</w><w n="14" lemma="gāṃ">gān </w></cl><cl><w n="15">ni</w><w n="16">bo</w><w n="17" lemma="dha">dha </w><w n="18" lemma="me">me ||69|| </w></cl><cl><w n="19">gai</w><w n="20">ri</w><w n="21" lemma="kaḥ">kaḥ </w></cl><cl><w n="22">śā</w><w n="23">ri</w><w n="24" lemma="vā">vā </w></cl><cl><w n="25">dū</w><w n="26" lemma="rvā">rvā </w></cl><cl><w n="27">ya</w><w n="28">va</w><w n="29">pi</w><w n="30" lemma="ṣṭaṃ">ṣṭaṃ </w></cl><cl><w n="31">ghṛ</w><w n="32" lemma="taṃ">tan </w></cl><cl><w n="33">ta</w><w n="34" lemma="thā">thā | </w></cl></text></TEI></teiCorpus>