<?xml version="1.0" encoding="UTF-8"?>
<teiCorpus xmlns="http://www.tei-c.org/ns/1.0" xml:lang="sa-Latn">
  <teiHeader>
<listWit>
<witness xml:id="A" source="06-ut-vulgate-1938-1-30.xml">
<abbr>A</abbr>
<expan>Printed edition: Ācārya 1938: Uttaratantra 1-30</expan>
</witness>
<witness xml:id="K" source="kl_699_uttaratantra-1-30.xml">
<abbr>K</abbr>
<expan>MSS Kathmandu KL 699: Uttaratantra</expan>
<listWit>
<witness xml:id="Kac" n="ac">
<abbr>Kac</abbr>
<expan>MSS Kathmandu KL 699: Uttaratantra [ante correctionem]</expan>
</witness>
<witness xml:id="Kpc" n="pc">
<abbr type="siglum">Kpc</abbr>
<expan>MSS Kathmandu KL 699: Uttaratantra [post correctionem]</expan>
</witness>
</listWit>
</witness>
<witness xml:id="H" source="nak_5-333_uttaratantra-1-30.xml">
<abbr>H</abbr>
<expan>MS Kathmandu NAK 5-333, Uttaratantra</expan>
<listWit>
<witness xml:id="Hac" n="ac">
<abbr>Hac</abbr>
<expan>MS Kathmandu NAK 5-333, Uttaratantra [ante correctionem]</expan>
</witness>
<witness xml:id="Hpc" n="pc">
<abbr type="siglum">Hpc</abbr>
<expan>MS Kathmandu NAK 5-333, Uttaratantra [post correctionem]</expan>
</witness>
</listWit>
</witness>
<witness xml:id="NE" source="provisional-edition_uttaratantra-1-30.xml">
<abbr>NE</abbr>
<expan>The Nepalese Version of the Suśrutasaṃhitā, uttaratantra 1-30, based on the
                    Nepalese MSS</expan>
</witness>
</listWit>
    <encodingDesc>
      <editorialDecl>
        <segmentation>
          <ab type="tokenization">aksara</ab>
          <ab type="blockid">SS.6.17.7</ab>
          <ab type="targetedition">NE</ab>
          <ab type="scoring">
            <ab type="match">1</ab>
            <ab type="mismatch">-1</ab>
            <ab type="gapopen">-2</ab>
            <ab type="gapextend">-0.25</ab>
            <ab type="recursive">true</ab>
            <ab type="realigndepth">20</ab>
            <ab type="distancefunction">ngrams</ab>
            
          </ab>
        </segmentation>
        <normalization method="markup">
<ab>ignore punctuation</ab>
<ab>candrabindu as anusvāra</ab>
<ab>geminated aspirated consonants</ab>
<ab>geminated m after h</ab>
<ab>geminated t</ab>
<ab>geminated consonants after r</ab>
<ab>final nasal variants</ab>
<ab>internal nasal variants</ab>
<ab>final anusvāra variants</ab>
<ab>visarga aḥ before voiced consonants</ab>
<ab>visarga aḥ before vowels</ab>
<ab>visarga aḥ before unvoiced consonants and space + anusvāra</ab>
<ab>visarga āḥ variants</ab>
<ab>other visarga variants</ab>
<ab>superfluous avagrahas</ab>
<ab>double avagrahas</ab>
<ab>avagrahas to short a</ab>
<ab>internal visarga variants</ab>
<ab>final au/āv</ab>
<ab>final su</ab>
<ab>final i</ab>
<ab>kcch/kś</ab>
<ab>cś/tś</ab>
<ab>cch/ch</ab>
<ab>final t + hi</ab>
<ab>final t + voiced syllable</ab>
<ab>final t + n/m</ab>
<ab>final t + c/j</ab>
<ab>i/y + vowel</ab>
<ab>bhd for bdh</ab>
<ab>remove spaces</ab>
        </normalization>
        <ab type="tagfilters">
<tag subtype="ignore">pc</tag>
<tag subtype="ignore">head</tag>
<tag subtype="ignore">label</tag>
<tag subtype="ignore">note</tag>
<tag subtype="ignore">num</tag>
<tag subtype="ignore">locus</tag>
<tag subtype="ignore">supplied</tag>
<tag subtype="ignore">surplus</tag>
        </ab>
      </editorialDecl>
    </encodingDesc>
    <xenoData>
      <stemma format="nexml" id="stemma0"><nex:nexml xmlns:nex="http://www.nexml.org/2009" version="0.9"><nex:otus id="otus1"><nex:otu id="otu0" label="H"/><nex:otu id="otu1" label="K"/><nex:otu id="otu2" label="A"/><nex:otu id="otu3" label="NE"/></nex:otus><nex:trees otus="otus1" id="trees1"><nex:tree id="guidetree" label="guidetree" xsi:type="nex:FloatTree" xmlns:xsi="http://www.w3.org/2001/XMLSchema-instance"><nex:node id="e4968f9b-fc80-4620-b240-bacdd57929cc" root="true"/><nex:node id="13ba02ba-fb10-418d-8e2e-a904f4444bd6"/><nex:node id="997002c1-7380-440f-ade8-f345798e5f81" label="H" otu="otu2"/><nex:node id="fb45c532-99b6-4858-afe3-8b7576491d01" label="K" otu="otu3"/><nex:node id="55ad1f6f-9c1a-4451-a5cd-c75834c56c0e"/><nex:node id="38cd8375-e457-4686-86dd-955145d1e20d" label="A" otu="otu5"/><nex:node id="cc43e8bb-c2e3-4112-8ade-1fb0e95cc15b" label="NE" otu="otu6"/><nex:edge source="e4968f9b-fc80-4620-b240-bacdd57929cc" target="13ba02ba-fb10-418d-8e2e-a904f4444bd6" id="edge0" length="0.3379903424375108"/><nex:edge source="e4968f9b-fc80-4620-b240-bacdd57929cc" target="55ad1f6f-9c1a-4451-a5cd-c75834c56c0e" id="edge1" length="0.3379903424375108"/><nex:edge source="13ba02ba-fb10-418d-8e2e-a904f4444bd6" target="997002c1-7380-440f-ade8-f345798e5f81" id="edge2" length="0.27927609548490473"/><nex:edge source="13ba02ba-fb10-418d-8e2e-a904f4444bd6" target="fb45c532-99b6-4858-afe3-8b7576491d01" id="edge3" length="0.3240193151249784"/><nex:edge source="55ad1f6f-9c1a-4451-a5cd-c75834c56c0e" target="38cd8375-e457-4686-86dd-955145d1e20d" id="edge4" length="0"/><nex:edge source="55ad1f6f-9c1a-4451-a5cd-c75834c56c0e" target="cc43e8bb-c2e3-4112-8ade-1fb0e95cc15b" id="edge5" length="0"/></nex:tree></nex:trees></nex:nexml></stemma>
    </xenoData>
  </teiHeader>
<TEI n="H"><text><cl><w n="0" lemma="go"> go</w><w n="1">māṃ</w><w n="2" lemma="saṃ">saṃ </w></cl><cl><w n="3">ma</w><w n="4">ri</w><w n="5" lemma="caṃ">caṃ </w></cl><cl><w n="6">vī</w><w n="7" lemma="jaṃ">jaṃ </w></cl><cl><w n="8">śi</w><w n="9">rī</w><w n="10">ṣa</w><w n="11" lemma="sya">sya </w></cl><cl><w n="12">ma</w><w n="13">naḥ</w><w n="14">śi</w><w n="15" lemma="lā">lā | </w></cl><cl><w n="16" lemma="vṛṃ">vṛn</w><w n="17" lemma="taṃ">taṅ </w></cl><cl><w n="18">ka</w><w n="19">pi</w><w n="20" lemma="thā">tthā</w><w n="21" lemma="tma">t ma</w><w n="22">dhu</w><w n="23" lemma="nā">nā </w></cl><cl><w n="24">sva</w><w n="25">yaṃ</w><w n="26">gu</w><w n="27">ptā</w><w n="28">pha</w><w n="29">lā</w><w n="30" lemma="ni">ni </w></cl><cl><w n="31" lemma="vā">vā || </w></cl></text></TEI><TEI n="K"><text><cl><w n="0" lemma="go"> go</w><w n="1">māṃ</w><w n="2" lemma="saṃ">saṃ </w></cl><cl><w n="3">ma</w><w n="4">ri</w><w n="5" lemma="caṃ">caṃ </w></cl><cl><w n="6">vī</w><w n="7" lemma="jaṃ">jaṃ </w></cl><cl><w n="8">si</w><w n="9">rī</w><w n="10">ṣa</w><w n="11" lemma="sya">sya </w></cl><cl><w n="12">ma</w><w n="13">naḥ</w><w n="14">śi</w><w n="15" lemma="lā">lāḥ | </w></cl><cl><w n="16" lemma="vṛṃ">vṛn</w><w n="17" lemma="taṃ">taṃ </w></cl><cl><w n="18">ka</w><w n="19">pi</w><w n="20" lemma="thā">tthā</w><w n="21" lemma="tma">t ma</w><w n="22">dhu</w><w n="23" lemma="nā">nā </w></cl><cl><w n="24">sva</w><w n="25">yaṃ</w><w n="26">gu</w><w n="27">ptā</w><w n="28">pha</w><w n="29">lā</w><w n="30" lemma="ni">ni </w></cl><cl><w n="31" lemma="vā">vā |</w></cl></text></TEI><TEI n="A"><text><cl><w n="0" lemma="go"> go</w><w n="1">māṃ</w><w n="2" lemma="saṃ">saṃ </w></cl><cl><w n="3">ma</w><w n="4">ri</w><w n="5" lemma="caṃ">caṃ </w></cl><cl><w n="6">bī</w><w n="7" lemma="jaṃ">jaṃ </w></cl><cl><w n="8">śi</w><w n="9">rī</w><w n="10">ṣa</w><w n="11" lemma="sya">sya </w></cl><cl><w n="12">ma</w><w n="13">naḥ</w><w n="14">śi</w><w n="15" lemma="lā">lā | </w></cl><cl><w n="16" lemma="vṛṃ">vṛn</w><w n="17" lemma="taṃ">taṃ </w></cl><cl><w n="18">ka</w><w n="19">pi</w><w n="20" lemma="thā">tthā</w><w n="21" lemma="nma">n ma</w><w n="22">dhu</w><w n="23" lemma="nā">nā </w></cl><cl><w n="24">sva</w><w n="25" lemma="yaṃ">yaṅ</w><w n="26">gu</w><w n="27">ptā</w><w n="28">pha</w><w n="29">lā</w><w n="30" lemma="ni">ni </w></cl><cl><w n="31" lemma="ca">ca || </w></cl></text></TEI><TEI n="NE"><text><cl><w n="0" lemma="go"> go</w><w n="1">māṃ</w><w n="2" lemma="saṃ">saṃ </w></cl><cl><w n="3">ma</w><w n="4">ri</w><w n="5" lemma="caṃ">caṃ </w></cl><cl><w n="6">bī</w><w n="7" lemma="jaṃ">jaṃ </w></cl><cl><w n="8">śi</w><w n="9">rī</w><w n="10">ṣa</w><w n="11" lemma="sya">sya </w></cl><cl><w n="12">ma</w><w n="13">naḥ</w><w n="14">śi</w><w n="15" lemma="lā">lā | </w></cl><cl><w n="16" lemma="vṛṃ">vṛn</w><w n="17" lemma="taṃ">taṃ </w></cl><cl><w n="18">ka</w><w n="19">pi</w><w n="20" lemma="thā">tthā</w><w n="21" lemma="nma">n ma</w><w n="22">dhu</w><w n="23" lemma="nā">nā </w></cl><cl><w n="24">sva</w><w n="25">yaṃ</w><w n="26">gu</w><w n="27">ptā</w><w n="28">pha</w><w n="29">lā</w><w n="30" lemma="ni">ni </w></cl><cl><w n="31" lemma="vā">vā ||</w></cl></text></TEI></teiCorpus>