<?xml version="1.0" encoding="UTF-8"?>
<teiCorpus xmlns="http://www.tei-c.org/ns/1.0" xml:lang="sa-Latn">
  <teiHeader>
<listWit>
<witness xml:id="A" source="06-ut-vulgate-1938-1-30.xml">
<abbr>A</abbr>
<expan>Printed edition: Ācārya 1938: Uttaratantra 1-30</expan>
</witness>
<witness xml:id="K" source="kl_699_uttaratantra-1-30.xml">
<abbr>K</abbr>
<expan>MSS Kathmandu KL 699: Uttaratantra</expan>
<listWit>
<witness xml:id="Kac" n="ac">
<abbr>Kac</abbr>
<expan>MSS Kathmandu KL 699: Uttaratantra [ante correctionem]</expan>
</witness>
<witness xml:id="Kpc" n="pc">
<abbr type="siglum">Kpc</abbr>
<expan>MSS Kathmandu KL 699: Uttaratantra [post correctionem]</expan>
</witness>
</listWit>
</witness>
<witness xml:id="H" source="nak_5-333_uttaratantra-1-30.xml">
<abbr>H</abbr>
<expan>MS Kathmandu NAK 5-333, Uttaratantra</expan>
<listWit>
<witness xml:id="Hac" n="ac">
<abbr>Hac</abbr>
<expan>MS Kathmandu NAK 5-333, Uttaratantra [ante correctionem]</expan>
</witness>
<witness xml:id="Hpc" n="pc">
<abbr type="siglum">Hpc</abbr>
<expan>MS Kathmandu NAK 5-333, Uttaratantra [post correctionem]</expan>
</witness>
</listWit>
</witness>
<witness xml:id="NE" source="provisional-edition_uttaratantra-1-30.xml">
<abbr>NE</abbr>
<expan>The Nepalese Version of the Suśrutasaṃhitā, uttaratantra 1-30, based on the
                    Nepalese MSS</expan>
</witness>
</listWit>
    <encodingDesc>
      <editorialDecl>
        <segmentation>
          <ab type="tokenization">aksara</ab>
          <ab type="blockid">SS.6.11.9</ab>
          <ab type="targetedition">NE</ab>
          <ab type="scoring">
            <ab type="match">1</ab>
            <ab type="mismatch">-1</ab>
            <ab type="gapopen">-2</ab>
            <ab type="gapextend">-0.25</ab>
            <ab type="recursive">true</ab>
            <ab type="realigndepth">20</ab>
            <ab type="distancefunction">ngrams</ab>
            
          </ab>
        </segmentation>
        <normalization method="markup">
<ab>ignore punctuation</ab>
<ab>candrabindu as anusvāra</ab>
<ab>geminated aspirated consonants</ab>
<ab>geminated m after h</ab>
<ab>geminated t</ab>
<ab>geminated consonants after r</ab>
<ab>final nasal variants</ab>
<ab>internal nasal variants</ab>
<ab>final anusvāra variants</ab>
<ab>visarga aḥ before voiced consonants</ab>
<ab>visarga aḥ before vowels</ab>
<ab>visarga aḥ before unvoiced consonants and space + anusvāra</ab>
<ab>visarga āḥ variants</ab>
<ab>other visarga variants</ab>
<ab>superfluous avagrahas</ab>
<ab>double avagrahas</ab>
<ab>avagrahas to short a</ab>
<ab>internal visarga variants</ab>
<ab>final au/āv</ab>
<ab>final su</ab>
<ab>final i</ab>
<ab>kcch/kś</ab>
<ab>cś/tś</ab>
<ab>cch/ch</ab>
<ab>final t + hi</ab>
<ab>final t + voiced syllable</ab>
<ab>final t + n/m</ab>
<ab>final t + c/j</ab>
<ab>i/y + vowel</ab>
<ab>bhd for bdh</ab>
<ab>remove spaces</ab>
        </normalization>
        <ab type="tagfilters">
<tag subtype="ignore">pc</tag>
<tag subtype="ignore">head</tag>
<tag subtype="ignore">label</tag>
<tag subtype="ignore">note</tag>
<tag subtype="ignore">num</tag>
<tag subtype="ignore">locus</tag>
<tag subtype="ignore">supplied</tag>
<tag subtype="ignore">surplus</tag>
        </ab>
      </editorialDecl>
    </encodingDesc>
    <xenoData>
      <stemma format="nexml" id="stemma0"><nex:nexml xmlns:nex="http://www.nexml.org/2009" version="0.9"><nex:otus id="otus1"><nex:otu id="otu0" label="A"/><nex:otu id="otu1" label="Hac"/><nex:otu id="otu2" label="Hpc"/><nex:otu id="otu3" label="K"/><nex:otu id="otu4" label="NE"/></nex:otus><nex:trees otus="otus1" id="trees1"><nex:tree id="guidetree" label="guidetree" xsi:type="nex:FloatTree" xmlns:xsi="http://www.w3.org/2001/XMLSchema-instance"><nex:node id="074f77b3-5136-4b01-99a4-99a07020f68a" root="true"/><nex:node id="fc9f6ecb-53b6-4dd9-befc-b3e5ada8ef92"/><nex:node id="29c345e2-0cde-4972-b957-25350feb9441" label="A" otu="otu2"/><nex:node id="ab2e5685-db09-4403-8539-179678e443f9"/><nex:node id="98300025-e8d3-44f0-9f97-30a4e620c4a2" label="Hac" otu="otu4"/><nex:node id="53ca8b5c-b7ec-44d8-84b7-b3d4831d8b71" label="Hpc" otu="otu5"/><nex:node id="54c3a7f5-fd3d-42a1-852d-817dbe61f6a2"/><nex:node id="bd3cb918-b00d-4d9f-ab41-2b8871b38a75" label="K" otu="otu7"/><nex:node id="836ab0f3-4135-4998-b5a7-cd9077dbceb7" label="NE" otu="otu8"/><nex:edge source="074f77b3-5136-4b01-99a4-99a07020f68a" target="fc9f6ecb-53b6-4dd9-befc-b3e5ada8ef92" id="edge0" length="0.18987935457800864"/><nex:edge source="074f77b3-5136-4b01-99a4-99a07020f68a" target="54c3a7f5-fd3d-42a1-852d-817dbe61f6a2" id="edge1" length="0.18987935457800864"/><nex:edge source="fc9f6ecb-53b6-4dd9-befc-b3e5ada8ef92" target="29c345e2-0cde-4972-b957-25350feb9441" id="edge2" length="0.931803399180823"/><nex:edge source="fc9f6ecb-53b6-4dd9-befc-b3e5ada8ef92" target="ab2e5685-db09-4403-8539-179678e443f9" id="edge3" length="0"/><nex:edge source="54c3a7f5-fd3d-42a1-852d-817dbe61f6a2" target="bd3cb918-b00d-4d9f-ab41-2b8871b38a75" id="edge4" length="0"/><nex:edge source="54c3a7f5-fd3d-42a1-852d-817dbe61f6a2" target="836ab0f3-4135-4998-b5a7-cd9077dbceb7" id="edge5" length="0"/><nex:edge source="ab2e5685-db09-4403-8539-179678e443f9" target="98300025-e8d3-44f0-9f97-30a4e620c4a2" id="edge6" length="0.24703841484907058"/><nex:edge source="ab2e5685-db09-4403-8539-179678e443f9" target="53ca8b5c-b7ec-44d8-84b7-b3d4831d8b71" id="edge7" length="0.15656993843749772"/></nex:tree></nex:trees></nex:nexml></stemma>
    </xenoData>
  </teiHeader>
<TEI n="A"><text><cl><w n="0" lemma="pha"> pha</w><w n="1" lemma="laṃ">laṃ </w></cl><cl><w n="2">pra</w><w n="3">kī</w><w n="4">ryā</w><w n="5">da</w><w n="6">tha</w><w n="7">vā</w><w n="8" lemma="pi">pi </w><w n="9">śi</w><w n="10" lemma="groḥ">groḥ </w></cl><cl><w n="11">pu</w><w n="12" lemma="ṣpaṃ">ṣpaṃ </w><w n="13" lemma="ca">ca </w></cl><cl><w n="14">tu</w><w n="15" lemma="lyaṃ">lyaṃ </w></cl><cl><w n="16">bṛ</w><w n="17">ha</w><w n="18">tī</w><w n="19">dva</w><w n="20">ya</w><w n="21" lemma="sya">sya | </w></cl><cl><w n="22">ra</w><w n="23" lemma="sāṃ">sāñ</w><w n="24">ja</w><w n="25" lemma="naṃ">naṃ </w></cl><cl><w n="26"/><w n="27"/><w n="28"/><w n="29">sai</w><w n="30">ndha</w><w n="31">va</w><w n="32" lemma="caṃ">can</w><w n="33">da</w><w n="34" lemma="naṃ">naṃ </w><w n="35" lemma="ca">ca </w></cl><cl><w n="36">ma</w><w n="37">naḥ</w><w n="38">śi</w><w n="39">lā</w><w n="40" lemma="le">le </w></cl><cl><w n="41">la</w><w n="42">śu</w><w n="43" lemma="naṃ">naṃ </w><w n="44" lemma="ca">ca </w></cl><cl><w n="45">tu</w><w n="46" lemma="lyaṃ">lyam || </w></cl></text></TEI><TEI n="Hac"><text><cl><w n="0" lemma="pha"> pha</w><w n="1" lemma="laṃ">laṃ </w></cl><cl><w n="2">pra</w><w n="3">kī</w><w n="4">ryā</w><w n="5">tva</w><w n="6">tha</w><w n="7">vā</w><w n="8"/><w n="9">śi</w><w n="10" lemma="grāḥ">grāḥ </w></cl><cl><w n="11">pu</w><w n="12" lemma="ṣpaṃ">ṣpañ </w><w n="13" lemma="ca">ca </w></cl><cl><w n="14">tu</w><w n="15" lemma="lyaṃ">lyaṃ </w></cl><cl><w n="16">vṛ</w><w n="17">ha</w><w n="18">da</w><w n="19">rśa</w><w n="20">na</w><w n="21" lemma="sya">sya | </w></cl><cl><w n="22">ra</w><w n="23" lemma="sāṃ">sāñ</w><w n="24">ja</w><w n="25" lemma="naṃ">nañ </w></cl><cl><w n="26" lemma="caṃ">can</w><w n="27">da</w><w n="28">na</w><w n="29">sai</w><w n="30">ndha</w><w n="31" lemma="ve">ve </w><w n="32"/><w n="33"/><w n="34"/><w n="35" lemma="ca">ca </w></cl><cl><w n="36">ma</w><w n="37">naḥ</w><w n="38">śi</w><w n="39">lā</w><w n="40" lemma="le">le </w></cl><cl><w n="41">la</w><w n="42">śu</w><w n="43" lemma="naṃ">nañ </w><w n="44" lemma="ca">ca </w></cl><cl><w n="45">tu</w><w n="46" lemma="lyaṃ">lyaṃ || </w></cl></text></TEI><TEI n="Hpc"><text><cl><w n="0" lemma="pha"> pha</w><w n="1" lemma="laṃ">laṃ </w></cl><cl><w n="2">pra</w><w n="3">kī</w><w n="4">ryā</w><w n="5">tva</w><w n="6">tha</w><w n="7">vā</w><w n="8">pi</w><w n="9">śi</w><w n="10" lemma="grāḥ">grāḥ </w></cl><cl><w n="11">pu</w><w n="12" lemma="ṣpaṃ">ṣpañ </w><w n="13" lemma="ca">ca </w></cl><cl><w n="14">tu</w><w n="15" lemma="lyaṃ">lyaṃ </w></cl><cl><w n="16">vṛ</w><w n="17">ha</w><w n="18">da</w><w n="19">rśa</w><w n="20">na</w><w n="21" lemma="sya">sya | </w></cl><cl><w n="22">ra</w><w n="23" lemma="sāṃ">sāñ</w><w n="24">ja</w><w n="25" lemma="naṃ">nañ </w></cl><cl><w n="26" lemma="caṃ">can</w><w n="27">da</w><w n="28">na</w><w n="29">sai</w><w n="30">ndha</w><w n="31" lemma="ve">ve </w><w n="32"/><w n="33"/><w n="34"/><w n="35" lemma="ca">ca </w></cl><cl><w n="36">ma</w><w n="37">naḥ</w><w n="38">śi</w><w n="39">lā</w><w n="40" lemma="le">le </w></cl><cl><w n="41">la</w><w n="42">śu</w><w n="43" lemma="naṃ">nañ </w><w n="44" lemma="ca">ca </w></cl><cl><w n="45">tu</w><w n="46" lemma="lyaṃ">lyaṃ || </w></cl></text></TEI><TEI n="K"><text><cl><w n="0" lemma="pha"> pha</w><w n="1" lemma="laṃ">laṃ </w></cl><cl><w n="2">pra</w><w n="3">kī</w><w n="4">ryā</w><w n="5">tva</w><w n="6">tha</w><w n="7">vā</w><w n="8">pi</w><w n="9">śi</w><w n="10" lemma="grāḥ">grāḥ </w></cl><cl><w n="11">pu</w><w n="12" lemma="ṣpaṃ">ṣpañ</w><w n="13" lemma="ca">ca </w></cl><cl><w n="14">tu</w><w n="15" lemma="lyaṃ">lyaṃ </w></cl><cl><w n="16">vṛ</w><w n="17">ha</w><w n="18">da</w><w n="19">rśa</w><w n="20">na</w><w n="21" lemma="sya">sya | </w></cl><cl><w n="22">ra</w><w n="23" lemma="sāṃ">sāñ</w><w n="24">ja</w><w n="25" lemma="naṃ">nañ </w></cl><cl><w n="26" lemma="caṃ">can</w><w n="27">da</w><w n="28">na</w><w n="29">sai</w><w n="30">ndha</w><w n="31"/><w n="32"/><w n="33"/><w n="34" lemma="vaṃ">vañ </w><w n="35" lemma="ca">ca </w></cl><cl><w n="36">ma</w><w n="37">naḥ</w><w n="38">śi</w><w n="39">lā</w><w n="40" lemma="le">le </w></cl><cl><w n="41">la</w><w n="42">śu</w><w n="43" lemma="naṃ">nañ </w><w n="44" lemma="ca">ca </w></cl><cl><w n="45">tu</w><w n="46" lemma="lyaṃ">lyaṃ | </w></cl></text></TEI><TEI n="NE"><text><cl><w n="0" lemma="pha"> pha</w><w n="1" lemma="laṃ">laṃ </w></cl><cl><w n="2">pra</w><w n="3">kī</w><w n="4">ryā</w><w n="5">tva</w><w n="6">tha</w><w n="7">vā</w><w n="8">pi</w><w n="9">śi</w><w n="10" lemma="grāḥ">grāḥ </w></cl><cl><w n="11">pu</w><w n="12" lemma="ṣpaṃ">ṣpañ</w><w n="13" lemma="ca">ca </w></cl><cl><w n="14">tu</w><w n="15" lemma="lyaṃ">lyaṃ </w></cl><cl><w n="16">vṛ</w><w n="17">ha</w><w n="18">da</w><w n="19">rśa</w><w n="20">na</w><w n="21" lemma="sya">sya | </w></cl><cl><w n="22">ra</w><w n="23" lemma="sāṃ">sāñ</w><w n="24">ja</w><w n="25" lemma="naṃ">nañ </w></cl><cl><w n="26" lemma="caṃ">can</w><w n="27">da</w><w n="28">na</w><w n="29">sai</w><w n="30">ndha</w><w n="31"/><w n="32"/><w n="33"/><w n="34" lemma="vaṃ">vañ </w><w n="35" lemma="ca">ca </w></cl><cl><w n="36">ma</w><w n="37">naḥ</w><w n="38">śi</w><w n="39">lā</w><w n="40" lemma="le">le </w></cl><cl><w n="41">la</w><w n="42">śu</w><w n="43" lemma="naṃ">nañ </w><w n="44" lemma="ca">ca </w></cl><cl><w n="45">tu</w><w n="46" lemma="lyaṃ">lyaṃ | </w></cl></text></TEI></teiCorpus>