<?xml version="1.0" encoding="UTF-8"?>
<teiCorpus xmlns="http://www.tei-c.org/ns/1.0" xml:lang="sa-Latn">
  <teiHeader>
<listWit>
<witness xml:id="A" source="06-ut-vulgate-1938-1-30.xml">
<abbr>A</abbr>
<expan>Printed edition: Ācārya 1938: Uttaratantra 1-30</expan>
</witness>
<witness xml:id="K" source="kl_699_uttaratantra-1-30.xml">
<abbr>K</abbr>
<expan>MSS Kathmandu KL 699: Uttaratantra</expan>
<listWit>
<witness xml:id="Kac" n="ac">
<abbr>Kac</abbr>
<expan>MSS Kathmandu KL 699: Uttaratantra [ante correctionem]</expan>
</witness>
<witness xml:id="Kpc" n="pc">
<abbr type="siglum">Kpc</abbr>
<expan>MSS Kathmandu KL 699: Uttaratantra [post correctionem]</expan>
</witness>
</listWit>
</witness>
<witness xml:id="H" source="nak_5-333_uttaratantra-1-30.xml">
<abbr>H</abbr>
<expan>MS Kathmandu NAK 5-333, Uttaratantra</expan>
<listWit>
<witness xml:id="Hac" n="ac">
<abbr>Hac</abbr>
<expan>MS Kathmandu NAK 5-333, Uttaratantra [ante correctionem]</expan>
</witness>
<witness xml:id="Hpc" n="pc">
<abbr type="siglum">Hpc</abbr>
<expan>MS Kathmandu NAK 5-333, Uttaratantra [post correctionem]</expan>
</witness>
</listWit>
</witness>
<witness xml:id="NE" source="provisional-edition_uttaratantra-1-30.xml">
<abbr>NE</abbr>
<expan>The Nepalese Version of the Suśrutasaṃhitā, uttaratantra 1-30, based on the
                    Nepalese MSS</expan>
</witness>
</listWit>
    <encodingDesc>
      <editorialDecl>
        <segmentation>
          <ab type="tokenization">aksara</ab>
          <ab type="blockid">SS.6.11.14</ab>
          <ab type="targetedition">NE</ab>
          <ab type="scoring">
            <ab type="match">1</ab>
            <ab type="mismatch">-1</ab>
            <ab type="gapopen">-2</ab>
            <ab type="gapextend">-0.25</ab>
            <ab type="recursive">true</ab>
            <ab type="realigndepth">20</ab>
            <ab type="distancefunction">ngrams</ab>
            
          </ab>
        </segmentation>
        <normalization method="markup">
<ab>ignore punctuation</ab>
<ab>candrabindu as anusvāra</ab>
<ab>geminated aspirated consonants</ab>
<ab>geminated m after h</ab>
<ab>geminated t</ab>
<ab>geminated consonants after r</ab>
<ab>final nasal variants</ab>
<ab>internal nasal variants</ab>
<ab>final anusvāra variants</ab>
<ab>visarga aḥ before voiced consonants</ab>
<ab>visarga aḥ before vowels</ab>
<ab>visarga aḥ before unvoiced consonants and space + anusvāra</ab>
<ab>visarga āḥ variants</ab>
<ab>other visarga variants</ab>
<ab>superfluous avagrahas</ab>
<ab>double avagrahas</ab>
<ab>avagrahas to short a</ab>
<ab>internal visarga variants</ab>
<ab>final au/āv</ab>
<ab>final su</ab>
<ab>final i</ab>
<ab>kcch/kś</ab>
<ab>cś/tś</ab>
<ab>cch/ch</ab>
<ab>final t + hi</ab>
<ab>final t + voiced syllable</ab>
<ab>final t + n/m</ab>
<ab>final t + c/j</ab>
<ab>i/y + vowel</ab>
<ab>bhd for bdh</ab>
<ab>remove spaces</ab>
        </normalization>
        <ab type="tagfilters">
<tag subtype="ignore">pc</tag>
<tag subtype="ignore">head</tag>
<tag subtype="ignore">label</tag>
<tag subtype="ignore">note</tag>
<tag subtype="ignore">num</tag>
<tag subtype="ignore">locus</tag>
<tag subtype="ignore">supplied</tag>
<tag subtype="ignore">surplus</tag>
        </ab>
      </editorialDecl>
    </encodingDesc>
    <xenoData>
      <stemma format="nexml" id="stemma0"><nex:nexml xmlns:nex="http://www.nexml.org/2009" version="0.9"><nex:otus id="otus1"><nex:otu id="otu0" label="A"/><nex:otu id="otu1" label="H"/><nex:otu id="otu2" label="K"/><nex:otu id="otu3" label="NE"/></nex:otus><nex:trees otus="otus1" id="trees1"><nex:tree id="guidetree" label="guidetree" xsi:type="nex:FloatTree" xmlns:xsi="http://www.w3.org/2001/XMLSchema-instance"><nex:node id="98836886-0b34-4612-b1ab-0b60ac5e3d57" root="true"/><nex:node id="88662bf8-e93f-4200-b386-5335b71a28a6"/><nex:node id="27515b1d-2807-49f9-b552-93dc0d287ea9" label="A" otu="otu2"/><nex:node id="8d918482-f89b-4ac9-832a-a2a502536d24" label="H" otu="otu3"/><nex:node id="ec062363-dcf3-4a96-9035-466f7d862b9b"/><nex:node id="115ea49d-9450-4e78-8e7e-929459baad26" label="K" otu="otu5"/><nex:node id="4c596703-d219-460d-81e5-dbe90e852059" label="NE" otu="otu6"/><nex:edge source="98836886-0b34-4612-b1ab-0b60ac5e3d57" target="88662bf8-e93f-4200-b386-5335b71a28a6" id="edge0" length="0.20289313523930613"/><nex:edge source="98836886-0b34-4612-b1ab-0b60ac5e3d57" target="ec062363-dcf3-4a96-9035-466f7d862b9b" id="edge1" length="0.20289313523930613"/><nex:edge source="88662bf8-e93f-4200-b386-5335b71a28a6" target="27515b1d-2807-49f9-b552-93dc0d287ea9" id="edge2" length="0.5802479241418614"/><nex:edge source="88662bf8-e93f-4200-b386-5335b71a28a6" target="8d918482-f89b-4ac9-832a-a2a502536d24" id="edge3" length="0.40536909733592985"/><nex:edge source="ec062363-dcf3-4a96-9035-466f7d862b9b" target="115ea49d-9450-4e78-8e7e-929459baad26" id="edge4" length="0"/><nex:edge source="ec062363-dcf3-4a96-9035-466f7d862b9b" target="4c596703-d219-460d-81e5-dbe90e852059" id="edge5" length="0"/></nex:tree></nex:trees></nex:nexml></stemma>
    </xenoData>
  </teiHeader>
<TEI n="A"><text><cl><w n="0" lemma="pha"> pha</w><w n="1" lemma="le">le </w></cl><cl><w n="2">bṛ</w><w n="3">ha</w><w n="4" lemma="tyā">tyā </w></cl><cl><w n="5">ma</w><w n="6">ga</w><w n="7">dho</w><w n="8">dbha</w><w n="9">vā</w><w n="10" lemma="nā">nā </w></cl><cl><w n="11">ni</w><w n="12">dhā</w><w n="13" lemma="ya">ya </w><w n="14">ka</w><w n="15" lemma="lkaṃ">lkaṃ </w></cl><cl><w n="16"/><w n="17"/><w n="18"/><w n="19"/><w n="20">pha</w><w n="21">la</w><w n="22">pā</w><w n="23">ka</w><w n="24">kā</w><w n="25" lemma="le">le | </w></cl><cl><w n="26">sro</w><w n="27">to</w><w n="28">ja</w><w n="29">yu</w><w n="30" lemma="ktaṃ">ktaṃ </w></cl><cl><w n="31" lemma="ca">ca </w><w n="32">ta</w></cl><cl><w n="33" lemma="tu">d u</w><w n="34" lemma="dhṛ">ddhṛ</w><w n="35" lemma="taṃ">taṃ </w></cl><cl><w n="36">syā</w><w n="37" lemma="tta">t ta</w><w n="38">dva</w><w n="39" lemma="ttu">t tu </w></cl><cl><w n="40">pi</w><w n="41" lemma="ṣṭe">ṣṭe </w></cl><cl><w n="42">vi</w><w n="43" lemma="dhiḥ">dhir </w><w n="44">e</w><w n="45" lemma="ṣa">ṣa </w></cl><cl><w n="46">cā</w><w n="47" lemma="pi">pi || </w></cl></text></TEI><TEI n="H"><text><cl><w n="0" lemma="pha"> pha</w><w n="1" lemma="leḥ">ler </w></cl><cl><w n="2">vṛ</w><w n="3">ha</w><w n="4" lemma="tyā">tyā </w></cl><cl><w n="5">ma</w><w n="6">ga</w><w n="7" lemma="dhā">dhā </w><w n="8">bha</w><w n="9">vā</w><w n="10" lemma="nāṃ">nāṃ </w></cl><cl><w n="11"/><w n="12"/><w n="13"/><w n="14">ka</w><w n="15" lemma="lkaṃ">lkaṃ </w></cl><cl><w n="16">ni</w><w n="17">ra</w><w n="18">vā</w><w n="19" lemma="tvā">t vā</w><w n="20" lemma="tpha">t pha</w><w n="21">la</w><w n="22">pā</w><w n="23">ka</w><w n="24">sī</w><w n="25" lemma="ndhya">ndhya | </w></cl><cl><w n="26">sro</w><w n="27">to</w><w n="28">ja</w><w n="29">yu</w><w n="30" lemma="ktaṃ">ktan </w></cl><cl><w n="31">ta</w><w n="32" lemma="ta">ta </w></cl><cl><w n="33">u</w><w n="34" lemma="dhṛ">ddhṛ</w><w n="35" lemma="taṃ">taṃ </w></cl><cl><w n="36">syā</w><w n="37">tta</w><w n="38">dvā</w><w n="39" lemma="tra">tra </w></cl><cl><w n="40">pa</w><w n="41" lemma="thyāṃ">thyām </w></cl><cl><w n="42">vi</w><w n="43">dhi</w><w n="44">re</w><w n="45" lemma="ṣa">ṣa </w></cl><cl><w n="46">cā</w><w n="47" lemma="pi">pi | </w></cl></text></TEI><TEI n="K"><text><cl><w n="0" lemma="pha"> pha</w><w n="1" lemma="leḥ">ler </w></cl><cl><w n="2">vṛ</w><w n="3">ha</w><w n="4" lemma="tyā">tyā </w></cl><cl><w n="5">ma</w><w n="6">ga</w><w n="7">dho</w><w n="8">dbha</w><w n="9">vā</w><w n="10" lemma="nāṃ">nāṃ </w></cl><cl><w n="11"/><w n="12"/><w n="13"/><w n="14">ka</w><w n="15" lemma="lkaṃ">lkaṃ </w></cl><cl><w n="16">ni</w><w n="17">ra</w><w n="18">vā</w><w n="19" lemma="tvā">t vā</w><w n="20" lemma="tpha">t pha</w><w n="21">la</w><w n="22">pā</w><w n="23">ka</w><w n="24">sī</w><w n="25" lemma="ndhya">ndhya </w></cl><cl><w n="26">śro</w><w n="27">to</w><w n="28">ja</w><w n="29">yu</w><w n="30" lemma="ktaṃ">ktaṃ </w></cl><cl><w n="31">ta</w><w n="32" lemma="ta">ta </w></cl><cl><w n="33">u</w><w n="34" lemma="dhṛ">ddhṛ</w><w n="35" lemma="taṃ">taṃ </w></cl><cl><w n="36">syā</w><w n="37" lemma="tta">t ta</w><w n="38">dvā</w><w n="39" lemma="tra">tra </w></cl><cl><w n="40">pa</w><w n="41" lemma="thyaṃ">thyaṃ </w></cl><cl><w n="42">vi</w><w n="43">dhi</w><w n="44">re</w><w n="45" lemma="ṣa">ṣa </w></cl><cl><w n="46">cā</w><w n="47" lemma="pi">pi || </w></cl></text></TEI><TEI n="NE"><text><cl><w n="0" lemma="pha"> pha</w><w n="1" lemma="leḥ">ler </w></cl><cl><w n="2">vṛ</w><w n="3">ha</w><w n="4" lemma="tyā">tyā </w></cl><cl><w n="5">ma</w><w n="6">ga</w><w n="7">dho</w><w n="8">dbha</w><w n="9">vā</w><w n="10" lemma="nāṃ">nāṃ </w></cl><cl><w n="11"/><w n="12"/><w n="13"/><w n="14">ka</w><w n="15" lemma="lkaṃ">lkaṃ </w></cl><cl><w n="16">ni</w><w n="17">ra</w><w n="18">vā</w><w n="19" lemma="tvā">t vā</w><w n="20" lemma="tpha">t pha</w><w n="21">la</w><w n="22">pā</w><w n="23">ka</w><w n="24">sī</w><w n="25" lemma="ndhya">ndhya </w></cl><cl><w n="26">śro</w><w n="27">to</w><w n="28">ja</w><w n="29">yu</w><w n="30" lemma="ktaṃ">ktaṃ </w></cl><cl><w n="31">ta</w><w n="32" lemma="ta">ta </w></cl><cl><w n="33">u</w><w n="34" lemma="dhṛ">ddhṛ</w><w n="35" lemma="taṃ">taṃ </w></cl><cl><w n="36">syā</w><w n="37" lemma="tta">t ta</w><w n="38">dvā</w><w n="39" lemma="tra">tra </w></cl><cl><w n="40">pa</w><w n="41" lemma="thyaṃ">thyaṃ </w></cl><cl><w n="42">vi</w><w n="43">dhi</w><w n="44">re</w><w n="45" lemma="ṣa">ṣa </w></cl><cl><w n="46">cā</w><w n="47" lemma="pi">pi || </w></cl></text></TEI></teiCorpus>