<?xml version="1.0" encoding="UTF-8"?>
<teiCorpus xmlns="http://www.tei-c.org/ns/1.0" xml:lang="sa-Latn">
  <teiHeader>
<listWit>
<witness xml:id="A" source="06-ut-vulgate-1938-1-30.xml">
<abbr>A</abbr>
<expan>Printed edition: Ācārya 1938: Uttaratantra 1-30</expan>
</witness>
<witness xml:id="K" source="kl_699_uttaratantra-1-30.xml">
<abbr>K</abbr>
<expan>MSS Kathmandu KL 699: Uttaratantra</expan>
<listWit>
<witness xml:id="Kac" n="ac">
<abbr>Kac</abbr>
<expan>MSS Kathmandu KL 699: Uttaratantra [ante correctionem]</expan>
</witness>
<witness xml:id="Kpc" n="pc">
<abbr type="siglum">Kpc</abbr>
<expan>MSS Kathmandu KL 699: Uttaratantra [post correctionem]</expan>
</witness>
</listWit>
</witness>
<witness xml:id="H" source="nak_5-333_uttaratantra-1-30.xml">
<abbr>H</abbr>
<expan>MS Kathmandu NAK 5-333, Uttaratantra</expan>
<listWit>
<witness xml:id="Hac" n="ac">
<abbr>Hac</abbr>
<expan>MS Kathmandu NAK 5-333, Uttaratantra [ante correctionem]</expan>
</witness>
<witness xml:id="Hpc" n="pc">
<abbr type="siglum">Hpc</abbr>
<expan>MS Kathmandu NAK 5-333, Uttaratantra [post correctionem]</expan>
</witness>
</listWit>
</witness>
<witness xml:id="NE" source="provisional-edition_uttaratantra-1-30.xml">
<abbr>NE</abbr>
<expan>The Nepalese Version of the Suśrutasaṃhitā, uttaratantra 1-30, based on the
                    Nepalese MSS</expan>
</witness>
</listWit>
    <encodingDesc>
      <editorialDecl>
        <segmentation>
          <ab type="tokenization">aksara</ab>
          <ab type="blockid">SS.6.17.59</ab>
          <ab type="targetedition">NE</ab>
          <ab type="scoring">
            <ab type="match">1</ab>
            <ab type="mismatch">-1</ab>
            <ab type="gapopen">-2</ab>
            <ab type="gapextend">-0.25</ab>
            <ab type="recursive">true</ab>
            <ab type="realigndepth">20</ab>
            <ab type="distancefunction">ngrams</ab>
            
          </ab>
        </segmentation>
        <normalization method="markup">
<ab>ignore punctuation</ab>
<ab>candrabindu as anusvāra</ab>
<ab>geminated aspirated consonants</ab>
<ab>geminated m after h</ab>
<ab>geminated t</ab>
<ab>geminated consonants after r</ab>
<ab>final nasal variants</ab>
<ab>internal nasal variants</ab>
<ab>final anusvāra variants</ab>
<ab>visarga aḥ before voiced consonants</ab>
<ab>visarga aḥ before vowels</ab>
<ab>visarga aḥ before unvoiced consonants and space + anusvāra</ab>
<ab>visarga āḥ variants</ab>
<ab>other visarga variants</ab>
<ab>superfluous avagrahas</ab>
<ab>double avagrahas</ab>
<ab>avagrahas to short a</ab>
<ab>internal visarga variants</ab>
<ab>final au/āv</ab>
<ab>final su</ab>
<ab>final i</ab>
<ab>kcch/kś</ab>
<ab>cś/tś</ab>
<ab>cch/ch</ab>
<ab>final t + hi</ab>
<ab>final t + voiced syllable</ab>
<ab>final t + n/m</ab>
<ab>final t + c/j</ab>
<ab>i/y + vowel</ab>
<ab>bhd for bdh</ab>
<ab>remove spaces</ab>
        </normalization>
        <ab type="tagfilters">
<tag subtype="ignore">pc</tag>
<tag subtype="ignore">head</tag>
<tag subtype="ignore">label</tag>
<tag subtype="ignore">note</tag>
<tag subtype="ignore">num</tag>
<tag subtype="ignore">locus</tag>
<tag subtype="ignore">supplied</tag>
<tag subtype="ignore">surplus</tag>
        </ab>
      </editorialDecl>
    </encodingDesc>
    <xenoData>
      <stemma format="nexml" id="stemma0"><nex:nexml xmlns:nex="http://www.nexml.org/2009" version="0.9"><nex:otus id="otus1"><nex:otu id="otu0" label="A"/><nex:otu id="otu1" label="H"/><nex:otu id="otu2" label="K"/><nex:otu id="otu3" label="NE"/></nex:otus><nex:trees otus="otus1" id="trees1"><nex:tree id="guidetree" label="guidetree" xsi:type="nex:FloatTree" xmlns:xsi="http://www.w3.org/2001/XMLSchema-instance"><nex:node id="49ee7e33-b135-4f4b-a5e4-c1d65afeb9b6" root="true"/><nex:node id="cd576352-d79c-4983-9d65-12d73f487df6"/><nex:node id="d0ffa8fd-6806-4b71-881e-57ed796a2f78" label="A" otu="otu2"/><nex:node id="1e9c75c1-456b-42f9-8f09-c0aa2f8a5b8b" label="H" otu="otu3"/><nex:node id="7d632d30-fd52-480f-beb9-1b8e8d191b4f"/><nex:node id="b0cde0c5-3bb8-4f52-af88-7cb09792b570" label="K" otu="otu5"/><nex:node id="b5cfd3ff-ffee-403c-9c64-ee8eb814971f" label="NE" otu="otu6"/><nex:edge source="49ee7e33-b135-4f4b-a5e4-c1d65afeb9b6" target="cd576352-d79c-4983-9d65-12d73f487df6" id="edge0" length="0"/><nex:edge source="49ee7e33-b135-4f4b-a5e4-c1d65afeb9b6" target="7d632d30-fd52-480f-beb9-1b8e8d191b4f" id="edge1" length="0"/><nex:edge source="cd576352-d79c-4983-9d65-12d73f487df6" target="d0ffa8fd-6806-4b71-881e-57ed796a2f78" id="edge2" length="1"/><nex:edge source="cd576352-d79c-4983-9d65-12d73f487df6" target="1e9c75c1-456b-42f9-8f09-c0aa2f8a5b8b" id="edge3" length="0"/><nex:edge source="7d632d30-fd52-480f-beb9-1b8e8d191b4f" target="b0cde0c5-3bb8-4f52-af88-7cb09792b570" id="edge4" length="5.551115123125783e-17"/><nex:edge source="7d632d30-fd52-480f-beb9-1b8e8d191b4f" target="b5cfd3ff-ffee-403c-9c64-ee8eb814971f" id="edge5" length="5.551115123125783e-17"/></nex:tree></nex:trees></nex:nexml></stemma>
    </xenoData>
  </teiHeader>
<TEI n="A"><text><w n="0" lemma="nā"> nā</w><cl><w n="1" lemma="dhaḥ">dho </w><w n="2">no</w><w n="3" lemma="rdhvaṃ">rdhvaṃ </w><w n="4" lemma="na">na </w><w n="5">pā</w><w n="6">rśvā</w><w n="7" lemma="bhyāṃ">bhyāṃ </w><w n="8">chi</w><w n="9" lemma="dre">dre </w><w n="10">dai</w><w n="11">va</w><w n="12">kṛ</w><w n="13" lemma="te">te </w><w n="14">ta</w><w n="15" lemma="taḥ">taḥ | </w><w n="16">śa</w><w n="17">lā</w><w n="18">ka</w><w n="19" lemma="yā">yā </w></cl><cl><w n="20"/><w n="21">pra</w><w n="22">ya</w><w n="23">tne</w></cl><cl><w n="24" lemma="na">na </w><w n="25">vi</w><w n="27" lemma="staṃ">staṃ </w></cl><w n="26">śva</w><cl><w n="28">ya</w><w n="29">va</w><w n="30">va</w><w n="31">kra</w><w n="32" lemma="yā">yā || </w></cl></text></TEI><TEI n="H"><text><w n="0" lemma=""> </w><cl><w n="1"/><w n="2"/><w n="3"/><w n="4"/><w n="5"/><w n="6"/><w n="7"/><w n="8"/><w n="9"/><w n="10"/><w n="11"/><w n="12"/><w n="13"/><w n="14"/><w n="15"/><w n="16">śa</w><w n="17">lā</w><w n="18">ka</w><w n="19" lemma="yā">yā </w></cl><cl><w n="20">tā</w><w n="21">mra</w><w n="22">ma</w><w n="23" lemma="yyā">yyā </w></cl><cl><w n="24">lau</w><w n="25" lemma="hyā">hyā </w><w n="27"/></cl><w n="26" lemma="vā">vā </w><cl><w n="28">ya</w><w n="29">va</w><w n="30">va</w><w n="31">ktra</w><w n="32" lemma="yā">yā | </w></cl></text></TEI><TEI n="K"><text><w n="0" lemma=""> </w><cl><w n="1"/><w n="2"/><w n="3"/><w n="4"/><w n="5"/><w n="6"/><w n="7"/><w n="8"/><w n="9"/><w n="10"/><w n="11"/><w n="12"/><w n="13"/><w n="14"/><w n="15"/><w n="16">śa</w><w n="17">lā</w><w n="18">ka</w><w n="19" lemma="yā">yā </w></cl><cl><w n="20">tā</w><w n="21">mra</w><w n="22">ma</w><w n="23" lemma="yyā">yyā </w></cl><cl><w n="24">lau</w><w n="25" lemma="hyā">hyā </w><w n="27"/></cl><w n="26" lemma="vā">vā </w><cl><w n="28">ya</w><w n="29">va</w><w n="30">va</w><w n="31">tkra</w><w n="32" lemma="yā">yā | </w></cl></text></TEI><TEI n="NE"><text><w n="0" lemma=""> </w><cl><w n="1"/><w n="2"/><w n="3"/><w n="4"/><w n="5"/><w n="6"/><w n="7"/><w n="8"/><w n="9"/><w n="10"/><w n="11"/><w n="12"/><w n="13"/><w n="14"/><w n="15"/><w n="16">śa</w><w n="17">lā</w><w n="18">ka</w><w n="19" lemma="yā">yā </w></cl><cl><w n="20">tā</w><w n="21">mra</w><w n="22">ma</w><w n="23" lemma="yyā">yyā </w></cl><cl><w n="24">lau</w><w n="25" lemma="hyā">hyā </w><w n="27"/></cl><w n="26" lemma="vā">vā </w><cl><w n="28">ya</w><w n="29">va</w><w n="30">va</w><w n="31">kra</w><w n="32" lemma="yā">yā | </w></cl></text></TEI></teiCorpus>