<?xml version="1.0" encoding="UTF-8"?>
<teiCorpus xmlns="http://www.tei-c.org/ns/1.0" xml:lang="sa-Latn">
  <teiHeader>
<listWit>
<witness xml:id="A" source="06-ut-vulgate-1938-1-30.xml">
<abbr>A</abbr>
<expan>Printed edition: Ācārya 1938: Uttaratantra 1-30</expan>
</witness>
<witness xml:id="K" source="kl_699_uttaratantra-1-30.xml">
<abbr>K</abbr>
<expan>MSS Kathmandu KL 699: Uttaratantra</expan>
<listWit>
<witness xml:id="Kac" n="ac">
<abbr>Kac</abbr>
<expan>MSS Kathmandu KL 699: Uttaratantra [ante correctionem]</expan>
</witness>
<witness xml:id="Kpc" n="pc">
<abbr type="siglum">Kpc</abbr>
<expan>MSS Kathmandu KL 699: Uttaratantra [post correctionem]</expan>
</witness>
</listWit>
</witness>
<witness xml:id="H" source="nak_5-333_uttaratantra-1-30.xml">
<abbr>H</abbr>
<expan>MS Kathmandu NAK 5-333, Uttaratantra</expan>
<listWit>
<witness xml:id="Hac" n="ac">
<abbr>Hac</abbr>
<expan>MS Kathmandu NAK 5-333, Uttaratantra [ante correctionem]</expan>
</witness>
<witness xml:id="Hpc" n="pc">
<abbr type="siglum">Hpc</abbr>
<expan>MS Kathmandu NAK 5-333, Uttaratantra [post correctionem]</expan>
</witness>
</listWit>
</witness>
<witness xml:id="NE" source="provisional-edition_uttaratantra-1-30.xml">
<abbr>NE</abbr>
<expan>The Nepalese Version of the Suśrutasaṃhitā, uttaratantra 1-30, based on the
                    Nepalese MSS</expan>
</witness>
</listWit>
    <encodingDesc>
      <editorialDecl>
        <segmentation>
          <ab type="tokenization">aksara</ab>
          <ab type="blockid">SS.6.17.83</ab>
          <ab type="targetedition">NE</ab>
          <ab type="scoring">
            <ab type="match">1</ab>
            <ab type="mismatch">-1</ab>
            <ab type="gapopen">-2</ab>
            <ab type="gapextend">-0.25</ab>
            <ab type="recursive">true</ab>
            <ab type="realigndepth">20</ab>
            <ab type="distancefunction">ngrams</ab>
            
          </ab>
        </segmentation>
        <normalization method="markup">
<ab>ignore punctuation</ab>
<ab>candrabindu as anusvāra</ab>
<ab>geminated aspirated consonants</ab>
<ab>geminated m after h</ab>
<ab>geminated t</ab>
<ab>geminated consonants after r</ab>
<ab>final nasal variants</ab>
<ab>internal nasal variants</ab>
<ab>final anusvāra variants</ab>
<ab>visarga aḥ before voiced consonants</ab>
<ab>visarga aḥ before vowels</ab>
<ab>visarga aḥ before unvoiced consonants and space + anusvāra</ab>
<ab>visarga āḥ variants</ab>
<ab>other visarga variants</ab>
<ab>superfluous avagrahas</ab>
<ab>double avagrahas</ab>
<ab>avagrahas to short a</ab>
<ab>internal visarga variants</ab>
<ab>final au/āv</ab>
<ab>final su</ab>
<ab>final i</ab>
<ab>kcch/kś</ab>
<ab>cś/tś</ab>
<ab>cch/ch</ab>
<ab>final t + hi</ab>
<ab>final t + voiced syllable</ab>
<ab>final t + n/m</ab>
<ab>final t + c/j</ab>
<ab>i/y + vowel</ab>
<ab>bhd for bdh</ab>
<ab>remove spaces</ab>
        </normalization>
        <ab type="tagfilters">
<tag subtype="ignore">pc</tag>
<tag subtype="ignore">head</tag>
<tag subtype="ignore">label</tag>
<tag subtype="ignore">note</tag>
<tag subtype="ignore">num</tag>
<tag subtype="ignore">locus</tag>
<tag subtype="ignore">supplied</tag>
<tag subtype="ignore">surplus</tag>
        </ab>
      </editorialDecl>
    </encodingDesc>
    <xenoData>
      <stemma format="nexml" id="stemma0"><nex:nexml xmlns:nex="http://www.nexml.org/2009" version="0.9"><nex:otus id="otus1"><nex:otu id="otu0" label="A"/><nex:otu id="otu1" label="H"/><nex:otu id="otu2" label="K"/><nex:otu id="otu3" label="NE"/></nex:otus><nex:trees otus="otus1" id="trees1"><nex:tree id="guidetree" label="guidetree" xsi:type="nex:FloatTree" xmlns:xsi="http://www.w3.org/2001/XMLSchema-instance"><nex:node id="0e7fddca-3b93-44c7-9ef9-a8536dbce3b0" root="true"/><nex:node id="03e0647f-a076-45e2-9bf4-bcfa067543f6"/><nex:node id="67b75afd-466b-4ee7-bc2e-e1d25f056f05" label="A" otu="otu2"/><nex:node id="f3025663-bb97-47b2-bccf-5444d62d8207" label="H" otu="otu3"/><nex:node id="13659eb6-e8ff-4388-b607-b4dadb4254b4"/><nex:node id="d63372e2-308a-410a-91f4-f01fc48e370e" label="K" otu="otu5"/><nex:node id="40dfb1ae-a9cc-4ecc-a998-1c81c716de51" label="NE" otu="otu6"/><nex:edge source="0e7fddca-3b93-44c7-9ef9-a8536dbce3b0" target="03e0647f-a076-45e2-9bf4-bcfa067543f6" id="edge0" length="0.09952564743430356"/><nex:edge source="0e7fddca-3b93-44c7-9ef9-a8536dbce3b0" target="13659eb6-e8ff-4388-b607-b4dadb4254b4" id="edge1" length="0.09952564743430356"/><nex:edge source="03e0647f-a076-45e2-9bf4-bcfa067543f6" target="67b75afd-466b-4ee7-bc2e-e1d25f056f05" id="edge2" length="0.5886794449954509"/><nex:edge source="03e0647f-a076-45e2-9bf4-bcfa067543f6" target="f3025663-bb97-47b2-bccf-5444d62d8207" id="edge3" length="0.3991577403934793"/><nex:edge source="13659eb6-e8ff-4388-b607-b4dadb4254b4" target="d63372e2-308a-410a-91f4-f01fc48e370e" id="edge4" length="0.1673745345237428"/><nex:edge source="13659eb6-e8ff-4388-b607-b4dadb4254b4" target="40dfb1ae-a9cc-4ecc-a998-1c81c716de51" id="edge5" length="0.23711275672386828"/></nex:tree></nex:trees></nex:nexml></stemma>
    </xenoData>
  </teiHeader>
<TEI n="A"><text><cl><w n="0" lemma="ja"> ja</w><w n="1">lā</w><w n="2">srā</w><w n="3" lemma="vaṃ">vaṃ </w></cl><cl><w n="4" lemma="tu">tu </w><w n="5">vi</w><w n="6">ṣa</w><w n="7" lemma="mā">mā </w><w n="8">kri</w><w n="9">yā</w><w n="10" lemma="saṃ">saṅ</w><w n="11" lemma="gaṃ">gam </w><w n="12">a</w><w n="13">thā</w></cl><cl><w n="14">sthi</w><w n="15" lemma="rā">rā | </w></cl><cl><w n="16">ka</w><w n="17">ro</w><w n="18" lemma="ti">ti </w></cl><cl><w n="19">va</w><w n="20">rji</w><w n="21" lemma="tā">tā </w></cl><cl><w n="22">do</w><w n="23" lemma="ṣaiḥ">ṣais </w></cl><cl><w n="24">ta</w><w n="25">smā</w><w n="26" lemma="te">d e</w><w n="27" lemma="bhiḥ">bhir </w></cl><cl><w n="28">hi</w><w n="29" lemma="tā">tā </w></cl><cl><w n="30">bha</w><w n="31">ve</w><w n="32" lemma="t">t || </w></cl></text></TEI><TEI n="H"><text><cl><w n="0">ja</w><w n="1">lā</w><w n="2">srā</w><w n="3" lemma="vaṃ">vaṃ </w></cl><cl><w n="4">su</w><w n="5">vi</w><w n="6">ṣa</w><w n="7">mā</w><w n="8" lemma="tkri">t kri</w><w n="9">yā</w><w n="10" lemma="saṃ">saṅ</w><w n="11">ga</w><w n="12">ka</w><w n="13" lemma="rī">rī </w></cl><cl><w n="14">sthi</w><w n="15" lemma="rā">rā | </w></cl><cl><w n="16">ka</w><w n="17">ro</w><w n="18" lemma="ti">ti </w></cl><cl><w n="19">va</w><w n="20" lemma="rji">rjji</w><w n="21" lemma="nāṃ">nāṃ </w></cl><cl><w n="22">do</w><w n="23" lemma="ṣaiḥ">ṣais </w></cl><cl><w n="24">ta</w><w n="25">smā</w><w n="26" lemma="te">d e</w><w n="27" lemma="bhiḥ">bhir </w></cl><cl><w n="28">hi</w><w n="29" lemma="tā">tā </w></cl><cl><w n="30">bha</w><w n="31">ve</w><w n="32" lemma="t">t || </w></cl></text></TEI><TEI n="K"><text><cl><w n="0">ja</w><w n="1">lā</w><w n="2">srā</w><w n="3" lemma="vaṃ">vaṃ </w></cl><cl><w n="4">su</w><w n="5">vi</w><w n="6">ṣa</w><w n="7">mā</w><w n="8" lemma="tkri">t kri</w><w n="9">yā</w><w n="10" lemma="saṃ">saṅ</w><w n="11">ga</w><w n="12">ka</w><w n="13" lemma="rī">rī </w></cl><cl><w n="14">sthi</w><w n="15" lemma="rā">rā | </w></cl><cl><w n="16">ka</w><w n="17">ro</w><w n="18" lemma="ti">ti </w></cl><cl><w n="19">va</w><w n="20">rji</w><w n="21" lemma="tāṃ">tāṃ </w></cl><cl><w n="22">do</w><w n="23" lemma="ṣaiḥ">ṣais </w></cl><cl><w n="24">ta</w><w n="25">smā</w><w n="26" lemma="te">d e</w><w n="27" lemma="bhiḥ">bhir </w></cl><cl><w n="28">hi</w><w n="29" lemma="tā">tā </w></cl><cl><w n="30">bha</w><w n="31">ve</w><w n="32" lemma="t">t || </w></cl></text></TEI><TEI n="NE"><text><cl><w n="0" lemma="ja"> ja</w><w n="1">lā</w><w n="2">srā</w><w n="3" lemma="vaṃ">vaṃ </w></cl><cl><w n="4">su</w><w n="5">vi</w><w n="6">ṣa</w><w n="7">mā</w><w n="8" lemma="tkri">t kri</w><w n="9">yā</w><w n="10" lemma="saṃ">saṅ</w><w n="11">ga</w><w n="12">ka</w><w n="13" lemma="rī">rī </w></cl><cl><w n="14">sthi</w><w n="15" lemma="rā">rā ||65|| </w></cl><cl><w n="16">ka</w><w n="17">ro</w><w n="18" lemma="ti">ti </w></cl><cl><w n="19">va</w><w n="20">rji</w><w n="21" lemma="tāṃ">tāṃ </w></cl><cl><w n="22">do</w><w n="23" lemma="ṣaiḥ">ṣais </w></cl><cl><w n="24">ta</w><w n="25">smā</w><w n="26" lemma="te">d e</w><w n="27" lemma="bhiḥ">bhir </w></cl><cl><w n="28">hi</w><w n="29" lemma="tāṃ">tāṃ </w></cl><cl><w n="30">bha</w><w n="31">ve</w><w n="32" lemma="t">t | </w></cl></text></TEI></teiCorpus>