<?xml version="1.0" encoding="UTF-8"?>
<teiCorpus xmlns="http://www.tei-c.org/ns/1.0" xml:lang="sa-Latn">
  <teiHeader>
<listWit>
<witness xml:id="A" source="06-ut-vulgate-1938-1-30.xml">
<abbr>A</abbr>
<expan>Printed edition: Ācārya 1938: Uttaratantra 1-30</expan>
</witness>
<witness xml:id="K" source="kl_699_uttaratantra-1-30.xml">
<abbr>K</abbr>
<expan>MSS Kathmandu KL 699: Uttaratantra</expan>
<listWit>
<witness xml:id="Kac" n="ac">
<abbr>Kac</abbr>
<expan>MSS Kathmandu KL 699: Uttaratantra [ante correctionem]</expan>
</witness>
<witness xml:id="Kpc" n="pc">
<abbr type="siglum">Kpc</abbr>
<expan>MSS Kathmandu KL 699: Uttaratantra [post correctionem]</expan>
</witness>
</listWit>
</witness>
<witness xml:id="H" source="nak_5-333_uttaratantra-1-30.xml">
<abbr>H</abbr>
<expan>MS Kathmandu NAK 5-333, Uttaratantra</expan>
<listWit>
<witness xml:id="Hac" n="ac">
<abbr>Hac</abbr>
<expan>MS Kathmandu NAK 5-333, Uttaratantra [ante correctionem]</expan>
</witness>
<witness xml:id="Hpc" n="pc">
<abbr type="siglum">Hpc</abbr>
<expan>MS Kathmandu NAK 5-333, Uttaratantra [post correctionem]</expan>
</witness>
</listWit>
</witness>
<witness xml:id="NE" source="provisional-edition_uttaratantra-1-30.xml">
<abbr>NE</abbr>
<expan>The Nepalese Version of the Suśrutasaṃhitā, uttaratantra 1-30, based on the
                    Nepalese MSS</expan>
</witness>
</listWit>
    <encodingDesc>
      <editorialDecl>
        <segmentation>
          <ab type="tokenization">aksara</ab>
          <ab type="blockid">SS.6.1.41</ab>
          <ab type="targetedition">NE</ab>
          <ab type="scoring">
            <ab type="match">1</ab>
            <ab type="mismatch">-1</ab>
            <ab type="gapopen">-2</ab>
            <ab type="gapextend">-0.25</ab>
            <ab type="recursive">true</ab>
            <ab type="realigndepth">20</ab>
            <ab type="distancefunction">ngrams</ab>
            
          </ab>
        </segmentation>
        <normalization method="markup">
<ab>ignore punctuation</ab>
<ab>candrabindu as anusvāra</ab>
<ab>geminated aspirated consonants</ab>
<ab>geminated m after h</ab>
<ab>geminated t</ab>
<ab>geminated consonants after r</ab>
<ab>final nasal variants</ab>
<ab>internal nasal variants</ab>
<ab>final anusvāra variants</ab>
<ab>visarga aḥ before voiced consonants</ab>
<ab>visarga aḥ before vowels</ab>
<ab>visarga aḥ before unvoiced consonants and space + anusvāra</ab>
<ab>visarga āḥ variants</ab>
<ab>other visarga variants</ab>
<ab>superfluous avagrahas</ab>
<ab>double avagrahas</ab>
<ab>avagrahas to short a</ab>
<ab>internal visarga variants</ab>
<ab>final au/āv</ab>
<ab>final su</ab>
<ab>final i</ab>
<ab>kcch/kś</ab>
<ab>cś/tś</ab>
<ab>cch/ch</ab>
<ab>final t + hi</ab>
<ab>final t + voiced syllable</ab>
<ab>final t + n/m</ab>
<ab>final t + c/j</ab>
<ab>i/y + vowel</ab>
<ab>bhd for bdh</ab>
<ab>remove spaces</ab>
        </normalization>
        <ab type="tagfilters">
<tag subtype="ignore">pc</tag>
<tag subtype="ignore">head</tag>
<tag subtype="ignore">label</tag>
<tag subtype="ignore">note</tag>
<tag subtype="ignore">num</tag>
<tag subtype="ignore">locus</tag>
<tag subtype="ignore">supplied</tag>
<tag subtype="ignore">surplus</tag>
        </ab>
      </editorialDecl>
    </encodingDesc>
    <xenoData>
      <stemma format="nexml" id="stemma0"><nex:nexml xmlns:nex="http://www.nexml.org/2009" version="0.9"><nex:otus id="otus1"><nex:otu id="otu0" label="H"/><nex:otu id="otu1" label="A"/><nex:otu id="otu2" label="K"/><nex:otu id="otu3" label="NE"/></nex:otus><nex:trees otus="otus1" id="trees1"><nex:tree id="guidetree" label="guidetree" xsi:type="nex:FloatTree" xmlns:xsi="http://www.w3.org/2001/XMLSchema-instance"><nex:node id="25473edc-a6eb-43ff-838b-90f19b0d890d" root="true"/><nex:node id="eb2a0fc9-eb73-442b-88fd-95e0b56963be"/><nex:node id="d9c37409-91d2-4f40-8143-06ee540faef2" label="H" otu="otu2"/><nex:node id="668da0e8-5c9a-4f72-9d95-936be05b2845" label="A" otu="otu3"/><nex:node id="110819df-c623-4840-8baf-afbd880877cd"/><nex:node id="478af4e2-eb39-412f-9e7c-26c440acd25a" label="K" otu="otu5"/><nex:node id="667a56b3-3987-445f-8dd5-375701eccdc5" label="NE" otu="otu6"/><nex:edge source="25473edc-a6eb-43ff-838b-90f19b0d890d" target="eb2a0fc9-eb73-442b-88fd-95e0b56963be" id="edge0" length="0.18667134888455142"/><nex:edge source="25473edc-a6eb-43ff-838b-90f19b0d890d" target="110819df-c623-4840-8baf-afbd880877cd" id="edge1" length="0.18667134888455142"/><nex:edge source="eb2a0fc9-eb73-442b-88fd-95e0b56963be" target="d9c37409-91d2-4f40-8143-06ee540faef2" id="edge2" length="0.6266573022308972"/><nex:edge source="eb2a0fc9-eb73-442b-88fd-95e0b56963be" target="668da0e8-5c9a-4f72-9d95-936be05b2845" id="edge3" length="0.34790201975506685"/><nex:edge source="110819df-c623-4840-8baf-afbd880877cd" target="478af4e2-eb39-412f-9e7c-26c440acd25a" id="edge4" length="5.551115123125783e-17"/><nex:edge source="110819df-c623-4840-8baf-afbd880877cd" target="667a56b3-3987-445f-8dd5-375701eccdc5" id="edge5" length="5.551115123125783e-17"/></nex:tree></nex:trees></nex:nexml></stemma>
    </xenoData>
  </teiHeader>
<TEI n="H"><text><cl><w n="0">pū</w><w n="1">yā</w><w n="2">la</w><w n="3" lemma="saṃ">sañ</w></cl><cl><w n="4">cā</w><w n="5" lemma="rvu">rvvu</w><w n="6" lemma="daṃ">dañ </w><w n="7" lemma="ca">ca </w></cl><cl><w n="8">śyā</w><w n="9">va</w><w n="10" lemma="kaṃ">kan</w><w n="11">da</w><w n="12">ma</w><w n="13">va</w><w n="14" lemma="rtṃ">rtm</w><w n="15">ma</w><w n="16" lemma="nī">nī | </w></cl><cl><w n="17">ta</w><w n="18">thā</w><w n="19">rśo</w><w n="20">va</w><w n="21" lemma="rtṃ">rtm</w><w n="22">ma</w><w n="23">śu</w><w n="24">ṣkā</w><w n="25" lemma="rśaḥ">rśaḥ </w></cl><cl><w n="26">sa</w><w n="27">rka</w><w n="28">rā</w><w n="29">va</w><w n="30" lemma="rtṃ">rtm</w></cl><cl><w n="31" lemma="ma">ma </w><w n="32">e</w><w n="33" lemma="va">va </w></cl><cl><w n="34" lemma="ca">ca ||</w></cl></text></TEI><TEI n="A"><text><cl><w n="0" lemma="pū"> pū</w><w n="1">yā</w><w n="2">la</w><w n="3" lemma="saḥ">saś </w></cl><cl><w n="4">cā</w><w n="5">rbu</w><w n="6" lemma="daṃ">daṃ </w><w n="7" lemma="ca">ca </w></cl><cl><w n="8">śyā</w><w n="9">va</w><w n="10">ka</w><w n="11">rda</w><w n="12">ma</w><w n="13">va</w><w n="14"/><w n="15">rtma</w><w n="16" lemma="nī">nī | </w></cl><cl><w n="17">ta</w><w n="18">thā</w><w n="19">rśo</w><w n="20">va</w><w n="21"/><w n="22" lemma="rtma">rtma </w><w n="23">śu</w><w n="24">ṣkā</w><w n="25" lemma="rśaḥ">rśaḥ </w></cl><cl><w n="26">śa</w><w n="27">rka</w><w n="28">rā</w><w n="29">va</w><w n="30" lemma="rtma">rtma </w></cl><cl><w n="31">ya</w><w n="32" lemma="tca">c ca </w><w n="33" lemma="vai">vai || </w></cl><cl><w n="34"/></cl></text></TEI><TEI n="K"><text><cl><w n="0">pū</w><w n="1">yā</w><w n="2">la</w><w n="3" lemma="saḥ">saś </w></cl><cl><w n="4">cā</w><w n="5">rbu</w><w n="6" lemma="daḥ">daś </w><w n="7" lemma="ca">ca </w></cl><cl><w n="8">śyā</w><w n="9">va</w><w n="10">ka</w><w n="11">rda</w><w n="12">ma</w><w n="13">va</w><w n="14"/><w n="15">rtma</w><w n="16" lemma="nī">nī | </w></cl><cl><w n="17">ta</w><w n="18">thā</w><w n="19">rśo</w><w n="20">va</w><w n="21"/><w n="22">rtma</w><w n="23">śu</w><w n="24">ṣkā</w><w n="25" lemma="rśaḥ">rśaḥ </w></cl><cl><w n="26">śa</w><w n="27">rka</w><w n="28">rā</w><w n="29">va</w><w n="30" lemma="rtma">rtma </w></cl><cl><w n="31"/><w n="32">e</w><w n="33" lemma="va">va </w></cl><cl><w n="34" lemma="ca">ca |</w></cl></text></TEI><TEI n="NE"><text><cl><w n="0" lemma="pū"> pū</w><w n="1">yā</w><w n="2">la</w><w n="3" lemma="saḥ">saś </w></cl><cl><w n="4">cā</w><w n="5">rbu</w><w n="6" lemma="daḥ">daś </w><w n="7" lemma="ca">ca </w></cl><cl><w n="8">śyā</w><w n="9">va</w><w n="10">ka</w><w n="11">rda</w><w n="12">ma</w><w n="13">va</w><w n="14"/><w n="15">rtma</w><w n="16" lemma="nī">nī | </w></cl><cl><w n="17">ta</w><w n="18">thā</w><w n="19">rśo</w><w n="20">va</w><w n="21"/><w n="22">rtma</w><w n="23">śu</w><w n="24">ṣkā</w><w n="25" lemma="rśaḥ">rśaḥ </w></cl><cl><w n="26">śa</w><w n="27">rka</w><w n="28">rā</w><w n="29">va</w><w n="30" lemma="rtma">rtma </w></cl><cl><w n="31"/><w n="32">e</w><w n="33" lemma="va">va </w></cl><cl><w n="34" lemma="ca">ca |</w></cl></text></TEI></teiCorpus>