<?xml version="1.0" encoding="UTF-8"?>
<teiCorpus xmlns="http://www.tei-c.org/ns/1.0" xml:lang="sa-Latn">
  <teiHeader>
<listWit>
<witness xml:id="A" source="06-ut-vulgate-1938-1-30.xml">
<abbr>A</abbr>
<expan>Printed edition: Ācārya 1938: Uttaratantra 1-30</expan>
</witness>
<witness xml:id="K" source="kl_699_uttaratantra-1-30.xml">
<abbr>K</abbr>
<expan>MSS Kathmandu KL 699: Uttaratantra</expan>
<listWit>
<witness xml:id="Kac" n="ac">
<abbr>Kac</abbr>
<expan>MSS Kathmandu KL 699: Uttaratantra [ante correctionem]</expan>
</witness>
<witness xml:id="Kpc" n="pc">
<abbr type="siglum">Kpc</abbr>
<expan>MSS Kathmandu KL 699: Uttaratantra [post correctionem]</expan>
</witness>
</listWit>
</witness>
<witness xml:id="H" source="nak_5-333_uttaratantra-1-30.xml">
<abbr>H</abbr>
<expan>MS Kathmandu NAK 5-333, Uttaratantra</expan>
<listWit>
<witness xml:id="Hac" n="ac">
<abbr>Hac</abbr>
<expan>MS Kathmandu NAK 5-333, Uttaratantra [ante correctionem]</expan>
</witness>
<witness xml:id="Hpc" n="pc">
<abbr type="siglum">Hpc</abbr>
<expan>MS Kathmandu NAK 5-333, Uttaratantra [post correctionem]</expan>
</witness>
</listWit>
</witness>
<witness xml:id="NE" source="provisional-edition_uttaratantra-1-30.xml">
<abbr>NE</abbr>
<expan>The Nepalese Version of the Suśrutasaṃhitā, uttaratantra 1-30, based on the
                    Nepalese MSS</expan>
</witness>
</listWit>
    <encodingDesc>
      <editorialDecl>
        <segmentation>
          <ab type="tokenization">aksara</ab>
          <ab type="blockid">SS.6.17.42</ab>
          <ab type="targetedition">NE</ab>
          <ab type="scoring">
            <ab type="match">1</ab>
            <ab type="mismatch">-1</ab>
            <ab type="gapopen">-2</ab>
            <ab type="gapextend">-0.25</ab>
            <ab type="recursive">true</ab>
            <ab type="realigndepth">20</ab>
            <ab type="distancefunction">ngrams</ab>
            
          </ab>
        </segmentation>
        <normalization method="markup">
<ab>ignore punctuation</ab>
<ab>candrabindu as anusvāra</ab>
<ab>geminated aspirated consonants</ab>
<ab>geminated m after h</ab>
<ab>geminated t</ab>
<ab>geminated consonants after r</ab>
<ab>final nasal variants</ab>
<ab>internal nasal variants</ab>
<ab>final anusvāra variants</ab>
<ab>visarga aḥ before voiced consonants</ab>
<ab>visarga aḥ before vowels</ab>
<ab>visarga aḥ before unvoiced consonants and space + anusvāra</ab>
<ab>visarga āḥ variants</ab>
<ab>other visarga variants</ab>
<ab>superfluous avagrahas</ab>
<ab>double avagrahas</ab>
<ab>avagrahas to short a</ab>
<ab>internal visarga variants</ab>
<ab>final au/āv</ab>
<ab>final su</ab>
<ab>final i</ab>
<ab>kcch/kś</ab>
<ab>cś/tś</ab>
<ab>cch/ch</ab>
<ab>final t + hi</ab>
<ab>final t + voiced syllable</ab>
<ab>final t + n/m</ab>
<ab>final t + c/j</ab>
<ab>i/y + vowel</ab>
<ab>bhd for bdh</ab>
<ab>remove spaces</ab>
        </normalization>
        <ab type="tagfilters">
<tag subtype="ignore">pc</tag>
<tag subtype="ignore">head</tag>
<tag subtype="ignore">label</tag>
<tag subtype="ignore">note</tag>
<tag subtype="ignore">num</tag>
<tag subtype="ignore">locus</tag>
<tag subtype="ignore">supplied</tag>
<tag subtype="ignore">surplus</tag>
        </ab>
      </editorialDecl>
    </encodingDesc>
    <xenoData>
      <stemma format="nexml" id="stemma0"><nex:nexml xmlns:nex="http://www.nexml.org/2009" version="0.9"><nex:otus id="otus1"><nex:otu id="otu0" label="A"/><nex:otu id="otu1" label="H"/><nex:otu id="otu2" label="K"/><nex:otu id="otu3" label="NE"/></nex:otus><nex:trees otus="otus1" id="trees1"><nex:tree id="guidetree" label="guidetree" xsi:type="nex:FloatTree" xmlns:xsi="http://www.w3.org/2001/XMLSchema-instance"><nex:node id="4f6a9df4-9ff7-48ac-8cd4-0fb5a867cd4b" root="true"/><nex:node id="f7e53e86-d3df-4406-8357-f62bcf27ffd6"/><nex:node id="28c00f00-07fb-4102-95a2-21f724e87312" label="A" otu="otu2"/><nex:node id="4f546cb7-97ac-4c7d-976c-b32c766dd8bd" label="H" otu="otu3"/><nex:node id="f9087727-64a8-4287-b8be-4bfd670537d6"/><nex:node id="72e58780-b2ae-4b3c-be3c-7be53d2d2579" label="K" otu="otu5"/><nex:node id="37ad4dc2-c733-406b-84c8-870d8b3e7d1f" label="NE" otu="otu6"/><nex:edge source="4f6a9df4-9ff7-48ac-8cd4-0fb5a867cd4b" target="f7e53e86-d3df-4406-8357-f62bcf27ffd6" id="edge0" length="0.1445077966517696"/><nex:edge source="4f6a9df4-9ff7-48ac-8cd4-0fb5a867cd4b" target="f9087727-64a8-4287-b8be-4bfd670537d6" id="edge1" length="0.1445077966517696"/><nex:edge source="f7e53e86-d3df-4406-8357-f62bcf27ffd6" target="28c00f00-07fb-4102-95a2-21f724e87312" id="edge2" length="0.6732589526366088"/><nex:edge source="f7e53e86-d3df-4406-8357-f62bcf27ffd6" target="4f546cb7-97ac-4c7d-976c-b32c766dd8bd" id="edge3" length="0.32674104736339116"/><nex:edge source="f9087727-64a8-4287-b8be-4bfd670537d6" target="72e58780-b2ae-4b3c-be3c-7be53d2d2579" id="edge4" length="5.551115123125783e-17"/><nex:edge source="f9087727-64a8-4287-b8be-4bfd670537d6" target="37ad4dc2-c733-406b-84c8-870d8b3e7d1f" id="edge5" length="5.551115123125783e-17"/></nex:tree></nex:trees></nex:nexml></stemma>
    </xenoData>
  </teiHeader>
<TEI n="A"><text><cl><w n="0" lemma="vi"> vi</w><w n="1" lemma="ḍaṃ">ḍaṅ</w><w n="2">ga</w><w n="3">pā</w><w n="4">ṭhā</w><w n="5">ki</w><w n="6">ṇi</w><w n="7" lemma="hīṃ">hīṅ</w><w n="8">gu</w><w n="9">dī</w><w n="10">tva</w><w n="11" lemma="caḥ">caḥ </w></cl><cl><w n="12">pra</w><w n="13">yo</w><w n="14">ja</w><w n="15">ye</w><w n="16" lemma="tdhū">d dhū</w><w n="17" lemma="maṃ">mam </w></cl><cl><w n="18">u</w><w n="19">śī</w><w n="20">ra</w></cl><cl><w n="21">saṃ</w><w n="22">yu</w><w n="23" lemma="tā">tāḥ | </w></cl><cl><w n="24">va</w><w n="25">na</w><w n="26">spa</w><w n="27">ti</w><w n="28">kvā</w><w n="29">tha</w><w n="30">vi</w><w n="31">pā</w><w n="32">ci</w><w n="33" lemma="taṃ">taṃ </w></cl><cl><w n="34">ghṛ</w><w n="35" lemma="taṃ">taṃ </w></cl><cl><w n="36">hi</w><w n="37" lemma="taṃ">taṃ </w></cl><cl><w n="38">ha</w><w n="39">ri</w><w n="40">drā</w><w n="41">na</w><w n="42">la</w><w n="43" lemma="de">de </w><w n="44" lemma="ca">ca </w></cl><cl><w n="45">ta</w><w n="46">rpa</w><w n="47" lemma="ṇaṃ">ṇam || </w></cl></text></TEI><TEI n="H"><text><cl><w n="0" lemma="vi"> vi</w><w n="1" lemma="ḍaṃ">ḍaṅ</w><w n="2">ga</w><w n="3">pā</w><w n="4">ṭhā</w><w n="5">ki</w><w n="6">ṇi</w><w n="7" lemma="hīṃ">hīṅ</w><w n="8">gu</w><w n="9">dī</w><w n="10">tva</w><w n="11" lemma="caḥ">caḥ </w></cl><cl><w n="12">pra</w><w n="13">yo</w><w n="14">ja</w><w n="15">ye</w><w n="16" lemma="tdhū">d dhū</w><w n="17" lemma="maṃ">mam </w></cl><cl><w n="18">u</w><w n="19">śī</w><w n="20" lemma="raṃ">ram </w></cl><cl><w n="21">e</w><w n="22" lemma="va">va </w><w n="23" lemma="ca">ca | </w></cl><cl><w n="24">va</w><w n="25">na</w><w n="26">spa</w><w n="27">ti</w><w n="28">kvā</w><w n="29">tha</w><w n="30">vi</w><w n="31">bhā</w><w n="32">vi</w><w n="33" lemma="taṃ">taṃ </w></cl><cl><w n="34">ghṛ</w><w n="35" lemma="taṃ">taṃ </w></cl><cl><w n="36">hi</w><w n="37" lemma="taṃ">taṃ </w></cl><cl><w n="38">ha</w><w n="39">ri</w><w n="40">drā</w><w n="41">na</w><w n="42">la</w><w n="43" lemma="de">de </w><w n="44" lemma="va">va </w></cl><cl><w n="45">ta</w><w n="46" lemma="rpa">rppa</w><w n="47" lemma="ṇe">ṇe || </w></cl></text></TEI><TEI n="K"><text><cl><w n="0" lemma="vi"> vi</w><w n="1" lemma="ḍaṃ">ḍaṅ</w><w n="2">ga</w><w n="3">pā</w><w n="4">ṭhā</w><w n="5">ki</w><w n="6">ṇi</w><w n="7" lemma="hīṃ">hīṅ</w><w n="8">gu</w><w n="9">dī</w><w n="10">tva</w><w n="11" lemma="caḥ">caḥ </w></cl><cl><w n="12">pra</w><w n="13">yo</w><w n="14">ja</w><w n="15">ye</w><w n="16" lemma="tdhū">d dhū</w><w n="17" lemma="maṃ">mam </w></cl><cl><w n="18">u</w><w n="19">śī</w><w n="20" lemma="raṃ">ram </w></cl><cl><w n="21">e</w><w n="22" lemma="va">va </w><w n="23" lemma="ca">ca | </w></cl><cl><w n="24">va</w><w n="25">na</w><w n="26">spa</w><w n="27">ti</w><w n="28">kvā</w><w n="29">tha</w><w n="30">vi</w><w n="31">bhā</w><w n="32">vi</w><w n="33" lemma="taṃ">taṃ </w></cl><cl><w n="34">ghṛ</w><w n="35" lemma="taṃ">taṃ </w></cl><cl><w n="36">hi</w><w n="37" lemma="taṃ">taṃ </w></cl><cl><w n="38">ha</w><w n="39">ri</w><w n="40">drā</w><w n="41">na</w><w n="42">la</w><w n="43" lemma="de">de </w><w n="44" lemma="ca">ca </w></cl><cl><w n="45">ta</w><w n="46">rpa</w><w n="47" lemma="ṇe">ṇe || </w></cl></text></TEI><TEI n="NE"><text><cl><w n="0" lemma="vi"> vi</w><w n="1" lemma="ḍaṃ">ḍaṅ</w><w n="2">ga</w><w n="3">pā</w><w n="4">ṭhā</w><w n="5">ki</w><w n="6">ṇi</w><w n="7" lemma="hīṃ">hīṅ</w><w n="8">gu</w><w n="9">dī</w><w n="10">tva</w><w n="11" lemma="caḥ">caḥ </w></cl><cl><w n="12">pra</w><w n="13">yo</w><w n="14">ja</w><w n="15">ye</w><w n="16" lemma="tdhū">d dhū</w><w n="17" lemma="maṃ">mam </w></cl><cl><w n="18">u</w><w n="19">śī</w><w n="20" lemma="raṃ">ram </w></cl><cl><w n="21">e</w><w n="22" lemma="va">va </w><w n="23" lemma="ca">ca || </w></cl><cl><w n="24">va</w><w n="25">na</w><w n="26">spa</w><w n="27">ti</w><w n="28">kvā</w><w n="29">tha</w><w n="30">vi</w><w n="31">bhā</w><w n="32">vi</w><w n="33" lemma="taṃ">taṃ </w></cl><cl><w n="34">ghṛ</w><w n="35" lemma="taṃ">taṃ </w></cl><cl><w n="36">hi</w><w n="37" lemma="taṃ">taṃ </w></cl><cl><w n="38">ha</w><w n="39">ri</w><w n="40">drā</w><w n="41">na</w><w n="42">la</w><w n="43" lemma="de">de </w><w n="44" lemma="ca">ca </w></cl><cl><w n="45">ta</w><w n="46">rpa</w><w n="47" lemma="ṇe">ṇe | </w></cl></text></TEI></teiCorpus>