<?xml version="1.0" encoding="UTF-8"?>
<teiCorpus xmlns="http://www.tei-c.org/ns/1.0" xml:lang="sa-Latn">
  <teiHeader>
<listWit>
<witness xml:id="A" source="06-ut-vulgate-1938-1-30.xml">
<abbr>A</abbr>
<expan>Printed edition: Ācārya 1938: Uttaratantra 1-30</expan>
</witness>
<witness xml:id="K" source="kl_699_uttaratantra-1-30.xml">
<abbr>K</abbr>
<expan>MSS Kathmandu KL 699: Uttaratantra</expan>
<listWit>
<witness xml:id="Kac" n="ac">
<abbr>Kac</abbr>
<expan>MSS Kathmandu KL 699: Uttaratantra [ante correctionem]</expan>
</witness>
<witness xml:id="Kpc" n="pc">
<abbr type="siglum">Kpc</abbr>
<expan>MSS Kathmandu KL 699: Uttaratantra [post correctionem]</expan>
</witness>
</listWit>
</witness>
<witness xml:id="H" source="nak_5-333_uttaratantra-1-30.xml">
<abbr>H</abbr>
<expan>MS Kathmandu NAK 5-333, Uttaratantra</expan>
<listWit>
<witness xml:id="Hac" n="ac">
<abbr>Hac</abbr>
<expan>MS Kathmandu NAK 5-333, Uttaratantra [ante correctionem]</expan>
</witness>
<witness xml:id="Hpc" n="pc">
<abbr type="siglum">Hpc</abbr>
<expan>MS Kathmandu NAK 5-333, Uttaratantra [post correctionem]</expan>
</witness>
</listWit>
</witness>
<witness xml:id="NE" source="provisional-edition_uttaratantra-1-30.xml">
<abbr>NE</abbr>
<expan>The Nepalese Version of the Suśrutasaṃhitā, uttaratantra 1-30, based on the
                    Nepalese MSS</expan>
</witness>
</listWit>
    <encodingDesc>
      <editorialDecl>
        <segmentation>
          <ab type="tokenization">aksara</ab>
          <ab type="blockid">SS.6.18.75</ab>
          <ab type="targetedition">NE</ab>
          <ab type="scoring">
            <ab type="match">1</ab>
            <ab type="mismatch">-1</ab>
            <ab type="gapopen">-2</ab>
            <ab type="gapextend">-0.25</ab>
            <ab type="recursive">true</ab>
            <ab type="realigndepth">20</ab>
            <ab type="distancefunction">ngrams</ab>
            
          </ab>
        </segmentation>
        <normalization method="markup">
<ab>ignore punctuation</ab>
<ab>candrabindu as anusvāra</ab>
<ab>geminated aspirated consonants</ab>
<ab>geminated m after h</ab>
<ab>geminated t</ab>
<ab>geminated consonants after r</ab>
<ab>final nasal variants</ab>
<ab>internal nasal variants</ab>
<ab>final anusvāra variants</ab>
<ab>visarga aḥ before voiced consonants</ab>
<ab>visarga aḥ before vowels</ab>
<ab>visarga aḥ before unvoiced consonants and space + anusvāra</ab>
<ab>visarga āḥ variants</ab>
<ab>other visarga variants</ab>
<ab>superfluous avagrahas</ab>
<ab>double avagrahas</ab>
<ab>avagrahas to short a</ab>
<ab>internal visarga variants</ab>
<ab>final au/āv</ab>
<ab>final su</ab>
<ab>final i</ab>
<ab>kcch/kś</ab>
<ab>cś/tś</ab>
<ab>cch/ch</ab>
<ab>final t + hi</ab>
<ab>final t + voiced syllable</ab>
<ab>final t + n/m</ab>
<ab>final t + c/j</ab>
<ab>i/y + vowel</ab>
<ab>bhd for bdh</ab>
<ab>remove spaces</ab>
        </normalization>
        <ab type="tagfilters">
<tag subtype="ignore">pc</tag>
<tag subtype="ignore">head</tag>
<tag subtype="ignore">label</tag>
<tag subtype="ignore">note</tag>
<tag subtype="ignore">num</tag>
<tag subtype="ignore">locus</tag>
<tag subtype="ignore">supplied</tag>
<tag subtype="ignore">surplus</tag>
        </ab>
      </editorialDecl>
    </encodingDesc>
    <xenoData>
      <stemma format="nexml" id="stemma0"><nex:nexml xmlns:nex="http://www.nexml.org/2009" version="0.9"><nex:otus id="otus1"><nex:otu id="otu0" label="A"/><nex:otu id="otu1" label="H"/><nex:otu id="otu2" label="K"/><nex:otu id="otu3" label="NE"/></nex:otus><nex:trees otus="otus1" id="trees1"><nex:tree id="guidetree" label="guidetree" xsi:type="nex:FloatTree" xmlns:xsi="http://www.w3.org/2001/XMLSchema-instance"><nex:node id="c4934828-2008-4891-91e6-d2689c0c5b55" root="true"/><nex:node id="b1339d5b-9fff-46a0-b826-d2e515b89d74"/><nex:node id="47e9048f-6ced-47b9-b776-7f603568d2d4" label="A" otu="otu2"/><nex:node id="51501d8e-4a36-48c2-9012-bf3da6dcac0a" label="H" otu="otu3"/><nex:node id="8b2295a1-f4b3-44df-bcef-50d8f07d51ee"/><nex:node id="c9bb165d-21b3-4430-b94a-a94bfe00fed0" label="K" otu="otu5"/><nex:node id="1ad1199a-cda1-4cec-95af-8e03a040ee0c" label="NE" otu="otu6"/><nex:edge source="c4934828-2008-4891-91e6-d2689c0c5b55" target="b1339d5b-9fff-46a0-b826-d2e515b89d74" id="edge0" length="0.2677218216851186"/><nex:edge source="c4934828-2008-4891-91e6-d2689c0c5b55" target="8b2295a1-f4b3-44df-bcef-50d8f07d51ee" id="edge1" length="0.2677218216851186"/><nex:edge source="b1339d5b-9fff-46a0-b826-d2e515b89d74" target="47e9048f-6ced-47b9-b776-7f603568d2d4" id="edge2" length="0.42579185545250003"/><nex:edge source="b1339d5b-9fff-46a0-b826-d2e515b89d74" target="51501d8e-4a36-48c2-9012-bf3da6dcac0a" id="edge3" length="0.42579185545250003"/><nex:edge source="8b2295a1-f4b3-44df-bcef-50d8f07d51ee" target="c9bb165d-21b3-4430-b94a-a94bfe00fed0" id="edge4" length="0"/><nex:edge source="8b2295a1-f4b3-44df-bcef-50d8f07d51ee" target="1ad1199a-cda1-4cec-95af-8e03a040ee0c" id="edge5" length="0"/></nex:tree></nex:trees></nex:nexml></stemma>
    </xenoData>
  </teiHeader>
<TEI n="A"><text><cl><w n="0" lemma="ya"> ya</w><w n="1">thā</w><w n="2" lemma="svaṃ">svaṃ </w></cl><cl><w n="3">dhū</w><w n="4">ma</w><w n="5">ka</w><w n="6">va</w><w n="7" lemma="laiḥ">lair </w></cl><cl><w n="8">na</w><w n="9" lemma="syaiḥ">syaiś </w></cl><cl><w n="10">cā</w><w n="11" lemma="pi">pi </w></cl><cl><w n="12">sa</w><w n="13">mu</w><w n="14" lemma="thi">tthi</w><w n="15" lemma="tā">tāḥ | </w></cl><cl><w n="16">vi</w><w n="17">śa</w><w n="18" lemma="daṃ">daṃ </w></cl><cl><w n="19">la</w><w n="20">ghva</w><w n="21">nā</w><w n="22">srā</w><w n="23" lemma="vi">vi </w></cl><cl><w n="24">kri</w><w n="25">yā</w><w n="26">pa</w><w n="27" lemma="ṭu">ṭu </w></cl><cl><w n="28">su</w><w n="29">ni</w><w n="30">rma</w><w n="31" lemma="laṃ">lam || </w></cl></text></TEI><TEI n="H"><text><cl><w n="0" lemma="ya"> ya</w><w n="1">thā</w><w n="2" lemma="svaṃ">svaṃ </w></cl><cl><w n="3">dhū</w><w n="4">ma</w><w n="5">ka</w><w n="6">va</w><w n="7" lemma="ḍaiḥ">ḍair </w></cl><cl><w n="8" lemma="na">nna</w><w n="9" lemma="syaiḥ">syaiś </w></cl><cl><w n="10">cā</w><w n="11" lemma="pi">pi </w></cl><cl><w n="12">sa</w><w n="13">mu</w><w n="14">cchri</w><w n="15" lemma="tāṃ">tāṃ || </w></cl><cl><w n="16">vi</w><w n="17">śa</w><w n="18" lemma="daṃ">daṃ </w></cl><cl><w n="19">la</w><w n="20" lemma="ghva">ghv a</w><w n="21" lemma="nāṃ">nām</w><w n="22">vā</w><w n="23" lemma="vi">vi ,</w></cl><cl><w n="24">kri</w><w n="25">yā</w><w n="26">pa</w><w n="27" lemma="ṭu">ṭu </w></cl><cl><w n="28">su</w><w n="29">ni</w><w n="30" lemma="rma">rmma</w><w n="31" lemma="laṃ">laṃ | </w></cl></text></TEI><TEI n="K"><text><cl><w n="0" lemma="ya"> ya</w><w n="1">thā</w><w n="2" lemma="svaṃ">svan </w></cl><cl><w n="3">dhū</w><w n="4">ma</w><w n="5">ka</w><w n="6">va</w><w n="7" lemma="ḍaiḥ">ḍair </w></cl><cl><w n="8">na</w><w n="9" lemma="syaiḥ">syaiś </w></cl><cl><w n="10">cyā</w><w n="11" lemma="pi">pi </w></cl><cl><w n="12">sa</w><w n="13">mu</w><w n="14">cchri</w><w n="15" lemma="tā">tāḥ | </w></cl><cl><w n="16">vi</w><w n="17">ṣa</w><w n="18" lemma="daṃ">daṃ </w></cl><cl><w n="19">la</w><w n="20" lemma="ghva">ghv a</w><w n="21">nā</w><w n="22">srā</w><w n="23" lemma="vi">vi </w></cl><cl><w n="24">kri</w><w n="25">yā</w><w n="26">pa</w><w n="27" lemma="ṭu">ṭu </w></cl><cl><w n="28">su</w><w n="29">ni</w><w n="30">rma</w><w n="31" lemma="laṃ">laṃ | </w></cl></text></TEI><TEI n="NE"><text><cl><w n="0" lemma="ya"> ya</w><w n="1">thā</w><w n="2" lemma="svaṃ">svan </w></cl><cl><w n="3">dhū</w><w n="4">ma</w><w n="5">ka</w><w n="6">va</w><w n="7" lemma="ḍaiḥ">ḍair </w></cl><cl><w n="8">na</w><w n="9" lemma="syaiḥ">syaiś </w></cl><cl><w n="10">cyā</w><w n="11" lemma="pi">pi </w></cl><cl><w n="12">sa</w><w n="13">mu</w><w n="14">cchri</w><w n="15" lemma="tā">tāḥ | </w></cl><cl><w n="16">vi</w><w n="17">ṣa</w><w n="18" lemma="daṃ">daṃ </w></cl><cl><w n="19">la</w><w n="20" lemma="ghva">ghv a</w><w n="21">nā</w><w n="22">srā</w><w n="23" lemma="vi">vi </w></cl><cl><w n="24">kri</w><w n="25">yā</w><w n="26">pa</w><w n="27" lemma="ṭu">ṭu </w></cl><cl><w n="28">su</w><w n="29">ni</w><w n="30">rma</w><w n="31" lemma="laṃ">laṃ | </w></cl></text></TEI></teiCorpus>