<?xml version="1.0" encoding="UTF-8"?>
<teiCorpus xmlns="http://www.tei-c.org/ns/1.0" xml:lang="sa-Latn">
  <teiHeader>
<listWit>
<witness xml:id="A" source="06-ut-vulgate-1938-1-30.xml">
<abbr>A</abbr>
<expan>Printed edition: Ācārya 1938: Uttaratantra 1-30</expan>
</witness>
<witness xml:id="K" source="kl_699_uttaratantra-1-30.xml">
<abbr>K</abbr>
<expan>MSS Kathmandu KL 699: Uttaratantra</expan>
<listWit>
<witness xml:id="Kac" n="ac">
<abbr>Kac</abbr>
<expan>MSS Kathmandu KL 699: Uttaratantra [ante correctionem]</expan>
</witness>
<witness xml:id="Kpc" n="pc">
<abbr type="siglum">Kpc</abbr>
<expan>MSS Kathmandu KL 699: Uttaratantra [post correctionem]</expan>
</witness>
</listWit>
</witness>
<witness xml:id="H" source="nak_5-333_uttaratantra-1-30.xml">
<abbr>H</abbr>
<expan>MS Kathmandu NAK 5-333, Uttaratantra</expan>
<listWit>
<witness xml:id="Hac" n="ac">
<abbr>Hac</abbr>
<expan>MS Kathmandu NAK 5-333, Uttaratantra [ante correctionem]</expan>
</witness>
<witness xml:id="Hpc" n="pc">
<abbr type="siglum">Hpc</abbr>
<expan>MS Kathmandu NAK 5-333, Uttaratantra [post correctionem]</expan>
</witness>
</listWit>
</witness>
<witness xml:id="NE" source="provisional-edition_uttaratantra-1-30.xml">
<abbr>NE</abbr>
<expan>The Nepalese Version of the Suśrutasaṃhitā, uttaratantra 1-30, based on the
                    Nepalese MSS</expan>
</witness>
</listWit>
    <encodingDesc>
      <editorialDecl>
        <segmentation>
          <ab type="tokenization">aksara</ab>
          <ab type="blockid">SS.6.15.4</ab>
          <ab type="targetedition">NE</ab>
          <ab type="scoring">
            <ab type="match">1</ab>
            <ab type="mismatch">-1</ab>
            <ab type="gapopen">-2</ab>
            <ab type="gapextend">-0.25</ab>
            <ab type="recursive">true</ab>
            <ab type="realigndepth">20</ab>
            <ab type="distancefunction">ngrams</ab>
            
          </ab>
        </segmentation>
        <normalization method="markup">
<ab>ignore punctuation</ab>
<ab>candrabindu as anusvāra</ab>
<ab>geminated aspirated consonants</ab>
<ab>geminated m after h</ab>
<ab>geminated t</ab>
<ab>geminated consonants after r</ab>
<ab>final nasal variants</ab>
<ab>internal nasal variants</ab>
<ab>final anusvāra variants</ab>
<ab>visarga aḥ before voiced consonants</ab>
<ab>visarga aḥ before vowels</ab>
<ab>visarga aḥ before unvoiced consonants and space + anusvāra</ab>
<ab>visarga āḥ variants</ab>
<ab>other visarga variants</ab>
<ab>superfluous avagrahas</ab>
<ab>double avagrahas</ab>
<ab>avagrahas to short a</ab>
<ab>internal visarga variants</ab>
<ab>final au/āv</ab>
<ab>final su</ab>
<ab>final i</ab>
<ab>kcch/kś</ab>
<ab>cś/tś</ab>
<ab>cch/ch</ab>
<ab>final t + hi</ab>
<ab>final t + voiced syllable</ab>
<ab>final t + n/m</ab>
<ab>final t + c/j</ab>
<ab>i/y + vowel</ab>
<ab>bhd for bdh</ab>
<ab>remove spaces</ab>
        </normalization>
        <ab type="tagfilters">
<tag subtype="ignore">pc</tag>
<tag subtype="ignore">head</tag>
<tag subtype="ignore">label</tag>
<tag subtype="ignore">note</tag>
<tag subtype="ignore">num</tag>
<tag subtype="ignore">locus</tag>
<tag subtype="ignore">supplied</tag>
<tag subtype="ignore">surplus</tag>
        </ab>
      </editorialDecl>
    </encodingDesc>
    <xenoData>
      <stemma format="nexml" id="stemma0"><nex:nexml xmlns:nex="http://www.nexml.org/2009" version="0.9"><nex:otus id="otus1"><nex:otu id="otu0" label="A"/><nex:otu id="otu1" label="H"/><nex:otu id="otu2" label="K"/><nex:otu id="otu3" label="NE"/></nex:otus><nex:trees otus="otus1" id="trees1"><nex:tree id="guidetree" label="guidetree" xsi:type="nex:FloatTree" xmlns:xsi="http://www.w3.org/2001/XMLSchema-instance"><nex:node id="539250b7-2bc0-4c29-8781-6925577dc70a" root="true"/><nex:node id="902198fb-b03d-44e1-b5c8-7c9d44a262b6"/><nex:node id="29b0ba46-4394-44fb-b7eb-aa60f34ad52e" label="A" otu="otu2"/><nex:node id="25d76029-35de-4159-8b90-7b68b4369375" label="H" otu="otu3"/><nex:node id="177ab2a5-272f-488b-804f-99653c771921"/><nex:node id="a6e299fd-3ea3-4ba0-9395-4e556ad86ff6" label="K" otu="otu5"/><nex:node id="f7e7acc0-be9d-4038-9fef-f85e151a7e46" label="NE" otu="otu6"/><nex:edge source="539250b7-2bc0-4c29-8781-6925577dc70a" target="902198fb-b03d-44e1-b5c8-7c9d44a262b6" id="edge0" length="0.22548283821045256"/><nex:edge source="539250b7-2bc0-4c29-8781-6925577dc70a" target="177ab2a5-272f-488b-804f-99653c771921" id="edge1" length="0.22548283821045256"/><nex:edge source="902198fb-b03d-44e1-b5c8-7c9d44a262b6" target="29b0ba46-4394-44fb-b7eb-aa60f34ad52e" id="edge2" length="0.5234136418416906"/><nex:edge source="902198fb-b03d-44e1-b5c8-7c9d44a262b6" target="25d76029-35de-4159-8b90-7b68b4369375" id="edge3" length="0.4765863581583094"/><nex:edge source="177ab2a5-272f-488b-804f-99653c771921" target="a6e299fd-3ea3-4ba0-9395-4e556ad86ff6" id="edge4" length="5.551115123125783e-17"/><nex:edge source="177ab2a5-272f-488b-804f-99653c771921" target="f7e7acc0-be9d-4038-9fef-f85e151a7e46" id="edge5" length="5.551115123125783e-17"/></nex:tree></nex:trees></nex:nexml></stemma>
    </xenoData>
  </teiHeader>
<TEI n="A"><text><cl><w n="0" lemma="ta"> ta</w><w n="1" lemma="taḥ">taḥ </w></cl><cl><w n="2">saṃ</w><w n="3">ro</w><w n="4">ṣi</w><w n="5" lemma="taṃ">taṃ </w></cl><cl><w n="6">tū</w><w n="7" lemma="rṇaṃ">rṇaṃ </w></cl><cl><w n="8">su</w><w n="9" lemma="sviṃ">svin</w><w n="10" lemma="naṃ">naṃ </w></cl><cl><w n="11">pa</w><w n="12">ri</w><w n="13">dha</w><w n="14">ṭṭi</w></cl><cl><w n="15" lemma="taṃ">tam | </w><w n="16">a</w><w n="17" lemma="rma">rma </w></cl><cl><w n="18">ya</w><w n="19" lemma="tra">tra </w></cl><cl><w n="20">va</w><w n="21">lī</w><w n="22">jā</w><w n="23" lemma="taṃ">taṃ </w></cl><cl><w n="24">ta</w><w n="25">trai</w><w n="26">ta</w></cl><cl><w n="27">lla</w><w n="28">ga</w><w n="29">ye</w><w n="30" lemma="tbhi">d bhi</w><w n="31">ṣa</w><w n="32" lemma="k">k || </w></cl></text></TEI><TEI n="H"><text><cl><w n="0">ta</w><w n="1" lemma="taḥ">taḥ </w></cl><cl><w n="2">saṃ</w><w n="3">ro</w><w n="4">ṣi</w><w n="5" lemma="taṃ">taṃ </w></cl><cl><w n="6">cū</w><w n="7" lemma="rṇaṃ">rṇṇaṃ </w></cl><cl><w n="8">su</w><w n="9" lemma="sviṃ">svin</w><w n="10" lemma="naṃ">nam </w></cl><cl><w n="11">pa</w><w n="12">ri</w><w n="13">gha</w><w n="14">ṭṭa</w></cl><cl><w n="15">ye</w><w n="16" lemma="tta">t | ta</w><w n="17" lemma="tra">tra </w></cl><cl><w n="18">cā</w><w n="19" lemma="pi">pi </w></cl><cl><w n="20">va</w><w n="21">lī</w><w n="22">jā</w><w n="23" lemma="taṃ">taṃ </w></cl><cl><w n="24">ta</w><w n="25">trā</w><w n="26" lemma="sya">sya </w></cl><cl><w n="27">su</w><w n="28">sa</w><w n="29">mā</w><w n="30">hi</w><w n="31" lemma="taḥ">taḥ ||</w><w n="32"/></cl></text></TEI><TEI n="K"><text><cl><w n="0">ta</w><w n="1" lemma="taḥ">taḥ </w></cl><cl><w n="2">saṃ</w><w n="3">ro</w><w n="4">ṣi</w><w n="5" lemma="taṃ">taṃ </w></cl><cl><w n="6">tū</w><w n="7" lemma="rṇaṃ">rṇṇaṃ </w></cl><cl><w n="8">su</w><w n="9" lemma="sviṃ">svin</w><w n="10" lemma="naṃ">naṃ </w></cl><cl><w n="11">pa</w><w n="12">ri</w><w n="13">gha</w><w n="14" lemma="ṭṭa">ṭṭa | </w></cl><cl><w n="15"/><w n="16">ta</w><w n="17" lemma="tra">tra </w></cl><cl><w n="18">cā</w><w n="19" lemma="pi">pi </w></cl><cl><w n="20">va</w><w n="21">lī</w><w n="22">jā</w><w n="23" lemma="taṃ">taṃ </w></cl><cl><w n="24">ta</w><w n="25">trā</w><w n="26" lemma="sya">sya </w></cl><cl><w n="27"/><w n="28">sa</w><w n="29">mā</w><w n="30">hi</w><w n="31" lemma="taḥ">taḥ |</w><w n="32"/></cl></text></TEI><TEI n="NE"><text><cl><w n="0" lemma="ta"> ta</w><w n="1" lemma="taḥ">taḥ </w></cl><cl><w n="2">saṃ</w><w n="3">ro</w><w n="4">ṣi</w><w n="5" lemma="taṃ">taṃ </w></cl><cl><w n="6">tū</w><w n="7" lemma="rṇaṃ">rṇṇaṃ </w></cl><cl><w n="8">su</w><w n="9" lemma="sviṃ">svin</w><w n="10" lemma="naṃ">naṃ </w></cl><cl><w n="11">pa</w><w n="12">ri</w><w n="13">gha</w><w n="14" lemma="ṭṭa">ṭṭa | </w></cl><cl><w n="15"/><w n="16">ta</w><w n="17" lemma="tra">tra </w></cl><cl><w n="18">cā</w><w n="19" lemma="pi">pi </w></cl><cl><w n="20">va</w><w n="21">lī</w><w n="22">jā</w><w n="23" lemma="taṃ">taṃ </w></cl><cl><w n="24">ta</w><w n="25">trā</w><w n="26" lemma="sya">sya </w></cl><cl><w n="27"/><w n="28">sa</w><w n="29">mā</w><w n="30">hi</w><w n="31" lemma="taḥ">taḥ |</w><w n="32"/></cl></text></TEI></teiCorpus>