<?xml version="1.0" encoding="UTF-8"?>
<teiCorpus xmlns="http://www.tei-c.org/ns/1.0" xml:lang="sa-Latn">
  <teiHeader>
<listWit>
<witness xml:id="A" source="06-ut-vulgate-1938-1-30.xml">
<abbr>A</abbr>
<expan>Printed edition: Ācārya 1938: Uttaratantra 1-30</expan>
</witness>
<witness xml:id="K" source="kl_699_uttaratantra-1-30.xml">
<abbr>K</abbr>
<expan>MSS Kathmandu KL 699: Uttaratantra</expan>
<listWit>
<witness xml:id="Kac" n="ac">
<abbr>Kac</abbr>
<expan>MSS Kathmandu KL 699: Uttaratantra [ante correctionem]</expan>
</witness>
<witness xml:id="Kpc" n="pc">
<abbr type="siglum">Kpc</abbr>
<expan>MSS Kathmandu KL 699: Uttaratantra [post correctionem]</expan>
</witness>
</listWit>
</witness>
<witness xml:id="H" source="nak_5-333_uttaratantra-1-30.xml">
<abbr>H</abbr>
<expan>MS Kathmandu NAK 5-333, Uttaratantra</expan>
<listWit>
<witness xml:id="Hac" n="ac">
<abbr>Hac</abbr>
<expan>MS Kathmandu NAK 5-333, Uttaratantra [ante correctionem]</expan>
</witness>
<witness xml:id="Hpc" n="pc">
<abbr type="siglum">Hpc</abbr>
<expan>MS Kathmandu NAK 5-333, Uttaratantra [post correctionem]</expan>
</witness>
</listWit>
</witness>
<witness xml:id="NE" source="provisional-edition_uttaratantra-1-30.xml">
<abbr>NE</abbr>
<expan>The Nepalese Version of the Suśrutasaṃhitā, uttaratantra 1-30, based on the
                    Nepalese MSS</expan>
</witness>
</listWit>
    <encodingDesc>
      <editorialDecl>
        <segmentation>
          <ab type="tokenization">aksara</ab>
          <ab type="blockid">SS.6.17.48</ab>
          <ab type="targetedition">NE</ab>
          <ab type="scoring">
            <ab type="match">1</ab>
            <ab type="mismatch">-1</ab>
            <ab type="gapopen">-2</ab>
            <ab type="gapextend">-0.25</ab>
            <ab type="recursive">true</ab>
            <ab type="realigndepth">20</ab>
            <ab type="distancefunction">ngrams</ab>
            
          </ab>
        </segmentation>
        <normalization method="markup">
<ab>ignore punctuation</ab>
<ab>candrabindu as anusvāra</ab>
<ab>geminated aspirated consonants</ab>
<ab>geminated m after h</ab>
<ab>geminated t</ab>
<ab>geminated consonants after r</ab>
<ab>final nasal variants</ab>
<ab>internal nasal variants</ab>
<ab>final anusvāra variants</ab>
<ab>visarga aḥ before voiced consonants</ab>
<ab>visarga aḥ before vowels</ab>
<ab>visarga aḥ before unvoiced consonants and space + anusvāra</ab>
<ab>visarga āḥ variants</ab>
<ab>other visarga variants</ab>
<ab>superfluous avagrahas</ab>
<ab>double avagrahas</ab>
<ab>avagrahas to short a</ab>
<ab>internal visarga variants</ab>
<ab>final au/āv</ab>
<ab>final su</ab>
<ab>final i</ab>
<ab>kcch/kś</ab>
<ab>cś/tś</ab>
<ab>cch/ch</ab>
<ab>final t + hi</ab>
<ab>final t + voiced syllable</ab>
<ab>final t + n/m</ab>
<ab>final t + c/j</ab>
<ab>i/y + vowel</ab>
<ab>bhd for bdh</ab>
<ab>remove spaces</ab>
        </normalization>
        <ab type="tagfilters">
<tag subtype="ignore">pc</tag>
<tag subtype="ignore">head</tag>
<tag subtype="ignore">label</tag>
<tag subtype="ignore">note</tag>
<tag subtype="ignore">num</tag>
<tag subtype="ignore">locus</tag>
<tag subtype="ignore">supplied</tag>
<tag subtype="ignore">surplus</tag>
        </ab>
      </editorialDecl>
    </encodingDesc>
    <xenoData>
      <stemma format="nexml" id="stemma0"><nex:nexml xmlns:nex="http://www.nexml.org/2009" version="0.9"><nex:otus id="otus1"><nex:otu id="otu0" label="A"/><nex:otu id="otu1" label="H"/><nex:otu id="otu2" label="K"/><nex:otu id="otu3" label="NE"/></nex:otus><nex:trees otus="otus1" id="trees1"><nex:tree id="guidetree" label="guidetree" xsi:type="nex:FloatTree" xmlns:xsi="http://www.w3.org/2001/XMLSchema-instance"><nex:node id="70181eb1-037b-4373-af2c-e1e6b3775310" root="true"/><nex:node id="5fca7c07-c8e4-4155-944d-c52afaf91710"/><nex:node id="1c18d910-760e-4084-80ab-5bcaa5c1e502" label="A" otu="otu2"/><nex:node id="61bbb6de-32b8-4062-abf4-46acd08b614b" label="H" otu="otu3"/><nex:node id="b241baca-60c4-46c1-89bf-441764a1ccf0"/><nex:node id="6715cb5f-339e-4817-8bed-b85aa4cd0eb3" label="K" otu="otu5"/><nex:node id="73e765b3-d468-46f4-9f49-5e4b12791f64" label="NE" otu="otu6"/><nex:edge source="70181eb1-037b-4373-af2c-e1e6b3775310" target="5fca7c07-c8e4-4155-944d-c52afaf91710" id="edge0" length="0.05496309186897308"/><nex:edge source="70181eb1-037b-4373-af2c-e1e6b3775310" target="b241baca-60c4-46c1-89bf-441764a1ccf0" id="edge1" length="0.05496309186897308"/><nex:edge source="5fca7c07-c8e4-4155-944d-c52afaf91710" target="1c18d910-760e-4084-80ab-5bcaa5c1e502" id="edge2" length="0.5714492547220541"/><nex:edge source="5fca7c07-c8e4-4155-944d-c52afaf91710" target="61bbb6de-32b8-4062-abf4-46acd08b614b" id="edge3" length="0.41812614412000315"/><nex:edge source="b241baca-60c4-46c1-89bf-441764a1ccf0" target="6715cb5f-339e-4817-8bed-b85aa4cd0eb3" id="edge4" length="0.3100738107979575"/><nex:edge source="b241baca-60c4-46c1-89bf-441764a1ccf0" target="73e765b3-d468-46f4-9f49-5e4b12791f64" id="edge5" length="0.2043367387193762"/></nex:tree></nex:trees></nex:nexml></stemma>
    </xenoData>
  </teiHeader>
<TEI n="A"><text><cl><w n="0" lemma="ghṛ"> ghṛ</w><w n="1" lemma="taṃ">taṃ </w></cl><cl><w n="2">pu</w><w n="3">rā</w><w n="4" lemma="ṇaṃ">ṇaṃ </w></cl><cl><w n="5">tri</w><w n="6">pha</w><w n="7" lemma="lāṃ">lāṃ </w></cl><cl><w n="8">śa</w><w n="9">tā</w><w n="10">va</w><w n="11" lemma="rīṃ">rīṃ </w></cl><cl><w n="12">pa</w><w n="13">ṭo</w><w n="14">la</w></cl><cl><w n="15">mu</w><w n="16">dgā</w><w n="17">ma</w><w n="18">la</w><w n="19" lemma="kaṃ">kaṃ </w></cl><cl><w n="20">ya</w><w n="21">vā</w><w n="22" lemma="na">n a</w><w n="23" lemma="pi">pi | </w></cl><cl><w n="24">ni</w><w n="25">ṣe</w><w n="26">va</w><w n="27">mā</w><w n="28">ṇa</w><w n="29" lemma="sya">sya </w></cl><cl><w n="30">na</w><w n="31">ra</w><w n="32" lemma="sya">sya </w></cl><cl><w n="33">ya</w><w n="34">tna</w><w n="35" lemma="taḥ">to </w></cl><cl><w n="36">bha</w><w n="37" lemma="yaṃ">yaṃ </w></cl><cl><w n="38">su</w><w n="39">gho</w><w n="40">ra</w><w n="41">rā</w><w n="42">tti</w><w n="43">mi</w><w n="44" lemma="rāṃ">rān </w><w n="45" lemma="na">na </w></cl><cl><w n="46">vi</w><w n="47">dya</w><w n="48" lemma="te">te || </w><w n="49"/></cl><cl><w n="50"/><w n="51"/><w n="52"/><w n="53"/><w n="54"/><w n="55"/><w n="56"/></cl></text></TEI><TEI n="H"><text><cl><w n="0" lemma="ghṛ"> ghṛ</w><w n="1" lemma="taṃ">tam </w></cl><cl><w n="2">pu</w><w n="3">rā</w><w n="4" lemma="ṇaṃ">ṇan </w></cl><cl><w n="5">tri</w><w n="6">pha</w><w n="7" lemma="lāṃ">lāṃ </w></cl><cl><w n="8">śa</w><w n="9">tā</w><w n="10">va</w><w n="11" lemma="rīṃ">rīn </w></cl><cl><w n="12">ta</w><w n="13">thai</w><w n="14" lemma="va">va </w></cl><cl><w n="15">mu</w><w n="16">dgā</w><w n="17">ma</w><w n="18">la</w><w n="19">kā</w></cl><cl><w n="20" lemma="nya">n ya</w><w n="21">vā</w><w n="22" lemma="na">n a</w><w n="23" lemma="pi">pi | </w></cl><cl><w n="24">ni</w><w n="25">ṣe</w><w n="26">vya</w><w n="27">mā</w><w n="28">ṇa</w><w n="29" lemma="sya">sya </w></cl><cl><w n="30"/><w n="31" lemma="hi">hi </w><w n="32"/></cl><cl><w n="33">ya</w><w n="34">tna</w><w n="35" lemma="taḥ">to </w></cl><cl><w n="36">bha</w><w n="37" lemma="yaṃ">yaṃ </w></cl><cl><w n="38"/><w n="39"/><w n="40"/><w n="41"/><w n="42"/><w n="43"/><w n="44"/><w n="45" lemma="na">na </w></cl><cl><w n="46">vi</w><w n="47">dya</w><w n="48" lemma="te">te </w><w n="49" lemma="vai">vai </w></cl><cl><w n="50">ti</w><w n="51">mi</w><w n="52">rā</w><w n="53" lemma="tsu">tsu </w><w n="54">gho</w><w n="55">ra</w><w n="56" lemma="taḥ">taḥ || </w></cl></text></TEI><TEI n="K"><text><cl><w n="0" lemma="ghṛ"> ghṛ</w><w n="1" lemma="taṃ">tam </w></cl><cl><w n="2">pu</w><w n="3">rā</w><w n="4" lemma="ṇaṃ">ṇaṃ </w></cl><cl><w n="5">tri</w><w n="6">pha</w><w n="7" lemma="lāṃ">lāṃ </w></cl><cl><w n="8">sa</w><w n="9">tā</w><w n="10">va</w><w n="11" lemma="rīṃ">rīn </w></cl><cl><w n="12">ta</w><w n="13">thai</w><w n="14" lemma="va">va </w></cl><cl><w n="15">mu</w><w n="16">dgā</w><w n="17">ma</w><w n="18">la</w><w n="19" lemma="kaṃ">kaṃ </w></cl><cl><w n="20">ya</w><w n="21">vā</w><w n="22" lemma="na">n a</w><w n="23" lemma="pi">pi | </w></cl><cl><w n="24">ni</w><w n="25">ṣe</w><w n="26">va</w><w n="27">mā</w><w n="28">ṇa</w><w n="29" lemma="sya">sya </w></cl><cl><w n="30"/><w n="31" lemma="hi">hi </w><w n="32"/></cl><cl><w n="33">ya</w><w n="34">tna</w><w n="35" lemma="taḥ">to </w></cl><cl><w n="36">bha</w><w n="37" lemma="yaṃ">yaṃ </w></cl><cl><w n="38"/><w n="39"/><w n="40"/><w n="41"/><w n="42"/><w n="43"/><w n="44"/><w n="45" lemma="na">na </w></cl><cl><w n="46">vi</w><w n="47">dya</w><w n="48" lemma="te">te </w><w n="49" lemma="vai">vai </w></cl><cl><w n="50">ti</w><w n="51">mi</w><w n="52">rā</w><w n="53" lemma="tsu">tsu </w><w n="54">gho</w><w n="55">ra</w><w n="56" lemma="taḥ">taḥ || </w></cl></text></TEI><TEI n="NE"><text><cl><w n="0" lemma="ghṛ"> ghṛ</w><w n="1" lemma="taṃ">tam </w></cl><cl><w n="2">pu</w><w n="3">rā</w><w n="4" lemma="ṇaṃ">ṇaṃ </w></cl><cl><w n="5">tri</w><w n="6">pha</w><w n="7" lemma="lāṃ">lāṃ </w></cl><cl><w n="8">śa</w><w n="9">tā</w><w n="10">va</w><w n="11" lemma="rīṃ">rīn </w></cl><cl><w n="12">ta</w><w n="13">thai</w><w n="14" lemma="va">va </w></cl><cl><w n="15">mu</w><w n="16">dgā</w><w n="17">ma</w><w n="18">la</w><w n="19" lemma="kaṃ">kaṃ </w></cl><cl><w n="20">ya</w><w n="21">vā</w><w n="22" lemma="na">n a</w><w n="23" lemma="pi">pi | </w></cl><cl><w n="24">ni</w><w n="25">ṣe</w><w n="26">va</w><w n="27">mā</w><w n="28">ṇa</w><w n="29" lemma="sya">sya </w></cl><cl><w n="30"/><w n="31" lemma="hi">hi </w><w n="32"/></cl><cl><w n="33">ya</w><w n="34">tna</w><w n="35" lemma="taḥ">to </w></cl><cl><w n="36">bha</w><w n="37" lemma="yaṃ">yaṃ </w></cl><cl><w n="38"/><w n="39"/><w n="40"/><w n="41"/><w n="42"/><w n="43"/><w n="44"/><w n="45" lemma="na">na </w></cl><cl><w n="46">vi</w><w n="47">dya</w><w n="48" lemma="te">te </w><w n="49" lemma="vai">vai </w></cl><cl><w n="50">ti</w><w n="51">mi</w><w n="52">rā</w><w n="53" lemma="tsu">t su</w><w n="54">gho</w><w n="55">ra</w><w n="56" lemma="taḥ">taḥ || </w></cl></text></TEI></teiCorpus>