<?xml version="1.0" encoding="UTF-8"?>
<teiCorpus xmlns="http://www.tei-c.org/ns/1.0" xml:lang="sa-Latn">
  <teiHeader>
<listWit>
<witness xml:id="A" source="06-ut-vulgate-1938-1-30.xml">
<abbr>A</abbr>
<expan>Printed edition: Ācārya 1938: Uttaratantra 1-30</expan>
</witness>
<witness xml:id="K" source="kl_699_uttaratantra-1-30.xml">
<abbr>K</abbr>
<expan>MSS Kathmandu KL 699: Uttaratantra</expan>
<listWit>
<witness xml:id="Kac" n="ac">
<abbr>Kac</abbr>
<expan>MSS Kathmandu KL 699: Uttaratantra [ante correctionem]</expan>
</witness>
<witness xml:id="Kpc" n="pc">
<abbr type="siglum">Kpc</abbr>
<expan>MSS Kathmandu KL 699: Uttaratantra [post correctionem]</expan>
</witness>
</listWit>
</witness>
<witness xml:id="H" source="nak_5-333_uttaratantra-1-30.xml">
<abbr>H</abbr>
<expan>MS Kathmandu NAK 5-333, Uttaratantra</expan>
<listWit>
<witness xml:id="Hac" n="ac">
<abbr>Hac</abbr>
<expan>MS Kathmandu NAK 5-333, Uttaratantra [ante correctionem]</expan>
</witness>
<witness xml:id="Hpc" n="pc">
<abbr type="siglum">Hpc</abbr>
<expan>MS Kathmandu NAK 5-333, Uttaratantra [post correctionem]</expan>
</witness>
</listWit>
</witness>
<witness xml:id="NE" source="provisional-edition_uttaratantra-1-30.xml">
<abbr>NE</abbr>
<expan>The Nepalese Version of the Suśrutasaṃhitā, uttaratantra 1-30, based on the
                    Nepalese MSS</expan>
</witness>
</listWit>
    <encodingDesc>
      <editorialDecl>
        <segmentation>
          <ab type="tokenization">aksara</ab>
          <ab type="blockid">SS.6.10.15</ab>
          <ab type="targetedition">NE</ab>
          <ab type="scoring">
            <ab type="match">1</ab>
            <ab type="mismatch">-1</ab>
            <ab type="gapopen">-2</ab>
            <ab type="gapextend">-0.25</ab>
            <ab type="recursive">true</ab>
            <ab type="realigndepth">20</ab>
            <ab type="distancefunction">ngrams</ab>
            
          </ab>
        </segmentation>
        <normalization method="markup">
<ab>ignore punctuation</ab>
<ab>candrabindu as anusvāra</ab>
<ab>geminated aspirated consonants</ab>
<ab>geminated m after h</ab>
<ab>geminated t</ab>
<ab>geminated consonants after r</ab>
<ab>final nasal variants</ab>
<ab>internal nasal variants</ab>
<ab>final anusvāra variants</ab>
<ab>visarga aḥ before voiced consonants</ab>
<ab>visarga aḥ before vowels</ab>
<ab>visarga aḥ before unvoiced consonants and space + anusvāra</ab>
<ab>visarga āḥ variants</ab>
<ab>other visarga variants</ab>
<ab>superfluous avagrahas</ab>
<ab>double avagrahas</ab>
<ab>avagrahas to short a</ab>
<ab>internal visarga variants</ab>
<ab>final au/āv</ab>
<ab>final su</ab>
<ab>final i</ab>
<ab>kcch/kś</ab>
<ab>cś/tś</ab>
<ab>cch/ch</ab>
<ab>final t + hi</ab>
<ab>final t + voiced syllable</ab>
<ab>final t + n/m</ab>
<ab>final t + c/j</ab>
<ab>i/y + vowel</ab>
<ab>bhd for bdh</ab>
<ab>remove spaces</ab>
        </normalization>
        <ab type="tagfilters">
<tag subtype="ignore">pc</tag>
<tag subtype="ignore">head</tag>
<tag subtype="ignore">label</tag>
<tag subtype="ignore">note</tag>
<tag subtype="ignore">num</tag>
<tag subtype="ignore">locus</tag>
<tag subtype="ignore">supplied</tag>
<tag subtype="ignore">surplus</tag>
        </ab>
      </editorialDecl>
    </encodingDesc>
    <xenoData>
      <stemma format="nexml" id="stemma0"><nex:nexml xmlns:nex="http://www.nexml.org/2009" version="0.9"><nex:otus id="otus1"><nex:otu id="otu0" label="A"/><nex:otu id="otu1" label="H"/><nex:otu id="otu2" label="K"/><nex:otu id="otu3" label="NE"/></nex:otus><nex:trees otus="otus1" id="trees1"><nex:tree id="guidetree" label="guidetree" xsi:type="nex:FloatTree" xmlns:xsi="http://www.w3.org/2001/XMLSchema-instance"><nex:node id="deaa25d0-e366-4319-a889-cbebb1c452f3" root="true"/><nex:node id="9e5490d0-2ffe-4dba-9d4a-85c9752f6edc"/><nex:node id="2f9208e2-caae-4fce-b49a-9675e29f674d" label="A" otu="otu2"/><nex:node id="9c2750c0-3b59-4d97-9aa3-087d82eee828" label="H" otu="otu3"/><nex:node id="d9e4123d-a903-4839-82c0-033713c2706b"/><nex:node id="f5ba0cc5-7ff9-4da5-940c-06da5edebb89" label="K" otu="otu5"/><nex:node id="ea9b662f-dc43-4f00-bd02-1ace57c81bbb" label="NE" otu="otu6"/><nex:edge source="deaa25d0-e366-4319-a889-cbebb1c452f3" target="9e5490d0-2ffe-4dba-9d4a-85c9752f6edc" id="edge0" length="0.1616134108263274"/><nex:edge source="deaa25d0-e366-4319-a889-cbebb1c452f3" target="d9e4123d-a903-4839-82c0-033713c2706b" id="edge1" length="0.1616134108263274"/><nex:edge source="9e5490d0-2ffe-4dba-9d4a-85c9752f6edc" target="2f9208e2-caae-4fce-b49a-9675e29f674d" id="edge2" length="0.6767731783473452"/><nex:edge source="9e5490d0-2ffe-4dba-9d4a-85c9752f6edc" target="9c2750c0-3b59-4d97-9aa3-087d82eee828" id="edge3" length="0.3232268216526548"/><nex:edge source="d9e4123d-a903-4839-82c0-033713c2706b" target="f5ba0cc5-7ff9-4da5-940c-06da5edebb89" id="edge4" length="4.440892098500626e-16"/><nex:edge source="d9e4123d-a903-4839-82c0-033713c2706b" target="ea9b662f-dc43-4f00-bd02-1ace57c81bbb" id="edge5" length="0"/></nex:tree></nex:trees></nex:nexml></stemma>
    </xenoData>
  </teiHeader>
<TEI n="A"><text><cl><w n="0" lemma="vai"> vai</w><w n="1">dū</w><w n="2" lemma="ryaṃ">ryaṃ </w></cl><w n="3"/><cl><w n="4">ya</w><w n="5" lemma="tsphā">t sphā</w><w n="6">ṭi</w><w n="7" lemma="kaṃ">kaṃ </w></cl><cl><w n="8">vai</w><w n="9">dru</w><w n="10" lemma="maṃ">maṃ </w><w n="11" lemma="ca">ca </w></cl><cl><w n="12">mau</w><w n="13" lemma="ktaṃ">ktaṃ </w></cl><cl><w n="14">śā</w><w n="15" lemma="ṅkhaṃ">ṅkhaṃ </w></cl><cl><w n="16">rā</w><w n="17">ja</w><w n="18" lemma="taṃ">taṃ </w></cl><cl><w n="19">śā</w><w n="20">ta</w><w n="21">ku</w><w n="22" lemma="mbhaṃ">mbham | </w></cl><w n="23">cū</w><cl><w n="24" lemma="rṇaṃ">rṇaṃ </w><w n="25">sū</w><w n="26" lemma="kṣmaṃ">kṣmaṃ </w></cl><cl><w n="27">śa</w><w n="28">rka</w><w n="29">rā</w><w n="30">kṣau</w><w n="31">dra</w><w n="32">yu</w><w n="33" lemma="ktaṃ">ktaṃ </w></cl><cl><w n="34">śu</w><w n="35" lemma="ktiṃ">ktiṃ </w></cl><cl><w n="36">ha</w><w n="37">nyā</w><w n="38" lemma="daṃ">dañ</w><w n="39">ja</w><w n="40" lemma="naṃ">naṃ </w></cl><cl><w n="41">cai</w><w n="42">ta</w><w n="43">dā</w><w n="44" lemma="śu">śu || </w></cl></text></TEI><TEI n="H"><text><cl><w n="0" lemma="vai"> vai</w><w n="1">dū</w><w n="2" lemma="ryaṃ">ryam </w></cl><w n="3">va</w><cl><w n="4">ra</w><w n="5">sphā</w><w n="6">ṭi</w><w n="7" lemma="kaṃ">kaṃ </w></cl><cl><w n="8">vi</w><w n="9">dru</w><w n="10" lemma="maṃ">mañ </w><w n="11" lemma="ca">ca </w></cl><cl><w n="12">mu</w><w n="13" lemma="ktāṃ">ktāṃ </w></cl><cl><w n="14">śaṃ</w><w n="15" lemma="khaṃ">khaṃ </w></cl><cl><w n="16">cāṃ</w><w n="17">ja</w><w n="18" lemma="naṃ">naṃ </w></cl><cl><w n="19">cāṃ</w><w n="20">ca</w><w n="21" lemma="naṃ">naṃ </w><w n="22" lemma="ca">ca || </w></cl><w n="23" lemma="sa">sa </w><cl><w n="24">caṃ</w><w n="25">da</w><w n="26" lemma="naṃ">naṃ </w></cl><cl><w n="27">śa</w><w n="28" lemma="rka">rkka</w><w n="29">rā</w><w n="30">kṣau</w><w n="31">dra</w><w n="32">yu</w><w n="33" lemma="ktaṃ">ktaṃ </w></cl><cl><w n="34">śu</w><w n="35" lemma="ktiṃ">ktiṃ </w></cl><cl><w n="36">ha</w><w n="37">nyā</w><w n="38" lemma="taṃ">d aṃ</w><w n="39" lemma="je">je </w><w n="40"/></cl><cl><w n="41">nai</w><w n="42">ta</w><w n="43">dā</w><w n="44" lemma="śu">śu | </w></cl></text></TEI><TEI n="K"><text><cl><w n="0" lemma="vai"> vai</w><w n="1">dū</w><w n="2" lemma="ryaṃ">ryam </w></cl><w n="3" lemma="vā">vā </w><cl><w n="4"/><w n="5">sphā</w><w n="6">ṭi</w><w n="7" lemma="kaṃ">kaṃ </w></cl><cl><w n="8">vi</w><w n="9">dru</w><w n="10" lemma="maṃ">mañ </w><w n="11" lemma="ca">ca </w></cl><cl><w n="12">mu</w><w n="13" lemma="ktāṃ">ktāṃ </w></cl><cl><w n="14">śaṃ</w><w n="15" lemma="khaṃ">khaṃ </w></cl><cl><w n="16" lemma="cāṃ">cāñ</w><w n="17">ja</w><w n="18" lemma="naṃ">naṃ </w></cl><cl><w n="19" lemma="cāṃ">cāñ</w><w n="20">ca</w><w n="21" lemma="naṃ">nañ </w><w n="22" lemma="ca">ca | </w></cl><w n="23" lemma="sa">sa </w><cl><w n="24" lemma="caṃ">can</w><w n="25">da</w><w n="26" lemma="naṃ">naṃ </w></cl><cl><w n="27">śa</w><w n="28">rka</w><w n="29">rā</w><w n="30">kṣau</w><w n="31">dra</w><w n="32">yu</w><w n="33" lemma="ktaṃ">ktaṃ </w></cl><cl><w n="34">śu</w><w n="35" lemma="ktiṃ">ktiṃ </w></cl><cl><w n="36">ha</w><w n="37">nyā</w><w n="38" lemma="taṃ">d añ</w><w n="39" lemma="je">je </w><w n="40"/></cl><cl><w n="41">nai</w><w n="42">ta</w><w n="43" lemma="tā">d ā</w><w n="44" lemma="śuḥ">śuḥ | </w></cl></text></TEI><TEI n="NE"><text><cl><w n="0" lemma="vai"> vai</w><w n="1">dū</w><w n="2" lemma="ryaṃ">ryam </w></cl><w n="3" lemma="vā">vā </w><cl><w n="4"/><w n="5">sphā</w><w n="6">ṭi</w><w n="7" lemma="kaṃ">kaṃ </w></cl><cl><w n="8">vi</w><w n="9">dru</w><w n="10" lemma="maṃ">mañ </w><w n="11" lemma="ca">ca </w></cl><cl><w n="12">mu</w><w n="13" lemma="ktāṃ">ktāṃ </w></cl><cl><w n="14">śaṃ</w><w n="15" lemma="khaṃ">khaṃ </w></cl><cl><w n="16" lemma="cāṃ">cāñ</w><w n="17">ja</w><w n="18" lemma="naṃ">naṃ </w></cl><cl><w n="19" lemma="cāṃ">cāñ</w><w n="20">ca</w><w n="21" lemma="naṃ">nañ </w><w n="22" lemma="ca">ca | </w></cl><w n="23" lemma="sa">sa </w><cl><w n="24" lemma="caṃ">can</w><w n="25">da</w><w n="26" lemma="naṃ">naṃ </w></cl><cl><w n="27">śa</w><w n="28">rka</w><w n="29">rā</w><w n="30">kṣau</w><w n="31">dra</w><w n="32">yu</w><w n="33" lemma="ktaṃ">ktaṃ </w></cl><cl><w n="34">śu</w><w n="35" lemma="ktiṃ">ktiṃ </w></cl><cl><w n="36">ha</w><w n="37">nyā</w><w n="38" lemma="taṃ">d añ</w><w n="39" lemma="je">je </w><w n="40"/></cl><cl><w n="41">nai</w><w n="42">ta</w><w n="43" lemma="tā">d ā</w><w n="44" lemma="śuḥ">śuḥ | </w></cl></text></TEI></teiCorpus>