<?xml version="1.0" encoding="UTF-8"?>
<teiCorpus xmlns="http://www.tei-c.org/ns/1.0" xml:lang="sa-Latn">
  <teiHeader>
<listWit>
<witness xml:id="A" source="06-ut-vulgate-1938-1-30.xml">
<abbr>A</abbr>
<expan>Printed edition: Ācārya 1938: Uttaratantra 1-30</expan>
</witness>
<witness xml:id="K" source="kl_699_uttaratantra-1-30.xml">
<abbr>K</abbr>
<expan>MSS Kathmandu KL 699: Uttaratantra</expan>
<listWit>
<witness xml:id="Kac" n="ac">
<abbr>Kac</abbr>
<expan>MSS Kathmandu KL 699: Uttaratantra [ante correctionem]</expan>
</witness>
<witness xml:id="Kpc" n="pc">
<abbr type="siglum">Kpc</abbr>
<expan>MSS Kathmandu KL 699: Uttaratantra [post correctionem]</expan>
</witness>
</listWit>
</witness>
<witness xml:id="H" source="nak_5-333_uttaratantra-1-30.xml">
<abbr>H</abbr>
<expan>MS Kathmandu NAK 5-333, Uttaratantra</expan>
<listWit>
<witness xml:id="Hac" n="ac">
<abbr>Hac</abbr>
<expan>MS Kathmandu NAK 5-333, Uttaratantra [ante correctionem]</expan>
</witness>
<witness xml:id="Hpc" n="pc">
<abbr type="siglum">Hpc</abbr>
<expan>MS Kathmandu NAK 5-333, Uttaratantra [post correctionem]</expan>
</witness>
</listWit>
</witness>
<witness xml:id="NE" source="provisional-edition_uttaratantra-1-30.xml">
<abbr>NE</abbr>
<expan>The Nepalese Version of the Suśrutasaṃhitā, uttaratantra 1-30, based on the
                    Nepalese MSS</expan>
</witness>
</listWit>
    <encodingDesc>
      <editorialDecl>
        <segmentation>
          <ab type="tokenization">aksara</ab>
          <ab type="blockid">SS.6.17.39</ab>
          <ab type="targetedition">NE</ab>
          <ab type="scoring">
            <ab type="match">1</ab>
            <ab type="mismatch">-1</ab>
            <ab type="gapopen">-2</ab>
            <ab type="gapextend">-0.25</ab>
            <ab type="recursive">true</ab>
            <ab type="realigndepth">20</ab>
            <ab type="distancefunction">ngrams</ab>
            
          </ab>
        </segmentation>
        <normalization method="markup">
<ab>ignore punctuation</ab>
<ab>candrabindu as anusvāra</ab>
<ab>geminated aspirated consonants</ab>
<ab>geminated m after h</ab>
<ab>geminated t</ab>
<ab>geminated consonants after r</ab>
<ab>final nasal variants</ab>
<ab>internal nasal variants</ab>
<ab>final anusvāra variants</ab>
<ab>visarga aḥ before voiced consonants</ab>
<ab>visarga aḥ before vowels</ab>
<ab>visarga aḥ before unvoiced consonants and space + anusvāra</ab>
<ab>visarga āḥ variants</ab>
<ab>other visarga variants</ab>
<ab>superfluous avagrahas</ab>
<ab>double avagrahas</ab>
<ab>avagrahas to short a</ab>
<ab>internal visarga variants</ab>
<ab>final au/āv</ab>
<ab>final su</ab>
<ab>final i</ab>
<ab>kcch/kś</ab>
<ab>cś/tś</ab>
<ab>cch/ch</ab>
<ab>final t + hi</ab>
<ab>final t + voiced syllable</ab>
<ab>final t + n/m</ab>
<ab>final t + c/j</ab>
<ab>i/y + vowel</ab>
<ab>bhd for bdh</ab>
<ab>remove spaces</ab>
        </normalization>
        <ab type="tagfilters">
<tag subtype="ignore">pc</tag>
<tag subtype="ignore">head</tag>
<tag subtype="ignore">label</tag>
<tag subtype="ignore">note</tag>
<tag subtype="ignore">num</tag>
<tag subtype="ignore">locus</tag>
<tag subtype="ignore">supplied</tag>
<tag subtype="ignore">surplus</tag>
        </ab>
      </editorialDecl>
    </encodingDesc>
    <xenoData>
      <stemma format="nexml" id="stemma0"><nex:nexml xmlns:nex="http://www.nexml.org/2009" version="0.9"><nex:otus id="otus1"><nex:otu id="otu0" label="A"/><nex:otu id="otu1" label="K"/><nex:otu id="otu2" label="H"/><nex:otu id="otu3" label="NE"/></nex:otus><nex:trees otus="otus1" id="trees1"><nex:tree id="guidetree" label="guidetree" xsi:type="nex:FloatTree" xmlns:xsi="http://www.w3.org/2001/XMLSchema-instance"><nex:node id="caa3f0ec-ed77-4517-ba62-9eb1be00aa96" root="true"/><nex:node id="d30fc86d-cf86-4e75-a9fa-0d3e1db2d409"/><nex:node id="e0775636-1961-43c2-9a42-20a101de3a10" label="A" otu="otu2"/><nex:node id="72a538ab-ba38-410f-b3ef-94feb559d3c8" label="K" otu="otu3"/><nex:node id="98901f3e-248d-4658-9ade-e0beadd56f0b"/><nex:node id="187defd5-b194-48a4-a37a-d0f7abdbbd9f" label="H" otu="otu5"/><nex:node id="4d5a5632-b041-42f3-a33f-bc33f00b9670" label="NE" otu="otu6"/><nex:edge source="caa3f0ec-ed77-4517-ba62-9eb1be00aa96" target="d30fc86d-cf86-4e75-a9fa-0d3e1db2d409" id="edge0" length="0.04778738238071631"/><nex:edge source="caa3f0ec-ed77-4517-ba62-9eb1be00aa96" target="98901f3e-248d-4658-9ade-e0beadd56f0b" id="edge1" length="0.04778738238071631"/><nex:edge source="d30fc86d-cf86-4e75-a9fa-0d3e1db2d409" target="e0775636-1961-43c2-9a42-20a101de3a10" id="edge2" length="0.5784513540576997"/><nex:edge source="d30fc86d-cf86-4e75-a9fa-0d3e1db2d409" target="72a538ab-ba38-410f-b3ef-94feb559d3c8" id="edge3" length="0.41100865725687485"/><nex:edge source="98901f3e-248d-4658-9ade-e0beadd56f0b" target="187defd5-b194-48a4-a37a-d0f7abdbbd9f" id="edge4" length="0.319448873364022"/><nex:edge source="98901f3e-248d-4658-9ade-e0beadd56f0b" target="4d5a5632-b041-42f3-a33f-bc33f00b9670" id="edge5" length="0.2227569215796728"/></nex:tree></nex:trees></nex:nexml></stemma>
    </xenoData>
  </teiHeader>
<TEI n="A"><text><cl><w n="0" lemma="ra"> ra</w><w n="1" lemma="sāṃ">sāñ</w><w n="2">ja</w><w n="3">na</w><w n="4">kṣau</w><w n="5">dra</w><w n="6">si</w><w n="7">tā</w></cl><cl><w n="8">ma</w><w n="9">naḥ</w><w n="10">śi</w><w n="11" lemma="lāḥ">lāḥ </w></cl><cl><w n="12">kṣu</w><w n="13" lemma="drāṃ">drāñ</w><w n="14">ja</w><w n="15" lemma="naṃ">naṃ </w></cl><cl><w n="16"/><w n="17" lemma="taṃ">tan</w></cl><cl><w n="18">ma</w><w n="19">dhu</w><w n="20">ke</w><w n="21" lemma="na">na </w><w n="22">saṃ</w><w n="23">yu</w><w n="24" lemma="taṃ">tam | </w></cl><cl><w n="25">sa</w><w n="26" lemma="māṃ">māñ</w><w n="27">ja</w><w n="28" lemma="naṃ">naṃ </w><w n="29" lemma="vā">vā </w></cl><cl><w n="30">ka</w><w n="31">na</w><w n="32">kā</w><w n="33">ka</w><w n="34">ro</w><w n="35">dbha</w><w n="36" lemma="vaṃ">vaṃ </w></cl><cl><w n="37">su</w><w n="38">cū</w><w n="39">rṇi</w><w n="40" lemma="taṃ">taṃ </w></cl><cl><w n="41">śre</w><w n="42" lemma="ṣṭhaṃ">ṣṭham </w></cl><cl><w n="43">u</w><w n="44" lemma="śaṃ">śan</w><w n="45" lemma="ti">ti </w></cl><cl><w n="46">ta</w><w n="47">dvi</w><w n="48" lemma="daḥ">daḥ || </w></cl></text></TEI><TEI n="K"><text><cl><w n="0" lemma="ra"> ra</w><w n="1" lemma="sāṃ">sāñ</w><w n="2">ja</w><w n="3">na</w><w n="4">kṣau</w><w n="5">dra</w><w n="6">yu</w><w n="7" lemma="tā">tā </w></cl><cl><w n="8">ma</w><w n="9">naḥ</w><w n="10">śi</w><w n="11" lemma="lā">lā </w></cl><cl><w n="12">dra</w><w n="13" lemma="vāṃ">vāñ</w><w n="14">ja</w><w n="15" lemma="naṃ">nañ </w></cl><cl><w n="16">cā</w><w n="17" lemma="tra">tra </w></cl><cl><w n="18">ma</w><w n="19">dhū</w><w n="20"/><w n="21">ka</w><w n="22">saṃ</w><w n="23">yu</w><w n="24" lemma="taṃ">tam | </w></cl><cl><w n="25">sa</w><w n="26" lemma="māṃ">māñ</w><w n="27">ja</w><w n="28" lemma="naṃ">naṃ </w><w n="29" lemma="vā">vā </w></cl><cl><w n="30">ka</w><w n="31">na</w><w n="32">kā</w><w n="33">ka</w><w n="34">ro</w><w n="35">dbha</w><w n="36" lemma="vaṃ">vaṃ </w></cl><cl><w n="37">su</w><w n="38">pe</w><w n="39">si</w><w n="40" lemma="taṃ">taṃ </w></cl><cl><w n="41">tu</w><w n="42" lemma="thaṃ">ttham </w></cl><cl><w n="43">u</w><w n="44" lemma="saṃ">san</w><w n="45" lemma="ti">ti </w></cl><cl><w n="46">ta</w><w n="47">dvi</w><w n="48" lemma="daḥ">daḥ || </w></cl></text></TEI><TEI n="H"><text><cl><w n="0" lemma="ra"> ra</w><w n="1" lemma="sāṃ">sāñ</w><w n="2">ja</w><w n="3" lemma="naṃ">naṃ </w><w n="4">kṣau</w><w n="5">dra</w><w n="6">si</w><w n="7">tā</w></cl><cl><w n="8">ma</w><w n="9">naḥ</w><w n="10">śi</w><w n="11" lemma="lā">lā </w></cl><cl><w n="12">dra</w><w n="13" lemma="vāṃ">vāñ</w><w n="14">ja</w><w n="15" lemma="naṃ">nañ </w></cl><cl><w n="16">cā</w><w n="17" lemma="tra">tra </w></cl><cl><w n="18">ma</w><w n="19">dhū</w><w n="20"/><w n="21">ka</w><w n="22">saṃ</w><w n="23">yu</w><w n="24" lemma="taṃ">tam | </w></cl><cl><w n="25">sa</w><w n="26" lemma="māṃ">māñ</w><w n="27">ja</w><w n="28" lemma="naṃ">naṃ </w><w n="29" lemma="vā">vā </w></cl><cl><w n="30">ka</w><w n="31">na</w><w n="32">kā</w><w n="33">ka</w><w n="34">ro</w><w n="35">dbha</w><w n="36" lemma="vaṃ">vaṃ </w></cl><cl><w n="37">su</w><w n="38">pe</w><w n="39">ṣi</w><w n="40" lemma="taṃ">taṃ </w></cl><cl><w n="41">tu</w><w n="42" lemma="thaṃ">ttham </w></cl><cl><w n="43">u</w><w n="44" lemma="śaṃ">śan</w><w n="45" lemma="ti">ti </w></cl><cl><w n="46">ta</w><w n="47">dvi</w><w n="48" lemma="daḥ">daḥ || </w></cl></text></TEI><TEI n="NE"><text><cl><w n="0" lemma="ra"> ra</w><w n="1" lemma="sāṃ">sāñ</w><w n="2">ja</w><w n="3">na</w><w n="4">kṣau</w><w n="5">dra</w><w n="6">yu</w><w n="7" lemma="tā">tā </w></cl><cl><w n="8">ma</w><w n="9">naḥ</w><w n="10">śi</w><w n="11" lemma="lā">lā </w></cl><cl><w n="12">dra</w><w n="13" lemma="vāṃ">vāñ</w><w n="14">ja</w><w n="15" lemma="naṃ">nañ </w></cl><cl><w n="16">cā</w><w n="17" lemma="tra">tra </w></cl><cl><w n="18">ma</w><w n="19">dhū</w><w n="20"/><w n="21">ka</w><w n="22">saṃ</w><w n="23">yu</w><w n="24" lemma="taṃ">tam | </w></cl><cl><w n="25">sa</w><w n="26" lemma="māṃ">māñ</w><w n="27">ja</w><w n="28" lemma="naṃ">naṃ </w><w n="29" lemma="vā">vā </w></cl><cl><w n="30">ka</w><w n="31">na</w><w n="32">kā</w><w n="33">ka</w><w n="34">ro</w><w n="35">dbha</w><w n="36" lemma="vaṃ">vaṃ </w></cl><cl><w n="37">su</w><w n="38">pe</w><w n="39">ṣi</w><w n="40" lemma="taṃ">taṃ </w></cl><cl><w n="41">tu</w><w n="42" lemma="thaṃ">ttham </w></cl><cl><w n="43">u</w><w n="44" lemma="śaṃ">śan</w><w n="45" lemma="ti">ti </w></cl><cl><w n="46">ta</w><w n="47">dvi</w><w n="48" lemma="daḥ">daḥ || </w></cl></text></TEI></teiCorpus>