<?xml version="1.0" encoding="UTF-8"?>
<teiCorpus xmlns="http://www.tei-c.org/ns/1.0" xml:lang="sa-Latn">
  <teiHeader>
<listWit>
<witness xml:id="A" source="06-ut-vulgate-1938-1-30.xml">
<abbr>A</abbr>
<expan>Printed edition: Ācārya 1938: Uttaratantra 1-30</expan>
</witness>
<witness xml:id="K" source="kl_699_uttaratantra-1-30.xml">
<abbr>K</abbr>
<expan>MSS Kathmandu KL 699: Uttaratantra</expan>
<listWit>
<witness xml:id="Kac" n="ac">
<abbr>Kac</abbr>
<expan>MSS Kathmandu KL 699: Uttaratantra [ante correctionem]</expan>
</witness>
<witness xml:id="Kpc" n="pc">
<abbr type="siglum">Kpc</abbr>
<expan>MSS Kathmandu KL 699: Uttaratantra [post correctionem]</expan>
</witness>
</listWit>
</witness>
<witness xml:id="H" source="nak_5-333_uttaratantra-1-30.xml">
<abbr>H</abbr>
<expan>MS Kathmandu NAK 5-333, Uttaratantra</expan>
<listWit>
<witness xml:id="Hac" n="ac">
<abbr>Hac</abbr>
<expan>MS Kathmandu NAK 5-333, Uttaratantra [ante correctionem]</expan>
</witness>
<witness xml:id="Hpc" n="pc">
<abbr type="siglum">Hpc</abbr>
<expan>MS Kathmandu NAK 5-333, Uttaratantra [post correctionem]</expan>
</witness>
</listWit>
</witness>
<witness xml:id="NE" source="provisional-edition_uttaratantra-1-30.xml">
<abbr>NE</abbr>
<expan>The Nepalese Version of the Suśrutasaṃhitā, uttaratantra 1-30, based on the
                    Nepalese MSS</expan>
</witness>
</listWit>
    <encodingDesc>
      <editorialDecl>
        <segmentation>
          <ab type="tokenization">aksara</ab>
          <ab type="blockid">SS.6.17.67</ab>
          <ab type="targetedition">NE</ab>
          <ab type="scoring">
            <ab type="match">1</ab>
            <ab type="mismatch">-1</ab>
            <ab type="gapopen">-2</ab>
            <ab type="gapextend">-0.25</ab>
            <ab type="recursive">true</ab>
            <ab type="realigndepth">20</ab>
            <ab type="distancefunction">ngrams</ab>
            
          </ab>
        </segmentation>
        <normalization method="markup">
<ab>ignore punctuation</ab>
<ab>candrabindu as anusvāra</ab>
<ab>geminated aspirated consonants</ab>
<ab>geminated m after h</ab>
<ab>geminated t</ab>
<ab>geminated consonants after r</ab>
<ab>final nasal variants</ab>
<ab>internal nasal variants</ab>
<ab>final anusvāra variants</ab>
<ab>visarga aḥ before voiced consonants</ab>
<ab>visarga aḥ before vowels</ab>
<ab>visarga aḥ before unvoiced consonants and space + anusvāra</ab>
<ab>visarga āḥ variants</ab>
<ab>other visarga variants</ab>
<ab>superfluous avagrahas</ab>
<ab>double avagrahas</ab>
<ab>avagrahas to short a</ab>
<ab>internal visarga variants</ab>
<ab>final au/āv</ab>
<ab>final su</ab>
<ab>final i</ab>
<ab>kcch/kś</ab>
<ab>cś/tś</ab>
<ab>cch/ch</ab>
<ab>final t + hi</ab>
<ab>final t + voiced syllable</ab>
<ab>final t + n/m</ab>
<ab>final t + c/j</ab>
<ab>i/y + vowel</ab>
<ab>bhd for bdh</ab>
<ab>remove spaces</ab>
        </normalization>
        <ab type="tagfilters">
<tag subtype="ignore">pc</tag>
<tag subtype="ignore">head</tag>
<tag subtype="ignore">label</tag>
<tag subtype="ignore">note</tag>
<tag subtype="ignore">num</tag>
<tag subtype="ignore">locus</tag>
<tag subtype="ignore">supplied</tag>
<tag subtype="ignore">surplus</tag>
        </ab>
      </editorialDecl>
    </encodingDesc>
    <xenoData>
      <stemma format="nexml" id="stemma0"><nex:nexml xmlns:nex="http://www.nexml.org/2009" version="0.9"><nex:otus id="otus1"><nex:otu id="otu0" label="A"/><nex:otu id="otu1" label="H"/><nex:otu id="otu2" label="K"/><nex:otu id="otu3" label="NE"/></nex:otus><nex:trees otus="otus1" id="trees1"><nex:tree id="guidetree" label="guidetree" xsi:type="nex:FloatTree" xmlns:xsi="http://www.w3.org/2001/XMLSchema-instance"><nex:node id="5f34fff2-989c-4c9b-94d8-02088d2f9474" root="true"/><nex:node id="09f8c8c1-5969-4c03-b21f-aaef936857b0"/><nex:node id="5d743c20-6fcd-492b-8ffc-519ea1e32e48" label="A" otu="otu2"/><nex:node id="d368038a-ec78-426d-9714-9969ea853114" label="H" otu="otu3"/><nex:node id="999d85a9-6274-45a2-a856-13da5a0a20b4"/><nex:node id="a1750b26-b0a6-4880-a936-6fa449de758f" label="K" otu="otu5"/><nex:node id="aae2db5c-7f30-44c1-bd62-056e1e6ad7cb" label="NE" otu="otu6"/><nex:edge source="5f34fff2-989c-4c9b-94d8-02088d2f9474" target="09f8c8c1-5969-4c03-b21f-aaef936857b0" id="edge0" length="0.07474643905204603"/><nex:edge source="5f34fff2-989c-4c9b-94d8-02088d2f9474" target="999d85a9-6274-45a2-a856-13da5a0a20b4" id="edge1" length="0.07474643905204603"/><nex:edge source="09f8c8c1-5969-4c03-b21f-aaef936857b0" target="5d743c20-6fcd-492b-8ffc-519ea1e32e48" id="edge2" length="0.5464661269667103"/><nex:edge source="09f8c8c1-5969-4c03-b21f-aaef936857b0" target="d368038a-ec78-426d-9714-9969ea853114" id="edge3" length="0.23647145607109687"/><nex:edge source="999d85a9-6274-45a2-a856-13da5a0a20b4" target="a1750b26-b0a6-4880-a936-6fa449de758f" id="edge4" length="0.3700074851370579"/><nex:edge source="999d85a9-6274-45a2-a856-13da5a0a20b4" target="aae2db5c-7f30-44c1-bd62-056e1e6ad7cb" id="edge5" length="0.19350505048816374"/></nex:tree></nex:trees></nex:nexml></stemma>
    </xenoData>
  </teiHeader>
<TEI n="A"><text><cl><w n="0" lemma="ghṛ"> ghṛ</w><w n="1">te</w><w n="2">nā</w><w n="3">bhya</w><w n="4" lemma="jya">jya </w></cl><cl><w n="5">na</w><w n="6">ya</w><w n="7" lemma="naṃ">naṃ </w></cl><cl><w n="8">va</w><w n="9">stra</w></cl><cl><w n="10">pa</w><w n="11">ṭṭe</w><w n="12" lemma="na">na </w></cl><cl><w n="13">ve</w><w n="14">ṣṭa</w><w n="15">ye</w><w n="16" lemma="tta">t | ta</w><w n="17" lemma="taḥ">to </w></cl><cl><w n="18">gṛ</w><w n="19" lemma="he">he </w></cl><cl><w n="20">ni</w><w n="21">rā</w><w n="22">bā</w><w n="23" lemma="dhe">dhe </w></cl><cl><w n="24">śa</w><w n="25">yī</w><w n="26">to</w><w n="27">ttā</w><w n="28" lemma="na">na </w></cl><cl><w n="29">e</w><w n="30" lemma="va">va </w></cl><cl><w n="31" lemma="ca">ca || </w></cl></text></TEI><TEI n="H"><text><cl><w n="0" lemma="sa"> sa</w><w n="1" lemma="rpi">rppi</w><w n="2">ṣā</w><w n="3">bhya</w><w n="4" lemma="jya">jya </w></cl><cl><w n="5">na</w><w n="6">ya</w><w n="7" lemma="ne">ne </w></cl><cl><w n="8">ta</w><w n="9" lemma="taḥ">taḥ </w></cl><cl><w n="10">pa</w><w n="11">ṭṭe</w><w n="12" lemma="na">na </w></cl><cl><w n="13">ve</w><w n="14">ṣṭa</w><w n="15">ye</w><w n="16" lemma="tta">t | ta</w><w n="17" lemma="taḥ">to </w></cl><cl><w n="18">gṛ</w><w n="19" lemma="he">he </w></cl><cl><w n="20">ni</w><w n="21">rā</w><w n="22">bā</w><w n="23" lemma="dhe">dhe </w></cl><cl><w n="24">śa</w><w n="25">yī</w><w n="26">to</w><w n="27">ttā</w><w n="28" lemma="na">na </w></cl><cl><w n="29">e</w><w n="30" lemma="va">va </w></cl><cl><w n="31" lemma="ca">ca || </w></cl></text></TEI><TEI n="K"><text><cl><w n="0" lemma="sa"> sa</w><w n="1">rpi</w><w n="2">ṣā</w><w n="3">bhya</w><w n="4" lemma="jya">jya </w></cl><cl><w n="5">na</w><w n="6">ya</w><w n="7" lemma="ne">ne </w></cl><cl><w n="8">ta</w><w n="9" lemma="taḥ">taḥ </w></cl><cl><w n="10">pa</w><w n="11">ṭṭe</w><w n="12" lemma="na">na </w></cl><cl><w n="13">ve</w><w n="14">ṣṭa</w><w n="15">ye</w><w n="16" lemma="tta">t | ta</w><w n="17" lemma="taḥ">to </w></cl><cl><w n="18">gṛ</w><w n="19" lemma="he">he </w></cl><cl><w n="20">ni</w><w n="21">rā</w><w n="22">bā</w><w n="23" lemma="dhe">dhe </w></cl><cl><w n="24">sa</w><w n="25">yī</w><w n="26">to</w><w n="27">ttā</w><w n="28" lemma="naṃ">nam </w></cl><cl><w n="29">e</w><w n="30" lemma="va">va </w></cl><cl><w n="31" lemma="tu">tu || </w></cl></text></TEI><TEI n="NE"><text><cl><w n="0" lemma="sa"> sa</w><w n="1">rpi</w><w n="2">ṣā</w><w n="3">bhya</w><w n="4" lemma="jya">jya </w></cl><cl><w n="5">na</w><w n="6">ya</w><w n="7" lemma="ne">ne </w></cl><cl><w n="8">ta</w><w n="9" lemma="taḥ">taḥ </w></cl><cl><w n="10">pa</w><w n="11">ṭṭe</w><w n="12" lemma="na">na </w></cl><cl><w n="13">ve</w><w n="14">ṣṭa</w><w n="15">ye</w><w n="16" lemma="tta">t | ta</w><w n="17" lemma="taḥ">to </w></cl><cl><w n="18">gṛ</w><w n="19" lemma="he">he </w></cl><cl><w n="20">ni</w><w n="21">rā</w><w n="22">bā</w><w n="23" lemma="dhe">dhe </w></cl><cl><w n="24">śa</w><w n="25">yī</w><w n="26">to</w><w n="27">ttā</w><w n="28" lemma="naṃ">nam </w></cl><cl><w n="29">e</w><w n="30" lemma="va">va </w></cl><cl><w n="31" lemma="tu">tu ||60|| </w></cl></text></TEI></teiCorpus>