<?xml version="1.0" encoding="UTF-8"?>
<teiCorpus xmlns="http://www.tei-c.org/ns/1.0" xml:lang="sa-Latn">
  <teiHeader>
<listWit>
<witness xml:id="A" source="06-ut-vulgate-1938-1-30.xml">
<abbr>A</abbr>
<expan>Printed edition: Ācārya 1938: Uttaratantra 1-30</expan>
</witness>
<witness xml:id="K" source="kl_699_uttaratantra-1-30.xml">
<abbr>K</abbr>
<expan>MSS Kathmandu KL 699: Uttaratantra</expan>
<listWit>
<witness xml:id="Kac" n="ac">
<abbr>Kac</abbr>
<expan>MSS Kathmandu KL 699: Uttaratantra [ante correctionem]</expan>
</witness>
<witness xml:id="Kpc" n="pc">
<abbr type="siglum">Kpc</abbr>
<expan>MSS Kathmandu KL 699: Uttaratantra [post correctionem]</expan>
</witness>
</listWit>
</witness>
<witness xml:id="H" source="nak_5-333_uttaratantra-1-30.xml">
<abbr>H</abbr>
<expan>MS Kathmandu NAK 5-333, Uttaratantra</expan>
<listWit>
<witness xml:id="Hac" n="ac">
<abbr>Hac</abbr>
<expan>MS Kathmandu NAK 5-333, Uttaratantra [ante correctionem]</expan>
</witness>
<witness xml:id="Hpc" n="pc">
<abbr type="siglum">Hpc</abbr>
<expan>MS Kathmandu NAK 5-333, Uttaratantra [post correctionem]</expan>
</witness>
</listWit>
</witness>
<witness xml:id="NE" source="provisional-edition_uttaratantra-1-30.xml">
<abbr>NE</abbr>
<expan>The Nepalese Version of the Suśrutasaṃhitā, uttaratantra 1-30, based on the
                    Nepalese MSS</expan>
</witness>
</listWit>
    <encodingDesc>
      <editorialDecl>
        <segmentation>
          <ab type="tokenization">aksara</ab>
          <ab type="blockid">SS.6.16.5</ab>
          <ab type="targetedition">NE</ab>
          <ab type="scoring">
            <ab type="match">1</ab>
            <ab type="mismatch">-1</ab>
            <ab type="gapopen">-2</ab>
            <ab type="gapextend">-0.25</ab>
            <ab type="recursive">true</ab>
            <ab type="realigndepth">20</ab>
            <ab type="distancefunction">ngrams</ab>
            
          </ab>
        </segmentation>
        <normalization method="markup">
<ab>ignore punctuation</ab>
<ab>candrabindu as anusvāra</ab>
<ab>geminated aspirated consonants</ab>
<ab>geminated m after h</ab>
<ab>geminated t</ab>
<ab>geminated consonants after r</ab>
<ab>final nasal variants</ab>
<ab>internal nasal variants</ab>
<ab>final anusvāra variants</ab>
<ab>visarga aḥ before voiced consonants</ab>
<ab>visarga aḥ before vowels</ab>
<ab>visarga aḥ before unvoiced consonants and space + anusvāra</ab>
<ab>visarga āḥ variants</ab>
<ab>other visarga variants</ab>
<ab>superfluous avagrahas</ab>
<ab>double avagrahas</ab>
<ab>avagrahas to short a</ab>
<ab>internal visarga variants</ab>
<ab>final au/āv</ab>
<ab>final su</ab>
<ab>final i</ab>
<ab>kcch/kś</ab>
<ab>cś/tś</ab>
<ab>cch/ch</ab>
<ab>final t + hi</ab>
<ab>final t + voiced syllable</ab>
<ab>final t + n/m</ab>
<ab>final t + c/j</ab>
<ab>i/y + vowel</ab>
<ab>bhd for bdh</ab>
<ab>remove spaces</ab>
        </normalization>
        <ab type="tagfilters">
<tag subtype="ignore">pc</tag>
<tag subtype="ignore">head</tag>
<tag subtype="ignore">label</tag>
<tag subtype="ignore">note</tag>
<tag subtype="ignore">num</tag>
<tag subtype="ignore">locus</tag>
<tag subtype="ignore">supplied</tag>
<tag subtype="ignore">surplus</tag>
        </ab>
      </editorialDecl>
    </encodingDesc>
    <xenoData>
      <stemma format="nexml" id="stemma0"><nex:nexml xmlns:nex="http://www.nexml.org/2009" version="0.9"><nex:otus id="otus1"><nex:otu id="otu0" label="A"/><nex:otu id="otu1" label="H"/><nex:otu id="otu2" label="K"/><nex:otu id="otu3" label="NE"/></nex:otus><nex:trees otus="otus1" id="trees1"><nex:tree id="guidetree" label="guidetree" xsi:type="nex:FloatTree" xmlns:xsi="http://www.w3.org/2001/XMLSchema-instance"><nex:node id="759adcd8-26bb-455d-85f7-0ed61f53cdc0" root="true"/><nex:node id="5fd21ce8-ecb0-4bae-b71b-fb345cec55cd"/><nex:node id="a7d7daeb-5567-4ee5-9b2a-7bd1ee7027d9" label="A" otu="otu2"/><nex:node id="acd1dbd1-de71-4a84-aff0-763f39c96a70" label="H" otu="otu3"/><nex:node id="8febbb0e-f8e3-4214-b0d1-d4961c8e1874"/><nex:node id="5a5227ba-9286-40f3-be76-8b0131197fb0" label="K" otu="otu5"/><nex:node id="9390b108-940d-4478-97df-f1d2cf472504" label="NE" otu="otu6"/><nex:edge source="759adcd8-26bb-455d-85f7-0ed61f53cdc0" target="5fd21ce8-ecb0-4bae-b71b-fb345cec55cd" id="edge0" length="0.2011635749878825"/><nex:edge source="759adcd8-26bb-455d-85f7-0ed61f53cdc0" target="8febbb0e-f8e3-4214-b0d1-d4961c8e1874" id="edge1" length="0.2011635749878825"/><nex:edge source="5fd21ce8-ecb0-4bae-b71b-fb345cec55cd" target="a7d7daeb-5567-4ee5-9b2a-7bd1ee7027d9" id="edge2" length="0.597672850024235"/><nex:edge source="5fd21ce8-ecb0-4bae-b71b-fb345cec55cd" target="acd1dbd1-de71-4a84-aff0-763f39c96a70" id="edge3" length="0.402327149975765"/><nex:edge source="8febbb0e-f8e3-4214-b0d1-d4961c8e1874" target="5a5227ba-9286-40f3-be76-8b0131197fb0" id="edge4" length="0"/><nex:edge source="8febbb0e-f8e3-4214-b0d1-d4961c8e1874" target="9390b108-940d-4478-97df-f1d2cf472504" id="edge5" length="0"/></nex:tree></nex:trees></nex:nexml></stemma>
    </xenoData>
  </teiHeader>
<TEI n="A"><text><cl><w n="0" lemma="u"> u</w><w n="1">tkṛ</w><w n="2" lemma="tya">tya </w><w n="3">śa</w><w n="4">stre</w><w n="5" lemma="ṇa">ṇa </w></cl><cl><w n="6">ya</w><w n="7">va</w><w n="8">pra</w><w n="9">mā</w><w n="10" lemma="ṇaṃ">ṇaṃ </w></cl><cl><w n="11">bā</w><w n="12">le</w><w n="13" lemma="na">na </w></cl><cl><w n="14">sī</w><w n="15">vyo</w><w n="16">dbhi</w><w n="17">ṣa</w><w n="18">ga</w><w n="19">pra</w><w n="20">ma</w><w n="21" lemma="ttaḥ">ttaḥ | </w></cl><cl><w n="22">da</w><w n="23" lemma="tvā">ttvā </w><w n="24" lemma="ca">ca </w></cl><cl><w n="25">sa</w><w n="26">rpi</w><w n="27">rma</w><w n="28">dhu</w><w n="29">nā</w><w n="30">va</w><w n="31">śe</w><w n="32" lemma="ṣaṃ">ṣaṃ </w></cl><cl><w n="33">ku</w><w n="34">ryā</w><w n="35" lemma="tvi">d vi</w><w n="36">dhā</w><w n="37" lemma="naṃ">naṃ </w></cl><cl><w n="38"/><w n="39">vi</w><w n="40">hi</w><w n="41" lemma="taṃ">taṃ </w></cl><cl><w n="42">vra</w><w n="43" lemma="ṇe">ṇe </w><w n="44">ya</w></cl><cl><w n="45" lemma="t">t || </w></cl></text></TEI><TEI n="H"><text><cl><w n="0" lemma="u"> u</w><w n="1">dbhṛ</w><w n="2">tya</w><w n="3">śa</w><w n="4">stre</w><w n="5" lemma="ṇa">ṇa </w></cl><cl><w n="6">ya</w><w n="7">va</w><w n="8">pra</w><w n="9">mā</w><w n="10" lemma="ṇaṃ">ṇam </w></cl><cl><w n="11">vā</w><w n="12">le</w><w n="13" lemma="na">na </w></cl><cl><w n="14">sī</w><w n="15">vye</w><w n="16">dbhi</w><w n="17">ṣa</w><w n="18">ga</w><w n="19">pra</w><w n="20">ma</w><w n="21" lemma="ttaḥ">ttaḥ | </w></cl><cl><w n="22">da</w><w n="23" lemma="tvā">tvā </w><w n="24" lemma="tu">tu </w></cl><cl><w n="25">sa</w><w n="26" lemma="rpi">rppi</w><w n="27">mrma</w><w n="28">dhu</w><w n="29">cā</w><w n="30">pi</w><w n="31">śe</w><w n="32" lemma="ṣaṃ">ṣaṃ </w></cl><cl><w n="33">ku</w><w n="34">ryā</w><w n="35" lemma="tkra">t kra</w><w n="36" lemma="maṃ">maṃ </w><w n="37" lemma="yaḥ">yo </w></cl><cl><w n="38" lemma="a">'</w><w n="39">bhi</w><w n="40">hi</w><w n="41" lemma="taḥ">to </w></cl><cl><w n="42">vra</w><w n="43">ṇe</w><w n="44" lemma="ṣu">ṣu || </w></cl><cl><w n="45"/></cl></text></TEI><TEI n="K"><text><cl><w n="0" lemma="u"> u</w><w n="1">dbhṛ</w><w n="2">tya</w><w n="3">śa</w><w n="4">stre</w><w n="5" lemma="ṇa">ṇa </w></cl><cl><w n="6">ya</w><w n="7">va</w><w n="8">pra</w><w n="9">mā</w><w n="10" lemma="ṇaṃ">ṇam </w></cl><cl><w n="11">vā</w><w n="12">le</w><w n="13" lemma="na">na </w></cl><cl><w n="14">sī</w><w n="15">vye</w><w n="16">dbhi</w><w n="17">ṣa</w><w n="18">ga</w><w n="19">pra</w><w n="20">ma</w><w n="21" lemma="ttaḥ">ttaḥ | </w></cl><cl><w n="22">da</w><w n="23" lemma="tvā">tvā </w><w n="24" lemma="tu">tu </w></cl><cl><w n="25">sa</w><w n="26">rpi</w><w n="27"/><w n="28">dhu</w><w n="29">cā</w><w n="30">pi</w><w n="31">śe</w><w n="32" lemma="ṣaṃ">ṣaṃ </w></cl><cl><w n="33">ku</w><w n="34">ryā</w><w n="35" lemma="tkra">t kra</w><w n="36"/><w n="37" lemma="maṃ">maṃ </w></cl><cl><w n="38">yo</w><w n="39">bhi</w><w n="40">hi</w><w n="41" lemma="taḥ">to </w></cl><cl><w n="42">vra</w><w n="43">ṇe</w><w n="44" lemma="ṣu">ṣu | </w></cl><cl><w n="45"/></cl></text></TEI><TEI n="NE"><text><cl><w n="0" lemma="u"> u</w><w n="1">dbhṛ</w><w n="2">tya</w><w n="3">śa</w><w n="4">stre</w><w n="5" lemma="ṇa">ṇa </w></cl><cl><w n="6">ya</w><w n="7">va</w><w n="8">pra</w><w n="9">mā</w><w n="10" lemma="ṇaṃ">ṇam </w></cl><cl><w n="11">vā</w><w n="12">le</w><w n="13" lemma="na">na </w></cl><cl><w n="14">sī</w><w n="15">vye</w><w n="16">dbhi</w><w n="17">ṣa</w><w n="18">ga</w><w n="19">pra</w><w n="20">ma</w><w n="21" lemma="ttaḥ">ttaḥ | </w></cl><cl><w n="22">da</w><w n="23" lemma="tvā">tvā </w><w n="24" lemma="tu">tu </w></cl><cl><w n="25">sa</w><w n="26">rpi</w><w n="27"/><w n="28">dhu</w><w n="29">cā</w><w n="30">pi</w><w n="31">śe</w><w n="32" lemma="ṣaṃ">ṣaṃ </w></cl><cl><w n="33">ku</w><w n="34">ryā</w><w n="35" lemma="tkra">t kra</w><w n="36"/><w n="37" lemma="maṃ">maṃ </w></cl><cl><w n="38">yo</w><w n="39">bhi</w><w n="40">hi</w><w n="41" lemma="taḥ">to </w></cl><cl><w n="42">vra</w><w n="43">ṇe</w><w n="44" lemma="ṣu">ṣu | </w></cl><cl><w n="45"/></cl></text></TEI></teiCorpus>