<?xml version="1.0" encoding="UTF-8"?>
<teiCorpus xmlns="http://www.tei-c.org/ns/1.0" xml:lang="sa-Latn">
  <teiHeader>
<listWit>
<witness xml:id="A" source="06-ut-vulgate-1938-1-30.xml">
<abbr>A</abbr>
<expan>Printed edition: Ācārya 1938: Uttaratantra 1-30</expan>
</witness>
<witness xml:id="K" source="kl_699_uttaratantra-1-30.xml">
<abbr>K</abbr>
<expan>MSS Kathmandu KL 699: Uttaratantra</expan>
<listWit>
<witness xml:id="Kac" n="ac">
<abbr>Kac</abbr>
<expan>MSS Kathmandu KL 699: Uttaratantra [ante correctionem]</expan>
</witness>
<witness xml:id="Kpc" n="pc">
<abbr type="siglum">Kpc</abbr>
<expan>MSS Kathmandu KL 699: Uttaratantra [post correctionem]</expan>
</witness>
</listWit>
</witness>
<witness xml:id="H" source="nak_5-333_uttaratantra-1-30.xml">
<abbr>H</abbr>
<expan>MS Kathmandu NAK 5-333, Uttaratantra</expan>
<listWit>
<witness xml:id="Hac" n="ac">
<abbr>Hac</abbr>
<expan>MS Kathmandu NAK 5-333, Uttaratantra [ante correctionem]</expan>
</witness>
<witness xml:id="Hpc" n="pc">
<abbr type="siglum">Hpc</abbr>
<expan>MS Kathmandu NAK 5-333, Uttaratantra [post correctionem]</expan>
</witness>
</listWit>
</witness>
<witness xml:id="NE" source="provisional-edition_uttaratantra-1-30.xml">
<abbr>NE</abbr>
<expan>The Nepalese Version of the Suśrutasaṃhitā, uttaratantra 1-30, based on the
                    Nepalese MSS</expan>
</witness>
</listWit>
    <encodingDesc>
      <editorialDecl>
        <segmentation>
          <ab type="tokenization">aksara</ab>
          <ab type="blockid">SS.6.17.38</ab>
          <ab type="targetedition">NE</ab>
          <ab type="scoring">
            <ab type="match">1</ab>
            <ab type="mismatch">-1</ab>
            <ab type="gapopen">-2</ab>
            <ab type="gapextend">-0.25</ab>
            <ab type="recursive">true</ab>
            <ab type="realigndepth">20</ab>
            <ab type="distancefunction">ngrams</ab>
            
          </ab>
        </segmentation>
        <normalization method="markup">
<ab>ignore punctuation</ab>
<ab>candrabindu as anusvāra</ab>
<ab>geminated aspirated consonants</ab>
<ab>geminated m after h</ab>
<ab>geminated t</ab>
<ab>geminated consonants after r</ab>
<ab>final nasal variants</ab>
<ab>internal nasal variants</ab>
<ab>final anusvāra variants</ab>
<ab>visarga aḥ before voiced consonants</ab>
<ab>visarga aḥ before vowels</ab>
<ab>visarga aḥ before unvoiced consonants and space + anusvāra</ab>
<ab>visarga āḥ variants</ab>
<ab>other visarga variants</ab>
<ab>superfluous avagrahas</ab>
<ab>double avagrahas</ab>
<ab>avagrahas to short a</ab>
<ab>internal visarga variants</ab>
<ab>final au/āv</ab>
<ab>final su</ab>
<ab>final i</ab>
<ab>kcch/kś</ab>
<ab>cś/tś</ab>
<ab>cch/ch</ab>
<ab>final t + hi</ab>
<ab>final t + voiced syllable</ab>
<ab>final t + n/m</ab>
<ab>final t + c/j</ab>
<ab>i/y + vowel</ab>
<ab>bhd for bdh</ab>
<ab>remove spaces</ab>
        </normalization>
        <ab type="tagfilters">
<tag subtype="ignore">pc</tag>
<tag subtype="ignore">head</tag>
<tag subtype="ignore">label</tag>
<tag subtype="ignore">note</tag>
<tag subtype="ignore">num</tag>
<tag subtype="ignore">locus</tag>
<tag subtype="ignore">supplied</tag>
<tag subtype="ignore">surplus</tag>
        </ab>
      </editorialDecl>
    </encodingDesc>
    <xenoData>
      <stemma format="nexml" id="stemma0"><nex:nexml xmlns:nex="http://www.nexml.org/2009" version="0.9"><nex:otus id="otus1"><nex:otu id="otu0" label="A"/><nex:otu id="otu1" label="K"/><nex:otu id="otu2" label="Hac"/><nex:otu id="otu3" label="Hpc"/><nex:otu id="otu4" label="NE"/></nex:otus><nex:trees otus="otus1" id="trees1"><nex:tree id="guidetree" label="guidetree" xsi:type="nex:FloatTree" xmlns:xsi="http://www.w3.org/2001/XMLSchema-instance"><nex:node id="bf3db5e9-b701-4efa-b9bb-99dddb18bbbc" root="true"/><nex:node id="a255bf17-c1ca-43f8-b1da-4351d81db3a6"/><nex:node id="efafdb05-e005-4153-a95e-3337a2d4fbb9" label="A" otu="otu2"/><nex:node id="69c303f9-7a48-4066-960f-0082cee3e34d" label="K" otu="otu3"/><nex:node id="3ca8da73-760e-4872-a31c-4e9329541673"/><nex:node id="27c2200d-01f4-4f03-825a-1511a68395fe" label="Hac" otu="otu5"/><nex:node id="f17eea34-724c-4c01-a743-450972672070"/><nex:node id="39f34d09-7a2f-44ea-87d0-1174b20259b8" label="Hpc" otu="otu7"/><nex:node id="140163d7-9d5c-4e5a-ac3a-7fd9ab58319e" label="NE" otu="otu8"/><nex:edge source="bf3db5e9-b701-4efa-b9bb-99dddb18bbbc" target="a255bf17-c1ca-43f8-b1da-4351d81db3a6" id="edge0" length="0.05451997247940099"/><nex:edge source="bf3db5e9-b701-4efa-b9bb-99dddb18bbbc" target="3ca8da73-760e-4872-a31c-4e9329541673" id="edge1" length="0.05451997247940099"/><nex:edge source="a255bf17-c1ca-43f8-b1da-4351d81db3a6" target="efafdb05-e005-4153-a95e-3337a2d4fbb9" id="edge2" length="0.6066783051622009"/><nex:edge source="a255bf17-c1ca-43f8-b1da-4351d81db3a6" target="69c303f9-7a48-4066-960f-0082cee3e34d" id="edge3" length="0.3933216948377991"/><nex:edge source="3ca8da73-760e-4872-a31c-4e9329541673" target="27c2200d-01f4-4f03-825a-1511a68395fe" id="edge4" length="0.7209436271408588"/><nex:edge source="3ca8da73-760e-4872-a31c-4e9329541673" target="f17eea34-724c-4c01-a743-450972672070" id="edge5" length="0"/><nex:edge source="f17eea34-724c-4c01-a743-450972672070" target="39f34d09-7a2f-44ea-87d0-1174b20259b8" id="edge6" length="0.11237814707747218"/><nex:edge source="f17eea34-724c-4c01-a743-450972672070" target="140163d7-9d5c-4e5a-ac3a-7fd9ab58319e" id="edge7" length="0.11604587038586855"/></nex:tree></nex:trees></nex:nexml></stemma>
    </xenoData>
  </teiHeader>
<TEI n="A"><text><cl><w n="0" lemma="ha"> ha</w><w n="1" lemma="viḥ">vir </w></cl><cl><w n="2">hi</w><w n="3" lemma="taṃ">taṃ </w></cl><cl><w n="4">kṣī</w><w n="5">ra</w><w n="6">bha</w><w n="7" lemma="vaṃ">vaṃ </w><w n="8" lemma="tu">tu </w></cl><cl><w n="9">pai</w><w n="10">tti</w><w n="11" lemma="ke">ke </w></cl><cl><w n="12">va</w><w n="13" lemma="daṃ">dan</w><w n="14" lemma="ti">ti </w></cl><cl><w n="15">na</w><w n="16" lemma="sye">sye </w></cl><cl><w n="17">ma</w><w n="18">dhu</w><w n="19">rau</w><w n="20">ṣa</w><w n="21" lemma="dhaiḥ">dhaiḥ </w><w n="22"/><w n="23"/></cl><cl><w n="24">kṛ</w><w n="25" lemma="taṃ">tam | </w><w n="26"/></cl><cl><w n="27">ta</w><w n="28" lemma="tta">t ta</w><w n="29">rpa</w><w n="30" lemma="ṇe">ṇe </w><w n="31">cai</w><w n="32" lemma="va">va </w><w n="33">hi</w><w n="34" lemma="taṃ">taṃ </w><w n="35">pra</w><w n="36">yo</w><w n="37">ji</w><w n="38" lemma="taṃ">taṃ </w><w n="39">sa</w><w n="40" lemma="jāṃ">jāṅ</w></cl><cl><w n="41">ga</w><w n="42">la</w></cl><cl><w n="43">ste</w><w n="44" lemma="ṣu">ṣu </w><w n="45" lemma="ca">ca </w><w n="46" lemma="yaḥ">yaḥ </w></cl><cl><w n="47">pu</w><w n="48">ṭā</w><w n="49">hva</w><w n="50" lemma="yaḥ">yaḥ || </w></cl><cl><w n="51"/><w n="52"/><w n="53"/><w n="54"/><w n="55"/><w n="56"/><w n="57"/><w n="58"/></cl><cl><w n="59"/></cl></text></TEI><TEI n="K"><text><cl><w n="0" lemma="ghṛ"> ghṛ</w><w n="1" lemma="taṃ">taṃ </w></cl><cl><w n="2">hi</w><w n="3" lemma="taṃ">tan </w></cl><cl><w n="4">ta</w><w n="5">tpra</w><w n="6">bha</w><w n="7" lemma="vaṃ">van </w><w n="8" lemma="tu">tu </w></cl><cl><w n="9">pai</w><w n="10">tti</w><w n="11" lemma="ke">ke </w></cl><cl><w n="12">va</w><w n="13" lemma="daṃ">dan</w><w n="14" lemma="ti">ti </w></cl><cl><w n="15">na</w><w n="16" lemma="syaṃ">syaṃ </w></cl><cl><w n="17">ma</w><w n="18">dhu</w><w n="19">rau</w><w n="20">ṣa</w><w n="21" lemma="dhaṃ">dhaṃ </w><w n="22">sri</w><w n="23" lemma="taṃ">taṃ | </w></cl><cl><w n="24">hi</w><w n="25" lemma="taṃ">taṃ </w><w n="26" lemma="ca">ca </w></cl><cl><w n="27">ta</w><w n="28" lemma="tta">t ta</w><w n="29">rpa</w><w n="30"/><w n="31"/><w n="32"/><w n="33"/><w n="34"/><w n="35"/><w n="36"/><w n="37"/><w n="38"/><w n="39"/><w n="40" lemma="ṇaṃ">ṇam </w></cl><cl><w n="41">a</w><w n="42" lemma="tra">tra </w></cl><cl><w n="43">sa</w><w n="44">myu</w><w n="45"/><w n="46" lemma="taḥ">taḥ </w></cl><cl><w n="47">pu</w><w n="48">ṭā</w><w n="49">hva</w><w n="50" lemma="yaḥ">yo </w></cl><cl><w n="51" lemma="jāṃ">jāṅ</w><w n="52">ga</w><w n="53">la</w><w n="54"/><w n="55">māṃ</w><w n="56">sa</w><w n="57" lemma="jaḥ">jaś </w><w n="58" lemma="ca">ca </w></cl><cl><w n="59" lemma="yaḥ">yaḥ || </w></cl></text></TEI><TEI n="Hac"><text><cl><w n="0" lemma="ghṛ"> ghṛ</w><w n="1" lemma="taṃ">taṃ </w></cl><cl><w n="2">hi</w><w n="3" lemma="taṃ">tan </w></cl><cl><w n="4">ta</w><w n="5">tpra</w><w n="6">bha</w><w n="7" lemma="vaṃ">van </w><w n="8" lemma="tu">tu </w></cl><cl><w n="9">pai</w><w n="10">tti</w><w n="11" lemma="ke">ke </w></cl><cl><w n="12">va</w><w n="13" lemma="daṃ">dan</w><w n="14" lemma="ti">ti </w></cl><cl><w n="15">na</w><w n="16" lemma="syaṃ">syaṃ </w></cl><cl><w n="17">ma</w><w n="18">dhu</w><w n="19">rau</w><w n="20">ṣa</w><w n="21">dha</w><w n="22">śri</w><w n="23" lemma="taṃ">taṃ | </w></cl><cl><w n="24">hi</w><w n="25" lemma="taṃ">tañ </w><w n="26" lemma="ca">ca </w></cl><cl><w n="27">ta</w><w n="28" lemma="tta">t ta</w><w n="29" lemma="rpa">rppa</w><w n="30"/><w n="31"/><w n="32"/><w n="33"/><w n="34"/><w n="35"/><w n="36"/><w n="37"/><w n="38"/><w n="39"/><w n="40" lemma="ṇaṃ">ṇam </w></cl><cl><w n="41">a</w><w n="42" lemma="tra">tra </w></cl><cl><w n="43">sa</w><w n="44">myu</w><w n="45"/><w n="46" lemma="taḥ">taḥ </w></cl><cl><w n="47">pu</w><w n="48">ṭā</w><w n="49">hva</w><w n="50" lemma="yaḥ">yo </w></cl><cl><w n="51" lemma="jāṃ">jāṅ</w><w n="52">ga</w><w n="53">la</w><w n="54">jau</w><w n="55">māṃ</w><w n="56">sa</w><w n="57" lemma="jāḥ">jāś </w><w n="58" lemma="ca">ca </w></cl><cl><w n="59" lemma="yaḥ">yaḥ || </w></cl></text></TEI><TEI n="Hpc"><text><cl><w n="0" lemma="ghṛ"> ghṛ</w><w n="1" lemma="taṃ">taṃ </w></cl><cl><w n="2">hi</w><w n="3" lemma="taṃ">tan </w></cl><cl><w n="4">ta</w><w n="5">tpra</w><w n="6">bha</w><w n="7" lemma="vaṃ">van </w><w n="8" lemma="tu">tu </w></cl><cl><w n="9">pai</w><w n="10">tti</w><w n="11" lemma="ke">ke </w></cl><cl><w n="12">va</w><w n="13" lemma="daṃ">dan</w><w n="14" lemma="ti">ti </w></cl><cl><w n="15">na</w><w n="16" lemma="syaṃ">syaṃ </w></cl><cl><w n="17">ma</w><w n="18">dhu</w><w n="19">rau</w><w n="20">ṣa</w><w n="21">dha</w><w n="22">śri</w><w n="23" lemma="taṃ">taṃ | </w></cl><cl><w n="24">hi</w><w n="25" lemma="taṃ">tañ </w><w n="26" lemma="ca">ca </w></cl><cl><w n="27">ta</w><w n="28" lemma="tta">t ta</w><w n="29" lemma="rpa">rppa</w><w n="30"/><w n="31"/><w n="32"/><w n="33"/><w n="34"/><w n="35"/><w n="36"/><w n="37"/><w n="38"/><w n="39"/><w n="40" lemma="ṇaṃ">ṇam </w></cl><cl><w n="41">a</w><w n="42" lemma="tra">tra </w></cl><cl><w n="43">sa</w><w n="44">myu</w><w n="45"/><w n="46" lemma="taḥ">taḥ </w></cl><cl><w n="47">pu</w><w n="48">ṭā</w><w n="49">hva</w><w n="50" lemma="yaḥ">yo </w></cl><cl><w n="51" lemma="jāṃ">jāṅ</w><w n="52">ga</w><w n="53">la</w><w n="54"/><w n="55">māṃ</w><w n="56">sa</w><w n="57" lemma="jāḥ">jāś </w><w n="58" lemma="ca">ca </w></cl><cl><w n="59" lemma="yaḥ">yaḥ || </w></cl></text></TEI><TEI n="NE"><text><cl><w n="0" lemma="ghṛ"> ghṛ</w><w n="1" lemma="taṃ">taṃ </w></cl><cl><w n="2">hi</w><w n="3" lemma="taṃ">tan </w></cl><cl><w n="4">ta</w><w n="5">tpra</w><w n="6">bha</w><w n="7" lemma="vaṃ">van </w><w n="8" lemma="tu">tu </w></cl><cl><w n="9">pai</w><w n="10">tti</w><w n="11" lemma="ke">ke </w></cl><cl><w n="12">va</w><w n="13" lemma="daṃ">dan</w><w n="14" lemma="ti">ti </w></cl><cl><w n="15">na</w><w n="16" lemma="syaṃ">syaṃ </w></cl><cl><w n="17">ma</w><w n="18">dhu</w><w n="19">rau</w><w n="20">ṣa</w><w n="21">dha</w><w n="22">śri</w><w n="23" lemma="taṃ">taṃ | </w></cl><cl><w n="24">hi</w><w n="25" lemma="taṃ">taṃ </w><w n="26" lemma="ca">ca </w></cl><cl><w n="27">ta</w><w n="28" lemma="tta">t ta</w><w n="29">rpa</w><w n="30"/><w n="31"/><w n="32"/><w n="33"/><w n="34"/><w n="35"/><w n="36"/><w n="37"/><w n="38"/><w n="39"/><w n="40" lemma="ṇaṃ">ṇam </w></cl><cl><w n="41">a</w><w n="42" lemma="tra">tra </w></cl><cl><w n="43">sa</w><w n="44">myu</w><w n="45"/><w n="46" lemma="taḥ">taḥ </w></cl><cl><w n="47">pu</w><w n="48">ṭā</w><w n="49">hva</w><w n="50" lemma="yaḥ">yo </w></cl><cl><w n="51" lemma="jāṃ">jāṅ</w><w n="52">ga</w><w n="53">la</w><w n="54"/><w n="55">māṃ</w><w n="56">sa</w><w n="57" lemma="jaḥ">jaś </w><w n="58" lemma="ca">ca </w></cl><cl><w n="59" lemma="yaḥ">yaḥ || </w></cl></text></TEI></teiCorpus>