<?xml version="1.0" encoding="UTF-8"?>
<teiCorpus xmlns="http://www.tei-c.org/ns/1.0" xml:lang="sa-Latn">
  <teiHeader>
<listWit>
<witness xml:id="A" source="06-ut-vulgate-1938-1-30.xml">
<abbr>A</abbr>
<expan>Printed edition: Ācārya 1938: Uttaratantra 1-30</expan>
</witness>
<witness xml:id="K" source="kl_699_uttaratantra-1-30.xml">
<abbr>K</abbr>
<expan>MSS Kathmandu KL 699: Uttaratantra</expan>
<listWit>
<witness xml:id="Kac" n="ac">
<abbr>Kac</abbr>
<expan>MSS Kathmandu KL 699: Uttaratantra [ante correctionem]</expan>
</witness>
<witness xml:id="Kpc" n="pc">
<abbr type="siglum">Kpc</abbr>
<expan>MSS Kathmandu KL 699: Uttaratantra [post correctionem]</expan>
</witness>
</listWit>
</witness>
<witness xml:id="H" source="nak_5-333_uttaratantra-1-30.xml">
<abbr>H</abbr>
<expan>MS Kathmandu NAK 5-333, Uttaratantra</expan>
<listWit>
<witness xml:id="Hac" n="ac">
<abbr>Hac</abbr>
<expan>MS Kathmandu NAK 5-333, Uttaratantra [ante correctionem]</expan>
</witness>
<witness xml:id="Hpc" n="pc">
<abbr type="siglum">Hpc</abbr>
<expan>MS Kathmandu NAK 5-333, Uttaratantra [post correctionem]</expan>
</witness>
</listWit>
</witness>
<witness xml:id="NE" source="provisional-edition_uttaratantra-1-30.xml">
<abbr>NE</abbr>
<expan>The Nepalese Version of the Suśrutasaṃhitā, uttaratantra 1-30, based on the
                    Nepalese MSS</expan>
</witness>
</listWit>
    <encodingDesc>
      <editorialDecl>
        <segmentation>
          <ab type="tokenization">aksara</ab>
          <ab type="blockid">SS.6.11.11ab</ab>
          <ab type="targetedition">NE</ab>
          <ab type="scoring">
            <ab type="match">1</ab>
            <ab type="mismatch">-1</ab>
            <ab type="gapopen">-2</ab>
            <ab type="gapextend">-0.25</ab>
            <ab type="recursive">true</ab>
            <ab type="realigndepth">20</ab>
            <ab type="distancefunction">ngrams</ab>
            
          </ab>
        </segmentation>
        <normalization method="markup">
<ab>ignore punctuation</ab>
<ab>candrabindu as anusvāra</ab>
<ab>geminated aspirated consonants</ab>
<ab>geminated m after h</ab>
<ab>geminated t</ab>
<ab>geminated consonants after r</ab>
<ab>final nasal variants</ab>
<ab>internal nasal variants</ab>
<ab>final anusvāra variants</ab>
<ab>visarga aḥ before voiced consonants</ab>
<ab>visarga aḥ before vowels</ab>
<ab>visarga aḥ before unvoiced consonants and space + anusvāra</ab>
<ab>visarga āḥ variants</ab>
<ab>other visarga variants</ab>
<ab>superfluous avagrahas</ab>
<ab>double avagrahas</ab>
<ab>avagrahas to short a</ab>
<ab>internal visarga variants</ab>
<ab>final au/āv</ab>
<ab>final su</ab>
<ab>final i</ab>
<ab>kcch/kś</ab>
<ab>cś/tś</ab>
<ab>cch/ch</ab>
<ab>final t + hi</ab>
<ab>final t + voiced syllable</ab>
<ab>final t + n/m</ab>
<ab>final t + c/j</ab>
<ab>i/y + vowel</ab>
<ab>bhd for bdh</ab>
<ab>remove spaces</ab>
        </normalization>
        <ab type="tagfilters">
<tag subtype="ignore">pc</tag>
<tag subtype="ignore">head</tag>
<tag subtype="ignore">label</tag>
<tag subtype="ignore">note</tag>
<tag subtype="ignore">num</tag>
<tag subtype="ignore">locus</tag>
<tag subtype="ignore">supplied</tag>
<tag subtype="ignore">surplus</tag>
        </ab>
      </editorialDecl>
    </encodingDesc>
    <xenoData>
      <stemma format="nexml" id="stemma0"><nex:nexml xmlns:nex="http://www.nexml.org/2009" version="0.9"><nex:otus id="otus1"><nex:otu id="otu0" label="H"/><nex:otu id="otu1" label="K"/><nex:otu id="otu2" label="NE"/></nex:otus><nex:trees otus="otus1" id="trees1"><nex:tree id="guidetree" label="guidetree" xsi:type="nex:FloatTree" xmlns:xsi="http://www.w3.org/2001/XMLSchema-instance"><nex:node id="26fb1f72-c64b-4c4a-8632-b97562a8e87c" root="true"/><nex:node id="8d0c12d1-a814-4280-8961-fa0ebee0f44d"/><nex:node id="152e52d0-7363-422a-b64e-e9544eae1d81" label="H" otu="otu2"/><nex:node id="83d0a3f0-cfc0-4737-9919-9787d16241be" label="K" otu="otu3"/><nex:node id="ec771cb2-9501-49c9-aa53-c1c31113252b" label="NE" otu="otu4"/><nex:edge source="26fb1f72-c64b-4c4a-8632-b97562a8e87c" target="8d0c12d1-a814-4280-8961-fa0ebee0f44d" id="edge0" length="0"/><nex:edge source="26fb1f72-c64b-4c4a-8632-b97562a8e87c" target="ec771cb2-9501-49c9-aa53-c1c31113252b" id="edge1" length="0"/><nex:edge source="8d0c12d1-a814-4280-8961-fa0ebee0f44d" target="152e52d0-7363-422a-b64e-e9544eae1d81" id="edge2" length="1"/><nex:edge source="8d0c12d1-a814-4280-8961-fa0ebee0f44d" target="83d0a3f0-cfc0-4737-9919-9787d16241be" id="edge3" length="0"/></nex:tree></nex:trees></nex:nexml></stemma>
    </xenoData>
  </teiHeader>
<TEI n="H"><text><cl><w n="0" lemma="nī"> nī</w><w n="1" lemma="lāṃ">lāṃ </w></cl><cl><w n="2">ya</w><w n="3">vā</w><w n="4">nā</w><w n="5">ja</w><w n="6">pa</w><w n="7" lemma="yoṃ">yon</w><w n="8">na</w><w n="9">pī</w><w n="10" lemma="tāṃ">tāṃ </w></cl><cl><w n="11">saṃ</w><w n="12">śā</w><w n="13" lemma="dhya">dhya </w></cl><cl><w n="14">saṃ</w><w n="15">śo</w><w n="16">ṣya</w></cl><cl><w n="17">ta</w><w n="18" lemma="taḥ">to </w></cl><cl><w n="19" lemma="a">'</w><w n="20">nū</w><w n="21">da</w><w n="22" lemma="hya">hya | </w></cl></text></TEI><TEI n="K"><text><cl><w n="0" lemma="nī"> nī</w><w n="1" lemma="lāṃ">lāṃ </w></cl><cl><w n="2">ya</w><w n="3">vā</w><w n="4">nā</w><w n="5">ja</w><w n="6">pa</w><w n="7" lemma="yoṃ">yon</w><w n="8">nu</w><w n="9">pī</w><w n="10" lemma="tāṃ">tāṃ </w></cl><cl><w n="11">saṃ</w><w n="12">śā</w><w n="13" lemma="dhya">dhya </w></cl><cl><w n="14">saṃ</w><w n="15">śo</w><w n="16" lemma="ṣya">ṣya </w></cl><cl><w n="17">ta</w><w n="18" lemma="taḥ">to </w></cl><cl><w n="19"/><w n="20">nū</w><w n="21">da</w><w n="22" lemma="hya">hya | </w></cl></text></TEI><TEI n="NE"><text><cl><w n="0" lemma="nī"> nī</w><w n="1" lemma="lāṃ">lāṃ </w></cl><cl><w n="2">ya</w><w n="3">vā</w><w n="4">nā</w><w n="5">ja</w><w n="6">pa</w><w n="7" lemma="yoṃ">yon</w><w n="8">nu</w><w n="9">pī</w><w n="10" lemma="tāṃ">tāṃ </w></cl><cl><w n="11">saṃ</w><w n="12">śā</w><w n="13" lemma="dhya">dhya </w></cl><cl><w n="14">saṃ</w><w n="15">śo</w><w n="16" lemma="ṣya">ṣya </w></cl><cl><w n="17">ta</w><w n="18" lemma="taḥ">to </w></cl><cl><w n="19"/><w n="20">nū</w><w n="21">da</w><w n="22" lemma="hya">hya | </w></cl></text></TEI></teiCorpus>