<?xml version="1.0" encoding="UTF-8"?>
<teiCorpus xmlns="http://www.tei-c.org/ns/1.0" xml:lang="sa-Latn">
  <teiHeader>
<listWit>
<witness xml:id="A" source="06-ut-vulgate-1938-1-30.xml">
<abbr>A</abbr>
<expan>Printed edition: Ācārya 1938: Uttaratantra 1-30</expan>
</witness>
<witness xml:id="K" source="kl_699_uttaratantra-1-30.xml">
<abbr>K</abbr>
<expan>MSS Kathmandu KL 699: Uttaratantra</expan>
<listWit>
<witness xml:id="Kac" n="ac">
<abbr>Kac</abbr>
<expan>MSS Kathmandu KL 699: Uttaratantra [ante correctionem]</expan>
</witness>
<witness xml:id="Kpc" n="pc">
<abbr type="siglum">Kpc</abbr>
<expan>MSS Kathmandu KL 699: Uttaratantra [post correctionem]</expan>
</witness>
</listWit>
</witness>
<witness xml:id="H" source="nak_5-333_uttaratantra-1-30.xml">
<abbr>H</abbr>
<expan>MS Kathmandu NAK 5-333, Uttaratantra</expan>
<listWit>
<witness xml:id="Hac" n="ac">
<abbr>Hac</abbr>
<expan>MS Kathmandu NAK 5-333, Uttaratantra [ante correctionem]</expan>
</witness>
<witness xml:id="Hpc" n="pc">
<abbr type="siglum">Hpc</abbr>
<expan>MS Kathmandu NAK 5-333, Uttaratantra [post correctionem]</expan>
</witness>
</listWit>
</witness>
<witness xml:id="NE" source="provisional-edition_uttaratantra-1-30.xml">
<abbr>NE</abbr>
<expan>The Nepalese Version of the Suśrutasaṃhitā, uttaratantra 1-30, based on the
                    Nepalese MSS</expan>
</witness>
</listWit>
    <encodingDesc>
      <editorialDecl>
        <segmentation>
          <ab type="tokenization">aksara</ab>
          <ab type="blockid">SS.6.1.20</ab>
          <ab type="targetedition">NE</ab>
          <ab type="scoring">
            <ab type="match">1</ab>
            <ab type="mismatch">-1</ab>
            <ab type="gapopen">-2</ab>
            <ab type="gapextend">-0.25</ab>
            <ab type="recursive">true</ab>
            <ab type="realigndepth">20</ab>
            <ab type="distancefunction">ngrams</ab>
            
          </ab>
        </segmentation>
        <normalization method="markup">
<ab>ignore punctuation</ab>
<ab>candrabindu as anusvāra</ab>
<ab>geminated aspirated consonants</ab>
<ab>geminated m after h</ab>
<ab>geminated t</ab>
<ab>geminated consonants after r</ab>
<ab>final nasal variants</ab>
<ab>internal nasal variants</ab>
<ab>final anusvāra variants</ab>
<ab>visarga aḥ before voiced consonants</ab>
<ab>visarga aḥ before vowels</ab>
<ab>visarga aḥ before unvoiced consonants and space + anusvāra</ab>
<ab>visarga āḥ variants</ab>
<ab>other visarga variants</ab>
<ab>superfluous avagrahas</ab>
<ab>double avagrahas</ab>
<ab>avagrahas to short a</ab>
<ab>internal visarga variants</ab>
<ab>final au/āv</ab>
<ab>final su</ab>
<ab>final i</ab>
<ab>kcch/kś</ab>
<ab>cś/tś</ab>
<ab>cch/ch</ab>
<ab>final t + hi</ab>
<ab>final t + voiced syllable</ab>
<ab>final t + n/m</ab>
<ab>final t + c/j</ab>
<ab>i/y + vowel</ab>
<ab>bhd for bdh</ab>
<ab>remove spaces</ab>
        </normalization>
        <ab type="tagfilters">
<tag subtype="ignore">pc</tag>
<tag subtype="ignore">head</tag>
<tag subtype="ignore">label</tag>
<tag subtype="ignore">note</tag>
<tag subtype="ignore">num</tag>
<tag subtype="ignore">locus</tag>
<tag subtype="ignore">supplied</tag>
<tag subtype="ignore">surplus</tag>
        </ab>
      </editorialDecl>
    </encodingDesc>
    <xenoData>
      <stemma format="nexml" id="stemma0"><nex:nexml xmlns:nex="http://www.nexml.org/2009" version="0.9"><nex:otus id="otus1"><nex:otu id="otu0" label="A"/><nex:otu id="otu1" label="H"/><nex:otu id="otu2" label="K"/><nex:otu id="otu3" label="NE"/></nex:otus><nex:trees otus="otus1" id="trees1"><nex:tree id="guidetree" label="guidetree" xsi:type="nex:FloatTree" xmlns:xsi="http://www.w3.org/2001/XMLSchema-instance"><nex:node id="68cd1cef-eabe-49c9-8ab3-8eb35a078f3f" root="true"/><nex:node id="5ddb46f3-0124-443f-adc9-8b0974915d05"/><nex:node id="797b764b-f309-42d3-85ee-57371b97a715" label="A" otu="otu2"/><nex:node id="084dc501-f498-422c-9641-d9102fa30567" label="H" otu="otu3"/><nex:node id="c0ae1f63-36a2-40e6-b6ea-3ec1b2ca7158"/><nex:node id="17e76a42-2385-44f8-97b5-b1c4c6b79e66" label="K" otu="otu5"/><nex:node id="277b3745-4952-4533-9653-e31331c83649" label="NE" otu="otu6"/><nex:edge source="68cd1cef-eabe-49c9-8ab3-8eb35a078f3f" target="5ddb46f3-0124-443f-adc9-8b0974915d05" id="edge0" length="0.07411294976585331"/><nex:edge source="68cd1cef-eabe-49c9-8ab3-8eb35a078f3f" target="c0ae1f63-36a2-40e6-b6ea-3ec1b2ca7158" id="edge1" length="0.07411294976585331"/><nex:edge source="5ddb46f3-0124-443f-adc9-8b0974915d05" target="797b764b-f309-42d3-85ee-57371b97a715" id="edge2" length="0.44331027368226394"/><nex:edge source="5ddb46f3-0124-443f-adc9-8b0974915d05" target="084dc501-f498-422c-9641-d9102fa30567" id="edge3" length="0.5499406836618556"/><nex:edge source="c0ae1f63-36a2-40e6-b6ea-3ec1b2ca7158" target="17e76a42-2385-44f8-97b5-b1c4c6b79e66" id="edge4" length="0.22492466868403643"/><nex:edge source="c0ae1f63-36a2-40e6-b6ea-3ec1b2ca7158" target="277b3745-4952-4533-9653-e31331c83649" id="edge5" length="0.31738276874230736"/></nex:tree></nex:trees></nex:nexml></stemma>
    </xenoData>
  </teiHeader>
<TEI n="A"><text><cl><w n="0" lemma="gu"> gu</w><w n="1" lemma="ṇāḥ">ṇāḥ </w></cl><cl><w n="2">kā</w><w n="3">lā</w><w n="4" lemma="tpa">t pa</w><w n="5" lemma="raḥ">raḥ </w></cl><cl><w n="6">śle</w><w n="7" lemma="ṣmā">ṣmā </w></cl><cl><w n="8">ba</w><w n="9">ndha</w><w n="10" lemma="ne">ne </w><w n="11" lemma="a">'</w><w n="12" lemma="kṣṇoḥ">kṣṇoḥ </w></cl><cl><w n="13">si</w><w n="14">rā</w><w n="15">yu</w><w n="16" lemma="taḥ">taḥ | </w></cl><cl><w n="17">si</w><w n="18">rā</w><w n="19">nu</w><w n="20">sā</w><w n="21">ri</w><w n="22" lemma="bhiḥ">bhir </w></cl><cl><w n="23">do</w><w n="24" lemma="ṣaiḥ">ṣair </w></cl><cl><w n="25">vi</w><w n="26">gu</w><w n="27" lemma="ṇaiḥ">ṇair </w><w n="28">ū</w><w n="29" lemma="rdhvaṃ">rdhvam </w><w n="30">ā</w><w n="31">ga</w><w n="32" lemma="taiḥ">taiḥ || </w></cl></text></TEI><TEI n="H"><text><cl><w n="0">gu</w><w n="1" lemma="ṇāḥ">ṇāḥ </w></cl><cl><w n="2">kṛ</w><w n="3">ṣṇā</w><w n="4">tpa</w><w n="5" lemma="raṃ">raṃ </w></cl><cl><w n="6">ślle</w><w n="7" lemma="ṣmā">ṣmā </w></cl><cl><w n="8">va</w><w n="9">ndha</w><w n="10" lemma="ne">ne'</w><w n="11"/><w n="12" lemma="kṣṇoḥ">kṣṇoḥ </w></cl><cl><w n="13">si</w><w n="14">rā</w><w n="15">yu</w><w n="16" lemma="taḥ">taḥ || </w></cl><cl><w n="17">śi</w><w n="18">rā</w><w n="19">nu</w><w n="20">sā</w><w n="21">ri</w><w n="22">bhi</w></cl><cl><w n="23" lemma="rdo">rddo</w><w n="24" lemma="ṣaiḥ">ṣair </w></cl><cl><w n="25" lemma="vi">vvi</w><w n="26">gu</w><w n="27" lemma="ṇaiḥ">ṇair </w><w n="28">ū</w><w n="29" lemma="rdhva">rddhva</w><w n="30">mā</w><w n="31">sthi</w><w n="32" lemma="taiḥ">taiḥ |</w></cl></text></TEI><TEI n="K"><text><cl><w n="0">gu</w><w n="1" lemma="ṇā">ṇā </w></cl><cl><w n="2">kṛ</w><w n="3">ṣṇā</w><w n="4">tpa</w><w n="5" lemma="raṃ">raṃ </w></cl><cl><w n="6">śle</w><w n="7" lemma="ṣmā">ṣmā </w></cl><cl><w n="8">ba</w><w n="9">ndha</w><w n="10">ne</w><w n="11"/><w n="12" lemma="kṣṇoḥ">kṣṇoḥ </w></cl><cl><w n="13">si</w><w n="14">rā</w><w n="15">yu</w><w n="16" lemma="taḥ">taḥ | </w></cl><cl><w n="17">si</w><w n="18">rā</w><w n="19">nu</w><w n="20">sā</w><w n="21">ri</w><w n="22" lemma="bhiḥ">bhir </w></cl><cl><w n="23">do</w><w n="24" lemma="ṣaiḥ">ṣair </w></cl><cl><w n="25">vi</w><w n="26">gu</w><w n="27" lemma="ṇaiḥ">ṇair </w><w n="28">ū</w><w n="29" lemma="rdhvaṃ">rdhvam </w><w n="30">ā</w><w n="31">śri</w><w n="32" lemma="taiḥ">taiḥ |</w></cl></text></TEI><TEI n="NE"><text><cl><w n="0" lemma="gu"> gu</w><w n="1" lemma="ṇā">ṇā </w></cl><cl><w n="2">kṛ</w><w n="3">ṣṇā</w><w n="4">tpa</w><w n="5" lemma="raṃ">raṃ </w></cl><cl><w n="6">śle</w><w n="7" lemma="ṣmā">ṣmā </w></cl><cl><w n="8">ba</w><w n="9">ndha</w><w n="10">ne</w><w n="11"/><w n="12" lemma="kṣṇoḥ">kṣṇoḥ </w></cl><cl><w n="13">si</w><w n="14">rā</w><w n="15">yu</w><w n="16" lemma="taḥ">taḥ | </w></cl><cl><w n="17">si</w><w n="18">rā</w><w n="19">nu</w><w n="20">sā</w><w n="21">ri</w><w n="22" lemma="bhiḥ">bhir </w></cl><cl><w n="23">do</w><w n="24" lemma="ṣaiḥ">ṣair </w></cl><cl><w n="25">vi</w><w n="26">gu</w><w n="27">ṇai</w><w n="28">rū</w><w n="29">rdhva</w><w n="30">mā</w><w n="31">śri</w><w n="32" lemma="taiḥ">taiḥ |</w></cl></text></TEI></teiCorpus>