<?xml version="1.0" encoding="UTF-8"?>
<teiCorpus xmlns="http://www.tei-c.org/ns/1.0" xml:lang="sa-Latn">
  <teiHeader>
<listWit>
<witness xml:id="A" source="06-ut-vulgate-1938-1-30.xml">
<abbr>A</abbr>
<expan>Printed edition: Ācārya 1938: Uttaratantra 1-30</expan>
</witness>
<witness xml:id="K" source="kl_699_uttaratantra-1-30.xml">
<abbr>K</abbr>
<expan>MSS Kathmandu KL 699: Uttaratantra</expan>
<listWit>
<witness xml:id="Kac" n="ac">
<abbr>Kac</abbr>
<expan>MSS Kathmandu KL 699: Uttaratantra [ante correctionem]</expan>
</witness>
<witness xml:id="Kpc" n="pc">
<abbr type="siglum">Kpc</abbr>
<expan>MSS Kathmandu KL 699: Uttaratantra [post correctionem]</expan>
</witness>
</listWit>
</witness>
<witness xml:id="H" source="nak_5-333_uttaratantra-1-30.xml">
<abbr>H</abbr>
<expan>MS Kathmandu NAK 5-333, Uttaratantra</expan>
<listWit>
<witness xml:id="Hac" n="ac">
<abbr>Hac</abbr>
<expan>MS Kathmandu NAK 5-333, Uttaratantra [ante correctionem]</expan>
</witness>
<witness xml:id="Hpc" n="pc">
<abbr type="siglum">Hpc</abbr>
<expan>MS Kathmandu NAK 5-333, Uttaratantra [post correctionem]</expan>
</witness>
</listWit>
</witness>
<witness xml:id="NE" source="provisional-edition_uttaratantra-1-30.xml">
<abbr>NE</abbr>
<expan>The Nepalese Version of the Suśrutasaṃhitā, uttaratantra 1-30, based on the
                    Nepalese MSS</expan>
</witness>
</listWit>
    <encodingDesc>
      <editorialDecl>
        <segmentation>
          <ab type="tokenization">aksara</ab>
          <ab type="blockid">SS.6.18.95</ab>
          <ab type="targetedition">NE</ab>
          <ab type="scoring">
            <ab type="match">1</ab>
            <ab type="mismatch">-1</ab>
            <ab type="gapopen">-2</ab>
            <ab type="gapextend">-0.25</ab>
            <ab type="recursive">true</ab>
            <ab type="realigndepth">20</ab>
            <ab type="distancefunction">ngrams</ab>
            
          </ab>
        </segmentation>
        <normalization method="markup">
<ab>ignore punctuation</ab>
<ab>candrabindu as anusvāra</ab>
<ab>geminated aspirated consonants</ab>
<ab>geminated m after h</ab>
<ab>geminated t</ab>
<ab>geminated consonants after r</ab>
<ab>final nasal variants</ab>
<ab>internal nasal variants</ab>
<ab>final anusvāra variants</ab>
<ab>visarga aḥ before voiced consonants</ab>
<ab>visarga aḥ before vowels</ab>
<ab>visarga aḥ before unvoiced consonants and space + anusvāra</ab>
<ab>visarga āḥ variants</ab>
<ab>other visarga variants</ab>
<ab>superfluous avagrahas</ab>
<ab>double avagrahas</ab>
<ab>avagrahas to short a</ab>
<ab>internal visarga variants</ab>
<ab>final au/āv</ab>
<ab>final su</ab>
<ab>final i</ab>
<ab>kcch/kś</ab>
<ab>cś/tś</ab>
<ab>cch/ch</ab>
<ab>final t + hi</ab>
<ab>final t + voiced syllable</ab>
<ab>final t + n/m</ab>
<ab>final t + c/j</ab>
<ab>i/y + vowel</ab>
<ab>bhd for bdh</ab>
<ab>remove spaces</ab>
        </normalization>
        <ab type="tagfilters">
<tag subtype="ignore">pc</tag>
<tag subtype="ignore">head</tag>
<tag subtype="ignore">label</tag>
<tag subtype="ignore">note</tag>
<tag subtype="ignore">num</tag>
<tag subtype="ignore">locus</tag>
<tag subtype="ignore">supplied</tag>
<tag subtype="ignore">surplus</tag>
        </ab>
      </editorialDecl>
    </encodingDesc>
    <xenoData>
      <stemma format="nexml" id="stemma0"><nex:nexml xmlns:nex="http://www.nexml.org/2009" version="0.9"><nex:otus id="otus1"><nex:otu id="otu0" label="A"/><nex:otu id="otu1" label="H"/><nex:otu id="otu2" label="K"/><nex:otu id="otu3" label="NE"/></nex:otus><nex:trees otus="otus1" id="trees1"><nex:tree id="guidetree" label="guidetree" xsi:type="nex:FloatTree" xmlns:xsi="http://www.w3.org/2001/XMLSchema-instance"><nex:node id="051f27ad-e5e4-4c79-b903-f6b720698d75" root="true"/><nex:node id="28b8d86c-6126-4b03-a40c-287cb62b40f5"/><nex:node id="c300847a-5814-4e22-89b4-18dc92cdb769" label="A" otu="otu2"/><nex:node id="13c1347a-b513-410c-9e68-949facaaef9f" label="H" otu="otu3"/><nex:node id="c374b9d1-b54e-42fe-af0c-fb6508e5d1cf"/><nex:node id="b5e7ec49-02a0-4c9c-a5ba-4a193e1e923b" label="K" otu="otu5"/><nex:node id="51c817d3-01bd-4228-af74-6c0944459d23" label="NE" otu="otu6"/><nex:edge source="051f27ad-e5e4-4c79-b903-f6b720698d75" target="28b8d86c-6126-4b03-a40c-287cb62b40f5" id="edge0" length="0"/><nex:edge source="051f27ad-e5e4-4c79-b903-f6b720698d75" target="c374b9d1-b54e-42fe-af0c-fb6508e5d1cf" id="edge1" length="0"/><nex:edge source="28b8d86c-6126-4b03-a40c-287cb62b40f5" target="c300847a-5814-4e22-89b4-18dc92cdb769" id="edge2" length="1"/><nex:edge source="28b8d86c-6126-4b03-a40c-287cb62b40f5" target="13c1347a-b513-410c-9e68-949facaaef9f" id="edge3" length="0"/><nex:edge source="c374b9d1-b54e-42fe-af0c-fb6508e5d1cf" target="b5e7ec49-02a0-4c9c-a5ba-4a193e1e923b" id="edge4" length="5.551115123125783e-17"/><nex:edge source="c374b9d1-b54e-42fe-af0c-fb6508e5d1cf" target="51c817d3-01bd-4228-af74-6c0944459d23" id="edge5" length="5.551115123125783e-17"/></nex:tree></nex:trees></nex:nexml></stemma>
    </xenoData>
  </teiHeader>
<TEI n="A"><text><cl><w n="0" lemma="u"> u</w><w n="1">tpa</w><w n="2">la</w><w n="3" lemma="sya">sya </w></cl><cl><w n="4">bṛ</w><w n="5">ha</w><w n="6" lemma="tyoḥ">tyoś </w><w n="7" lemma="ca">ca </w></cl><cl><w n="8">pa</w><w n="9">dma</w><w n="10">syā</w><w n="11" lemma="pi">pi </w><w n="12" lemma="ca">ca </w></cl><cl><w n="13">ke</w><w n="14">śa</w><w n="15" lemma="raṃ">ram | </w></cl><cl><w n="16">nā</w><w n="17">ga</w><w n="18">pu</w><w n="19">ṣpa</w></cl><cl><w n="20">mu</w><w n="21">śī</w><w n="22">rā</w><w n="23" lemma="ṇi">ṇi </w></cl><cl><w n="24">pi</w><w n="25">ppa</w><w n="26" lemma="lī">lī </w></cl><cl><w n="27">tu</w><w n="28" lemma="thaṃ">ttham </w></cl><cl><w n="29">u</w><w n="30">tta</w></cl><cl><w n="31" lemma="maṃ">mam || </w></cl></text></TEI><TEI n="H"><text><cl><w n="0" lemma="u"> u</w><w n="1">tpa</w><w n="2">la</w><w n="3" lemma="sya">sya </w></cl><cl><w n="4">bṛ</w><w n="5">ha</w><w n="6" lemma="tyoḥ">tyoś </w><w n="7" lemma="ca">ca </w></cl><cl><w n="8">pa</w><w n="9">dma</w><w n="10">syā</w><w n="11" lemma="pi">pi </w><w n="12" lemma="ca">ca </w></cl><cl><w n="13">ke</w><w n="14">sa</w><w n="15" lemma="raṃ">raṃ || </w></cl><cl><w n="16">nā</w><w n="17">ga</w><w n="18">pu</w><w n="19" lemma="ṣpaṃ">ṣpam </w></cl><cl><w n="20">u</w><w n="21">śī</w><w n="22">rā</w><w n="23" lemma="ṇi">ṇi , </w></cl><cl><w n="24">pi</w><w n="25">ppa</w><w n="26" lemma="lyaḥ">lyas </w></cl><cl><w n="27">tu</w><w n="28" lemma="thaṃ">ttham </w></cl><cl><w n="29">e</w><w n="30" lemma="va">va </w></cl><cl><w n="31" lemma="ca">ca | </w></cl></text></TEI><TEI n="K"><text><cl><w n="0" lemma="u"> u</w><w n="1">tpa</w><w n="2">la</w><w n="3" lemma="sya">sya </w></cl><cl><w n="4">bṛ</w><w n="5">ha</w><w n="6" lemma="tyoḥ">tyoś </w><w n="7" lemma="ca">ca </w></cl><cl><w n="8">pa</w><w n="9">dma</w><w n="10">syā</w><w n="11" lemma="pi">pi </w><w n="12" lemma="ca">ca </w></cl><cl><w n="13">ke</w><w n="14">sa</w><w n="15" lemma="raṃ">raṃ | </w></cl><cl><w n="16">nā</w><w n="17">ga</w><w n="18">pu</w><w n="19" lemma="ṣpaṃ">ṣpam </w></cl><cl><w n="20">u</w><w n="21">śī</w><w n="22">rā</w><w n="23" lemma="ṇi">ṇi </w></cl><cl><w n="24">pi</w><w n="25">ppa</w><w n="26" lemma="lyaḥ">lyas </w></cl><cl><w n="27">tu</w><w n="28" lemma="thaṃ">ttham </w></cl><cl><w n="29">e</w><w n="30" lemma="va">va </w></cl><cl><w n="31" lemma="ca">ca | </w></cl></text></TEI><TEI n="NE"><text><cl><w n="0" lemma="u"> u</w><w n="1">tpa</w><w n="2">la</w><w n="3" lemma="sya">sya </w></cl><cl><w n="4">bṛ</w><w n="5">ha</w><w n="6" lemma="tyoḥ">tyoś </w><w n="7" lemma="ca">ca </w></cl><cl><w n="8">pa</w><w n="9">dma</w><w n="10">syā</w><w n="11" lemma="pi">pi </w><w n="12" lemma="ca">ca </w></cl><cl><w n="13">ke</w><w n="14">sa</w><w n="15" lemma="raṃ">raṃ | </w></cl><cl><w n="16">nā</w><w n="17">ga</w><w n="18">pu</w><w n="19" lemma="ṣpaṃ">ṣpam </w></cl><cl><w n="20">u</w><w n="21">śī</w><w n="22">rā</w><w n="23" lemma="ṇi">ṇi </w></cl><cl><w n="24">pi</w><w n="25">ppa</w><w n="26" lemma="lyaḥ">lyas </w></cl><cl><w n="27">tu</w><w n="28" lemma="thaṃ">ttham </w></cl><cl><w n="29">e</w><w n="30" lemma="va">va </w></cl><cl><w n="31" lemma="ca">ca | </w></cl></text></TEI></teiCorpus>