<?xml version="1.0" encoding="UTF-8"?>
<teiCorpus xmlns="http://www.tei-c.org/ns/1.0" xml:lang="sa-Latn">
  <teiHeader>
<listWit>
<witness xml:id="A" source="06-ut-vulgate-1938-1-30.xml">
<abbr>A</abbr>
<expan>Printed edition: Ācārya 1938: Uttaratantra 1-30</expan>
</witness>
<witness xml:id="K" source="kl_699_uttaratantra-1-30.xml">
<abbr>K</abbr>
<expan>MSS Kathmandu KL 699: Uttaratantra</expan>
<listWit>
<witness xml:id="Kac" n="ac">
<abbr>Kac</abbr>
<expan>MSS Kathmandu KL 699: Uttaratantra [ante correctionem]</expan>
</witness>
<witness xml:id="Kpc" n="pc">
<abbr type="siglum">Kpc</abbr>
<expan>MSS Kathmandu KL 699: Uttaratantra [post correctionem]</expan>
</witness>
</listWit>
</witness>
<witness xml:id="H" source="nak_5-333_uttaratantra-1-30.xml">
<abbr>H</abbr>
<expan>MS Kathmandu NAK 5-333, Uttaratantra</expan>
<listWit>
<witness xml:id="Hac" n="ac">
<abbr>Hac</abbr>
<expan>MS Kathmandu NAK 5-333, Uttaratantra [ante correctionem]</expan>
</witness>
<witness xml:id="Hpc" n="pc">
<abbr type="siglum">Hpc</abbr>
<expan>MS Kathmandu NAK 5-333, Uttaratantra [post correctionem]</expan>
</witness>
</listWit>
</witness>
<witness xml:id="NE" source="provisional-edition_uttaratantra-1-30.xml">
<abbr>NE</abbr>
<expan>The Nepalese Version of the Suśrutasaṃhitā, uttaratantra 1-30, based on the
                    Nepalese MSS</expan>
</witness>
</listWit>
    <encodingDesc>
      <editorialDecl>
        <segmentation>
          <ab type="tokenization">aksara</ab>
          <ab type="blockid">SS.6.1.31</ab>
          <ab type="targetedition">NE</ab>
          <ab type="scoring">
            <ab type="match">1</ab>
            <ab type="mismatch">-1</ab>
            <ab type="gapopen">-2</ab>
            <ab type="gapextend">-0.25</ab>
            <ab type="recursive">true</ab>
            <ab type="realigndepth">20</ab>
            <ab type="distancefunction">ngrams</ab>
            
          </ab>
        </segmentation>
        <normalization method="markup">
<ab>ignore punctuation</ab>
<ab>candrabindu as anusvāra</ab>
<ab>geminated aspirated consonants</ab>
<ab>geminated m after h</ab>
<ab>geminated t</ab>
<ab>geminated consonants after r</ab>
<ab>final nasal variants</ab>
<ab>internal nasal variants</ab>
<ab>final anusvāra variants</ab>
<ab>visarga aḥ before voiced consonants</ab>
<ab>visarga aḥ before vowels</ab>
<ab>visarga aḥ before unvoiced consonants and space + anusvāra</ab>
<ab>visarga āḥ variants</ab>
<ab>other visarga variants</ab>
<ab>superfluous avagrahas</ab>
<ab>double avagrahas</ab>
<ab>avagrahas to short a</ab>
<ab>internal visarga variants</ab>
<ab>final au/āv</ab>
<ab>final su</ab>
<ab>final i</ab>
<ab>kcch/kś</ab>
<ab>cś/tś</ab>
<ab>cch/ch</ab>
<ab>final t + hi</ab>
<ab>final t + voiced syllable</ab>
<ab>final t + n/m</ab>
<ab>final t + c/j</ab>
<ab>i/y + vowel</ab>
<ab>bhd for bdh</ab>
<ab>remove spaces</ab>
        </normalization>
        <ab type="tagfilters">
<tag subtype="ignore">pc</tag>
<tag subtype="ignore">head</tag>
<tag subtype="ignore">label</tag>
<tag subtype="ignore">note</tag>
<tag subtype="ignore">num</tag>
<tag subtype="ignore">locus</tag>
<tag subtype="ignore">supplied</tag>
<tag subtype="ignore">surplus</tag>
        </ab>
      </editorialDecl>
    </encodingDesc>
    <xenoData>
      <stemma format="nexml" id="stemma0"><nex:nexml xmlns:nex="http://www.nexml.org/2009" version="0.9"><nex:otus id="otus1"><nex:otu id="otu0" label="A"/><nex:otu id="otu1" label="Kac"/><nex:otu id="otu2" label="Hac"/><nex:otu id="otu3" label="Hpc"/><nex:otu id="otu4" label="Kpc"/><nex:otu id="otu5" label="NE"/></nex:otus><nex:trees otus="otus1" id="trees1"><nex:tree id="guidetree" label="guidetree" xsi:type="nex:FloatTree" xmlns:xsi="http://www.w3.org/2001/XMLSchema-instance"><nex:node id="6099e766-d068-40b5-a771-581dc8e789fb" root="true"/><nex:node id="09023616-9d9e-4e46-8cee-c605a3fe4984"/><nex:node id="c28ed095-4254-4011-8a45-8a2c2d33f720" label="A" otu="otu2"/><nex:node id="c6b15da4-08e1-4152-af53-b9981ccb4aa7" label="Kac" otu="otu3"/><nex:node id="50f6a6e6-b3bd-42f7-88c9-b8478cda98bc"/><nex:node id="6b991301-bd30-401a-8960-0739895d6b72"/><nex:node id="60962f20-ccbc-4995-9231-65918d56979c" label="Hac" otu="otu6"/><nex:node id="3faa0fdd-72e7-40b5-b67b-44ab218f297b" label="Hpc" otu="otu7"/><nex:node id="86bd0fbe-ac6a-4c73-a288-3446e07d81f8"/><nex:node id="01ef3995-69c7-4a3b-92b2-97ff1d5ed0b9" label="Kpc" otu="otu9"/><nex:node id="081de561-b55f-44b8-9df2-6c1d75e759ce" label="NE" otu="otu10"/><nex:edge source="6099e766-d068-40b5-a771-581dc8e789fb" target="09023616-9d9e-4e46-8cee-c605a3fe4984" id="edge0" length="0"/><nex:edge source="6099e766-d068-40b5-a771-581dc8e789fb" target="50f6a6e6-b3bd-42f7-88c9-b8478cda98bc" id="edge1" length="0"/><nex:edge source="09023616-9d9e-4e46-8cee-c605a3fe4984" target="c28ed095-4254-4011-8a45-8a2c2d33f720" id="edge2" length="0.593910482652847"/><nex:edge source="09023616-9d9e-4e46-8cee-c605a3fe4984" target="c6b15da4-08e1-4152-af53-b9981ccb4aa7" id="edge3" length="0.3923933155656517"/><nex:edge source="50f6a6e6-b3bd-42f7-88c9-b8478cda98bc" target="6b991301-bd30-401a-8960-0739895d6b72" id="edge4" length="0.18628097501267885"/><nex:edge source="50f6a6e6-b3bd-42f7-88c9-b8478cda98bc" target="86bd0fbe-ac6a-4c73-a288-3446e07d81f8" id="edge5" length="0.11248079134240976"/><nex:edge source="6b991301-bd30-401a-8960-0739895d6b72" target="60962f20-ccbc-4995-9231-65918d56979c" id="edge6" length="0.28361406976303616"/><nex:edge source="6b991301-bd30-401a-8960-0739895d6b72" target="3faa0fdd-72e7-40b5-b67b-44ab218f297b" id="edge7" length="0.2711073711498283"/><nex:edge source="86bd0fbe-ac6a-4c73-a288-3446e07d81f8" target="01ef3995-69c7-4a3b-92b2-97ff1d5ed0b9" id="edge8" length="0.25756274684432695"/><nex:edge source="86bd0fbe-ac6a-4c73-a288-3446e07d81f8" target="081de561-b55f-44b8-9df2-6c1d75e759ce" id="edge9" length="0.3326798392995985"/></nex:tree></nex:trees></nex:nexml></stemma>
    </xenoData>
  </teiHeader>
<TEI n="A"><text><cl><w n="0" lemma="śu"> śu</w><w n="1">ṣkā</w><w n="2">kṣi</w><w n="3">pā</w><w n="4">kā</w><w n="5">dhī</w><w n="6">ma</w><w n="7">ntha</w></cl><w n="8" lemma="syaṃ">syan</w><w n="9">da</w><cl><w n="10">mā</w><w n="11">ru</w><w n="12">ta</w><w n="13">pa</w><w n="14">rya</w><w n="15"/></cl><cl><w n="16"/><w n="17"/><w n="18"/><w n="19"/><w n="20"/><w n="21"/><w n="22"/><w n="23"/><w n="24"/></cl><cl><w n="25"/><w n="26"/></cl><cl><w n="27"/><w n="28"/><w n="29" lemma="yā">yāḥ | </w><w n="30">a</w><w n="31">sā</w><w n="32" lemma="dhyaḥ">dhyo </w></cl><cl><w n="33">hra</w><w n="34">sva</w><w n="35">jā</w><w n="36" lemma="ḍyaḥ">ḍyo </w><w n="37" lemma="yaḥ">yo </w><w n="38">ja</w><w n="39">la</w><w n="40">srā</w><w n="41" lemma="vaḥ">vaś </w><w n="42" lemma="ca">ca </w><w n="43">pai</w><w n="44">tti</w></cl><cl><w n="45" lemma="kaḥ">kaḥ || </w><w n="46"/><w n="47"/><w n="48"/><w n="49"/></cl></text></TEI><TEI n="Kac"><text><cl><w n="0">śu</w><w n="1">ṣkā</w><w n="2">kṣi</w><w n="3">pā</w><w n="4">kā</w><w n="5">bhi</w><w n="6" lemma="ṣyaṃ">ṣyan</w><w n="7" lemma="daḥ">do </w></cl><w n="8" lemma="yaḥ">yaś </w><w n="9" lemma="ca">ca </w><cl><w n="10">mā</w><w n="11">ru</w><w n="12">ta</w><w n="13">pa</w><w n="14">rya</w><w n="15" lemma="yaḥ">yaḥ | </w></cl><cl><w n="16"/><w n="17"/><w n="18"/><w n="19"/><w n="20"/><w n="21"/><w n="22"/><w n="23"/><w n="24"/></cl><cl><w n="25"/><w n="26"/></cl><cl><w n="27"/><w n="28"/><w n="29"/><w n="30"/><w n="31"/><w n="32"/></cl><cl><w n="33">hra</w><w n="34">sva</w><w n="35">jā</w><w n="36">ḍya</w><w n="37"/><w n="38">ja</w><w n="39">la</w><w n="40">srā</w><w n="41" lemma="vau">vāv </w><w n="42">a</w><w n="43">sā</w><w n="44" lemma="dhyau">dhyau </w></cl><cl><w n="45">pi</w><w n="46" lemma="ta">tta</w><w n="47">sa</w><w n="48">mbha</w><w n="49" lemma="vau">vau |</w></cl></text></TEI><TEI n="Hac"><text><cl><w n="0">śu</w><w n="1">ṣkā</w><w n="2">kṣi</w><w n="3">pā</w><w n="4">ko</w><w n="5">bhi</w><w n="6" lemma="ṣyaṃ">ṣyan</w><w n="7" lemma="daḥ">do </w></cl><w n="8" lemma="yaḥ">yaś </w><w n="9" lemma="ca">ca </w><cl><w n="10">mā</w><w n="11">ru</w><w n="12">ta</w><w n="13">pa</w><w n="14">rya</w><w n="15" lemma="yaḥ">yaḥ | </w></cl><cl><w n="16"/><w n="17"/><w n="18"/><w n="19"/><w n="20"/><w n="21"/><w n="22"/><w n="23"/><w n="24"/></cl><cl><w n="25"/><w n="26"/></cl><cl><w n="27"/><w n="28"/><w n="29"/><w n="30"/><w n="31"/><w n="32"/></cl><cl><w n="33">hra</w><w n="34">sva</w><w n="35">jā</w><w n="36">ḍya</w><w n="37"/><w n="38">ja</w><w n="39">la</w><w n="40">śrā</w><w n="41">vā</w><w n="42">va</w><w n="43">sā</w><w n="44" lemma="dhyau">dhyau </w></cl><cl><w n="45">pi</w><w n="46" lemma="ta">tta</w><w n="47">sa</w><w n="48">mbha</w><w n="49" lemma="vau">vau |</w></cl></text></TEI><TEI n="Hpc"><text><cl><w n="0">śu</w><w n="1">ṣkā</w><w n="2">kṣi</w><w n="3">pā</w><w n="4">ko</w><w n="5">bhi</w><w n="6" lemma="ṣyaṃ">ṣyan</w><w n="7" lemma="daḥ">do </w></cl><w n="8" lemma="yaḥ">yaś </w><w n="9" lemma="ca">ca </w><cl><w n="10">mā</w><w n="11">ru</w><w n="12">ta</w><w n="13">pa</w><w n="14">rya</w><w n="15" lemma="yaḥ">yaḥ | </w></cl><cl><w n="16">a</w><w n="17">dhi</w><w n="18">ma</w><w n="19">ntho</w><w n="20"/><w n="21">nya</w><w n="22">vā</w><w n="23" lemma="taḥ">taś </w><w n="24" lemma="ca">ca </w></cl><cl><w n="25">sā</w><w n="26" lemma="dhyā">dhyā </w></cl><cl><w n="27">mā</w><w n="28">ru</w><w n="29">ta</w><w n="30">je</w><w n="31" lemma="ṣu">ṣu </w><w n="32" lemma="vai">vai || </w></cl><cl><w n="33">hra</w><w n="34">sva</w><w n="35">jā</w><w n="36">ḍya</w><w n="37"/><w n="38">ja</w><w n="39">la</w><w n="40">śrā</w><w n="41">vā</w><w n="42">va</w><w n="43">sā</w><w n="44" lemma="dhyau">dhyau </w></cl><cl><w n="45">pi</w><w n="46" lemma="ta">tta</w><w n="47">sa</w><w n="48">mbha</w><w n="49" lemma="vau">vau |</w></cl></text></TEI><TEI n="Kpc"><text><cl><w n="0">śu</w><w n="1">ṣkā</w><w n="2">kṣi</w><w n="3">pā</w><w n="4">kā</w><w n="5">bhi</w><w n="6" lemma="ṣyaṃ">ṣyan</w><w n="7" lemma="daḥ">do </w></cl><w n="8" lemma="yaḥ">yaś </w><w n="9" lemma="ca">ca </w><cl><w n="10">mā</w><w n="11">ru</w><w n="12">ta</w><w n="13">pa</w><w n="14">rya</w><w n="15" lemma="yaḥ">yaḥ | </w></cl><cl><w n="16">a</w><w n="17">dhi</w><w n="18">ma</w><w n="19">nthā</w><w n="20" lemma="ni">ny </w><w n="21">a</w><w n="22">vā</w><w n="23" lemma="taḥ">taś </w><w n="24" lemma="ca">ca </w></cl><cl><w n="25">sā</w><w n="26" lemma="dhyā">dhyā </w></cl><cl><w n="27">mā</w><w n="28">ru</w><w n="29">ta</w><w n="30">je</w><w n="31" lemma="ṣu">ṣu </w><w n="32" lemma="te">te | </w></cl><cl><w n="33">hra</w><w n="34">sva</w><w n="35">jā</w><w n="36">ḍya</w><w n="37"/><w n="38">ja</w><w n="39">la</w><w n="40">srā</w><w n="41" lemma="vau">vāv </w><w n="42">a</w><w n="43">sā</w><w n="44" lemma="dhyau">dhyau </w></cl><cl><w n="45">pi</w><w n="46" lemma="ta">tta</w><w n="47">sa</w><w n="48">mbha</w><w n="49" lemma="vau">vau |</w></cl></text></TEI><TEI n="NE"><text><cl><w n="0" lemma="śu"> śu</w><w n="1">ṣkā</w><w n="2">kṣi</w><w n="3">pā</w><w n="4">kā</w><w n="5">bhi</w><w n="6" lemma="ṣyaṃ">ṣyan</w><w n="7" lemma="daḥ">do </w></cl><w n="8" lemma="yaḥ">yaś </w><w n="9" lemma="ca">ca </w><cl><w n="10">mā</w><w n="11">ru</w><w n="12">ta</w><w n="13">pa</w><w n="14">rya</w><w n="15" lemma="yaḥ">yaḥ | </w></cl><cl><w n="16">a</w><w n="17">dhi</w><w n="18">ma</w><w n="19">nthā</w><w n="20"/><w n="21">nya</w><w n="22">vā</w><w n="23" lemma="taḥ">taś </w><w n="24" lemma="ca">ca </w></cl><cl><w n="25">sā</w><w n="26" lemma="dhyā">dhyā </w></cl><cl><w n="27">mā</w><w n="28">ru</w><w n="29">ta</w><w n="30">je</w><w n="31" lemma="ṣu">ṣu </w><w n="32" lemma="te">te | </w></cl><cl><w n="33">hra</w><w n="34">sva</w><w n="35">jā</w><w n="36">ḍya</w><w n="37"/><w n="38">ja</w><w n="39">la</w><w n="40">srā</w><w n="41">vā</w><w n="42">va</w><w n="43">sā</w><w n="44" lemma="dhyau">dhyau </w></cl><cl><w n="45">pi</w><w n="46" lemma="ta">tta</w><w n="47">sa</w><w n="48">mbha</w><w n="49" lemma="vau">vau |</w></cl></text></TEI></teiCorpus>