<?xml version="1.0" encoding="UTF-8"?>
<teiCorpus xmlns="http://www.tei-c.org/ns/1.0" xml:lang="sa-Latn">
  <teiHeader>
<listWit>
<witness xml:id="A" source="06-ut-vulgate-1938-1-30.xml">
<abbr>A</abbr>
<expan>Printed edition: Ācārya 1938: Uttaratantra 1-30</expan>
</witness>
<witness xml:id="K" source="kl_699_uttaratantra-1-30.xml">
<abbr>K</abbr>
<expan>MSS Kathmandu KL 699: Uttaratantra</expan>
<listWit>
<witness xml:id="Kac" n="ac">
<abbr>Kac</abbr>
<expan>MSS Kathmandu KL 699: Uttaratantra [ante correctionem]</expan>
</witness>
<witness xml:id="Kpc" n="pc">
<abbr type="siglum">Kpc</abbr>
<expan>MSS Kathmandu KL 699: Uttaratantra [post correctionem]</expan>
</witness>
</listWit>
</witness>
<witness xml:id="H" source="nak_5-333_uttaratantra-1-30.xml">
<abbr>H</abbr>
<expan>MS Kathmandu NAK 5-333, Uttaratantra</expan>
<listWit>
<witness xml:id="Hac" n="ac">
<abbr>Hac</abbr>
<expan>MS Kathmandu NAK 5-333, Uttaratantra [ante correctionem]</expan>
</witness>
<witness xml:id="Hpc" n="pc">
<abbr type="siglum">Hpc</abbr>
<expan>MS Kathmandu NAK 5-333, Uttaratantra [post correctionem]</expan>
</witness>
</listWit>
</witness>
<witness xml:id="NE" source="provisional-edition_uttaratantra-1-30.xml">
<abbr>NE</abbr>
<expan>The Nepalese Version of the Suśrutasaṃhitā, uttaratantra 1-30, based on the
                    Nepalese MSS</expan>
</witness>
</listWit>
    <encodingDesc>
      <editorialDecl>
        <segmentation>
          <ab type="tokenization">aksara</ab>
          <ab type="blockid">SS.6.13.12cd</ab>
          <ab type="targetedition">NE</ab>
          <ab type="scoring">
            <ab type="match">1</ab>
            <ab type="mismatch">-1</ab>
            <ab type="gapopen">-2</ab>
            <ab type="gapextend">-0.25</ab>
            <ab type="recursive">true</ab>
            <ab type="realigndepth">20</ab>
            <ab type="distancefunction">ngrams</ab>
            
          </ab>
        </segmentation>
        <normalization method="markup">
<ab>ignore punctuation</ab>
<ab>candrabindu as anusvāra</ab>
<ab>geminated aspirated consonants</ab>
<ab>geminated m after h</ab>
<ab>geminated t</ab>
<ab>geminated consonants after r</ab>
<ab>final nasal variants</ab>
<ab>internal nasal variants</ab>
<ab>final anusvāra variants</ab>
<ab>visarga aḥ before voiced consonants</ab>
<ab>visarga aḥ before vowels</ab>
<ab>visarga aḥ before unvoiced consonants and space + anusvāra</ab>
<ab>visarga āḥ variants</ab>
<ab>other visarga variants</ab>
<ab>superfluous avagrahas</ab>
<ab>double avagrahas</ab>
<ab>avagrahas to short a</ab>
<ab>internal visarga variants</ab>
<ab>final au/āv</ab>
<ab>final su</ab>
<ab>final i</ab>
<ab>kcch/kś</ab>
<ab>cś/tś</ab>
<ab>cch/ch</ab>
<ab>final t + hi</ab>
<ab>final t + voiced syllable</ab>
<ab>final t + n/m</ab>
<ab>final t + c/j</ab>
<ab>i/y + vowel</ab>
<ab>bhd for bdh</ab>
<ab>remove spaces</ab>
        </normalization>
        <ab type="tagfilters">
<tag subtype="ignore">pc</tag>
<tag subtype="ignore">head</tag>
<tag subtype="ignore">label</tag>
<tag subtype="ignore">note</tag>
<tag subtype="ignore">num</tag>
<tag subtype="ignore">locus</tag>
<tag subtype="ignore">supplied</tag>
<tag subtype="ignore">surplus</tag>
        </ab>
      </editorialDecl>
    </encodingDesc>
    <xenoData>
      <stemma format="nexml" id="stemma0"><nex:nexml xmlns:nex="http://www.nexml.org/2009" version="0.9"><nex:otus id="otus1"><nex:otu id="otu0" label="A"/><nex:otu id="otu1" label="H"/><nex:otu id="otu2" label="K"/><nex:otu id="otu3" label="NE"/></nex:otus><nex:trees otus="otus1" id="trees1"><nex:tree id="guidetree" label="guidetree" xsi:type="nex:FloatTree" xmlns:xsi="http://www.w3.org/2001/XMLSchema-instance"><nex:node id="6a7edd4e-8172-482f-a478-a6bd95efc07b" root="true"/><nex:node id="ed2a771e-551b-4050-915d-20fd4cd7a4b6"/><nex:node id="2308041e-e03b-4cc5-87ca-048a7fc7aabc" label="A" otu="otu2"/><nex:node id="c5739e59-5b75-4500-aaef-3d7b895bb623" label="H" otu="otu3"/><nex:node id="11195f19-ea1b-4d70-8f42-1239e2af0c65"/><nex:node id="8e713e64-4a50-46aa-838d-7b5386d3cee6" label="K" otu="otu5"/><nex:node id="a7f4156e-e1f3-457f-9071-1099174131c0" label="NE" otu="otu6"/><nex:edge source="6a7edd4e-8172-482f-a478-a6bd95efc07b" target="ed2a771e-551b-4050-915d-20fd4cd7a4b6" id="edge0" length="0.23052766878617778"/><nex:edge source="6a7edd4e-8172-482f-a478-a6bd95efc07b" target="11195f19-ea1b-4d70-8f42-1239e2af0c65" id="edge1" length="0.23052766878617778"/><nex:edge source="ed2a771e-551b-4050-915d-20fd4cd7a4b6" target="2308041e-e03b-4cc5-87ca-048a7fc7aabc" id="edge2" length="0.5389446624276444"/><nex:edge source="ed2a771e-551b-4050-915d-20fd4cd7a4b6" target="c5739e59-5b75-4500-aaef-3d7b895bb623" id="edge3" length="0.4610553375723556"/><nex:edge source="11195f19-ea1b-4d70-8f42-1239e2af0c65" target="8e713e64-4a50-46aa-838d-7b5386d3cee6" id="edge4" length="5.551115123125783e-17"/><nex:edge source="11195f19-ea1b-4d70-8f42-1239e2af0c65" target="a7f4156e-e1f3-457f-9071-1099174131c0" id="edge5" length="5.551115123125783e-17"/></nex:tree></nex:trees></nex:nexml></stemma>
    </xenoData>
  </teiHeader>
<TEI n="A"><text><w n="0" lemma="e"> e</w><cl><w n="1">ta</w><w n="2" lemma="tdu">d du</w><w n="3">rli</w><w n="4">khi</w><w n="5" lemma="taṃ">taṃ </w></cl><cl><w n="6"/><w n="7"/><w n="8"/><w n="9"/><w n="10">jñe</w><w n="11" lemma="yaṃ">yaṃ </w><w n="12">sne</w><w n="13">ha</w></cl><cl><w n="14">yi</w><w n="15" lemma="tvā">tvā </w><w n="16">pu</w><w n="17" lemma="naḥ">nar </w></cl><cl><w n="18">li</w><w n="19">khe</w><w n="20" lemma="t">t || </w></cl></text></TEI><TEI n="H"><text><w n="0" lemma=""> </w><cl><w n="1"/><w n="2">du</w><w n="3" lemma="rvi">rvvi</w><w n="4">ri</w><w n="5" lemma="kta">kta </w></cl><cl><w n="6">vi</w><w n="7">jā</w><w n="8">nī</w><w n="9">yā</w><w n="10" lemma="te">d e</w><w n="11">ta</w><w n="12" lemma="tsiṃ">t sin</w><w n="13" lemma="naṃ">naṃ </w></cl><cl><w n="14"/><w n="15"/><w n="16">pu</w><w n="17" lemma="naḥ">nar </w></cl><cl><w n="18" lemma="li">lli</w><w n="19">khe</w><w n="20" lemma="t">t || </w></cl></text></TEI><TEI n="K"><text><w n="0" lemma=""> </w><cl><w n="1"/><w n="2">du</w><w n="3">rvi</w><w n="4">ri</w><w n="5" lemma="ktaṃ">ktaṃ </w></cl><cl><w n="6">vi</w><w n="7">jā</w><w n="8">nī</w><w n="9">yā</w><w n="10" lemma="ta">d a</w><w n="11">ta</w><w n="12" lemma="tsiṃ">t sin</w><w n="13" lemma="naṃ">naṃ </w></cl><cl><w n="14"/><w n="15"/><w n="16">pu</w><w n="17" lemma="naḥ">nar </w></cl><cl><w n="18">li</w><w n="19">khe</w><w n="20" lemma="t">t | </w></cl></text></TEI><TEI n="NE"><text><w n="0" lemma=""> </w><cl><w n="1"/><w n="2">du</w><w n="3">rvi</w><w n="4">ri</w><w n="5" lemma="ktaṃ">ktaṃ </w></cl><cl><w n="6">vi</w><w n="7">jā</w><w n="8">nī</w><w n="9">yā</w><w n="10" lemma="ta">d a</w><w n="11">ta</w><w n="12" lemma="tsiṃ">t sin</w><w n="13" lemma="naṃ">naṃ </w></cl><cl><w n="14"/><w n="15"/><w n="16">pu</w><w n="17" lemma="naḥ">nar </w></cl><cl><w n="18">li</w><w n="19">khe</w><w n="20" lemma="t">t | </w></cl></text></TEI></teiCorpus>