<?xml version="1.0" encoding="UTF-8"?>
<teiCorpus xmlns="http://www.tei-c.org/ns/1.0" xml:lang="sa-Latn">
  <teiHeader>
<listWit>
<witness xml:id="A" source="06-ut-vulgate-1938-1-30.xml">
<abbr>A</abbr>
<expan>Printed edition: Ācārya 1938: Uttaratantra 1-30</expan>
</witness>
<witness xml:id="K" source="kl_699_uttaratantra-1-30.xml">
<abbr>K</abbr>
<expan>MSS Kathmandu KL 699: Uttaratantra</expan>
<listWit>
<witness xml:id="Kac" n="ac">
<abbr>Kac</abbr>
<expan>MSS Kathmandu KL 699: Uttaratantra [ante correctionem]</expan>
</witness>
<witness xml:id="Kpc" n="pc">
<abbr type="siglum">Kpc</abbr>
<expan>MSS Kathmandu KL 699: Uttaratantra [post correctionem]</expan>
</witness>
</listWit>
</witness>
<witness xml:id="H" source="nak_5-333_uttaratantra-1-30.xml">
<abbr>H</abbr>
<expan>MS Kathmandu NAK 5-333, Uttaratantra</expan>
<listWit>
<witness xml:id="Hac" n="ac">
<abbr>Hac</abbr>
<expan>MS Kathmandu NAK 5-333, Uttaratantra [ante correctionem]</expan>
</witness>
<witness xml:id="Hpc" n="pc">
<abbr type="siglum">Hpc</abbr>
<expan>MS Kathmandu NAK 5-333, Uttaratantra [post correctionem]</expan>
</witness>
</listWit>
</witness>
<witness xml:id="NE" source="provisional-edition_uttaratantra-1-30.xml">
<abbr>NE</abbr>
<expan>The Nepalese Version of the Suśrutasaṃhitā, uttaratantra 1-30, based on the
                    Nepalese MSS</expan>
</witness>
</listWit>
    <encodingDesc>
      <editorialDecl>
        <segmentation>
          <ab type="tokenization">aksara</ab>
          <ab type="blockid">SS.6.18.6</ab>
          <ab type="targetedition">NE</ab>
          <ab type="scoring">
            <ab type="match">1</ab>
            <ab type="mismatch">-1</ab>
            <ab type="gapopen">-2</ab>
            <ab type="gapextend">-0.25</ab>
            <ab type="recursive">true</ab>
            <ab type="realigndepth">20</ab>
            <ab type="distancefunction">ngrams</ab>
            
          </ab>
        </segmentation>
        <normalization method="markup">
<ab>ignore punctuation</ab>
<ab>candrabindu as anusvāra</ab>
<ab>geminated aspirated consonants</ab>
<ab>geminated m after h</ab>
<ab>geminated t</ab>
<ab>geminated consonants after r</ab>
<ab>final nasal variants</ab>
<ab>internal nasal variants</ab>
<ab>final anusvāra variants</ab>
<ab>visarga aḥ before voiced consonants</ab>
<ab>visarga aḥ before vowels</ab>
<ab>visarga aḥ before unvoiced consonants and space + anusvāra</ab>
<ab>visarga āḥ variants</ab>
<ab>other visarga variants</ab>
<ab>superfluous avagrahas</ab>
<ab>double avagrahas</ab>
<ab>avagrahas to short a</ab>
<ab>internal visarga variants</ab>
<ab>final au/āv</ab>
<ab>final su</ab>
<ab>final i</ab>
<ab>kcch/kś</ab>
<ab>cś/tś</ab>
<ab>cch/ch</ab>
<ab>final t + hi</ab>
<ab>final t + voiced syllable</ab>
<ab>final t + n/m</ab>
<ab>final t + c/j</ab>
<ab>i/y + vowel</ab>
<ab>bhd for bdh</ab>
<ab>remove spaces</ab>
        </normalization>
        <ab type="tagfilters">
<tag subtype="ignore">pc</tag>
<tag subtype="ignore">head</tag>
<tag subtype="ignore">label</tag>
<tag subtype="ignore">note</tag>
<tag subtype="ignore">num</tag>
<tag subtype="ignore">locus</tag>
<tag subtype="ignore">supplied</tag>
<tag subtype="ignore">surplus</tag>
        </ab>
      </editorialDecl>
    </encodingDesc>
    <xenoData>
      <stemma format="nexml" id="stemma0"><nex:nexml xmlns:nex="http://www.nexml.org/2009" version="0.9"><nex:otus id="otus1"><nex:otu id="otu0" label="A"/><nex:otu id="otu1" label="K"/><nex:otu id="otu2" label="H"/><nex:otu id="otu3" label="NE"/></nex:otus><nex:trees otus="otus1" id="trees1"><nex:tree id="guidetree" label="guidetree" xsi:type="nex:FloatTree" xmlns:xsi="http://www.w3.org/2001/XMLSchema-instance"><nex:node id="6b37bd28-6319-4e2b-98b7-87aa3c66c7af" root="true"/><nex:node id="db350dfe-c1cd-40cc-a822-9c473d5af9b0"/><nex:node id="3a544bb8-7460-4f95-83bf-dff095b76d3a" label="A" otu="otu2"/><nex:node id="0ff07d32-521d-4368-87ba-fa72965ec243" label="K" otu="otu3"/><nex:node id="f49d1d31-f5a9-4783-ba07-65496607e0eb"/><nex:node id="8ec15a28-ece0-4994-a7a1-9d5aad3247d0" label="H" otu="otu5"/><nex:node id="9b3d8f82-305e-4df0-812a-ef5bbe8df07f" label="NE" otu="otu6"/><nex:edge source="6b37bd28-6319-4e2b-98b7-87aa3c66c7af" target="db350dfe-c1cd-40cc-a822-9c473d5af9b0" id="edge0" length="0"/><nex:edge source="6b37bd28-6319-4e2b-98b7-87aa3c66c7af" target="f49d1d31-f5a9-4783-ba07-65496607e0eb" id="edge1" length="0"/><nex:edge source="db350dfe-c1cd-40cc-a822-9c473d5af9b0" target="3a544bb8-7460-4f95-83bf-dff095b76d3a" id="edge2" length="5.551115123125783e-17"/><nex:edge source="db350dfe-c1cd-40cc-a822-9c473d5af9b0" target="0ff07d32-521d-4368-87ba-fa72965ec243" id="edge3" length="5.551115123125783e-17"/><nex:edge source="f49d1d31-f5a9-4783-ba07-65496607e0eb" target="8ec15a28-ece0-4994-a7a1-9d5aad3247d0" id="edge4" length="1"/><nex:edge source="f49d1d31-f5a9-4783-ba07-65496607e0eb" target="9b3d8f82-305e-4df0-812a-ef5bbe8df07f" id="edge5" length="0"/></nex:tree></nex:trees></nex:nexml></stemma>
    </xenoData>
  </teiHeader>
<TEI n="A"><text><cl><w n="0" lemma="vā"> vā</w><w n="1">tā</w><w n="2">ta</w><w n="3">pa</w><w n="4">ra</w><w n="5">jo</w><w n="6">hī</w><w n="7" lemma="ne">ne </w></cl><cl><w n="8">ve</w><w n="9">śma</w><w n="10" lemma="ni">ny </w></cl><cl><w n="11">u</w><w n="12">ttā</w><w n="13">na</w><w n="14">śā</w><w n="15">yi</w><w n="16" lemma="na">naḥ | </w></cl><cl><w n="17">ā</w><w n="18">dhā</w><w n="19" lemma="rau">rau </w></cl><cl><w n="20">mā</w><w n="21">ṣa</w><w n="22">cū</w><w n="23">rṇe</w><w n="24" lemma="na">na </w></cl><cl><w n="25" lemma="kliṃ">klin</w><w n="26">ne</w><w n="27" lemma="na">na </w></cl><cl><w n="28">pa</w><w n="29">ri</w><w n="30" lemma="maṃ">maṇ</w><w n="31">ḍa</w><w n="32" lemma="lau">lau || </w></cl></text></TEI><TEI n="K"><text><cl><w n="0" lemma="vā"> vā</w><w n="1">tā</w><w n="2">ta</w><w n="3">pa</w><w n="4">ra</w><w n="5">jo</w><w n="6">hī</w><w n="7" lemma="ne">ne </w></cl><cl><w n="8">ve</w><w n="9">śma</w><w n="10" lemma="ni">ny </w></cl><cl><w n="11">u</w><w n="12">ttā</w><w n="13">na</w><w n="14">śā</w><w n="15">yi</w><w n="16" lemma="na">naḥ | </w></cl><cl><w n="17">ā</w><w n="18">dhā</w><w n="19" lemma="rau">rau </w></cl><cl><w n="20">mā</w><w n="21">ṣa</w><w n="22">cū</w><w n="23" lemma="rṇe">rṇṇe</w><w n="24" lemma="na">na </w></cl><cl><w n="25" lemma="kliṃ">klin</w><w n="26">ne</w><w n="27" lemma="na">na </w></cl><cl><w n="28">pa</w><w n="29">ri</w><w n="30" lemma="maṃ">maṇ</w><w n="31">ḍa</w><w n="32" lemma="lau">lau | </w></cl></text></TEI><TEI n="H"><text><cl><w n="0" lemma="vā"> vā</w><w n="1">tā</w><w n="2">ta</w><w n="3">pa</w><w n="4">ra</w><w n="5">jo</w><w n="6">hī</w><w n="7" lemma="ne">ne , </w></cl><cl><w n="8">ve</w><w n="9">śma</w><w n="10" lemma="ni">ny </w></cl><cl><w n="11">u</w><w n="12">ttā</w><w n="13">na</w><w n="14">śā</w><w n="15">yi</w><w n="16" lemma="na">naḥ | </w></cl><cl><w n="17">ā</w><w n="18">dhā</w><w n="19" lemma="raḥ">ro </w></cl><cl><w n="20">mā</w><w n="21">ṣa</w><w n="22">cū</w><w n="23" lemma="rṇe">rṇṇe</w><w n="24" lemma="na">na , </w></cl><cl><w n="25" lemma="kliṃ">klin</w><w n="26">ne</w><w n="27" lemma="na">na </w></cl><cl><w n="28">pa</w><w n="29">ri</w><w n="30" lemma="maṃ">maṇ</w><w n="31">ḍa</w><w n="32" lemma="lau">lau || </w></cl></text></TEI><TEI n="NE"><text><cl><w n="0" lemma="vā"> vā</w><w n="1">tā</w><w n="2">ta</w><w n="3">pa</w><w n="4">ra</w><w n="5">jo</w><w n="6">hī</w><w n="7" lemma="ne">ne </w></cl><cl><w n="8">ve</w><w n="9">śma</w><w n="10" lemma="ni">ny </w></cl><cl><w n="11">u</w><w n="12">ttā</w><w n="13">na</w><w n="14">śā</w><w n="15">yi</w><w n="16" lemma="na">naḥ | </w></cl><cl><w n="17">ā</w><w n="18">dhā</w><w n="19" lemma="rau">rau </w></cl><cl><w n="20">mā</w><w n="21">ṣa</w><w n="22">cū</w><w n="23" lemma="rṇe">rṇṇe</w><w n="24" lemma="na">na </w></cl><cl><w n="25" lemma="kliṃ">klin</w><w n="26">ne</w><w n="27" lemma="na">na </w></cl><cl><w n="28">pa</w><w n="29">ri</w><w n="30" lemma="maṃ">maṇ</w><w n="31">ḍa</w><w n="32" lemma="lau">lau | </w></cl></text></TEI></teiCorpus>