<?xml version="1.0" encoding="UTF-8"?>
<teiCorpus xmlns="http://www.tei-c.org/ns/1.0" xml:lang="sa-Latn">
  <teiHeader>
<listWit>
<witness xml:id="A" source="06-ut-vulgate-1938-1-30.xml">
<abbr>A</abbr>
<expan>Printed edition: Ācārya 1938: Uttaratantra 1-30</expan>
</witness>
<witness xml:id="K" source="kl_699_uttaratantra-1-30.xml">
<abbr>K</abbr>
<expan>MSS Kathmandu KL 699: Uttaratantra</expan>
<listWit>
<witness xml:id="Kac" n="ac">
<abbr>Kac</abbr>
<expan>MSS Kathmandu KL 699: Uttaratantra [ante correctionem]</expan>
</witness>
<witness xml:id="Kpc" n="pc">
<abbr type="siglum">Kpc</abbr>
<expan>MSS Kathmandu KL 699: Uttaratantra [post correctionem]</expan>
</witness>
</listWit>
</witness>
<witness xml:id="H" source="nak_5-333_uttaratantra-1-30.xml">
<abbr>H</abbr>
<expan>MS Kathmandu NAK 5-333, Uttaratantra</expan>
<listWit>
<witness xml:id="Hac" n="ac">
<abbr>Hac</abbr>
<expan>MS Kathmandu NAK 5-333, Uttaratantra [ante correctionem]</expan>
</witness>
<witness xml:id="Hpc" n="pc">
<abbr type="siglum">Hpc</abbr>
<expan>MS Kathmandu NAK 5-333, Uttaratantra [post correctionem]</expan>
</witness>
</listWit>
</witness>
<witness xml:id="NE" source="provisional-edition_uttaratantra-1-30.xml">
<abbr>NE</abbr>
<expan>The Nepalese Version of the Suśrutasaṃhitā, uttaratantra 1-30, based on the
                    Nepalese MSS</expan>
</witness>
</listWit>
    <encodingDesc>
      <editorialDecl>
        <segmentation>
          <ab type="tokenization">aksara</ab>
          <ab type="blockid">SS.6.18.87</ab>
          <ab type="targetedition">NE</ab>
          <ab type="scoring">
            <ab type="match">1</ab>
            <ab type="mismatch">-1</ab>
            <ab type="gapopen">-2</ab>
            <ab type="gapextend">-0.25</ab>
            <ab type="recursive">true</ab>
            <ab type="realigndepth">20</ab>
            <ab type="distancefunction">ngrams</ab>
            
          </ab>
        </segmentation>
        <normalization method="markup">
<ab>ignore punctuation</ab>
<ab>candrabindu as anusvāra</ab>
<ab>geminated aspirated consonants</ab>
<ab>geminated m after h</ab>
<ab>geminated t</ab>
<ab>geminated consonants after r</ab>
<ab>final nasal variants</ab>
<ab>internal nasal variants</ab>
<ab>final anusvāra variants</ab>
<ab>visarga aḥ before voiced consonants</ab>
<ab>visarga aḥ before vowels</ab>
<ab>visarga aḥ before unvoiced consonants and space + anusvāra</ab>
<ab>visarga āḥ variants</ab>
<ab>other visarga variants</ab>
<ab>superfluous avagrahas</ab>
<ab>double avagrahas</ab>
<ab>avagrahas to short a</ab>
<ab>internal visarga variants</ab>
<ab>final au/āv</ab>
<ab>final su</ab>
<ab>final i</ab>
<ab>kcch/kś</ab>
<ab>cś/tś</ab>
<ab>cch/ch</ab>
<ab>final t + hi</ab>
<ab>final t + voiced syllable</ab>
<ab>final t + n/m</ab>
<ab>final t + c/j</ab>
<ab>i/y + vowel</ab>
<ab>bhd for bdh</ab>
<ab>remove spaces</ab>
        </normalization>
        <ab type="tagfilters">
<tag subtype="ignore">pc</tag>
<tag subtype="ignore">head</tag>
<tag subtype="ignore">label</tag>
<tag subtype="ignore">note</tag>
<tag subtype="ignore">num</tag>
<tag subtype="ignore">locus</tag>
<tag subtype="ignore">supplied</tag>
<tag subtype="ignore">surplus</tag>
        </ab>
      </editorialDecl>
    </encodingDesc>
    <xenoData>
      <stemma format="nexml" id="stemma0"><nex:nexml xmlns:nex="http://www.nexml.org/2009" version="0.9"><nex:otus id="otus1"><nex:otu id="otu0" label="A"/><nex:otu id="otu1" label="H"/><nex:otu id="otu2" label="K"/><nex:otu id="otu3" label="NE"/></nex:otus><nex:trees otus="otus1" id="trees1"><nex:tree id="guidetree" label="guidetree" xsi:type="nex:FloatTree" xmlns:xsi="http://www.w3.org/2001/XMLSchema-instance"><nex:node id="f948b89c-495c-427e-9f80-65bdd751f06e" root="true"/><nex:node id="e46bd056-2552-454f-9f31-f4206cc9c85e"/><nex:node id="2e22e844-045e-4d5a-ad27-1803bf309cf2" label="A" otu="otu2"/><nex:node id="2e39613d-14ac-4d2e-8995-8cd51a59b3e5" label="H" otu="otu3"/><nex:node id="7bd31c97-63d7-4317-a2f6-1597316dc751"/><nex:node id="3685ed89-c4f4-4fb9-9044-d521b89c709c" label="K" otu="otu5"/><nex:node id="94578fb8-5345-4361-8262-ba49c718ae11" label="NE" otu="otu6"/><nex:edge source="f948b89c-495c-427e-9f80-65bdd751f06e" target="e46bd056-2552-454f-9f31-f4206cc9c85e" id="edge0" length="0"/><nex:edge source="f948b89c-495c-427e-9f80-65bdd751f06e" target="7bd31c97-63d7-4317-a2f6-1597316dc751" id="edge1" length="0"/><nex:edge source="e46bd056-2552-454f-9f31-f4206cc9c85e" target="2e22e844-045e-4d5a-ad27-1803bf309cf2" id="edge2" length="1"/><nex:edge source="e46bd056-2552-454f-9f31-f4206cc9c85e" target="2e39613d-14ac-4d2e-8995-8cd51a59b3e5" id="edge3" length="0"/><nex:edge source="7bd31c97-63d7-4317-a2f6-1597316dc751" target="3685ed89-c4f4-4fb9-9044-d521b89c709c" id="edge4" length="0"/><nex:edge source="7bd31c97-63d7-4317-a2f6-1597316dc751" target="94578fb8-5345-4361-8262-ba49c718ae11" id="edge5" length="0"/></nex:tree></nex:trees></nex:nexml></stemma>
    </xenoData>
  </teiHeader>
<TEI n="A"><text><cl><w n="0" lemma="kha"> kha</w><w n="1">di</w><w n="2">rā</w></cl><cl><w n="3" lemma="śmaṃ">śman</w><w n="4">ta</w><w n="5" lemma="kāṃ">kāṅ</w><w n="6">ga</w><w n="7">rai</w></cl><cl><w n="8">rgo</w><w n="9">śa</w><w n="10">kṛ</w><w n="11" lemma="dbhiḥ">dbhir </w></cl><cl><w n="12">a</w><w n="13">thā</w><w n="14" lemma="pi">pi </w><w n="15" lemma="vā">vā | </w></cl><cl><w n="16">ga</w><w n="17" lemma="vāṃ">vāṃ </w></cl><cl><w n="18">śa</w><w n="19">kṛ</w><w n="20">dra</w><w n="21" lemma="se">se </w></cl><cl><w n="22">mū</w><w n="23" lemma="tre">tre </w></cl><cl><w n="24"/><w n="25"/></cl><cl><w n="26">da</w><w n="27" lemma="dhni">dhni </w></cl><cl><w n="28">sa</w><w n="29">rpi</w><w n="30" lemma="ṣi">ṣi </w></cl><cl><w n="31">mā</w><w n="32">kṣi</w><w n="33" lemma="ke">ke || </w></cl></text></TEI><TEI n="H"><text><cl><w n="0" lemma="kha"> kha</w><w n="1">di</w><w n="2" lemma="raṃ">raṃ </w></cl><cl><w n="3" lemma="syaṃ">syan</w><w n="4">da</w><w n="5" lemma="nāṃ">nāṅ</w><w n="6">gā</w><w n="7" lemma="raiḥ">rai,r </w></cl><cl><w n="8" lemma="go">ggo</w><w n="9">śa</w><w n="10">kṛ</w><w n="11" lemma="dbhiḥ">dbhir </w></cl><cl><w n="12">a</w><w n="13">thā</w><w n="14" lemma="pi">pi </w><w n="15" lemma="vā">vā | </w></cl><cl><w n="16">ga</w><w n="17" lemma="vāṃ">vāṃ </w></cl><cl><w n="18">śa</w><w n="19">kṛ</w><w n="20">dra</w><w n="21" lemma="se">se </w></cl><cl><w n="22">mū</w><w n="23" lemma="tre">tre , </w></cl><cl><w n="24">ghṛ</w><w n="25" lemma="te">te </w></cl><cl><w n="26">da</w><w n="27" lemma="dhni">dhny </w></cl><cl><w n="28">a</w><w n="29"/><w n="30" lemma="tha">tha </w></cl><cl><w n="31">mā</w><w n="32">kṣi</w><w n="33" lemma="ke">ke ,|| </w></cl></text></TEI><TEI n="K"><text><cl><w n="0" lemma="kha"> kha</w><w n="1">di</w><w n="2" lemma="raṃ">raṃ </w></cl><cl><w n="3" lemma="syaṃ">syan</w><w n="4">da</w><w n="5" lemma="nāṃ">nāṅ</w><w n="6">gā</w><w n="7" lemma="raiḥ">raiḥ </w></cl><cl><w n="8">go</w><w n="9">śa</w><w n="10">kṛ</w><w n="11" lemma="dbhiḥ">dbhir </w></cl><cl><w n="12">a</w><w n="13">thā</w><w n="14" lemma="pi">pi </w><w n="15" lemma="vā">vā | </w></cl><cl><w n="16">ga</w><w n="17" lemma="vāṃ">vāṃ </w></cl><cl><w n="18">śa</w><w n="19">kṛ</w><w n="20">dra</w><w n="21" lemma="se">se </w></cl><cl><w n="22">mū</w><w n="23" lemma="tre">tre </w></cl><cl><w n="24">ghṛ</w><w n="25" lemma="te">te </w></cl><cl><w n="26">da</w><w n="27" lemma="dhni">dhny </w></cl><cl><w n="28">a</w><w n="29"/><w n="30" lemma="tha">tha </w></cl><cl><w n="31">mā</w><w n="32">kṣi</w><w n="33" lemma="ke">ke </w></cl></text></TEI><TEI n="NE"><text><cl><w n="0" lemma="kha"> kha</w><w n="1">di</w><w n="2" lemma="raṃ">raṃ </w></cl><cl><w n="3" lemma="syaṃ">syan</w><w n="4">da</w><w n="5" lemma="nāṃ">nāṅ</w><w n="6">gā</w><w n="7" lemma="raiḥ">raiḥ </w></cl><cl><w n="8">go</w><w n="9">śa</w><w n="10">kṛ</w><w n="11" lemma="dbhiḥ">dbhir </w></cl><cl><w n="12">a</w><w n="13">thā</w><w n="14" lemma="pi">pi </w><w n="15" lemma="vā">vā | </w></cl><cl><w n="16">ga</w><w n="17" lemma="vāṃ">vāṃ </w></cl><cl><w n="18">śa</w><w n="19">kṛ</w><w n="20">dra</w><w n="21" lemma="se">se </w></cl><cl><w n="22">mū</w><w n="23" lemma="tre">tre </w></cl><cl><w n="24">ghṛ</w><w n="25" lemma="te">te </w></cl><cl><w n="26">da</w><w n="27" lemma="dhni">dhny </w></cl><cl><w n="28">a</w><w n="29"/><w n="30" lemma="tha">tha </w></cl><cl><w n="31">mā</w><w n="32">kṣi</w><w n="33" lemma="ke">ke </w></cl></text></TEI></teiCorpus>