<?xml version="1.0" encoding="UTF-8"?>
<teiCorpus xmlns="http://www.tei-c.org/ns/1.0" xml:lang="sa-Latn">
  <teiHeader>
<listWit>
<witness xml:id="A" source="06-ut-vulgate-1938-1-30.xml">
<abbr>A</abbr>
<expan>Printed edition: Ācārya 1938: Uttaratantra 1-30</expan>
</witness>
<witness xml:id="K" source="kl_699_uttaratantra-1-30.xml">
<abbr>K</abbr>
<expan>MSS Kathmandu KL 699: Uttaratantra</expan>
<listWit>
<witness xml:id="Kac" n="ac">
<abbr>Kac</abbr>
<expan>MSS Kathmandu KL 699: Uttaratantra [ante correctionem]</expan>
</witness>
<witness xml:id="Kpc" n="pc">
<abbr type="siglum">Kpc</abbr>
<expan>MSS Kathmandu KL 699: Uttaratantra [post correctionem]</expan>
</witness>
</listWit>
</witness>
<witness xml:id="H" source="nak_5-333_uttaratantra-1-30.xml">
<abbr>H</abbr>
<expan>MS Kathmandu NAK 5-333, Uttaratantra</expan>
<listWit>
<witness xml:id="Hac" n="ac">
<abbr>Hac</abbr>
<expan>MS Kathmandu NAK 5-333, Uttaratantra [ante correctionem]</expan>
</witness>
<witness xml:id="Hpc" n="pc">
<abbr type="siglum">Hpc</abbr>
<expan>MS Kathmandu NAK 5-333, Uttaratantra [post correctionem]</expan>
</witness>
</listWit>
</witness>
<witness xml:id="NE" source="provisional-edition_uttaratantra-1-30.xml">
<abbr>NE</abbr>
<expan>The Nepalese Version of the Suśrutasaṃhitā, uttaratantra 1-30, based on the
                    Nepalese MSS</expan>
</witness>
</listWit>
    <encodingDesc>
      <editorialDecl>
        <segmentation>
          <ab type="tokenization">aksara</ab>
          <ab type="blockid">SS.6.12.25</ab>
          <ab type="targetedition">NE</ab>
          <ab type="scoring">
            <ab type="match">1</ab>
            <ab type="mismatch">-1</ab>
            <ab type="gapopen">-2</ab>
            <ab type="gapextend">-0.25</ab>
            <ab type="recursive">true</ab>
            <ab type="realigndepth">20</ab>
            <ab type="distancefunction">ngrams</ab>
            
          </ab>
        </segmentation>
        <normalization method="markup">
<ab>ignore punctuation</ab>
<ab>candrabindu as anusvāra</ab>
<ab>geminated aspirated consonants</ab>
<ab>geminated m after h</ab>
<ab>geminated t</ab>
<ab>geminated consonants after r</ab>
<ab>final nasal variants</ab>
<ab>internal nasal variants</ab>
<ab>final anusvāra variants</ab>
<ab>visarga aḥ before voiced consonants</ab>
<ab>visarga aḥ before vowels</ab>
<ab>visarga aḥ before unvoiced consonants and space + anusvāra</ab>
<ab>visarga āḥ variants</ab>
<ab>other visarga variants</ab>
<ab>superfluous avagrahas</ab>
<ab>double avagrahas</ab>
<ab>avagrahas to short a</ab>
<ab>internal visarga variants</ab>
<ab>final au/āv</ab>
<ab>final su</ab>
<ab>final i</ab>
<ab>kcch/kś</ab>
<ab>cś/tś</ab>
<ab>cch/ch</ab>
<ab>final t + hi</ab>
<ab>final t + voiced syllable</ab>
<ab>final t + n/m</ab>
<ab>final t + c/j</ab>
<ab>i/y + vowel</ab>
<ab>bhd for bdh</ab>
<ab>remove spaces</ab>
        </normalization>
        <ab type="tagfilters">
<tag subtype="ignore">pc</tag>
<tag subtype="ignore">head</tag>
<tag subtype="ignore">label</tag>
<tag subtype="ignore">note</tag>
<tag subtype="ignore">num</tag>
<tag subtype="ignore">locus</tag>
<tag subtype="ignore">supplied</tag>
<tag subtype="ignore">surplus</tag>
        </ab>
      </editorialDecl>
    </encodingDesc>
    <xenoData>
      <stemma format="nexml" id="stemma0"><nex:nexml xmlns:nex="http://www.nexml.org/2009" version="0.9"><nex:otus id="otus1"><nex:otu id="otu0" label="A"/><nex:otu id="otu1" label="H"/><nex:otu id="otu2" label="K"/><nex:otu id="otu3" label="NE"/></nex:otus><nex:trees otus="otus1" id="trees1"><nex:tree id="guidetree" label="guidetree" xsi:type="nex:FloatTree" xmlns:xsi="http://www.w3.org/2001/XMLSchema-instance"><nex:node id="2187410f-6a19-43af-b361-4c796bafb1b1" root="true"/><nex:node id="78184e6b-a65e-492f-82fd-23d8320f0f09"/><nex:node id="1c4531da-ed39-4e9d-96ad-9d0eb440e56e" label="A" otu="otu2"/><nex:node id="cd076e54-8eaa-492d-a263-b9a3248bcc4c" label="H" otu="otu3"/><nex:node id="1f2f361d-35f0-4157-935b-192fda13adf7"/><nex:node id="ffbc8af9-4235-46d6-b71f-a6ac2388f5e8" label="K" otu="otu5"/><nex:node id="34930400-a0ae-48cc-81f0-143c3352837d" label="NE" otu="otu6"/><nex:edge source="2187410f-6a19-43af-b361-4c796bafb1b1" target="78184e6b-a65e-492f-82fd-23d8320f0f09" id="edge0" length="0.22541464423225774"/><nex:edge source="2187410f-6a19-43af-b361-4c796bafb1b1" target="1f2f361d-35f0-4157-935b-192fda13adf7" id="edge1" length="0.22541464423225774"/><nex:edge source="78184e6b-a65e-492f-82fd-23d8320f0f09" target="1c4531da-ed39-4e9d-96ad-9d0eb440e56e" id="edge2" length="0.526635650883913"/><nex:edge source="78184e6b-a65e-492f-82fd-23d8320f0f09" target="cd076e54-8eaa-492d-a263-b9a3248bcc4c" id="edge3" length="0.42547157714216766"/><nex:edge source="1f2f361d-35f0-4157-935b-192fda13adf7" target="ffbc8af9-4235-46d6-b71f-a6ac2388f5e8" id="edge4" length="0"/><nex:edge source="1f2f361d-35f0-4157-935b-192fda13adf7" target="34930400-a0ae-48cc-81f0-143c3352837d" id="edge5" length="0"/></nex:tree></nex:trees></nex:nexml></stemma>
    </xenoData>
  </teiHeader>
<TEI n="A"><text><cl><w n="0" lemma="ra"> ra</w><w n="1">tnā</w><w n="2" lemma="ni">ni </w></cl><cl><w n="3" lemma="daṃ">dan</w><w n="4" lemma="tāḥ">tāḥ </w></cl><cl><w n="5" lemma="śṛṃ">śṛṅ</w><w n="6">gā</w><w n="7" lemma="ṇi">ṇi </w></cl><cl><w n="8">ga</w><w n="9" lemma="ṇaḥ">ṇaś </w></cl><cl><w n="10">cā</w><w n="11" lemma="pi">py </w></cl><cl><w n="12">a</w><w n="13">va</w><w n="14">sā</w><w n="15">da</w><w n="16" lemma="naḥ">naḥ | </w></cl><cl><w n="17">ku</w><w n="18">kku</w><w n="19" lemma="ṭāṃ">ṭāṇ</w><w n="20">ḍa</w><w n="21">ka</w><w n="22">pā</w><w n="23">lā</w><w n="24" lemma="ni">ni </w></cl><cl><w n="25">la</w><w n="26">śu</w><w n="27" lemma="naṃ">naṃ </w></cl><cl><w n="28">ka</w><w n="29">ṭu</w><w n="30">ka</w></cl><cl><w n="31">tra</w><w n="32" lemma="yaṃ">yam || </w></cl></text></TEI><TEI n="H"><text><cl><w n="0" lemma="ra"> ra</w><w n="1">tnā</w><w n="2" lemma="ni">ni </w></cl><cl><w n="3" lemma="daṃ">dan</w><w n="4" lemma="tāḥ">tāḥ </w></cl><cl><w n="5" lemma="śṛṃ">śṛṅ</w><w n="6">gā</w><w n="7" lemma="ni">ni </w></cl><cl><w n="8">ga</w><w n="9" lemma="ṇaḥ">ṇaś </w></cl><cl><w n="10">cā</w><w n="11" lemma="pi">py </w></cl><cl><w n="12">u</w><w n="13">pa</w><w n="14">pā</w><w n="15">di</w><w n="16" lemma="taḥ">taḥ | </w></cl><cl><w n="17">ku</w><w n="18">kku</w><w n="19">ṭā</w><w n="20">śu</w><w n="21">ka</w><w n="22">pā</w><w n="23">lā</w><w n="24" lemma="ni">ni </w></cl><cl><w n="25">la</w><w n="26">sū</w><w n="27" lemma="naṃ">naṃ </w></cl><cl><w n="28">ka</w><w n="29" lemma="ṭu">ṭu </w><w n="30"/></cl><cl><w n="31">tri</w><w n="32" lemma="kaṃ">kaṃ || </w></cl></text></TEI><TEI n="K"><text><cl><w n="0" lemma="ra"> ra</w><w n="1">tnā</w><w n="2" lemma="ni">ni </w></cl><cl><w n="3" lemma="daṃ">dan</w><w n="4" lemma="tāḥ">tāḥ </w></cl><cl><w n="5" lemma="śṛṃ">śṛṅ</w><w n="6">gā</w><w n="7" lemma="ṇi">ṇi </w></cl><cl><w n="8">ga</w><w n="9" lemma="ṇāḥ">ṇāś </w></cl><cl><w n="10">cā</w><w n="11" lemma="pi">py </w></cl><cl><w n="12">u</w><w n="13">pa</w><w n="14">pā</w><w n="15">di</w><w n="16" lemma="taḥ">taḥ | </w></cl><cl><w n="17">ku</w><w n="18">kku</w><w n="19">ṭā</w><w n="20">śu</w><w n="21">ka</w><w n="22">pā</w><w n="23">lā</w><w n="24" lemma="ni">ni </w></cl><cl><w n="25">la</w><w n="26">su</w><w n="27" lemma="naṃ">naṃ </w></cl><cl><w n="28">ka</w><w n="29">ṭu</w><w n="30" lemma="ka">ka </w></cl><cl><w n="31">tri</w><w n="32" lemma="kaṃ">kaṃ | </w></cl></text></TEI><TEI n="NE"><text><cl><w n="0" lemma="ra"> ra</w><w n="1">tnā</w><w n="2" lemma="ni">ni </w></cl><cl><w n="3" lemma="daṃ">dan</w><w n="4" lemma="tāḥ">tāḥ </w></cl><cl><w n="5" lemma="śṛṃ">śṛṅ</w><w n="6">gā</w><w n="7" lemma="ṇi">ṇi </w></cl><cl><w n="8">ga</w><w n="9" lemma="ṇāḥ">ṇāś </w></cl><cl><w n="10">cā</w><w n="11" lemma="pi">py </w></cl><cl><w n="12">u</w><w n="13">pa</w><w n="14">pā</w><w n="15">di</w><w n="16" lemma="taḥ">taḥ | </w></cl><cl><w n="17">ku</w><w n="18">kku</w><w n="19">ṭā</w><w n="20">śu</w><w n="21">ka</w><w n="22">pā</w><w n="23">lā</w><w n="24" lemma="ni">ni </w></cl><cl><w n="25">la</w><w n="26">su</w><w n="27" lemma="naṃ">naṃ </w></cl><cl><w n="28">ka</w><w n="29">ṭu</w><w n="30" lemma="ka">ka </w></cl><cl><w n="31">tri</w><w n="32" lemma="kaṃ">kaṃ | </w></cl></text></TEI></teiCorpus>