<?xml version="1.0" encoding="UTF-8"?>
<teiCorpus xmlns="http://www.tei-c.org/ns/1.0" xml:lang="sa-Latn">
  <teiHeader>
<listWit>
<witness xml:id="A" source="06-ut-vulgate-1938-1-30.xml">
<abbr>A</abbr>
<expan>Printed edition: Ācārya 1938: Uttaratantra 1-30</expan>
</witness>
<witness xml:id="K" source="kl_699_uttaratantra-1-30.xml">
<abbr>K</abbr>
<expan>MSS Kathmandu KL 699: Uttaratantra</expan>
<listWit>
<witness xml:id="Kac" n="ac">
<abbr>Kac</abbr>
<expan>MSS Kathmandu KL 699: Uttaratantra [ante correctionem]</expan>
</witness>
<witness xml:id="Kpc" n="pc">
<abbr type="siglum">Kpc</abbr>
<expan>MSS Kathmandu KL 699: Uttaratantra [post correctionem]</expan>
</witness>
</listWit>
</witness>
<witness xml:id="H" source="nak_5-333_uttaratantra-1-30.xml">
<abbr>H</abbr>
<expan>MS Kathmandu NAK 5-333, Uttaratantra</expan>
<listWit>
<witness xml:id="Hac" n="ac">
<abbr>Hac</abbr>
<expan>MS Kathmandu NAK 5-333, Uttaratantra [ante correctionem]</expan>
</witness>
<witness xml:id="Hpc" n="pc">
<abbr type="siglum">Hpc</abbr>
<expan>MS Kathmandu NAK 5-333, Uttaratantra [post correctionem]</expan>
</witness>
</listWit>
</witness>
<witness xml:id="NE" source="provisional-edition_uttaratantra-1-30.xml">
<abbr>NE</abbr>
<expan>The Nepalese Version of the Suśrutasaṃhitā, uttaratantra 1-30, based on the
                    Nepalese MSS</expan>
</witness>
</listWit>
    <encodingDesc>
      <editorialDecl>
        <segmentation>
          <ab type="tokenization">aksara</ab>
          <ab type="blockid">SS.6.1.28</ab>
          <ab type="targetedition">NE</ab>
          <ab type="scoring">
            <ab type="match">1</ab>
            <ab type="mismatch">-1</ab>
            <ab type="gapopen">-2</ab>
            <ab type="gapextend">-0.25</ab>
            <ab type="recursive">true</ab>
            <ab type="realigndepth">20</ab>
            <ab type="distancefunction">ngrams</ab>
            
          </ab>
        </segmentation>
        <normalization method="markup">
<ab>ignore punctuation</ab>
<ab>candrabindu as anusvāra</ab>
<ab>geminated aspirated consonants</ab>
<ab>geminated m after h</ab>
<ab>geminated t</ab>
<ab>geminated consonants after r</ab>
<ab>final nasal variants</ab>
<ab>internal nasal variants</ab>
<ab>final anusvāra variants</ab>
<ab>visarga aḥ before voiced consonants</ab>
<ab>visarga aḥ before vowels</ab>
<ab>visarga aḥ before unvoiced consonants and space + anusvāra</ab>
<ab>visarga āḥ variants</ab>
<ab>other visarga variants</ab>
<ab>superfluous avagrahas</ab>
<ab>double avagrahas</ab>
<ab>avagrahas to short a</ab>
<ab>internal visarga variants</ab>
<ab>final au/āv</ab>
<ab>final su</ab>
<ab>final i</ab>
<ab>kcch/kś</ab>
<ab>cś/tś</ab>
<ab>cch/ch</ab>
<ab>final t + hi</ab>
<ab>final t + voiced syllable</ab>
<ab>final t + n/m</ab>
<ab>final t + c/j</ab>
<ab>i/y + vowel</ab>
<ab>bhd for bdh</ab>
<ab>remove spaces</ab>
        </normalization>
        <ab type="tagfilters">
<tag subtype="ignore">pc</tag>
<tag subtype="ignore">head</tag>
<tag subtype="ignore">label</tag>
<tag subtype="ignore">note</tag>
<tag subtype="ignore">num</tag>
<tag subtype="ignore">locus</tag>
<tag subtype="ignore">supplied</tag>
<tag subtype="ignore">surplus</tag>
        </ab>
      </editorialDecl>
    </encodingDesc>
    <xenoData>
      <stemma format="nexml" id="stemma0"><nex:nexml xmlns:nex="http://www.nexml.org/2009" version="0.9"><nex:otus id="otus1"><nex:otu id="otu0" label="A"/><nex:otu id="otu1" label="Kac"/><nex:otu id="otu2" label="Kpc"/><nex:otu id="otu3" label="H"/><nex:otu id="otu4" label="NE"/></nex:otus><nex:trees otus="otus1" id="trees1"><nex:tree id="guidetree" label="guidetree" xsi:type="nex:FloatTree" xmlns:xsi="http://www.w3.org/2001/XMLSchema-instance"><nex:node id="74ebb75e-aeb6-4472-a840-b6e6529a5e9c" root="true"/><nex:node id="1a46dc1c-16ef-4984-ade5-764e8a5690f7"/><nex:node id="cafe3e0e-7a52-4dd2-ba83-86e39fbc2a8d" label="A" otu="otu2"/><nex:node id="1f88d5ce-5c97-433e-8592-a3e3152129bd"/><nex:node id="2438d6e6-eca8-4d35-b0c1-e08312671cad" label="Kac" otu="otu4"/><nex:node id="9899335a-9cf1-479b-b31e-a629f7620c9e" label="Kpc" otu="otu5"/><nex:node id="6f06bdb8-c92f-42aa-859e-280bab1ea9bd"/><nex:node id="cc078677-df40-43d4-87dc-9a1d4a0f4b9b" label="H" otu="otu7"/><nex:node id="92fabf36-927d-4fff-9164-3776aadd6fce" label="NE" otu="otu8"/><nex:edge source="74ebb75e-aeb6-4472-a840-b6e6529a5e9c" target="1a46dc1c-16ef-4984-ade5-764e8a5690f7" id="edge0" length="0.017412810057234496"/><nex:edge source="74ebb75e-aeb6-4472-a840-b6e6529a5e9c" target="6f06bdb8-c92f-42aa-859e-280bab1ea9bd" id="edge1" length="0.017412810057234496"/><nex:edge source="1a46dc1c-16ef-4984-ade5-764e8a5690f7" target="cafe3e0e-7a52-4dd2-ba83-86e39fbc2a8d" id="edge2" length="0.7912878213852436"/><nex:edge source="1a46dc1c-16ef-4984-ade5-764e8a5690f7" target="1f88d5ce-5c97-433e-8592-a3e3152129bd" id="edge3" length="0.09226461240745254"/><nex:edge source="6f06bdb8-c92f-42aa-859e-280bab1ea9bd" target="cc078677-df40-43d4-87dc-9a1d4a0f4b9b" id="edge4" length="0.4287995216080619"/><nex:edge source="6f06bdb8-c92f-42aa-859e-280bab1ea9bd" target="92fabf36-927d-4fff-9164-3776aadd6fce" id="edge5" length="0.4189735953925132"/><nex:edge source="1f88d5ce-5c97-433e-8592-a3e3152129bd" target="2438d6e6-eca8-4d35-b0c1-e08312671cad" id="edge6" length="0.13694146027360468"/><nex:edge source="1f88d5ce-5c97-433e-8592-a3e3152129bd" target="9899335a-9cf1-479b-b31e-a629f7620c9e" id="edge7" length="0.09595367214100312"/></nex:tree></nex:trees></nex:nexml></stemma>
    </xenoData>
  </teiHeader>
<TEI n="A"><text><cl><w n="0" lemma="vā"> vā</w><w n="1">tā</w><w n="2" lemma="tda">d da</w><w n="3" lemma="śa">śa </w><w n="4">ta</w><w n="5" lemma="thā">thā </w><w n="6">pi</w><w n="7" lemma="tā">ttā</w><w n="8" lemma="tka">t ka</w><w n="9">phā</w><w n="10" lemma="tcai">c cai</w><w n="11" lemma="va">va </w><w n="12">tra</w><w n="13">yo</w><w n="14">da</w><w n="15" lemma="śa">śa | </w><w n="16"/></cl><cl><w n="17"/><w n="18"/><w n="19"/><w n="20"/><w n="21"/><w n="22"/><w n="23"/><w n="24"/><w n="25"/></cl><cl><w n="26">ra</w><w n="27">ktā</w><w n="28"/></cl><cl><w n="29" lemma="tṣo">t ṣo</w><w n="30">ḍa</w><w n="31" lemma="śa">śa </w></cl><cl><w n="32">vi</w><w n="33">jñe</w><w n="34" lemma="yāḥ">yāḥ </w></cl><cl><w n="35">sa</w><w n="36">rva</w><w n="37" lemma="jāḥ">jāḥ </w><w n="38" lemma="paṃ">pañ</w><w n="39">ca</w><w n="40">viṃ</w><w n="41">śa</w><w n="42" lemma="tiḥ">tiḥ || </w></cl></text></TEI><TEI n="Kac"><text><cl><w n="0"/><w n="1"/><w n="2"/><w n="3"/><w n="4"/><w n="5"/><w n="6"/><w n="7"/><w n="8" lemma="taiḥ">tais </w><w n="9">tri</w><w n="10" lemma="bhiḥ">bhir </w><w n="11">da</w><w n="12"/><w n="13">śa</w><w n="14" lemma="da">da </w><w n="15"/><w n="16" lemma="ca">ca </w></cl><cl><w n="17">ka</w><w n="18">phe</w><w n="19">nā</w><w n="20" lemma="pi">py </w><w n="21">a</w><w n="22">dhi</w><w n="23" lemma="kāḥ">kās </w><w n="24">tra</w><w n="25" lemma="yaḥ">yaḥ | </w></cl><cl><w n="26">ra</w><w n="27">kta</w><w n="28" lemma="jā">jā </w></cl><cl><w n="29">ṣo</w><w n="30">ḍa</w><w n="31" lemma="śa">śa </w></cl><cl><w n="32"/><w n="33">jñe</w><w n="34" lemma="yāḥ">yāḥ </w></cl><cl><w n="35">sa</w><w n="36">rva</w><w n="37" lemma="jāḥ">jāḥ </w><w n="38" lemma="paṃ">pañ</w><w n="39">ca</w><w n="40">viṃ</w><w n="41">śa</w><w n="42" lemma="ti">ti |</w></cl></text></TEI><TEI n="Kpc"><text><cl><w n="0"/><w n="1"/><w n="2"/><w n="3"/><w n="4"/><w n="5"/><w n="6"/><w n="7"/><w n="8" lemma="taiḥ">tais </w><w n="9">tri</w><w n="10" lemma="bhiḥ">bhir </w><w n="11">da</w><w n="12"/><w n="13">śa</w><w n="14">da</w><w n="15" lemma="śa">śa </w><w n="16" lemma="ca">ca </w></cl><cl><w n="17">ka</w><w n="18">phe</w><w n="19">nā</w><w n="20" lemma="pi">py </w><w n="21">a</w><w n="22">dhi</w><w n="23" lemma="kāḥ">kās </w><w n="24">tra</w><w n="25" lemma="yaḥ">yaḥ | </w></cl><cl><w n="26">ra</w><w n="27">kta</w><w n="28" lemma="jā">jā </w></cl><cl><w n="29">ṣo</w><w n="30">ḍa</w><w n="31" lemma="śa">śa </w></cl><cl><w n="32"/><w n="33">jñe</w><w n="34" lemma="yāḥ">yāḥ </w></cl><cl><w n="35">sa</w><w n="36">rva</w><w n="37" lemma="jāḥ">jāḥ </w><w n="38" lemma="paṃ">pañ</w><w n="39">ca</w><w n="40">viṃ</w><w n="41">śa</w><w n="42" lemma="ti">ti |</w></cl></text></TEI><TEI n="H"><text><cl><w n="0"/><w n="1"/><w n="2"/><w n="3"/><w n="4"/><w n="5"/><w n="6"/><w n="7"/><w n="8">tai</w><w n="9">stri</w><w n="10" lemma="bhiḥ">bhir </w><w n="11" lemma="da">dda</w><w n="12"/><w n="13" lemma="śa">śa </w><w n="14">da</w><w n="15" lemma="śa">śa </w><w n="16" lemma="ca">ca </w></cl><cl><w n="17">ka</w><w n="18">phe</w><w n="19">nā</w><w n="20"/><w n="21">tya</w><w n="22">dhi</w><w n="23">kā</w><w n="24">stra</w><w n="25" lemma="yaḥ">yaḥ | </w></cl><cl><w n="26">ra</w><w n="27">kta</w><w n="28" lemma="jāḥ">jāḥ </w></cl><cl><w n="29">ṣo</w><w n="30">ḍa</w><w n="31" lemma="śa">śa </w></cl><cl><w n="32"/><w n="33">jñe</w><w n="34" lemma="yāḥ">yāḥ </w></cl><cl><w n="35">sa</w><w n="36" lemma="rva">rvva</w><w n="37" lemma="jāḥ">jāḥ </w><w n="38" lemma="paṃ">pañ</w><w n="39">ca</w><w n="40">viṃ</w><w n="41">śa</w><w n="42" lemma="tiḥ">tiḥ ||</w></cl></text></TEI><TEI n="NE"><text><cl><w n="0" lemma=""> </w><w n="1"/><w n="2"/><w n="3"/><w n="4"/><w n="5"/><w n="6"/><w n="7"/><w n="8">tai</w><w n="9">stri</w><w n="10">bhi</w><w n="11"/><w n="12">rda</w><w n="13">śa</w><w n="14">da</w><w n="15" lemma="śa">śa </w><w n="16" lemma="ca">ca </w></cl><cl><w n="17">ka</w><w n="18">phe</w><w n="19">nā</w><w n="20"/><w n="21">pya</w><w n="22">dhi</w><w n="23">kā</w><w n="24">stra</w><w n="25" lemma="yaḥ">yaḥ | </w></cl><cl><w n="26">ra</w><w n="27">kta</w><w n="28" lemma="jā">jā </w></cl><cl><w n="29">ṣo</w><w n="30">ḍa</w><w n="31" lemma="śa">śa </w></cl><cl><w n="32"/><w n="33">jñe</w><w n="34" lemma="yāḥ">yāḥ </w></cl><cl><w n="35">sa</w><w n="36">rva</w><w n="37">jāḥ</w><w n="38" lemma="paṃ">pañ</w><w n="39">ca</w><w n="40">viṃ</w><w n="41">śa</w><w n="42" lemma="ti">ti |</w></cl></text></TEI></teiCorpus>