<?xml version="1.0" encoding="UTF-8"?>
<teiCorpus xmlns="http://www.tei-c.org/ns/1.0" xml:lang="sa-Latn">
  <teiHeader>
<listWit>
<witness xml:id="A" source="06-ut-vulgate-1938-1-30.xml">
<abbr>A</abbr>
<expan>Printed edition: Ācārya 1938: Uttaratantra 1-30</expan>
</witness>
<witness xml:id="K" source="kl_699_uttaratantra-1-30.xml">
<abbr>K</abbr>
<expan>MSS Kathmandu KL 699: Uttaratantra</expan>
<listWit>
<witness xml:id="Kac" n="ac">
<abbr>Kac</abbr>
<expan>MSS Kathmandu KL 699: Uttaratantra [ante correctionem]</expan>
</witness>
<witness xml:id="Kpc" n="pc">
<abbr type="siglum">Kpc</abbr>
<expan>MSS Kathmandu KL 699: Uttaratantra [post correctionem]</expan>
</witness>
</listWit>
</witness>
<witness xml:id="H" source="nak_5-333_uttaratantra-1-30.xml">
<abbr>H</abbr>
<expan>MS Kathmandu NAK 5-333, Uttaratantra</expan>
<listWit>
<witness xml:id="Hac" n="ac">
<abbr>Hac</abbr>
<expan>MS Kathmandu NAK 5-333, Uttaratantra [ante correctionem]</expan>
</witness>
<witness xml:id="Hpc" n="pc">
<abbr type="siglum">Hpc</abbr>
<expan>MS Kathmandu NAK 5-333, Uttaratantra [post correctionem]</expan>
</witness>
</listWit>
</witness>
<witness xml:id="NE" source="provisional-edition_uttaratantra-1-30.xml">
<abbr>NE</abbr>
<expan>The Nepalese Version of the Suśrutasaṃhitā, uttaratantra 1-30, based on the
                    Nepalese MSS</expan>
</witness>
</listWit>
    <encodingDesc>
      <editorialDecl>
        <segmentation>
          <ab type="tokenization">aksara</ab>
          <ab type="blockid">SS.6.15.12</ab>
          <ab type="targetedition">NE</ab>
          <ab type="scoring">
            <ab type="match">1</ab>
            <ab type="mismatch">-1</ab>
            <ab type="gapopen">-2</ab>
            <ab type="gapextend">-0.25</ab>
            <ab type="recursive">true</ab>
            <ab type="realigndepth">20</ab>
            <ab type="distancefunction">ngrams</ab>
            
          </ab>
        </segmentation>
        <normalization method="markup">
<ab>ignore punctuation</ab>
<ab>candrabindu as anusvāra</ab>
<ab>geminated aspirated consonants</ab>
<ab>geminated m after h</ab>
<ab>geminated t</ab>
<ab>geminated consonants after r</ab>
<ab>final nasal variants</ab>
<ab>internal nasal variants</ab>
<ab>final anusvāra variants</ab>
<ab>visarga aḥ before voiced consonants</ab>
<ab>visarga aḥ before vowels</ab>
<ab>visarga aḥ before unvoiced consonants and space + anusvāra</ab>
<ab>visarga āḥ variants</ab>
<ab>other visarga variants</ab>
<ab>superfluous avagrahas</ab>
<ab>double avagrahas</ab>
<ab>avagrahas to short a</ab>
<ab>internal visarga variants</ab>
<ab>final au/āv</ab>
<ab>final su</ab>
<ab>final i</ab>
<ab>kcch/kś</ab>
<ab>cś/tś</ab>
<ab>cch/ch</ab>
<ab>final t + hi</ab>
<ab>final t + voiced syllable</ab>
<ab>final t + n/m</ab>
<ab>final t + c/j</ab>
<ab>i/y + vowel</ab>
<ab>bhd for bdh</ab>
<ab>remove spaces</ab>
        </normalization>
        <ab type="tagfilters">
<tag subtype="ignore">pc</tag>
<tag subtype="ignore">head</tag>
<tag subtype="ignore">label</tag>
<tag subtype="ignore">note</tag>
<tag subtype="ignore">num</tag>
<tag subtype="ignore">locus</tag>
<tag subtype="ignore">supplied</tag>
<tag subtype="ignore">surplus</tag>
        </ab>
      </editorialDecl>
    </encodingDesc>
    <xenoData>
      <stemma format="nexml" id="stemma0"><nex:nexml xmlns:nex="http://www.nexml.org/2009" version="0.9"><nex:otus id="otus1"><nex:otu id="otu0" label="A"/><nex:otu id="otu1" label="H"/><nex:otu id="otu2" label="K"/><nex:otu id="otu3" label="NE"/></nex:otus><nex:trees otus="otus1" id="trees1"><nex:tree id="guidetree" label="guidetree" xsi:type="nex:FloatTree" xmlns:xsi="http://www.w3.org/2001/XMLSchema-instance"><nex:node id="0dac09ba-2dbd-4f88-aada-61fe5ebe3990" root="true"/><nex:node id="2a4f633d-ab95-45c5-99d7-d272958b3c1a"/><nex:node id="8ecde0b9-966c-43f5-82d0-806cfa499ca0" label="A" otu="otu2"/><nex:node id="8d9a4e9c-32a0-42f1-bec4-302160cdfeec" label="H" otu="otu3"/><nex:node id="54a24dfb-116c-4d57-a372-07dd90a8771b"/><nex:node id="1ac49f55-8fd2-401c-aa6e-33479fb7fb40" label="K" otu="otu5"/><nex:node id="0d17f890-a986-49cf-b06c-4e77a265827f" label="NE" otu="otu6"/><nex:edge source="0dac09ba-2dbd-4f88-aada-61fe5ebe3990" target="2a4f633d-ab95-45c5-99d7-d272958b3c1a" id="edge0" length="0.16775234904404102"/><nex:edge source="0dac09ba-2dbd-4f88-aada-61fe5ebe3990" target="54a24dfb-116c-4d57-a372-07dd90a8771b" id="edge1" length="0.16775234904404102"/><nex:edge source="2a4f633d-ab95-45c5-99d7-d272958b3c1a" target="8ecde0b9-966c-43f5-82d0-806cfa499ca0" id="edge2" length="0.6644953019119182"/><nex:edge source="2a4f633d-ab95-45c5-99d7-d272958b3c1a" target="8d9a4e9c-32a0-42f1-bec4-302160cdfeec" id="edge3" length="0.3355046980880818"/><nex:edge source="54a24dfb-116c-4d57-a372-07dd90a8771b" target="1ac49f55-8fd2-401c-aa6e-33479fb7fb40" id="edge4" length="1.1102230246251565e-16"/><nex:edge source="54a24dfb-116c-4d57-a372-07dd90a8771b" target="0d17f890-a986-49cf-b06c-4e77a265827f" id="edge5" length="1.1102230246251565e-16"/></nex:tree></nex:trees></nex:nexml></stemma>
    </xenoData>
  </teiHeader>
<TEI n="A"><text><cl><w n="0" lemma="yā"> yā</w><w n="1">va</w><w n="2">nā</w></cl><cl><w n="3">la</w><w n="4" lemma="sya">sya </w></cl><cl><w n="5">cū</w><w n="6">rṇe</w><w n="7" lemma="na">na </w></cl><cl><w n="8">tri</w><w n="9">ka</w><w n="10">ṭo</w></cl><cl><w n="11">rla</w><w n="12">va</w><w n="13">ṇa</w><w n="14" lemma="sya">sya </w><w n="15" lemma="ca">ca | </w></cl><cl><w n="16">sve</w><w n="17">da</w><w n="18">yi</w><w n="19" lemma="tvā">tvā </w></cl><cl><w n="20">ta</w><w n="21" lemma="taḥ">taḥ </w></cl><cl><w n="22">pa</w><w n="23">ścā</w></cl><cl><w n="24" lemma="tba">d ba</w><w n="25">dhnī</w><w n="26">yā</w><w n="27" lemma="tku">t ku</w><w n="28">śa</w></cl><cl><w n="29" lemma="laḥ">lo </w><w n="30">bhi</w><w n="31">ṣa</w><w n="32" lemma="k">k || </w></cl></text></TEI><TEI n="H"><text><cl><w n="0">yā</w><w n="1">va</w><w n="2" lemma="tā">tā </w></cl><cl><w n="3">ta</w><w n="4" lemma="sya">sya </w></cl><cl><w n="5">cū</w><w n="6" lemma="rṇe">rṇṇe</w><w n="7" lemma="na">na </w></cl><cl><w n="8">vyo</w><w n="9">ṣa</w><w n="10" lemma="sya">sya </w></cl><cl><w n="11">la</w><w n="12">va</w><w n="13">ṇa</w><w n="14" lemma="sya">sya </w><w n="15" lemma="ca">ca || </w></cl><cl><w n="16">sve</w><w n="17">da</w><w n="18">yi</w><w n="19" lemma="tvā">tvā </w></cl><cl><w n="20">ta</w><w n="21" lemma="taḥ">taś </w></cl><cl><w n="22">cā</w><w n="23" lemma="pi">pi </w></cl><cl><w n="24">va</w><w n="25">ndhī</w><w n="26">yā</w><w n="27" lemma="nma">n ma</w><w n="28">ti</w></cl><cl><w n="29">mā</w><w n="30" lemma="nbhi">n bhi</w><w n="31">ṣa</w><w n="32" lemma="k">k |</w></cl></text></TEI><TEI n="K"><text><cl><w n="0">yā</w><w n="1">va</w><w n="2" lemma="tā">tā </w></cl><cl><w n="3">ta</w><w n="4" lemma="sya">sya </w></cl><cl><w n="5">cū</w><w n="6" lemma="rṇe">rṇṇe</w><w n="7" lemma="na">na </w></cl><cl><w n="8">vyo</w><w n="9">ṣa</w><w n="10" lemma="sya">sya </w></cl><cl><w n="11">la</w><w n="12">va</w><w n="13">ṇa</w><w n="14" lemma="sya">sya </w><w n="15" lemma="ca">ca | </w></cl><cl><w n="16">sve</w><w n="17">da</w><w n="18">yi</w><w n="19" lemma="tvā">tvā </w></cl><cl><w n="20">ta</w><w n="21" lemma="taḥ">taś </w></cl><cl><w n="22">cā</w><w n="23" lemma="pi">pi </w></cl><cl><w n="24">va</w><w n="25">ndhī</w><w n="26">yā</w><w n="27" lemma="nma">n ma</w><w n="28" lemma="tmāṃ">t-māṃ </w></cl><cl><w n="29"/><w n="30">bhi</w><w n="31">ṣa</w><w n="32" lemma="k">k |</w></cl></text></TEI><TEI n="NE"><text><cl><w n="0" lemma="yā"> yā</w><w n="1">va</w><w n="2" lemma="tā">tā </w></cl><cl><w n="3">ta</w><w n="4" lemma="sya">sya </w></cl><cl><w n="5">cū</w><w n="6" lemma="rṇe">rṇṇe</w><w n="7" lemma="na">na </w></cl><cl><w n="8">vyo</w><w n="9">ṣa</w><w n="10" lemma="sya">sya </w></cl><cl><w n="11">la</w><w n="12">va</w><w n="13">ṇa</w><w n="14" lemma="sya">sya </w><w n="15" lemma="ca">ca | </w></cl><cl><w n="16">sve</w><w n="17">da</w><w n="18">yi</w><w n="19" lemma="tvā">tvā </w></cl><cl><w n="20">ta</w><w n="21" lemma="taḥ">taś </w></cl><cl><w n="22">cā</w><w n="23" lemma="pi">pi </w></cl><cl><w n="24">va</w><w n="25">ndhī</w><w n="26">yā</w><w n="27" lemma="nma">n ma</w><w n="28" lemma="tmāṃ">t-māṃ </w></cl><cl><w n="29"/><w n="30">bhi</w><w n="31">ṣa</w><w n="32" lemma="k">k |</w></cl></text></TEI></teiCorpus>