<?xml version="1.0" encoding="UTF-8"?>
<teiCorpus xmlns="http://www.tei-c.org/ns/1.0" xml:lang="sa-Latn">
  <teiHeader>
<listWit>
<witness xml:id="A" source="06-ut-vulgate-1938-1-30.xml">
<abbr>A</abbr>
<expan>Printed edition: Ācārya 1938: Uttaratantra 1-30</expan>
</witness>
<witness xml:id="K" source="kl_699_uttaratantra-1-30.xml">
<abbr>K</abbr>
<expan>MSS Kathmandu KL 699: Uttaratantra</expan>
<listWit>
<witness xml:id="Kac" n="ac">
<abbr>Kac</abbr>
<expan>MSS Kathmandu KL 699: Uttaratantra [ante correctionem]</expan>
</witness>
<witness xml:id="Kpc" n="pc">
<abbr type="siglum">Kpc</abbr>
<expan>MSS Kathmandu KL 699: Uttaratantra [post correctionem]</expan>
</witness>
</listWit>
</witness>
<witness xml:id="H" source="nak_5-333_uttaratantra-1-30.xml">
<abbr>H</abbr>
<expan>MS Kathmandu NAK 5-333, Uttaratantra</expan>
<listWit>
<witness xml:id="Hac" n="ac">
<abbr>Hac</abbr>
<expan>MS Kathmandu NAK 5-333, Uttaratantra [ante correctionem]</expan>
</witness>
<witness xml:id="Hpc" n="pc">
<abbr type="siglum">Hpc</abbr>
<expan>MS Kathmandu NAK 5-333, Uttaratantra [post correctionem]</expan>
</witness>
</listWit>
</witness>
<witness xml:id="NE" source="provisional-edition_uttaratantra-1-30.xml">
<abbr>NE</abbr>
<expan>The Nepalese Version of the Suśrutasaṃhitā, uttaratantra 1-30, based on the
                    Nepalese MSS</expan>
</witness>
</listWit>
    <encodingDesc>
      <editorialDecl>
        <segmentation>
          <ab type="tokenization">aksara</ab>
          <ab type="blockid">SS.6.16.1</ab>
          <ab type="targetedition">NE</ab>
          <ab type="scoring">
            <ab type="match">1</ab>
            <ab type="mismatch">-1</ab>
            <ab type="gapopen">-2</ab>
            <ab type="gapextend">-0.25</ab>
            <ab type="recursive">true</ab>
            <ab type="realigndepth">20</ab>
            <ab type="distancefunction">ngrams</ab>
            
          </ab>
        </segmentation>
        <normalization method="markup">
<ab>ignore punctuation</ab>
<ab>candrabindu as anusvāra</ab>
<ab>geminated aspirated consonants</ab>
<ab>geminated m after h</ab>
<ab>geminated t</ab>
<ab>geminated consonants after r</ab>
<ab>final nasal variants</ab>
<ab>internal nasal variants</ab>
<ab>final anusvāra variants</ab>
<ab>visarga aḥ before voiced consonants</ab>
<ab>visarga aḥ before vowels</ab>
<ab>visarga aḥ before unvoiced consonants and space + anusvāra</ab>
<ab>visarga āḥ variants</ab>
<ab>other visarga variants</ab>
<ab>superfluous avagrahas</ab>
<ab>double avagrahas</ab>
<ab>avagrahas to short a</ab>
<ab>internal visarga variants</ab>
<ab>final au/āv</ab>
<ab>final su</ab>
<ab>final i</ab>
<ab>kcch/kś</ab>
<ab>cś/tś</ab>
<ab>cch/ch</ab>
<ab>final t + hi</ab>
<ab>final t + voiced syllable</ab>
<ab>final t + n/m</ab>
<ab>final t + c/j</ab>
<ab>i/y + vowel</ab>
<ab>bhd for bdh</ab>
<ab>remove spaces</ab>
        </normalization>
        <ab type="tagfilters">
<tag subtype="ignore">pc</tag>
<tag subtype="ignore">head</tag>
<tag subtype="ignore">label</tag>
<tag subtype="ignore">note</tag>
<tag subtype="ignore">num</tag>
<tag subtype="ignore">locus</tag>
<tag subtype="ignore">supplied</tag>
<tag subtype="ignore">surplus</tag>
        </ab>
      </editorialDecl>
    </encodingDesc>
    <xenoData>
      <stemma format="nexml" id="stemma0"><nex:nexml xmlns:nex="http://www.nexml.org/2009" version="0.9"><nex:otus id="otus1"><nex:otu id="otu0" label="A"/><nex:otu id="otu1" label="K"/><nex:otu id="otu2" label="H"/><nex:otu id="otu3" label="NE"/></nex:otus><nex:trees otus="otus1" id="trees1"><nex:tree id="guidetree" label="guidetree" xsi:type="nex:FloatTree" xmlns:xsi="http://www.w3.org/2001/XMLSchema-instance"><nex:node id="bb87f03b-76c7-46de-8ffc-e799e005fb11" root="true"/><nex:node id="44a65dbe-4028-4099-8ebc-04a7db2157ed"/><nex:node id="4be12064-858e-4927-93f8-8b5336125013" label="A" otu="otu2"/><nex:node id="eaa01364-00b8-4c15-9fe3-ba6956bee6ae" label="K" otu="otu3"/><nex:node id="3218d371-1154-4679-84d2-8ce7d020e9e6"/><nex:node id="4265eb81-dfc7-4231-b960-e8180672871e" label="H" otu="otu5"/><nex:node id="a7265908-89f3-4978-b656-8762e1f1ff35" label="NE" otu="otu6"/><nex:edge source="bb87f03b-76c7-46de-8ffc-e799e005fb11" target="44a65dbe-4028-4099-8ebc-04a7db2157ed" id="edge0" length="0.16195902896723635"/><nex:edge source="bb87f03b-76c7-46de-8ffc-e799e005fb11" target="3218d371-1154-4679-84d2-8ce7d020e9e6" id="edge1" length="0.16195902896723635"/><nex:edge source="44a65dbe-4028-4099-8ebc-04a7db2157ed" target="4be12064-858e-4927-93f8-8b5336125013" id="edge2" length="0.6370740023952868"/><nex:edge source="44a65dbe-4028-4099-8ebc-04a7db2157ed" target="eaa01364-00b8-4c15-9fe3-ba6956bee6ae" id="edge3" length="0.3629259976047132"/><nex:edge source="3218d371-1154-4679-84d2-8ce7d020e9e6" target="4265eb81-dfc7-4231-b960-e8180672871e" id="edge4" length="0"/><nex:edge source="3218d371-1154-4679-84d2-8ce7d020e9e6" target="a7265908-89f3-4978-b656-8762e1f1ff35" id="edge5" length="0"/></nex:tree></nex:trees></nex:nexml></stemma>
    </xenoData>
  </teiHeader>
<TEI n="A"><text><cl><w n="0" lemma="a"> a</w><w n="1">thā</w><w n="2" lemma="taḥ">taḥ </w></cl><cl><w n="3">pa</w><w n="4">kṣma</w><w n="5"/><w n="6"/><w n="7">ko</w><w n="8">pa</w><w n="9">pra</w><w n="10">ti</w><w n="11">ṣe</w><w n="12" lemma="dhaṃ">dhaṃ </w><w n="13"/></cl><cl><w n="14">vyā</w><w n="15">khyā</w><w n="16">syā</w><w n="17" lemma="maḥ">maḥ || </w></cl></text></TEI><TEI n="K"><text><cl><w n="0" lemma="a"> a</w><w n="1">thā</w><w n="2" lemma="taḥ">taḥ </w></cl><cl><w n="3">pa</w><w n="4">kṣma</w><w n="5">ga</w><w n="6">ta</w><w n="7">ro</w><w n="8">ga</w><w n="9">pra</w><w n="10">ti</w><w n="11">ṣe</w><w n="12" lemma="dhaṃ">dhaṃ </w><w n="13" lemma="vyā">vyā </w></cl><cl><w n="14">vyā</w><w n="15">khyā</w><w n="16">syā</w><w n="17" lemma="maḥ">maḥ || </w></cl></text></TEI><TEI n="H"><text><cl><w n="0" lemma="a"> a</w><w n="1">thā</w><w n="2" lemma="taḥ">taḥ </w></cl><cl><w n="3">pa</w><w n="4">kṣma</w><w n="5">ga</w><w n="6">ta</w><w n="7">ro</w><w n="8">ga</w><w n="9">pra</w><w n="10">ti</w><w n="11">ṣe</w><w n="12" lemma="dhaṃ">dhaṃ </w><w n="13"/></cl><cl><w n="14">vyā</w><w n="15">khyā</w><w n="16">syā</w><w n="17" lemma="maḥ">maḥ ||</w></cl></text></TEI><TEI n="NE"><text><cl><w n="0" lemma="a"> a</w><w n="1">thā</w><w n="2" lemma="taḥ">taḥ </w></cl><cl><w n="3">pa</w><w n="4">kṣma</w><w n="5">ga</w><w n="6">ta</w><w n="7">ro</w><w n="8">ga</w><w n="9">pra</w><w n="10">ti</w><w n="11">ṣe</w><w n="12" lemma="dhaṃ">dhaṃ </w><w n="13"/></cl><cl><w n="14">vyā</w><w n="15">khyā</w><w n="16">syā</w><w n="17" lemma="maḥ">maḥ || </w></cl></text></TEI></teiCorpus>