<?xml version="1.0" encoding="UTF-8"?>
<teiCorpus xmlns="http://www.tei-c.org/ns/1.0" xml:lang="sa-Latn">
  <teiHeader>
<listWit>
<witness xml:id="A" source="06-ut-vulgate-1938-1-30.xml">
<abbr>A</abbr>
<expan>Printed edition: Ācārya 1938: Uttaratantra 1-30</expan>
</witness>
<witness xml:id="K" source="kl_699_uttaratantra-1-30.xml">
<abbr>K</abbr>
<expan>MSS Kathmandu KL 699: Uttaratantra</expan>
<listWit>
<witness xml:id="Kac" n="ac">
<abbr>Kac</abbr>
<expan>MSS Kathmandu KL 699: Uttaratantra [ante correctionem]</expan>
</witness>
<witness xml:id="Kpc" n="pc">
<abbr type="siglum">Kpc</abbr>
<expan>MSS Kathmandu KL 699: Uttaratantra [post correctionem]</expan>
</witness>
</listWit>
</witness>
<witness xml:id="H" source="nak_5-333_uttaratantra-1-30.xml">
<abbr>H</abbr>
<expan>MS Kathmandu NAK 5-333, Uttaratantra</expan>
<listWit>
<witness xml:id="Hac" n="ac">
<abbr>Hac</abbr>
<expan>MS Kathmandu NAK 5-333, Uttaratantra [ante correctionem]</expan>
</witness>
<witness xml:id="Hpc" n="pc">
<abbr type="siglum">Hpc</abbr>
<expan>MS Kathmandu NAK 5-333, Uttaratantra [post correctionem]</expan>
</witness>
</listWit>
</witness>
<witness xml:id="NE" source="provisional-edition_uttaratantra-1-30.xml">
<abbr>NE</abbr>
<expan>The Nepalese Version of the Suśrutasaṃhitā, uttaratantra 1-30, based on the
                    Nepalese MSS</expan>
</witness>
</listWit>
    <encodingDesc>
      <editorialDecl>
        <segmentation>
          <ab type="tokenization">aksara</ab>
          <ab type="blockid">SS.6.12.11</ab>
          <ab type="targetedition">NE</ab>
          <ab type="scoring">
            <ab type="match">1</ab>
            <ab type="mismatch">-1</ab>
            <ab type="gapopen">-2</ab>
            <ab type="gapextend">-0.25</ab>
            <ab type="recursive">true</ab>
            <ab type="realigndepth">20</ab>
            <ab type="distancefunction">ngrams</ab>
            
          </ab>
        </segmentation>
        <normalization method="markup">
<ab>ignore punctuation</ab>
<ab>candrabindu as anusvāra</ab>
<ab>geminated aspirated consonants</ab>
<ab>geminated m after h</ab>
<ab>geminated t</ab>
<ab>geminated consonants after r</ab>
<ab>final nasal variants</ab>
<ab>internal nasal variants</ab>
<ab>final anusvāra variants</ab>
<ab>visarga aḥ before voiced consonants</ab>
<ab>visarga aḥ before vowels</ab>
<ab>visarga aḥ before unvoiced consonants and space + anusvāra</ab>
<ab>visarga āḥ variants</ab>
<ab>other visarga variants</ab>
<ab>superfluous avagrahas</ab>
<ab>double avagrahas</ab>
<ab>avagrahas to short a</ab>
<ab>internal visarga variants</ab>
<ab>final au/āv</ab>
<ab>final su</ab>
<ab>final i</ab>
<ab>kcch/kś</ab>
<ab>cś/tś</ab>
<ab>cch/ch</ab>
<ab>final t + hi</ab>
<ab>final t + voiced syllable</ab>
<ab>final t + n/m</ab>
<ab>final t + c/j</ab>
<ab>i/y + vowel</ab>
<ab>bhd for bdh</ab>
<ab>remove spaces</ab>
        </normalization>
        <ab type="tagfilters">
<tag subtype="ignore">pc</tag>
<tag subtype="ignore">head</tag>
<tag subtype="ignore">label</tag>
<tag subtype="ignore">note</tag>
<tag subtype="ignore">num</tag>
<tag subtype="ignore">locus</tag>
<tag subtype="ignore">supplied</tag>
<tag subtype="ignore">surplus</tag>
        </ab>
      </editorialDecl>
    </encodingDesc>
    <xenoData>
      <stemma format="nexml" id="stemma0"><nex:nexml xmlns:nex="http://www.nexml.org/2009" version="0.9"><nex:otus id="otus1"><nex:otu id="otu0" label="A"/><nex:otu id="otu1" label="H"/><nex:otu id="otu2" label="K"/><nex:otu id="otu3" label="NE"/></nex:otus><nex:trees otus="otus1" id="trees1"><nex:tree id="guidetree" label="guidetree" xsi:type="nex:FloatTree" xmlns:xsi="http://www.w3.org/2001/XMLSchema-instance"><nex:node id="89a4a0b5-5af9-432d-98ba-80d588788731" root="true"/><nex:node id="25643d8b-3984-4784-bb14-4ba9591f3c61"/><nex:node id="4b96c586-2456-4cc2-bdaf-250385d313db" label="A" otu="otu2"/><nex:node id="1228ed1e-bb0c-4821-8582-5cd342adc56b" label="H" otu="otu3"/><nex:node id="920bda51-23b3-4ccc-b8b3-06238da1d02c"/><nex:node id="b4fa9f70-08df-4ba9-bb70-25f9e6f7a2d1" label="K" otu="otu5"/><nex:node id="3f13d823-261b-45d2-b491-207e85d0f61a" label="NE" otu="otu6"/><nex:edge source="89a4a0b5-5af9-432d-98ba-80d588788731" target="25643d8b-3984-4784-bb14-4ba9591f3c61" id="edge0" length="0"/><nex:edge source="89a4a0b5-5af9-432d-98ba-80d588788731" target="920bda51-23b3-4ccc-b8b3-06238da1d02c" id="edge1" length="0"/><nex:edge source="25643d8b-3984-4784-bb14-4ba9591f3c61" target="4b96c586-2456-4cc2-bdaf-250385d313db" id="edge2" length="1"/><nex:edge source="25643d8b-3984-4784-bb14-4ba9591f3c61" target="1228ed1e-bb0c-4821-8582-5cd342adc56b" id="edge3" length="0"/><nex:edge source="920bda51-23b3-4ccc-b8b3-06238da1d02c" target="b4fa9f70-08df-4ba9-bb70-25f9e6f7a2d1" id="edge4" length="0"/><nex:edge source="920bda51-23b3-4ccc-b8b3-06238da1d02c" target="3f13d823-261b-45d2-b491-207e85d0f61a" id="edge5" length="0"/></nex:tree></nex:trees></nex:nexml></stemma>
    </xenoData>
  </teiHeader>
<TEI n="A"><text><w n="0" lemma="pā"> pā</w><cl><w n="1">ṭa</w><w n="2">lya</w><w n="3">rju</w><w n="4">na</w><w n="5">śrī</w><w n="6">pa</w><w n="7">rṇī</w><w n="8">dhā</w><w n="9">ta</w><w n="10">kī</w><w n="11">dhā</w><w n="12">tri</w></cl><cl><w n="13"/><w n="14"/><w n="15"/><w n="16">bi</w><w n="17">lva</w><w n="18"/><w n="19"/><w n="20" lemma="taḥ">taḥ | </w><w n="21">pu</w><w n="22">ṣpā</w><w n="23">ṇya</w><w n="24" lemma="tha">tha </w></cl><cl><w n="25">bṛ</w><w n="26">ha</w><w n="27" lemma="tyoḥ">tyoś </w><w n="28" lemma="ca">ca </w></cl><cl><w n="29" lemma="biṃ">bim</w><w n="30">bī</w><w n="31">lo</w><w n="32">ṭā</w><w n="33" lemma="tca">c ca </w></cl><cl><w n="34">tu</w><w n="35">lya</w><w n="36" lemma="śaḥ">śaḥ || </w></cl></text></TEI><TEI n="H"><text><w n="0" lemma=""> </w><cl><w n="1"/><w n="2"/><w n="3"/><w n="4"/><w n="5">śrī</w><w n="6">pa</w><w n="7">rṇī</w><w n="8">pā</w><w n="9">ṭa</w><w n="10">lī</w><w n="11">dhā</w><w n="12" lemma="trī">trī </w></cl><cl><w n="13">dhā</w><w n="14">ta</w><w n="15">kī</w><w n="16">vi</w><w n="17">lva</w><w n="18">kā</w><w n="19" lemma="rju">rjju</w><w n="20">nā</w><w n="21" lemma="tpu">t | pu</w><w n="22">ṣpā</w><w n="23">ṇya</w><w n="24" lemma="tha">tha </w></cl><cl><w n="25">vṛ</w><w n="26">ha</w><w n="27" lemma="tyau">tyau </w><w n="28" lemma="ca">ca </w></cl><cl><w n="29" lemma="viṃ">vim</w><w n="30">vī</w><w n="31">lo</w><w n="32" lemma="ṭāḥ">ṭāś </w><w n="33" lemma="ca">ca </w></cl><cl><w n="34">tu</w><w n="35">lya</w><w n="36" lemma="śaḥ">śaḥ || </w></cl></text></TEI><TEI n="K"><text><w n="0" lemma=""> </w><cl><w n="1"/><w n="2"/><w n="3"/><w n="4"/><w n="5">śrī</w><w n="6">pa</w><w n="7">rṇī</w><w n="8">pā</w><w n="9">ṭa</w><w n="10">lī</w><w n="11">dhā</w><w n="12" lemma="trī">trī </w></cl><cl><w n="13">dhā</w><w n="14">ta</w><w n="15">kī</w><w n="16">vi</w><w n="17">lva</w><w n="18">kā</w><w n="19">rju</w><w n="20">nā</w><w n="21" lemma="tpu">t | pu</w><w n="22">ṣpā</w><w n="23">ṇya</w><w n="24" lemma="tha">tha </w></cl><cl><w n="25">vṛ</w><w n="26">ha</w><w n="27" lemma="tyau">tyau </w><w n="28" lemma="ca">ca </w></cl><cl><w n="29" lemma="viṃ">vim</w><w n="30">vī</w><w n="31">lo</w><w n="32" lemma="ṭāḥ">ṭāś </w><w n="33" lemma="ca">ca </w></cl><cl><w n="34">tu</w><w n="35">lya</w><w n="36" lemma="śaḥ">śaḥ | </w></cl></text></TEI><TEI n="NE"><text><w n="0" lemma=""> </w><cl><w n="1"/><w n="2"/><w n="3"/><w n="4"/><w n="5">śrī</w><w n="6">pa</w><w n="7">rṇī</w><w n="8">pā</w><w n="9">ṭa</w><w n="10">lī</w><w n="11">dhā</w><w n="12" lemma="trī">trī </w></cl><cl><w n="13">dhā</w><w n="14">ta</w><w n="15">kī</w><w n="16">vi</w><w n="17">lva</w><w n="18">kā</w><w n="19">rju</w><w n="20">nā</w><w n="21" lemma="tpu">t | pu</w><w n="22">ṣpā</w><w n="23">ṇya</w><w n="24" lemma="tha">tha </w></cl><cl><w n="25">vṛ</w><w n="26">ha</w><w n="27" lemma="tyau">tyau </w><w n="28" lemma="ca">ca </w></cl><cl><w n="29" lemma="viṃ">vim</w><w n="30">vī</w><w n="31">lo</w><w n="32" lemma="ṭāḥ">ṭāś </w><w n="33" lemma="ca">ca </w></cl><cl><w n="34">tu</w><w n="35">lya</w><w n="36" lemma="śaḥ">śaḥ | </w></cl></text></TEI></teiCorpus>