<?xml version="1.0" encoding="UTF-8"?>
<teiCorpus xmlns="http://www.tei-c.org/ns/1.0" xml:lang="sa-Latn">
  <teiHeader>
<listWit>
<witness xml:id="A" source="06-ut-vulgate-1938-1-30.xml">
<abbr>A</abbr>
<expan>Printed edition: Ācārya 1938: Uttaratantra 1-30</expan>
</witness>
<witness xml:id="K" source="kl_699_uttaratantra-1-30.xml">
<abbr>K</abbr>
<expan>MSS Kathmandu KL 699: Uttaratantra</expan>
<listWit>
<witness xml:id="Kac" n="ac">
<abbr>Kac</abbr>
<expan>MSS Kathmandu KL 699: Uttaratantra [ante correctionem]</expan>
</witness>
<witness xml:id="Kpc" n="pc">
<abbr type="siglum">Kpc</abbr>
<expan>MSS Kathmandu KL 699: Uttaratantra [post correctionem]</expan>
</witness>
</listWit>
</witness>
<witness xml:id="H" source="nak_5-333_uttaratantra-1-30.xml">
<abbr>H</abbr>
<expan>MS Kathmandu NAK 5-333, Uttaratantra</expan>
<listWit>
<witness xml:id="Hac" n="ac">
<abbr>Hac</abbr>
<expan>MS Kathmandu NAK 5-333, Uttaratantra [ante correctionem]</expan>
</witness>
<witness xml:id="Hpc" n="pc">
<abbr type="siglum">Hpc</abbr>
<expan>MS Kathmandu NAK 5-333, Uttaratantra [post correctionem]</expan>
</witness>
</listWit>
</witness>
<witness xml:id="NE" source="provisional-edition_uttaratantra-1-30.xml">
<abbr>NE</abbr>
<expan>The Nepalese Version of the Suśrutasaṃhitā, uttaratantra 1-30, based on the
                    Nepalese MSS</expan>
</witness>
</listWit>
    <encodingDesc>
      <editorialDecl>
        <segmentation>
          <ab type="tokenization">aksara</ab>
          <ab type="blockid">SS.6.19.3ab</ab>
          <ab type="targetedition">NE</ab>
          <ab type="scoring">
            <ab type="match">1</ab>
            <ab type="mismatch">-1</ab>
            <ab type="gapopen">-2</ab>
            <ab type="gapextend">-0.25</ab>
            <ab type="recursive">true</ab>
            <ab type="realigndepth">20</ab>
            <ab type="distancefunction">ngrams</ab>
            
          </ab>
        </segmentation>
        <normalization method="markup">
<ab>ignore punctuation</ab>
<ab>candrabindu as anusvāra</ab>
<ab>geminated aspirated consonants</ab>
<ab>geminated m after h</ab>
<ab>geminated t</ab>
<ab>geminated consonants after r</ab>
<ab>final nasal variants</ab>
<ab>internal nasal variants</ab>
<ab>final anusvāra variants</ab>
<ab>visarga aḥ before voiced consonants</ab>
<ab>visarga aḥ before vowels</ab>
<ab>visarga aḥ before unvoiced consonants and space + anusvāra</ab>
<ab>visarga āḥ variants</ab>
<ab>other visarga variants</ab>
<ab>superfluous avagrahas</ab>
<ab>double avagrahas</ab>
<ab>avagrahas to short a</ab>
<ab>internal visarga variants</ab>
<ab>final au/āv</ab>
<ab>final su</ab>
<ab>final i</ab>
<ab>kcch/kś</ab>
<ab>cś/tś</ab>
<ab>cch/ch</ab>
<ab>final t + hi</ab>
<ab>final t + voiced syllable</ab>
<ab>final t + n/m</ab>
<ab>final t + c/j</ab>
<ab>i/y + vowel</ab>
<ab>bhd for bdh</ab>
<ab>remove spaces</ab>
        </normalization>
        <ab type="tagfilters">
<tag subtype="ignore">pc</tag>
<tag subtype="ignore">head</tag>
<tag subtype="ignore">label</tag>
<tag subtype="ignore">note</tag>
<tag subtype="ignore">num</tag>
<tag subtype="ignore">locus</tag>
<tag subtype="ignore">supplied</tag>
<tag subtype="ignore">surplus</tag>
        </ab>
      </editorialDecl>
    </encodingDesc>
    <xenoData>
      <stemma format="nexml" id="stemma0"><nex:nexml xmlns:nex="http://www.nexml.org/2009" version="0.9"><nex:otus id="otus1"><nex:otu id="otu0" label="A"/><nex:otu id="otu1" label="H"/><nex:otu id="otu2" label="K"/><nex:otu id="otu3" label="NE"/></nex:otus><nex:trees otus="otus1" id="trees1"><nex:tree id="guidetree" label="guidetree" xsi:type="nex:FloatTree" xmlns:xsi="http://www.w3.org/2001/XMLSchema-instance"><nex:node id="b3c2864c-b2f4-4532-9cef-c5a9b2c9d87c" root="true"/><nex:node id="c4749f93-8f9c-4e91-82af-8c01871b192c"/><nex:node id="ddf4f4ee-f311-424a-baac-3934ae95b7da" label="A" otu="otu2"/><nex:node id="7e2a7a49-3a8e-48ce-9a71-34aea2a1e222" label="H" otu="otu3"/><nex:node id="3042be90-df66-467c-9d67-5425c176753a"/><nex:node id="0b0986b8-2102-422d-9b2e-41c43874afbe" label="K" otu="otu5"/><nex:node id="e9ba4593-3c13-4e7a-9bb8-2ab685a60df1" label="NE" otu="otu6"/><nex:edge source="b3c2864c-b2f4-4532-9cef-c5a9b2c9d87c" target="c4749f93-8f9c-4e91-82af-8c01871b192c" id="edge0" length="0.5"/><nex:edge source="b3c2864c-b2f4-4532-9cef-c5a9b2c9d87c" target="3042be90-df66-467c-9d67-5425c176753a" id="edge1" length="0.5"/><nex:edge source="c4749f93-8f9c-4e91-82af-8c01871b192c" target="ddf4f4ee-f311-424a-baac-3934ae95b7da" id="edge2" length="0"/><nex:edge source="c4749f93-8f9c-4e91-82af-8c01871b192c" target="7e2a7a49-3a8e-48ce-9a71-34aea2a1e222" id="edge3" length="0"/><nex:edge source="3042be90-df66-467c-9d67-5425c176753a" target="0b0986b8-2102-422d-9b2e-41c43874afbe" id="edge4" length="0"/><nex:edge source="3042be90-df66-467c-9d67-5425c176753a" target="e9ba4593-3c13-4e7a-9bb8-2ab685a60df1" id="edge5" length="0"/></nex:tree></nex:trees></nex:nexml></stemma>
    </xenoData>
  </teiHeader>
<TEI n="A"><text><cl><w n="0" lemma="a"> a</w><w n="1">bhyā</w><w n="2">ha</w><w n="3" lemma="te">te </w><w n="4" lemma="tu">tu </w></cl><cl><w n="5">na</w><w n="6">ya</w><w n="7" lemma="ne">ne </w></cl><cl><w n="8">ba</w><w n="9">hu</w><w n="10" lemma="dhā">dhā </w></cl><cl><w n="11">na</w><w n="12">rā</w><w n="13" lemma="ṇāṃ">ṇāṃ </w></cl><cl><w n="14">saṃ</w><w n="15">ra</w><w n="16">mbha</w><w n="17">rā</w><w n="18">ga</w><w n="19">tu</w><w n="20">mu</w><w n="21">lā</w><w n="22" lemma="su">su </w></cl><cl><w n="23">ru</w><w n="24">jā</w><w n="25" lemma="su">su </w></cl><cl><w n="26">dhī</w><w n="27">mā</w><w n="28" lemma="n">n |</w></cl></text></TEI><TEI n="H"><text><cl><w n="0" lemma="a"> a</w><w n="1">bhyā</w><w n="2">ha</w><w n="3" lemma="te">te </w><w n="4" lemma="tu">tu </w></cl><cl><w n="5">na</w><w n="6">ya</w><w n="7" lemma="ne">ne </w></cl><cl><w n="8">ba</w><w n="9">hu</w><w n="10" lemma="dhā">dhā </w></cl><cl><w n="11">na</w><w n="12">rā</w><w n="13" lemma="ṇāṃ">ṇāṃ, </w></cl><cl><w n="14">saṃ</w><w n="15">ra</w><w n="16">mbha</w><w n="17">rā</w><w n="18">ga</w><w n="19">tu</w><w n="20">mu</w><w n="21">lā</w><w n="22" lemma="su">su </w></cl><cl><w n="23">ru</w><w n="24">jā</w><w n="25" lemma="su">su </w></cl><cl><w n="26">dhī</w><w n="27">mā</w><w n="28" lemma="n">n |</w></cl></text></TEI><TEI n="K"><text><cl><w n="0" lemma="a"> a</w><w n="1">bhyā</w><w n="2">ha</w><w n="3" lemma="te">te </w><w n="4" lemma="tu">tu </w></cl><cl><w n="5">na</w><w n="6">ya</w><w n="7" lemma="ne">ne </w></cl><cl><w n="8">ba</w><w n="9">hu</w><w n="10" lemma="dhā">dhā </w></cl><cl><w n="11">ṇa</w><w n="12">rā</w><w n="13" lemma="ṇāṃ">ṇāṃ </w></cl><cl><w n="14">saṃ</w><w n="15">ra</w><w n="16">mbha</w><w n="17">rā</w><w n="18">ga</w><w n="19">tu</w><w n="20">mu</w><w n="21">lā</w><w n="22" lemma="su">su </w></cl><cl><w n="23">ru</w><w n="24">jā</w><w n="25" lemma="su">su </w></cl><cl><w n="26">dhī</w><w n="27" lemma="māṃ">māṃ |</w><w n="28"/></cl></text></TEI><TEI n="NE"><text><cl><w n="0" lemma="a"> a</w><w n="1">bhyā</w><w n="2">ha</w><w n="3" lemma="te">te </w><w n="4" lemma="tu">tu </w></cl><cl><w n="5">na</w><w n="6">ya</w><w n="7" lemma="ne">ne </w></cl><cl><w n="8">ba</w><w n="9">hu</w><w n="10" lemma="dhā">dhā </w></cl><cl><w n="11">ṇa</w><w n="12">rā</w><w n="13" lemma="ṇāṃ">ṇāṃ </w></cl><cl><w n="14">saṃ</w><w n="15">ra</w><w n="16">mbha</w><w n="17">rā</w><w n="18">ga</w><w n="19">tu</w><w n="20">mu</w><w n="21">lā</w><w n="22" lemma="su">su </w></cl><cl><w n="23">ru</w><w n="24">jā</w><w n="25" lemma="su">su </w></cl><cl><w n="26">dhī</w><w n="27" lemma="māṃ">māṃ |</w><w n="28"/></cl></text></TEI></teiCorpus>