<?xml version="1.0" encoding="UTF-8"?>
<teiCorpus xmlns="http://www.tei-c.org/ns/1.0" xml:lang="sa-Latn">
  <teiHeader>
<listWit>
<witness xml:id="A" source="06-ut-vulgate-1938-1-30.xml">
<abbr>A</abbr>
<expan>Printed edition: Ācārya 1938: Uttaratantra 1-30</expan>
</witness>
<witness xml:id="K" source="kl_699_uttaratantra-1-30.xml">
<abbr>K</abbr>
<expan>MSS Kathmandu KL 699: Uttaratantra</expan>
<listWit>
<witness xml:id="Kac" n="ac">
<abbr>Kac</abbr>
<expan>MSS Kathmandu KL 699: Uttaratantra [ante correctionem]</expan>
</witness>
<witness xml:id="Kpc" n="pc">
<abbr type="siglum">Kpc</abbr>
<expan>MSS Kathmandu KL 699: Uttaratantra [post correctionem]</expan>
</witness>
</listWit>
</witness>
<witness xml:id="H" source="nak_5-333_uttaratantra-1-30.xml">
<abbr>H</abbr>
<expan>MS Kathmandu NAK 5-333, Uttaratantra</expan>
<listWit>
<witness xml:id="Hac" n="ac">
<abbr>Hac</abbr>
<expan>MS Kathmandu NAK 5-333, Uttaratantra [ante correctionem]</expan>
</witness>
<witness xml:id="Hpc" n="pc">
<abbr type="siglum">Hpc</abbr>
<expan>MS Kathmandu NAK 5-333, Uttaratantra [post correctionem]</expan>
</witness>
</listWit>
</witness>
<witness xml:id="NE" source="provisional-edition_uttaratantra-1-30.xml">
<abbr>NE</abbr>
<expan>The Nepalese Version of the Suśrutasaṃhitā, uttaratantra 1-30, based on the
                    Nepalese MSS</expan>
</witness>
</listWit>
    <encodingDesc>
      <editorialDecl>
        <segmentation>
          <ab type="tokenization">aksara</ab>
          <ab type="blockid">SS.6.12.14</ab>
          <ab type="targetedition">NE</ab>
          <ab type="scoring">
            <ab type="match">1</ab>
            <ab type="mismatch">-1</ab>
            <ab type="gapopen">-2</ab>
            <ab type="gapextend">-0.25</ab>
            <ab type="recursive">true</ab>
            <ab type="realigndepth">20</ab>
            <ab type="distancefunction">ngrams</ab>
            
          </ab>
        </segmentation>
        <normalization method="markup">
<ab>ignore punctuation</ab>
<ab>candrabindu as anusvāra</ab>
<ab>geminated aspirated consonants</ab>
<ab>geminated m after h</ab>
<ab>geminated t</ab>
<ab>geminated consonants after r</ab>
<ab>final nasal variants</ab>
<ab>internal nasal variants</ab>
<ab>final anusvāra variants</ab>
<ab>visarga aḥ before voiced consonants</ab>
<ab>visarga aḥ before vowels</ab>
<ab>visarga aḥ before unvoiced consonants and space + anusvāra</ab>
<ab>visarga āḥ variants</ab>
<ab>other visarga variants</ab>
<ab>superfluous avagrahas</ab>
<ab>double avagrahas</ab>
<ab>avagrahas to short a</ab>
<ab>internal visarga variants</ab>
<ab>final au/āv</ab>
<ab>final su</ab>
<ab>final i</ab>
<ab>kcch/kś</ab>
<ab>cś/tś</ab>
<ab>cch/ch</ab>
<ab>final t + hi</ab>
<ab>final t + voiced syllable</ab>
<ab>final t + n/m</ab>
<ab>final t + c/j</ab>
<ab>i/y + vowel</ab>
<ab>bhd for bdh</ab>
<ab>remove spaces</ab>
        </normalization>
        <ab type="tagfilters">
<tag subtype="ignore">pc</tag>
<tag subtype="ignore">head</tag>
<tag subtype="ignore">label</tag>
<tag subtype="ignore">note</tag>
<tag subtype="ignore">num</tag>
<tag subtype="ignore">locus</tag>
<tag subtype="ignore">supplied</tag>
<tag subtype="ignore">surplus</tag>
        </ab>
      </editorialDecl>
    </encodingDesc>
    <xenoData>
      <stemma format="nexml" id="stemma0"><nex:nexml xmlns:nex="http://www.nexml.org/2009" version="0.9"><nex:otus id="otus1"><nex:otu id="otu0" label="A"/><nex:otu id="otu1" label="H"/><nex:otu id="otu2" label="K"/><nex:otu id="otu3" label="NE"/></nex:otus><nex:trees otus="otus1" id="trees1"><nex:tree id="guidetree" label="guidetree" xsi:type="nex:FloatTree" xmlns:xsi="http://www.w3.org/2001/XMLSchema-instance"><nex:node id="930169dc-59f2-48e3-b402-0e6d72edbec1" root="true"/><nex:node id="7dc1b413-5429-45e4-b3f2-1287e6a0dd7e"/><nex:node id="7284248a-be07-4aa9-a39b-1bb401a4dcce" label="A" otu="otu2"/><nex:node id="8e367b5b-c3c9-4974-ba08-ce1e6af5bf3e" label="H" otu="otu3"/><nex:node id="e5c6f8e2-3b87-4fdf-8991-3d4b654c5a0c"/><nex:node id="c4c3992f-89fb-416f-a23e-a102da221479" label="K" otu="otu5"/><nex:node id="b08d8585-ef45-41f1-b14f-5c2fdf7e35f4" label="NE" otu="otu6"/><nex:edge source="930169dc-59f2-48e3-b402-0e6d72edbec1" target="7dc1b413-5429-45e4-b3f2-1287e6a0dd7e" id="edge0" length="0.24569191500862453"/><nex:edge source="930169dc-59f2-48e3-b402-0e6d72edbec1" target="e5c6f8e2-3b87-4fdf-8991-3d4b654c5a0c" id="edge1" length="0.24569191500862453"/><nex:edge source="7dc1b413-5429-45e4-b3f2-1287e6a0dd7e" target="7284248a-be07-4aa9-a39b-1bb401a4dcce" id="edge2" length="0.508616169982751"/><nex:edge source="7dc1b413-5429-45e4-b3f2-1287e6a0dd7e" target="8e367b5b-c3c9-4974-ba08-ce1e6af5bf3e" id="edge3" length="0.3832550650375771"/><nex:edge source="e5c6f8e2-3b87-4fdf-8991-3d4b654c5a0c" target="c4c3992f-89fb-416f-a23e-a102da221479" id="edge4" length="0"/><nex:edge source="e5c6f8e2-3b87-4fdf-8991-3d4b654c5a0c" target="b08d8585-ef45-41f1-b14f-5c2fdf7e35f4" id="edge5" length="0"/></nex:tree></nex:trees></nex:nexml></stemma>
    </xenoData>
  </teiHeader>
<TEI n="A"><text><cl><w n="0" lemma="tra"> tra</w><w n="1" lemma="pu">pu </w></cl><cl><w n="2">kāṃ</w><w n="3">sya</w></cl><cl><w n="4">ma</w><w n="5" lemma="laṃ">laṃ </w></cl><cl><w n="6">cā</w><w n="7" lemma="pi">pi </w></cl><cl><w n="8">pi</w><w n="9" lemma="ṣṭvā">ṣṭvā </w></cl><cl><w n="10">pu</w><w n="11">ṣpa</w><w n="12">ra</w><w n="13">se</w><w n="14" lemma="na">na </w><w n="15" lemma="tu">tu | </w></cl><cl><w n="16">vi</w><w n="17">pu</w><w n="18" lemma="lā">lā </w><w n="19" lemma="yāḥ">yāḥ </w></cl><cl><w n="20">kṛ</w><w n="21" lemma="tā">tā </w></cl><cl><w n="22">va</w><w n="23" lemma="rtyaḥ">rtyaḥ </w></cl><cl><w n="24">pū</w><w n="25">ji</w><w n="26" lemma="tāḥ">tāś </w></cl><cl><w n="27" lemma="cāṃ">cāñ</w><w n="28">ja</w><w n="29" lemma="ne">ne </w></cl><w n="30">sa</w><cl><w n="31" lemma="dā">dā || </w></cl></text></TEI><TEI n="H"><text><cl><w n="0" lemma="tra"> tra</w><w n="1" lemma="pu">pu </w></cl><cl><w n="2">kā</w><w n="3">saṃ</w></cl><cl><w n="4">ma</w><w n="5" lemma="lau">lau </w></cl><cl><w n="6">cā</w><w n="7" lemma="pi">pi¦ </w></cl><cl><w n="8">pi</w><w n="9" lemma="ṣṭvā">ṣṭvā </w></cl><cl><w n="10">pu</w><w n="11">ṣpa</w><w n="12">ra</w><w n="13">se</w><w n="14" lemma="na">na </w><w n="15" lemma="tu">tu | </w></cl><cl><w n="16">vi</w><w n="17">dvu</w><w n="18">dā</w><w n="19" lemma="yāṃ">yāṃ </w></cl><cl><w n="20">kṛ</w><w n="21" lemma="tā">tā </w></cl><cl><w n="22">va</w><w n="23" lemma="rtyaḥ">rtyaḥ </w></cl><cl><w n="24">pū</w><w n="25">ji</w><w n="26" lemma="tāḥ">tāś </w></cl><cl><w n="27" lemma="cāṃ">cā¦ñ</w><w n="28">ja</w><w n="29" lemma="ne">ne </w></cl><w n="30" lemma="tu">tu </w><cl><w n="31" lemma="tāḥ">tāḥ || </w></cl></text></TEI><TEI n="K"><text><cl><w n="0" lemma="tra"> tra</w><w n="1" lemma="pu">pu </w></cl><cl><w n="2">kā</w><w n="3" lemma="saṃ">saṃ </w></cl><cl><w n="4">ma</w><w n="5" lemma="laḥ">laś </w></cl><cl><w n="6">cā</w><w n="7" lemma="pi">pi </w></cl><cl><w n="8">pi</w><w n="9" lemma="ṣṭvā">ṣṭvā </w></cl><cl><w n="10">pu</w><w n="11">ṣpa</w><w n="12">ra</w><w n="13">se</w><w n="14" lemma="na">na </w><w n="15" lemma="tu">tu | </w></cl><cl><w n="16">vi</w><w n="17">dvu</w><w n="18">dā</w><w n="19" lemma="yāṃ">yāṃ </w></cl><cl><w n="20">kṛ</w><w n="21" lemma="tā">tā </w></cl><cl><w n="22">va</w><w n="23" lemma="rtyaḥ">rtyaḥ </w></cl><cl><w n="24">pū</w><w n="25">ji</w><w n="26" lemma="taḥ">taś </w></cl><cl><w n="27" lemma="cāṃ">cāñ</w><w n="28">ja</w><w n="29" lemma="ne">ne </w></cl><w n="30" lemma="tu">tu </w><cl><w n="31" lemma="tāḥ">tāḥ | </w></cl></text></TEI><TEI n="NE"><text><cl><w n="0" lemma="tra"> tra</w><w n="1" lemma="pu">pu </w></cl><cl><w n="2">kā</w><w n="3" lemma="saṃ">saṃ </w></cl><cl><w n="4">ma</w><w n="5" lemma="laḥ">laś </w></cl><cl><w n="6">cā</w><w n="7" lemma="pi">pi </w></cl><cl><w n="8">pi</w><w n="9" lemma="ṣṭvā">ṣṭvā </w></cl><cl><w n="10">pu</w><w n="11">ṣpa</w><w n="12">ra</w><w n="13">se</w><w n="14" lemma="na">na </w><w n="15" lemma="tu">tu | </w></cl><cl><w n="16">vi</w><w n="17">dvu</w><w n="18">dā</w><w n="19" lemma="yāṃ">yāṃ </w></cl><cl><w n="20">kṛ</w><w n="21" lemma="tā">tā </w></cl><cl><w n="22">va</w><w n="23" lemma="rtyaḥ">rtyaḥ </w></cl><cl><w n="24">pū</w><w n="25">ji</w><w n="26" lemma="taḥ">taś </w></cl><cl><w n="27" lemma="cāṃ">cāñ</w><w n="28">ja</w><w n="29" lemma="ne">ne </w></cl><w n="30" lemma="tu">tu </w><cl><w n="31" lemma="tāḥ">tāḥ | </w></cl></text></TEI></teiCorpus>