<?xml version="1.0" encoding="UTF-8"?>
<teiCorpus xmlns="http://www.tei-c.org/ns/1.0" xml:lang="sa-Latn">
  <teiHeader>
<listWit>
<witness xml:id="A" source="06-ut-vulgate-1938-1-30.xml">
<abbr>A</abbr>
<expan>Printed edition: Ācārya 1938: Uttaratantra 1-30</expan>
</witness>
<witness xml:id="K" source="kl_699_uttaratantra-1-30.xml">
<abbr>K</abbr>
<expan>MSS Kathmandu KL 699: Uttaratantra</expan>
<listWit>
<witness xml:id="Kac" n="ac">
<abbr>Kac</abbr>
<expan>MSS Kathmandu KL 699: Uttaratantra [ante correctionem]</expan>
</witness>
<witness xml:id="Kpc" n="pc">
<abbr type="siglum">Kpc</abbr>
<expan>MSS Kathmandu KL 699: Uttaratantra [post correctionem]</expan>
</witness>
</listWit>
</witness>
<witness xml:id="H" source="nak_5-333_uttaratantra-1-30.xml">
<abbr>H</abbr>
<expan>MS Kathmandu NAK 5-333, Uttaratantra</expan>
<listWit>
<witness xml:id="Hac" n="ac">
<abbr>Hac</abbr>
<expan>MS Kathmandu NAK 5-333, Uttaratantra [ante correctionem]</expan>
</witness>
<witness xml:id="Hpc" n="pc">
<abbr type="siglum">Hpc</abbr>
<expan>MS Kathmandu NAK 5-333, Uttaratantra [post correctionem]</expan>
</witness>
</listWit>
</witness>
<witness xml:id="NE" source="provisional-edition_uttaratantra-1-30.xml">
<abbr>NE</abbr>
<expan>The Nepalese Version of the Suśrutasaṃhitā, uttaratantra 1-30, based on the
                    Nepalese MSS</expan>
</witness>
</listWit>
    <encodingDesc>
      <editorialDecl>
        <segmentation>
          <ab type="tokenization">aksara</ab>
          <ab type="blockid">SS.6.1.45</ab>
          <ab type="targetedition">NE</ab>
          <ab type="scoring">
            <ab type="match">1</ab>
            <ab type="mismatch">-1</ab>
            <ab type="gapopen">-2</ab>
            <ab type="gapextend">-0.25</ab>
            <ab type="recursive">true</ab>
            <ab type="realigndepth">20</ab>
            <ab type="distancefunction">ngrams</ab>
            
          </ab>
        </segmentation>
        <normalization method="markup">
<ab>ignore punctuation</ab>
<ab>candrabindu as anusvāra</ab>
<ab>geminated aspirated consonants</ab>
<ab>geminated m after h</ab>
<ab>geminated t</ab>
<ab>geminated consonants after r</ab>
<ab>final nasal variants</ab>
<ab>internal nasal variants</ab>
<ab>final anusvāra variants</ab>
<ab>visarga aḥ before voiced consonants</ab>
<ab>visarga aḥ before vowels</ab>
<ab>visarga aḥ before unvoiced consonants and space + anusvāra</ab>
<ab>visarga āḥ variants</ab>
<ab>other visarga variants</ab>
<ab>superfluous avagrahas</ab>
<ab>double avagrahas</ab>
<ab>avagrahas to short a</ab>
<ab>internal visarga variants</ab>
<ab>final au/āv</ab>
<ab>final su</ab>
<ab>final i</ab>
<ab>kcch/kś</ab>
<ab>cś/tś</ab>
<ab>cch/ch</ab>
<ab>final t + hi</ab>
<ab>final t + voiced syllable</ab>
<ab>final t + n/m</ab>
<ab>final t + c/j</ab>
<ab>i/y + vowel</ab>
<ab>bhd for bdh</ab>
<ab>remove spaces</ab>
        </normalization>
        <ab type="tagfilters">
<tag subtype="ignore">pc</tag>
<tag subtype="ignore">head</tag>
<tag subtype="ignore">label</tag>
<tag subtype="ignore">note</tag>
<tag subtype="ignore">num</tag>
<tag subtype="ignore">locus</tag>
<tag subtype="ignore">supplied</tag>
<tag subtype="ignore">surplus</tag>
        </ab>
      </editorialDecl>
    </encodingDesc>
    <xenoData>
      <stemma format="nexml" id="stemma0"><nex:nexml xmlns:nex="http://www.nexml.org/2009" version="0.9"><nex:otus id="otus1"><nex:otu id="otu0" label="A"/><nex:otu id="otu1" label="K"/><nex:otu id="otu2" label="H"/><nex:otu id="otu3" label="NE"/></nex:otus><nex:trees otus="otus1" id="trees1"><nex:tree id="guidetree" label="guidetree" xsi:type="nex:FloatTree" xmlns:xsi="http://www.w3.org/2001/XMLSchema-instance"><nex:node id="b8f5a122-b628-4e95-87c8-8bdd3927bb7e" root="true"/><nex:node id="a79a860b-d1bd-4d7e-b276-9835809cfaa5"/><nex:node id="d82eb347-753b-4a7f-bab2-3143493f0eee" label="A" otu="otu2"/><nex:node id="99eae7a8-d01c-465a-b26c-de57ed927484" label="K" otu="otu3"/><nex:node id="54913611-9d2b-470d-a57e-bebad9d6679a"/><nex:node id="c1d508f0-0bc1-41d6-9385-3621d573b271" label="H" otu="otu5"/><nex:node id="bd974f30-be46-43d8-8e78-68c6596fa150" label="NE" otu="otu6"/><nex:edge source="b8f5a122-b628-4e95-87c8-8bdd3927bb7e" target="a79a860b-d1bd-4d7e-b276-9835809cfaa5" id="edge0" length="0.015732852069129222"/><nex:edge source="b8f5a122-b628-4e95-87c8-8bdd3927bb7e" target="54913611-9d2b-470d-a57e-bebad9d6679a" id="edge1" length="0.015732852069129222"/><nex:edge source="a79a860b-d1bd-4d7e-b276-9835809cfaa5" target="d82eb347-753b-4a7f-bab2-3143493f0eee" id="edge2" length="0.5256957599187824"/><nex:edge source="a79a860b-d1bd-4d7e-b276-9835809cfaa5" target="99eae7a8-d01c-465a-b26c-de57ed927484" id="edge3" length="0.47430424008121763"/><nex:edge source="54913611-9d2b-470d-a57e-bebad9d6679a" target="c1d508f0-0bc1-41d6-9385-3621d573b271" id="edge4" length="0.43893540209503606"/><nex:edge source="54913611-9d2b-470d-a57e-bebad9d6679a" target="bd974f30-be46-43d8-8e78-68c6596fa150" id="edge5" length="0.4467416697908824"/></nex:tree></nex:trees></nex:nexml></stemma>
    </xenoData>
  </teiHeader>
<TEI n="A"><text><cl><w n="0" lemma="sa"> sa</w><w n="1">rvā</w><w n="2">śra</w><w n="3" lemma="yāḥ">yāḥ </w><w n="4">sa</w><w n="5">pta</w><w n="6">da</w><w n="7" lemma="śa">śa </w><w n="8">dṛ</w><w n="9">ṣṭi</w><w n="10" lemma="jā">jā </w><w n="11">dvā</w><w n="12">da</w><w n="13">śai</w><w n="14" lemma="va">va </w><w n="15" lemma="tu">tu | </w><w n="16">bā</w><w n="17">hya</w><w n="18" lemma="jau">jau </w><w n="19" lemma="dvau">dvau </w><w n="20">sa</w><w n="21">mā</w><w n="22">khyā</w><w n="23" lemma="tau">tau </w><w n="24">ro</w><w n="25" lemma="gau">gau </w><w n="26">pa</w><w n="27">ra</w><w n="28">ma</w><w n="29">dā</w><w n="30">ru</w><w n="31" lemma="ṇau">ṇau | </w><w n="32">bhū</w><w n="33" lemma="ya">ya </w></cl><cl><w n="34">e</w><w n="35">tā</w></cl><cl><w n="36" lemma="npra">n pra</w><w n="37">va</w><w n="38">kṣyā</w><w n="39" lemma="mi">mi </w></cl><cl><w n="40">sa</w><w n="41">ṅkhyā</w><w n="42">rū</w><w n="43">pa</w><w n="44">ci</w><w n="45">ki</w><w n="46">tsi</w><w n="47" lemma="taiḥ">taiḥ ||</w></cl><cl><w n="48"/><w n="49"/></cl><cl><w n="50"/><w n="51"/><w n="52"/></cl></text></TEI><TEI n="K"><text><cl><w n="0"/><w n="1"/><w n="2"/><w n="3"/><w n="4"/><w n="5"/><w n="6"/><w n="7"/><w n="8"/><w n="9"/><w n="10"/><w n="11"/><w n="12"/><w n="13"/><w n="14"/><w n="15"/><w n="16"/><w n="17"/><w n="18"/><w n="19"/><w n="20"/><w n="21"/><w n="22"/><w n="23"/><w n="24"/><w n="25"/><w n="26"/><w n="27"/><w n="28"/><w n="29"/><w n="30"/><w n="31"/><w n="32">bhū</w><w n="33">ya</w></cl><cl><w n="34">ste</w><w n="35" lemma="ṣāṃ">ṣāṃ </w></cl><cl><w n="36">pra</w><w n="37">va</w><w n="38">kṣyā</w><w n="39" lemma="mi">mi </w></cl><cl><w n="40">saṃ</w><w n="41">khyā</w><w n="42">rū</w><w n="43">pa</w><w n="44">ci</w><w n="45">ki</w><w n="46">tsi</w><w n="47">tai</w></cl><cl><w n="48">ri</w><w n="49" lemma="ti">ti || </w></cl><cl><w n="50">śā</w><w n="51">lā</w><w n="52" lemma="kṛ">kṛ 1 ||</w></cl></text></TEI><TEI n="H"><text><cl><w n="0"/><w n="1"/><w n="2"/><w n="3"/><w n="4"/><w n="5"/><w n="6"/><w n="7"/><w n="8"/><w n="9"/><w n="10"/><w n="11"/><w n="12"/><w n="13"/><w n="14"/><w n="15"/><w n="16"/><w n="17"/><w n="18"/><w n="19"/><w n="20"/><w n="21"/><w n="22"/><w n="23"/><w n="24"/><w n="25"/><w n="26"/><w n="27"/><w n="28"/><w n="29"/><w n="30"/><w n="31"/><w n="32">bhū</w><w n="33">ya</w></cl><cl><w n="34">stve</w><w n="35" lemma="ṣāṃ">ṣām </w></cl><cl><w n="36">pra</w><w n="37">va</w><w n="38">kṣyā</w><w n="39" lemma="mi">mi </w></cl><cl><w n="40">saṃ</w><w n="41">khyā</w><w n="42">rū</w><w n="43">pa</w><w n="44">ci</w><w n="45">ki</w><w n="46">tsi</w><w n="47" lemma="taiḥ">tair </w></cl><cl><w n="48">i</w><w n="49" lemma="ti">ti ||</w></cl><cl><w n="50"/><w n="51"/><w n="52"/></cl></text></TEI><TEI n="NE"><text><cl><w n="0" lemma=""> </w><w n="1"/><w n="2"/><w n="3"/><w n="4"/><w n="5"/><w n="6"/><w n="7"/><w n="8"/><w n="9"/><w n="10"/><w n="11"/><w n="12"/><w n="13"/><w n="14"/><w n="15"/><w n="16"/><w n="17"/><w n="18"/><w n="19"/><w n="20"/><w n="21"/><w n="22"/><w n="23"/><w n="24"/><w n="25"/><w n="26"/><w n="27"/><w n="28"/><w n="29"/><w n="30"/><w n="31"/><w n="32">bhū</w><w n="33" lemma="yaḥ">yas </w></cl><cl><w n="34">te</w><w n="35" lemma="ṣāṃ">ṣāṃ </w></cl><cl><w n="36">pra</w><w n="37">va</w><w n="38">kṣyā</w><w n="39" lemma="mi">mi </w></cl><cl><w n="40">saṃ</w><w n="41">khyā</w><w n="42">rū</w><w n="43">pa</w><w n="44">ci</w><w n="45">ki</w><w n="46">tsi</w><w n="47" lemma="taiḥ">tair </w></cl><cl><w n="48">i</w><w n="49" lemma="ti">ti || </w></cl><cl><w n="50">śā</w><w n="51">lā</w><w n="52" lemma="kṛ">kṛ 1 ||</w></cl></text></TEI></teiCorpus>