<?xml version="1.0" encoding="UTF-8"?>
<teiCorpus xmlns="http://www.tei-c.org/ns/1.0" xml:lang="sa-Latn">
  <teiHeader>
<listWit>
<witness xml:id="A" source="06-ut-vulgate-1938-1-30.xml">
<abbr>A</abbr>
<expan>Printed edition: Ācārya 1938: Uttaratantra 1-30</expan>
</witness>
<witness xml:id="K" source="kl_699_uttaratantra-1-30.xml">
<abbr>K</abbr>
<expan>MSS Kathmandu KL 699: Uttaratantra</expan>
<listWit>
<witness xml:id="Kac" n="ac">
<abbr>Kac</abbr>
<expan>MSS Kathmandu KL 699: Uttaratantra [ante correctionem]</expan>
</witness>
<witness xml:id="Kpc" n="pc">
<abbr type="siglum">Kpc</abbr>
<expan>MSS Kathmandu KL 699: Uttaratantra [post correctionem]</expan>
</witness>
</listWit>
</witness>
<witness xml:id="H" source="nak_5-333_uttaratantra-1-30.xml">
<abbr>H</abbr>
<expan>MS Kathmandu NAK 5-333, Uttaratantra</expan>
<listWit>
<witness xml:id="Hac" n="ac">
<abbr>Hac</abbr>
<expan>MS Kathmandu NAK 5-333, Uttaratantra [ante correctionem]</expan>
</witness>
<witness xml:id="Hpc" n="pc">
<abbr type="siglum">Hpc</abbr>
<expan>MS Kathmandu NAK 5-333, Uttaratantra [post correctionem]</expan>
</witness>
</listWit>
</witness>
<witness xml:id="NE" source="provisional-edition_uttaratantra-1-30.xml">
<abbr>NE</abbr>
<expan>The Nepalese Version of the Suśrutasaṃhitā, uttaratantra 1-30, based on the
                    Nepalese MSS</expan>
</witness>
</listWit>
    <encodingDesc>
      <editorialDecl>
        <segmentation>
          <ab type="tokenization">aksara</ab>
          <ab type="blockid">SS.6.1.1</ab>
          <ab type="targetedition">NE</ab>
          <ab type="scoring">
            <ab type="match">1</ab>
            <ab type="mismatch">-1</ab>
            <ab type="gapopen">-2</ab>
            <ab type="gapextend">-0.25</ab>
            <ab type="recursive">true</ab>
            <ab type="realigndepth">20</ab>
            <ab type="distancefunction">ngrams</ab>
            
          </ab>
        </segmentation>
        <normalization method="markup">
<ab>ignore punctuation</ab>
<ab>candrabindu as anusvāra</ab>
<ab>geminated aspirated consonants</ab>
<ab>geminated m after h</ab>
<ab>geminated t</ab>
<ab>geminated consonants after r</ab>
<ab>final nasal variants</ab>
<ab>internal nasal variants</ab>
<ab>final anusvāra variants</ab>
<ab>visarga aḥ before voiced consonants</ab>
<ab>visarga aḥ before vowels</ab>
<ab>visarga aḥ before unvoiced consonants and space + anusvāra</ab>
<ab>visarga āḥ variants</ab>
<ab>other visarga variants</ab>
<ab>superfluous avagrahas</ab>
<ab>double avagrahas</ab>
<ab>avagrahas to short a</ab>
<ab>internal visarga variants</ab>
<ab>final au/āv</ab>
<ab>final su</ab>
<ab>final i</ab>
<ab>kcch/kś</ab>
<ab>cś/tś</ab>
<ab>cch/ch</ab>
<ab>final t + hi</ab>
<ab>final t + voiced syllable</ab>
<ab>final t + n/m</ab>
<ab>final t + c/j</ab>
<ab>i/y + vowel</ab>
<ab>bhd for bdh</ab>
<ab>remove spaces</ab>
        </normalization>
        <ab type="tagfilters">
<tag subtype="ignore">pc</tag>
<tag subtype="ignore">head</tag>
<tag subtype="ignore">label</tag>
<tag subtype="ignore">note</tag>
<tag subtype="ignore">num</tag>
<tag subtype="ignore">locus</tag>
<tag subtype="ignore">supplied</tag>
<tag subtype="ignore">surplus</tag>
        </ab>
      </editorialDecl>
    </encodingDesc>
    <xenoData>
      <stemma format="nexml" id="stemma0"><nex:nexml xmlns:nex="http://www.nexml.org/2009" version="0.9"><nex:otus id="otus1"><nex:otu id="otu0" label="A"/><nex:otu id="otu1" label="H"/><nex:otu id="otu2" label="K"/><nex:otu id="otu3" label="NE"/></nex:otus><nex:trees otus="otus1" id="trees1"><nex:tree id="guidetree" label="guidetree" xsi:type="nex:FloatTree" xmlns:xsi="http://www.w3.org/2001/XMLSchema-instance"><nex:node id="0fdedaee-6d74-4fd4-8023-47af35a104b8" root="true"/><nex:node id="49804088-723b-4d3b-9f35-a81b9bec4755"/><nex:node id="b8b1cc5f-22ff-4787-9ce8-ee80542d452a" label="A" otu="otu2"/><nex:node id="c9c020cc-1a92-4bff-a6bf-3dc06fc80059" label="H" otu="otu3"/><nex:node id="68b3f098-396c-42aa-8638-86239cd83e21"/><nex:node id="4ff87d02-bfb5-4c4a-95d2-c489070183dc" label="K" otu="otu5"/><nex:node id="29cf4f26-6a75-4c72-b74f-70163ff5db0e" label="NE" otu="otu6"/><nex:edge source="0fdedaee-6d74-4fd4-8023-47af35a104b8" target="49804088-723b-4d3b-9f35-a81b9bec4755" id="edge0" length="0.5"/><nex:edge source="0fdedaee-6d74-4fd4-8023-47af35a104b8" target="68b3f098-396c-42aa-8638-86239cd83e21" id="edge1" length="0.5"/><nex:edge source="49804088-723b-4d3b-9f35-a81b9bec4755" target="b8b1cc5f-22ff-4787-9ce8-ee80542d452a" id="edge2" length="0"/><nex:edge source="49804088-723b-4d3b-9f35-a81b9bec4755" target="c9c020cc-1a92-4bff-a6bf-3dc06fc80059" id="edge3" length="0"/><nex:edge source="68b3f098-396c-42aa-8638-86239cd83e21" target="4ff87d02-bfb5-4c4a-95d2-c489070183dc" id="edge4" length="0"/><nex:edge source="68b3f098-396c-42aa-8638-86239cd83e21" target="29cf4f26-6a75-4c72-b74f-70163ff5db0e" id="edge5" length="0"/></nex:tree></nex:trees></nex:nexml></stemma>
    </xenoData>
  </teiHeader>
<TEI n="A"><text><cl><w n="0" lemma="a"> a</w><w n="1">thā</w><w n="2" lemma="ta">ta </w></cl><cl><w n="3">au</w><w n="4">pa</w><w n="5">dra</w><w n="6">vi</w><w n="7" lemma="kaṃ">kam </w></cl><cl><w n="8">a</w><w n="9">dhyā</w><w n="10" lemma="yaṃ">yaṃ </w></cl><cl><w n="11">vyā</w><w n="12">khyā</w><w n="13">syā</w><w n="14" lemma="maḥ">maḥ ||</w></cl></text></TEI><TEI n="H"><text><cl><w n="0" lemma="a">1 a</w><w n="1">thā</w><w n="2" lemma="ta">ta </w></cl><cl><w n="3">au</w><w n="4">pa</w><w n="5">dra</w><w n="6">vi</w><w n="7" lemma="kaṃ">kam </w></cl><cl><w n="8">a</w><w n="9">dhyā</w><w n="10" lemma="yaṃ">yam </w></cl><cl><w n="11">vyā</w><w n="12">khyā</w><w n="13">syā</w><w n="14" lemma="maḥ">maḥ ||</w></cl></text></TEI><TEI n="K"><text><cl><w n="0">a</w><w n="1">thā</w><w n="2" lemma="taḥ">taḥ </w></cl><cl><w n="3">au</w><w n="4">pa</w><w n="5">dra</w><w n="6">vi</w><w n="7" lemma="kaṃ">kam </w></cl><cl><w n="8">a</w><w n="9">dhyā</w><w n="10" lemma="yaṃ">yaṃ </w></cl><cl><w n="11">vyā</w><w n="12">khyā</w><w n="13">syā</w><w n="14" lemma="maḥ">maḥ ||</w></cl></text></TEI><TEI n="NE"><text><cl><w n="0" lemma="a"> a</w><w n="1">thā</w><w n="2" lemma="taḥ">taḥ </w></cl><cl><w n="3">au</w><w n="4">pa</w><w n="5">dra</w><w n="6">vi</w><w n="7" lemma="kaṃ">kam </w></cl><cl><w n="8">a</w><w n="9">dhyā</w><w n="10" lemma="yaṃ">yaṃ </w></cl><cl><w n="11">vyā</w><w n="12">khyā</w><w n="13">syā</w><w n="14" lemma="maḥ">maḥ ||</w></cl></text></TEI></teiCorpus>