<?xml version="1.0" encoding="UTF-8"?>
<teiCorpus xmlns="http://www.tei-c.org/ns/1.0" xml:lang="sa-Latn">
  <teiHeader>
<listWit>
<witness xml:id="A" source="06-ut-vulgate-1938-1-30.xml">
<abbr>A</abbr>
<expan>Printed edition: Ācārya 1938: Uttaratantra 1-30</expan>
</witness>
<witness xml:id="K" source="kl_699_uttaratantra-1-30.xml">
<abbr>K</abbr>
<expan>MSS Kathmandu KL 699: Uttaratantra</expan>
<listWit>
<witness xml:id="Kac" n="ac">
<abbr>Kac</abbr>
<expan>MSS Kathmandu KL 699: Uttaratantra [ante correctionem]</expan>
</witness>
<witness xml:id="Kpc" n="pc">
<abbr type="siglum">Kpc</abbr>
<expan>MSS Kathmandu KL 699: Uttaratantra [post correctionem]</expan>
</witness>
</listWit>
</witness>
<witness xml:id="H" source="nak_5-333_uttaratantra-1-30.xml">
<abbr>H</abbr>
<expan>MS Kathmandu NAK 5-333, Uttaratantra</expan>
<listWit>
<witness xml:id="Hac" n="ac">
<abbr>Hac</abbr>
<expan>MS Kathmandu NAK 5-333, Uttaratantra [ante correctionem]</expan>
</witness>
<witness xml:id="Hpc" n="pc">
<abbr type="siglum">Hpc</abbr>
<expan>MS Kathmandu NAK 5-333, Uttaratantra [post correctionem]</expan>
</witness>
</listWit>
</witness>
<witness xml:id="NE" source="provisional-edition_uttaratantra-1-30.xml">
<abbr>NE</abbr>
<expan>The Nepalese Version of the Suśrutasaṃhitā, uttaratantra 1-30, based on the
                    Nepalese MSS</expan>
</witness>
</listWit>
    <encodingDesc>
      <editorialDecl>
        <segmentation>
          <ab type="tokenization">aksara</ab>
          <ab type="blockid">SS.6.1.43</ab>
          <ab type="targetedition">NE</ab>
          <ab type="scoring">
            <ab type="match">1</ab>
            <ab type="mismatch">-1</ab>
            <ab type="gapopen">-2</ab>
            <ab type="gapextend">-0.25</ab>
            <ab type="recursive">true</ab>
            <ab type="realigndepth">20</ab>
            <ab type="distancefunction">ngrams</ab>
            
          </ab>
        </segmentation>
        <normalization method="markup">
<ab>ignore punctuation</ab>
<ab>candrabindu as anusvāra</ab>
<ab>geminated aspirated consonants</ab>
<ab>geminated m after h</ab>
<ab>geminated t</ab>
<ab>geminated consonants after r</ab>
<ab>final nasal variants</ab>
<ab>internal nasal variants</ab>
<ab>final anusvāra variants</ab>
<ab>visarga aḥ before voiced consonants</ab>
<ab>visarga aḥ before vowels</ab>
<ab>visarga aḥ before unvoiced consonants and space + anusvāra</ab>
<ab>visarga āḥ variants</ab>
<ab>other visarga variants</ab>
<ab>superfluous avagrahas</ab>
<ab>double avagrahas</ab>
<ab>avagrahas to short a</ab>
<ab>internal visarga variants</ab>
<ab>final au/āv</ab>
<ab>final su</ab>
<ab>final i</ab>
<ab>kcch/kś</ab>
<ab>cś/tś</ab>
<ab>cch/ch</ab>
<ab>final t + hi</ab>
<ab>final t + voiced syllable</ab>
<ab>final t + n/m</ab>
<ab>final t + c/j</ab>
<ab>i/y + vowel</ab>
<ab>bhd for bdh</ab>
<ab>remove spaces</ab>
        </normalization>
        <ab type="tagfilters">
<tag subtype="ignore">pc</tag>
<tag subtype="ignore">head</tag>
<tag subtype="ignore">label</tag>
<tag subtype="ignore">note</tag>
<tag subtype="ignore">num</tag>
<tag subtype="ignore">locus</tag>
<tag subtype="ignore">supplied</tag>
<tag subtype="ignore">surplus</tag>
        </ab>
      </editorialDecl>
    </encodingDesc>
    <xenoData>
      <stemma format="nexml" id="stemma0"><nex:nexml xmlns:nex="http://www.nexml.org/2009" version="0.9"><nex:otus id="otus1"><nex:otu id="otu0" label="A"/><nex:otu id="otu1" label="Hac"/><nex:otu id="otu2" label="Hpc"/><nex:otu id="otu3" label="K"/><nex:otu id="otu4" label="NE"/></nex:otus><nex:trees otus="otus1" id="trees1"><nex:tree id="guidetree" label="guidetree" xsi:type="nex:FloatTree" xmlns:xsi="http://www.w3.org/2001/XMLSchema-instance"><nex:node id="ab16475d-4c4d-4b06-b7df-7ac07dee7cb2" root="true"/><nex:node id="1652e290-4817-47cf-9f3e-9fd372d4015e"/><nex:node id="0b0185e2-a0ca-4b97-84c8-c84f7a936d64" label="A" otu="otu2"/><nex:node id="885611a9-d3d4-42a1-89d9-e6312ccce43f"/><nex:node id="4f7af48e-4984-4470-af27-dcc18f900786" label="Hac" otu="otu4"/><nex:node id="dde67345-df6e-4af8-8d70-6c8d5cad780b" label="Hpc" otu="otu5"/><nex:node id="1401e7ff-7ade-4892-bbe2-9a537e9e6c1a"/><nex:node id="8b09cb31-3ce1-48d9-8d91-4503dd4ecc29" label="K" otu="otu7"/><nex:node id="de9ff728-56a9-4781-9e86-179bb7e01037" label="NE" otu="otu8"/><nex:edge source="ab16475d-4c4d-4b06-b7df-7ac07dee7cb2" target="1652e290-4817-47cf-9f3e-9fd372d4015e" id="edge0" length="0.236411129710677"/><nex:edge source="ab16475d-4c4d-4b06-b7df-7ac07dee7cb2" target="1401e7ff-7ade-4892-bbe2-9a537e9e6c1a" id="edge1" length="0.236411129710677"/><nex:edge source="1652e290-4817-47cf-9f3e-9fd372d4015e" target="0b0185e2-a0ca-4b97-84c8-c84f7a936d64" id="edge2" length="0.7994157554904103"/><nex:edge source="1652e290-4817-47cf-9f3e-9fd372d4015e" target="885611a9-d3d4-42a1-89d9-e6312ccce43f" id="edge3" length="0"/><nex:edge source="1401e7ff-7ade-4892-bbe2-9a537e9e6c1a" target="8b09cb31-3ce1-48d9-8d91-4503dd4ecc29" id="edge4" length="0"/><nex:edge source="1401e7ff-7ade-4892-bbe2-9a537e9e6c1a" target="de9ff728-56a9-4781-9e86-179bb7e01037" id="edge5" length="0"/><nex:edge source="885611a9-d3d4-42a1-89d9-e6312ccce43f" target="4f7af48e-4984-4470-af27-dcc18f900786" id="edge6" length="0.236851112669357"/><nex:edge source="885611a9-d3d4-42a1-89d9-e6312ccce43f" target="dde67345-df6e-4af8-8d70-6c8d5cad780b" id="edge7" length="0.22283249379862047"/></nex:tree></nex:trees></nex:nexml></stemma>
    </xenoData>
  </teiHeader>
<TEI n="A"><text><cl><w n="0" lemma="sa"> sa</w><w n="1">ni</w><w n="2">mi</w><w n="3" lemma="taḥ">tto </w><w n="4" lemma="a">'</w><w n="5">ni</w><w n="6">mi</w><w n="7" lemma="taḥ">ttaś </w><w n="8" lemma="ca">ca </w></cl><cl><w n="9" lemma="dvau">dvāv </w><w n="10">a</w><w n="11">sā</w><w n="12" lemma="dhyau">dhyau </w><w n="13" lemma="tu">tu </w></cl><cl><w n="14">bā</w><w n="15">hya</w><w n="16"/></cl><cl><w n="17"/><w n="18" lemma="jau">jau | </w></cl><cl><w n="19">ṣa</w><w n="20">ṭsa</w><w n="21">pta</w><w n="22" lemma="tiḥ">tir </w><w n="23">vi</w><w n="24">kā</w><w n="25">rā</w><w n="26" lemma="ṇāṃ">ṇām </w><w n="27">e</w><w n="28" lemma="ṣā">ṣā </w></cl><cl><w n="29">saṃ</w><w n="30">gra</w><w n="31"/><w n="32">ha</w></cl><cl><w n="33"/><w n="34">kī</w><w n="35">rti</w><w n="36" lemma="tā">tā || </w></cl></text></TEI><TEI n="Hac"><text><cl><w n="0">sa</w><w n="1">ni</w><w n="2">mi</w><w n="3" lemma="to">tto</w><w n="4"/><w n="5">ni</w><w n="6">mi</w><w n="7" lemma="taḥ">ttaś </w><w n="8" lemma="ca">ca </w></cl><cl><w n="9">dvā</w><w n="10">va</w><w n="11">sā</w><w n="12" lemma="dhyau">dhyau </w><w n="13"/></cl><cl><w n="14">vā</w><w n="15">hya</w><w n="16" lemma="taḥ">taḥ | </w></cl><cl><w n="17">ro</w><w n="18" lemma="gāḥ">gāḥ </w></cl><cl><w n="19">ṣa</w><w n="20">ṭsa</w><w n="21">pta</w><w n="22"/><w n="23">ti</w><w n="24"/><w n="25"/><w n="26"/><w n="27">sve</w><w n="28" lemma="te">te </w></cl><cl><w n="29">saṃ</w><w n="30">gra</w><w n="31">he</w><w n="32" lemma="ṇa">ṇa </w></cl><cl><w n="33">pra</w><w n="34">kī</w><w n="35" lemma="rti">rtti</w><w n="36" lemma="tāḥ">tāḥ ||</w></cl></text></TEI><TEI n="Hpc"><text><cl><w n="0">sa</w><w n="1">ni</w><w n="2">mi</w><w n="3" lemma="to">tto</w><w n="4"/><w n="5">ni</w><w n="6">mi</w><w n="7" lemma="taḥ">ttaś </w><w n="8" lemma="ca">ca </w></cl><cl><w n="9">dvā</w><w n="10">va</w><w n="11">sā</w><w n="12">dhyau</w><w n="13" lemma="tu">tu </w></cl><cl><w n="14">vā</w><w n="15">hya</w><w n="16" lemma="taḥ">taḥ | </w></cl><cl><w n="17">ro</w><w n="18" lemma="gāḥ">gāḥ </w></cl><cl><w n="19">ṣa</w><w n="20">ṭsa</w><w n="21">pta</w><w n="22"/><w n="23">ti</w><w n="24"/><w n="25"/><w n="26"/><w n="27">sve</w><w n="28" lemma="te">te </w></cl><cl><w n="29">saṃ</w><w n="30">gra</w><w n="31">he</w><w n="32" lemma="ṇa">ṇa </w></cl><cl><w n="33">pra</w><w n="34">kī</w><w n="35" lemma="rti">rtti</w><w n="36" lemma="tāḥ">tāḥ ||</w></cl></text></TEI><TEI n="K"><text><cl><w n="0">sa</w><w n="1">ni</w><w n="2">mi</w><w n="3"/><w n="4" lemma="taḥ">tto </w><w n="5">ni</w><w n="6">mi</w><w n="7" lemma="taḥ">ttaś </w><w n="8" lemma="ca">ca </w></cl><cl><w n="9">dvā</w><w n="10">va</w><w n="11">sā</w><w n="12" lemma="dhyau">dhyau </w><w n="13" lemma="ca">ca </w></cl><cl><w n="14">bā</w><w n="15">hya</w><w n="16" lemma="taḥ">taḥ | </w></cl><cl><w n="17">ro</w><w n="18" lemma="gāḥ">gāḥ </w></cl><cl><w n="19">ṣa</w><w n="20">ṭsa</w><w n="21">pta</w><w n="22"/><w n="23">ti</w><w n="24"/><w n="25"/><w n="26"/><w n="27">stve</w><w n="28" lemma="te">te </w></cl><cl><w n="29" lemma="saṃ">saṅ</w><w n="30">gra</w><w n="31">he</w><w n="32" lemma="ṇa">ṇa </w></cl><cl><w n="33">pra</w><w n="34">kī</w><w n="35" lemma="rti">rtti</w><w n="36" lemma="tāḥ">tāḥ |</w></cl></text></TEI><TEI n="NE"><text><cl><w n="0" lemma="sa"> sa</w><w n="1">ni</w><w n="2">mi</w><w n="3"/><w n="4" lemma="taḥ">tto </w><w n="5">ni</w><w n="6">mi</w><w n="7" lemma="taḥ">ttaś </w><w n="8" lemma="ca">ca </w></cl><cl><w n="9">dvā</w><w n="10">va</w><w n="11">sā</w><w n="12" lemma="dhyau">dhyau </w><w n="13" lemma="ca">ca </w></cl><cl><w n="14">bā</w><w n="15">hya</w><w n="16" lemma="taḥ">taḥ | </w></cl><cl><w n="17">ro</w><w n="18" lemma="gāḥ">gāḥ </w></cl><cl><w n="19">ṣa</w><w n="20">ṭsa</w><w n="21">pta</w><w n="22"/><w n="23">ti</w><w n="24"/><w n="25"/><w n="26"/><w n="27">stve</w><w n="28" lemma="te">te </w></cl><cl><w n="29" lemma="saṃ">saṅ</w><w n="30">gra</w><w n="31">he</w><w n="32" lemma="ṇa">ṇa </w></cl><cl><w n="33">pra</w><w n="34">kī</w><w n="35" lemma="rti">rtti</w><w n="36" lemma="tāḥ">tāḥ |</w></cl></text></TEI></teiCorpus>