<?xml version="1.0" encoding="UTF-8"?>
<teiCorpus xmlns="http://www.tei-c.org/ns/1.0" xml:lang="sa-Latn">
  <teiHeader>
<listWit>
<witness xml:id="A" source="06-ut-vulgate-1938-1-30.xml">
<abbr>A</abbr>
<expan>Printed edition: Ācārya 1938: Uttaratantra 1-30</expan>
</witness>
<witness xml:id="K" source="kl_699_uttaratantra-1-30.xml">
<abbr>K</abbr>
<expan>MSS Kathmandu KL 699: Uttaratantra</expan>
<listWit>
<witness xml:id="Kac" n="ac">
<abbr>Kac</abbr>
<expan>MSS Kathmandu KL 699: Uttaratantra [ante correctionem]</expan>
</witness>
<witness xml:id="Kpc" n="pc">
<abbr type="siglum">Kpc</abbr>
<expan>MSS Kathmandu KL 699: Uttaratantra [post correctionem]</expan>
</witness>
</listWit>
</witness>
<witness xml:id="H" source="nak_5-333_uttaratantra-1-30.xml">
<abbr>H</abbr>
<expan>MS Kathmandu NAK 5-333, Uttaratantra</expan>
<listWit>
<witness xml:id="Hac" n="ac">
<abbr>Hac</abbr>
<expan>MS Kathmandu NAK 5-333, Uttaratantra [ante correctionem]</expan>
</witness>
<witness xml:id="Hpc" n="pc">
<abbr type="siglum">Hpc</abbr>
<expan>MS Kathmandu NAK 5-333, Uttaratantra [post correctionem]</expan>
</witness>
</listWit>
</witness>
<witness xml:id="NE" source="provisional-edition_uttaratantra-1-30.xml">
<abbr>NE</abbr>
<expan>The Nepalese Version of the Suśrutasaṃhitā, uttaratantra 1-30, based on the
                    Nepalese MSS</expan>
</witness>
</listWit>
    <encodingDesc>
      <editorialDecl>
        <segmentation>
          <ab type="tokenization">aksara</ab>
          <ab type="blockid">SS.6.18.57</ab>
          <ab type="targetedition">NE</ab>
          <ab type="scoring">
            <ab type="match">1</ab>
            <ab type="mismatch">-1</ab>
            <ab type="gapopen">-2</ab>
            <ab type="gapextend">-0.25</ab>
            <ab type="recursive">true</ab>
            <ab type="realigndepth">20</ab>
            <ab type="distancefunction">ngrams</ab>
            
          </ab>
        </segmentation>
        <normalization method="markup">
<ab>ignore punctuation</ab>
<ab>candrabindu as anusvāra</ab>
<ab>geminated aspirated consonants</ab>
<ab>geminated m after h</ab>
<ab>geminated t</ab>
<ab>geminated consonants after r</ab>
<ab>final nasal variants</ab>
<ab>internal nasal variants</ab>
<ab>final anusvāra variants</ab>
<ab>visarga aḥ before voiced consonants</ab>
<ab>visarga aḥ before vowels</ab>
<ab>visarga aḥ before unvoiced consonants and space + anusvāra</ab>
<ab>visarga āḥ variants</ab>
<ab>other visarga variants</ab>
<ab>superfluous avagrahas</ab>
<ab>double avagrahas</ab>
<ab>avagrahas to short a</ab>
<ab>internal visarga variants</ab>
<ab>final au/āv</ab>
<ab>final su</ab>
<ab>final i</ab>
<ab>kcch/kś</ab>
<ab>cś/tś</ab>
<ab>cch/ch</ab>
<ab>final t + hi</ab>
<ab>final t + voiced syllable</ab>
<ab>final t + n/m</ab>
<ab>final t + c/j</ab>
<ab>i/y + vowel</ab>
<ab>bhd for bdh</ab>
<ab>remove spaces</ab>
        </normalization>
        <ab type="tagfilters">
<tag subtype="ignore">pc</tag>
<tag subtype="ignore">head</tag>
<tag subtype="ignore">label</tag>
<tag subtype="ignore">note</tag>
<tag subtype="ignore">num</tag>
<tag subtype="ignore">locus</tag>
<tag subtype="ignore">supplied</tag>
<tag subtype="ignore">surplus</tag>
        </ab>
      </editorialDecl>
    </encodingDesc>
    <xenoData>
      <stemma format="nexml" id="stemma0"><nex:nexml xmlns:nex="http://www.nexml.org/2009" version="0.9"><nex:otus id="otus1"><nex:otu id="otu0" label="A"/><nex:otu id="otu1" label="H"/><nex:otu id="otu2" label="K"/><nex:otu id="otu3" label="NE"/></nex:otus><nex:trees otus="otus1" id="trees1"><nex:tree id="guidetree" label="guidetree" xsi:type="nex:FloatTree" xmlns:xsi="http://www.w3.org/2001/XMLSchema-instance"><nex:node id="154edfdd-2802-443c-b0e6-1f5dbb9493d2" root="true"/><nex:node id="a8632322-a2b3-4ab9-98aa-079fe0879e8d"/><nex:node id="809d57a2-4403-496a-8693-82ffc65bda7b" label="A" otu="otu2"/><nex:node id="3b534b97-ea5a-4097-9902-46c904aa70b1" label="H" otu="otu3"/><nex:node id="63cd3144-dc33-4170-b035-02867a147b51"/><nex:node id="863f95d9-a7b3-4ae4-819e-9077e457924e" label="K" otu="otu5"/><nex:node id="3b9f5967-8e68-4b75-93ef-bc92a87fa4e7" label="NE" otu="otu6"/><nex:edge source="154edfdd-2802-443c-b0e6-1f5dbb9493d2" target="a8632322-a2b3-4ab9-98aa-079fe0879e8d" id="edge0" length="0.16923870037099575"/><nex:edge source="154edfdd-2802-443c-b0e6-1f5dbb9493d2" target="63cd3144-dc33-4170-b035-02867a147b51" id="edge1" length="0.16923870037099575"/><nex:edge source="a8632322-a2b3-4ab9-98aa-079fe0879e8d" target="809d57a2-4403-496a-8693-82ffc65bda7b" id="edge2" length="0.6615225992580085"/><nex:edge source="a8632322-a2b3-4ab9-98aa-079fe0879e8d" target="3b534b97-ea5a-4097-9902-46c904aa70b1" id="edge3" length="0.3384774007419915"/><nex:edge source="63cd3144-dc33-4170-b035-02867a147b51" target="863f95d9-a7b3-4ae4-819e-9077e457924e" id="edge4" length="0"/><nex:edge source="63cd3144-dc33-4170-b035-02867a147b51" target="3b9f5967-8e68-4b75-93ef-bc92a87fa4e7" id="edge5" length="0"/></nex:tree></nex:trees></nex:nexml></stemma>
    </xenoData>
  </teiHeader>
<TEI n="A"><text><cl><w n="0" lemma="ya"> ya</w><w n="1">thā</w><w n="2">do</w><w n="3" lemma="ṣaṃ">ṣaṃ </w></cl><cl><w n="4">pra</w><w n="5">yo</w><w n="6">jyā</w><w n="7" lemma="ni">ni </w></cl><cl><w n="8">tā</w><w n="9" lemma="ni">ni </w></cl><cl><w n="10">ro</w><w n="11">ga</w><w n="12">vi</w><w n="13">śā</w><w n="14">ra</w><w n="15" lemma="daiḥ">daiḥ | </w></cl><cl><w n="16"/><w n="17"/><w n="18"/><w n="19"/><w n="20"/><w n="21"/><w n="22"/><w n="23"/></cl><cl><w n="24"/><w n="25"/><w n="26"/></cl><cl><w n="27"/><w n="28"/></cl><cl><w n="29"/><w n="30"/><w n="31"/></cl><cl><w n="32" lemma="aṃ">añ</w><w n="33">ja</w><w n="34">nā</w><w n="35" lemma="ni">ni </w><w n="36">ya</w><w n="37">tho</w><w n="38">ktā</w><w n="39" lemma="ni">ni </w><w n="40">prā</w><w n="41">hṇa</w><w n="42">sā</w><w n="43">yā</w><w n="44">hna</w><w n="45">rā</w><w n="46">tri</w><w n="47" lemma="ṣu">ṣu || </w></cl></text></TEI><TEI n="H"><text><cl><w n="0" lemma="ya"> ya</w><w n="1">thā</w><w n="2">do</w><w n="3" lemma="ṣaṃ">ṣaṃ </w></cl><cl><w n="4">pra</w><w n="5">yo</w><w n="6">jyā</w><w n="7" lemma="ni">ni , </w></cl><cl><w n="8">tā</w><w n="9" lemma="ni">ni </w></cl><cl><w n="10">ro</w><w n="11">ga</w><w n="12">vi</w><w n="13">śā</w><w n="14">ra</w><w n="15" lemma="daiḥ">daiḥ || </w></cl><cl><w n="16">pū</w><w n="17" lemma="rvā">rvvā</w><w n="18">pa</w><w n="19">rā</w><w n="20">hṇa</w><w n="21">kṣa</w><w n="22">ṇa</w><w n="23" lemma="dā">dā,, </w></cl><cl><w n="24" lemma="vāṃ">vāñ</w><w n="25">ja</w><w n="26" lemma="ne">ne </w></cl><cl><w n="27">kā</w><w n="28" lemma="laṃ">lam </w></cl><cl><w n="29">i</w><w n="30">ṣya</w><w n="31" lemma="te">te | </w></cl><cl><w n="32"/><w n="33"/><w n="34"/><w n="35"/><w n="36"/><w n="37"/><w n="38"/><w n="39"/><w n="40"/><w n="41"/><w n="42"/><w n="43"/><w n="44"/><w n="45"/><w n="46"/><w n="47"/></cl></text></TEI><TEI n="K"><text><cl><w n="0" lemma="ya"> ya</w><w n="1">thā</w><w n="2">do</w><w n="3" lemma="ṣaṃ">ṣaṃ </w></cl><cl><w n="4">pra</w><w n="5">yo</w><w n="6">jyā</w><w n="7" lemma="ni">ni </w></cl><cl><w n="8">tā</w><w n="9" lemma="ni">ni </w></cl><cl><w n="10">ro</w><w n="11">ga</w><w n="12">vi</w><w n="13">śā</w><w n="14">ra</w><w n="15" lemma="daiḥ">daiḥ | </w></cl><cl><w n="16">pū</w><w n="17">rvā</w><w n="18">pa</w><w n="19">rā</w><w n="20">hṇa</w><w n="21">kṣa</w><w n="22">ṇa</w><w n="23" lemma="dā">dā </w></cl><cl><w n="24" lemma="vāṃ">vāñ</w><w n="25">ja</w><w n="26" lemma="ne">ne </w></cl><cl><w n="27">kā</w><w n="28" lemma="la">la </w></cl><cl><w n="29">i</w><w n="30">ṣya</w><w n="31" lemma="te">te | </w></cl><cl><w n="32"/><w n="33"/><w n="34"/><w n="35"/><w n="36"/><w n="37"/><w n="38"/><w n="39"/><w n="40"/><w n="41"/><w n="42"/><w n="43"/><w n="44"/><w n="45"/><w n="46"/><w n="47"/></cl></text></TEI><TEI n="NE"><text><cl><w n="0" lemma="ya"> ya</w><w n="1">thā</w><w n="2">do</w><w n="3" lemma="ṣaṃ">ṣaṃ </w></cl><cl><w n="4">pra</w><w n="5">yo</w><w n="6">jyā</w><w n="7" lemma="ni">ni </w></cl><cl><w n="8">tā</w><w n="9" lemma="ni">ni </w></cl><cl><w n="10">ro</w><w n="11">ga</w><w n="12">vi</w><w n="13">śā</w><w n="14">ra</w><w n="15" lemma="daiḥ">daiḥ | </w></cl><cl><w n="16">pū</w><w n="17">rvā</w><w n="18">pa</w><w n="19">rā</w><w n="20">hṇa</w><w n="21">kṣa</w><w n="22">ṇa</w><w n="23" lemma="dā">dā </w></cl><cl><w n="24" lemma="vāṃ">vāñ</w><w n="25">ja</w><w n="26" lemma="ne">ne </w></cl><cl><w n="27">kā</w><w n="28" lemma="la">la </w></cl><cl><w n="29">i</w><w n="30">ṣya</w><w n="31" lemma="te">te | </w></cl><cl><w n="32"/><w n="33"/><w n="34"/><w n="35"/><w n="36"/><w n="37"/><w n="38"/><w n="39"/><w n="40"/><w n="41"/><w n="42"/><w n="43"/><w n="44"/><w n="45"/><w n="46"/><w n="47"/></cl></text></TEI></teiCorpus>