<?xml version="1.0" encoding="UTF-8"?>
<teiCorpus xmlns="http://www.tei-c.org/ns/1.0" xml:lang="sa-Latn">
  <teiHeader>
<listWit>
<witness xml:id="A" source="06-ut-vulgate-1938-1-30.xml">
<abbr>A</abbr>
<expan>Printed edition: Ācārya 1938: Uttaratantra 1-30</expan>
</witness>
<witness xml:id="K" source="kl_699_uttaratantra-1-30.xml">
<abbr>K</abbr>
<expan>MSS Kathmandu KL 699: Uttaratantra</expan>
<listWit>
<witness xml:id="Kac" n="ac">
<abbr>Kac</abbr>
<expan>MSS Kathmandu KL 699: Uttaratantra [ante correctionem]</expan>
</witness>
<witness xml:id="Kpc" n="pc">
<abbr type="siglum">Kpc</abbr>
<expan>MSS Kathmandu KL 699: Uttaratantra [post correctionem]</expan>
</witness>
</listWit>
</witness>
<witness xml:id="H" source="nak_5-333_uttaratantra-1-30.xml">
<abbr>H</abbr>
<expan>MS Kathmandu NAK 5-333, Uttaratantra</expan>
<listWit>
<witness xml:id="Hac" n="ac">
<abbr>Hac</abbr>
<expan>MS Kathmandu NAK 5-333, Uttaratantra [ante correctionem]</expan>
</witness>
<witness xml:id="Hpc" n="pc">
<abbr type="siglum">Hpc</abbr>
<expan>MS Kathmandu NAK 5-333, Uttaratantra [post correctionem]</expan>
</witness>
</listWit>
</witness>
<witness xml:id="NE" source="provisional-edition_uttaratantra-1-30.xml">
<abbr>NE</abbr>
<expan>The Nepalese Version of the Suśrutasaṃhitā, uttaratantra 1-30, based on the
                    Nepalese MSS</expan>
</witness>
</listWit>
    <encodingDesc>
      <editorialDecl>
        <segmentation>
          <ab type="tokenization">aksara</ab>
          <ab type="blockid">SS.6.18.30</ab>
          <ab type="targetedition">NE</ab>
          <ab type="scoring">
            <ab type="match">1</ab>
            <ab type="mismatch">-1</ab>
            <ab type="gapopen">-2</ab>
            <ab type="gapextend">-0.25</ab>
            <ab type="recursive">true</ab>
            <ab type="realigndepth">20</ab>
            <ab type="distancefunction">ngrams</ab>
            
          </ab>
        </segmentation>
        <normalization method="markup">
<ab>ignore punctuation</ab>
<ab>candrabindu as anusvāra</ab>
<ab>geminated aspirated consonants</ab>
<ab>geminated m after h</ab>
<ab>geminated t</ab>
<ab>geminated consonants after r</ab>
<ab>final nasal variants</ab>
<ab>internal nasal variants</ab>
<ab>final anusvāra variants</ab>
<ab>visarga aḥ before voiced consonants</ab>
<ab>visarga aḥ before vowels</ab>
<ab>visarga aḥ before unvoiced consonants and space + anusvāra</ab>
<ab>visarga āḥ variants</ab>
<ab>other visarga variants</ab>
<ab>superfluous avagrahas</ab>
<ab>double avagrahas</ab>
<ab>avagrahas to short a</ab>
<ab>internal visarga variants</ab>
<ab>final au/āv</ab>
<ab>final su</ab>
<ab>final i</ab>
<ab>kcch/kś</ab>
<ab>cś/tś</ab>
<ab>cch/ch</ab>
<ab>final t + hi</ab>
<ab>final t + voiced syllable</ab>
<ab>final t + n/m</ab>
<ab>final t + c/j</ab>
<ab>i/y + vowel</ab>
<ab>bhd for bdh</ab>
<ab>remove spaces</ab>
        </normalization>
        <ab type="tagfilters">
<tag subtype="ignore">pc</tag>
<tag subtype="ignore">head</tag>
<tag subtype="ignore">label</tag>
<tag subtype="ignore">note</tag>
<tag subtype="ignore">num</tag>
<tag subtype="ignore">locus</tag>
<tag subtype="ignore">supplied</tag>
<tag subtype="ignore">surplus</tag>
        </ab>
      </editorialDecl>
    </encodingDesc>
    <xenoData>
      <stemma format="nexml" id="stemma0"><nex:nexml xmlns:nex="http://www.nexml.org/2009" version="0.9"><nex:otus id="otus1"><nex:otu id="otu0" label="A"/><nex:otu id="otu1" label="Hac"/><nex:otu id="otu2" label="Hpc"/><nex:otu id="otu3" label="K"/><nex:otu id="otu4" label="NE"/></nex:otus><nex:trees otus="otus1" id="trees1"><nex:tree id="guidetree" label="guidetree" xsi:type="nex:FloatTree" xmlns:xsi="http://www.w3.org/2001/XMLSchema-instance"><nex:node id="76b798ba-4c9b-40e5-a3a2-85105b23e9ba" root="true"/><nex:node id="eee18e50-6d86-4b12-b758-d8dd0895abe3"/><nex:node id="09479389-8896-4ccf-8073-00613ed2fe9a" label="A" otu="otu2"/><nex:node id="7b31344d-b24b-4d4a-8f7c-3d1ba3a63543"/><nex:node id="d0f0f599-b744-4f21-8eee-5d64abbc6b5e" label="Hac" otu="otu4"/><nex:node id="f3981d9f-44e2-40f5-9d80-b47f732b639e" label="Hpc" otu="otu5"/><nex:node id="2c4cf3bc-a179-4e33-b2df-1a12bab25a14"/><nex:node id="7b6cfeb4-b931-4a57-aca0-d01400f1622d" label="K" otu="otu7"/><nex:node id="10db752b-c5b7-40e9-bf78-3e76b5f43936" label="NE" otu="otu8"/><nex:edge source="76b798ba-4c9b-40e5-a3a2-85105b23e9ba" target="eee18e50-6d86-4b12-b758-d8dd0895abe3" id="edge0" length="0.20024553578856852"/><nex:edge source="76b798ba-4c9b-40e5-a3a2-85105b23e9ba" target="2c4cf3bc-a179-4e33-b2df-1a12bab25a14" id="edge1" length="0.20024553578856852"/><nex:edge source="eee18e50-6d86-4b12-b758-d8dd0895abe3" target="09479389-8896-4ccf-8073-00613ed2fe9a" id="edge2" length="0.9309534717708585"/><nex:edge source="eee18e50-6d86-4b12-b758-d8dd0895abe3" target="7b31344d-b24b-4d4a-8f7c-3d1ba3a63543" id="edge3" length="0"/><nex:edge source="2c4cf3bc-a179-4e33-b2df-1a12bab25a14" target="7b6cfeb4-b931-4a57-aca0-d01400f1622d" id="edge4" length="0"/><nex:edge source="2c4cf3bc-a179-4e33-b2df-1a12bab25a14" target="10db752b-c5b7-40e9-bf78-3e76b5f43936" id="edge5" length="0"/><nex:edge source="7b31344d-b24b-4d4a-8f7c-3d1ba3a63543" target="d0f0f599-b744-4f21-8eee-5d64abbc6b5e" id="edge6" length="0.2853662923701609"/><nex:edge source="7b31344d-b24b-4d4a-8f7c-3d1ba3a63543" target="f3981d9f-44e2-40f5-9d80-b47f732b639e" id="edge7" length="0.1785049374801046"/></nex:tree></nex:trees></nex:nexml></stemma>
    </xenoData>
  </teiHeader>
<TEI n="A"><text><cl><w n="0" lemma="mi"> mi</w><w n="1">thyo</w><w n="2">pa</w><w n="3">cā</w><w n="4">rā</w><w n="5" lemma="ta">d a</w><w n="6">na</w><w n="7" lemma="yoḥ">yor </w><w n="8" lemma="yaḥ">yo </w></cl><cl><w n="9">vyā</w><w n="10">dhi</w></cl><cl><w n="11">ru</w><w n="12">pa</w><w n="13">jā</w><w n="14">ya</w><w n="15" lemma="te">te | </w></cl><cl><w n="16" lemma="aṃ">añ</w><w n="17">ja</w><w n="18" lemma="nāḥ">nāś </w><w n="19">cyo</w><w n="20">ta</w><w n="21">na</w><w n="22">sve</w><w n="23">dai</w></cl><cl><w n="24">rya</w><w n="25">thā</w><w n="26" lemma="svaṃ">svaṃ </w></cl><w n="27">ta</w><cl><w n="28">mu</w><w n="29">pā</w><w n="30">ca</w><w n="31">re</w><w n="32" lemma="t">t || </w></cl></text></TEI><TEI n="Hac"><text><cl><w n="0" lemma="mi"> mi</w><w n="1">thyo</w><w n="2">pa</w><w n="3">cā</w><w n="4">rā</w><w n="5" lemma="ta">d a</w><w n="6">na</w><w n="7" lemma="yoḥ">yor </w><w n="8" lemma="yaḥ">yo </w></cl><cl><w n="9">do</w><w n="10" lemma="ṣa">ṣa </w></cl><cl><w n="11">sa</w><w n="12">mu</w><w n="13">dī</w><w n="14">rya</w><w n="15" lemma="te">te ,|| </w></cl><cl><w n="16" lemma="aṃ">añ</w><w n="17">ja</w><w n="18">nā</w><w n="19">ścyo</w><w n="20">ta</w><w n="21" lemma="nāḥ">nāś </w><w n="22">cai</w><w n="23" lemma="daiḥ">dai,r </w></cl><cl><w n="24">ya</w><w n="25">thā</w><w n="26" lemma="svaṃ">svan </w></cl><w n="27" lemma="taṃ">tam </w><cl><w n="28">u</w><w n="29">pā</w><w n="30">ca</w><w n="31">re</w><w n="32" lemma="t">t | </w></cl></text></TEI><TEI n="Hpc"><text><cl><w n="0" lemma="mi"> mi</w><w n="1">thyo</w><w n="2">pa</w><w n="3">cā</w><w n="4">rā</w><w n="5" lemma="ta">d a</w><w n="6">na</w><w n="7" lemma="yoḥ">yor </w><w n="8" lemma="yaḥ">yo </w></cl><cl><w n="9">do</w><w n="10" lemma="ṣaḥ">ṣaḥ </w></cl><cl><w n="11">sa</w><w n="12">mu</w><w n="13">dī</w><w n="14">rya</w><w n="15" lemma="te">te ,|| </w></cl><cl><w n="16" lemma="aṃ">añ</w><w n="17">ja</w><w n="18">nā</w><w n="19">ścyo</w><w n="20">ta</w><w n="21" lemma="nāḥ">nāś </w><w n="22">cai</w><w n="23" lemma="daiḥ">dai,r </w></cl><cl><w n="24">ya</w><w n="25">thā</w><w n="26" lemma="svaṃ">svan </w></cl><w n="27" lemma="taṃ">tam </w><cl><w n="28">u</w><w n="29">pā</w><w n="30">ca</w><w n="31">re</w><w n="32" lemma="t">t | </w></cl></text></TEI><TEI n="K"><text><cl><w n="0" lemma="mi"> mi</w><w n="1">thyo</w><w n="2">pa</w><w n="3">cā</w><w n="4">rā</w><w n="5" lemma="ta">d a</w><w n="6">na</w><w n="7" lemma="yoḥ">yor </w><w n="8" lemma="yaḥ">yo </w></cl><cl><w n="9">do</w><w n="10" lemma="ṣaḥ">ṣaḥ </w></cl><cl><w n="11">sa</w><w n="12">mu</w><w n="13">dī</w><w n="14">rya</w><w n="15" lemma="te">te | </w></cl><cl><w n="16" lemma="aṃ">añ</w><w n="17">ja</w><w n="18">nā</w><w n="19">ścyo</w><w n="20">ta</w><w n="21">nā</w><w n="22">sve</w><w n="23" lemma="daiḥ">dair </w></cl><cl><w n="24">ya</w><w n="25">thā</w><w n="26" lemma="svaṃ">svaṃ </w></cl><w n="27" lemma="taṃ">tam </w><cl><w n="28">u</w><w n="29">pā</w><w n="30">ca</w><w n="31">re</w><w n="32" lemma="t">t | </w></cl></text></TEI><TEI n="NE"><text><cl><w n="0" lemma="mi"> mi</w><w n="1">thyo</w><w n="2">pa</w><w n="3">cā</w><w n="4">rā</w><w n="5" lemma="ta">d a</w><w n="6">na</w><w n="7" lemma="yoḥ">yor </w><w n="8" lemma="yaḥ">yo </w></cl><cl><w n="9">do</w><w n="10" lemma="ṣaḥ">ṣaḥ </w></cl><cl><w n="11">sa</w><w n="12">mu</w><w n="13">dī</w><w n="14">rya</w><w n="15" lemma="te">te | </w></cl><cl><w n="16" lemma="aṃ">añ</w><w n="17">ja</w><w n="18">nā</w><w n="19">ścyo</w><w n="20">ta</w><w n="21">nā</w><w n="22">sve</w><w n="23" lemma="daiḥ">dair </w></cl><cl><w n="24">ya</w><w n="25">thā</w><w n="26" lemma="svaṃ">svaṃ </w></cl><w n="27" lemma="taṃ">tam </w><cl><w n="28">u</w><w n="29">pā</w><w n="30">ca</w><w n="31">re</w><w n="32" lemma="t">t | </w></cl></text></TEI></teiCorpus>