<?xml version="1.0" encoding="UTF-8"?>
<teiCorpus xmlns="http://www.tei-c.org/ns/1.0" xml:lang="sa-Latn">
  <teiHeader>
<listWit>
<witness xml:id="A" source="06-ut-vulgate-1938-1-30.xml">
<abbr>A</abbr>
<expan>Printed edition: Ācārya 1938: Uttaratantra 1-30</expan>
</witness>
<witness xml:id="K" source="kl_699_uttaratantra-1-30.xml">
<abbr>K</abbr>
<expan>MSS Kathmandu KL 699: Uttaratantra</expan>
<listWit>
<witness xml:id="Kac" n="ac">
<abbr>Kac</abbr>
<expan>MSS Kathmandu KL 699: Uttaratantra [ante correctionem]</expan>
</witness>
<witness xml:id="Kpc" n="pc">
<abbr type="siglum">Kpc</abbr>
<expan>MSS Kathmandu KL 699: Uttaratantra [post correctionem]</expan>
</witness>
</listWit>
</witness>
<witness xml:id="H" source="nak_5-333_uttaratantra-1-30.xml">
<abbr>H</abbr>
<expan>MS Kathmandu NAK 5-333, Uttaratantra</expan>
<listWit>
<witness xml:id="Hac" n="ac">
<abbr>Hac</abbr>
<expan>MS Kathmandu NAK 5-333, Uttaratantra [ante correctionem]</expan>
</witness>
<witness xml:id="Hpc" n="pc">
<abbr type="siglum">Hpc</abbr>
<expan>MS Kathmandu NAK 5-333, Uttaratantra [post correctionem]</expan>
</witness>
</listWit>
</witness>
<witness xml:id="NE" source="provisional-edition_uttaratantra-1-30.xml">
<abbr>NE</abbr>
<expan>The Nepalese Version of the Suśrutasaṃhitā, uttaratantra 1-30, based on the
                    Nepalese MSS</expan>
</witness>
</listWit>
    <encodingDesc>
      <editorialDecl>
        <segmentation>
          <ab type="tokenization">aksara</ab>
          <ab type="blockid">SS.6.18.5</ab>
          <ab type="targetedition">NE</ab>
          <ab type="scoring">
            <ab type="match">1</ab>
            <ab type="mismatch">-1</ab>
            <ab type="gapopen">-2</ab>
            <ab type="gapextend">-0.25</ab>
            <ab type="recursive">true</ab>
            <ab type="realigndepth">20</ab>
            <ab type="distancefunction">ngrams</ab>
            
          </ab>
        </segmentation>
        <normalization method="markup">
<ab>ignore punctuation</ab>
<ab>candrabindu as anusvāra</ab>
<ab>geminated aspirated consonants</ab>
<ab>geminated m after h</ab>
<ab>geminated t</ab>
<ab>geminated consonants after r</ab>
<ab>final nasal variants</ab>
<ab>internal nasal variants</ab>
<ab>final anusvāra variants</ab>
<ab>visarga aḥ before voiced consonants</ab>
<ab>visarga aḥ before vowels</ab>
<ab>visarga aḥ before unvoiced consonants and space + anusvāra</ab>
<ab>visarga āḥ variants</ab>
<ab>other visarga variants</ab>
<ab>superfluous avagrahas</ab>
<ab>double avagrahas</ab>
<ab>avagrahas to short a</ab>
<ab>internal visarga variants</ab>
<ab>final au/āv</ab>
<ab>final su</ab>
<ab>final i</ab>
<ab>kcch/kś</ab>
<ab>cś/tś</ab>
<ab>cch/ch</ab>
<ab>final t + hi</ab>
<ab>final t + voiced syllable</ab>
<ab>final t + n/m</ab>
<ab>final t + c/j</ab>
<ab>i/y + vowel</ab>
<ab>bhd for bdh</ab>
<ab>remove spaces</ab>
        </normalization>
        <ab type="tagfilters">
<tag subtype="ignore">pc</tag>
<tag subtype="ignore">head</tag>
<tag subtype="ignore">label</tag>
<tag subtype="ignore">note</tag>
<tag subtype="ignore">num</tag>
<tag subtype="ignore">locus</tag>
<tag subtype="ignore">supplied</tag>
<tag subtype="ignore">surplus</tag>
        </ab>
      </editorialDecl>
    </encodingDesc>
    <xenoData>
      <stemma format="nexml" id="stemma0"><nex:nexml xmlns:nex="http://www.nexml.org/2009" version="0.9"><nex:otus id="otus1"><nex:otu id="otu0" label="A"/><nex:otu id="otu1" label="H"/><nex:otu id="otu2" label="K"/><nex:otu id="otu3" label="NE"/></nex:otus><nex:trees otus="otus1" id="trees1"><nex:tree id="guidetree" label="guidetree" xsi:type="nex:FloatTree" xmlns:xsi="http://www.w3.org/2001/XMLSchema-instance"><nex:node id="9be27ac1-56b2-4f60-aadf-58bf81d15c97" root="true"/><nex:node id="68888d0e-27ef-4f43-a359-426dbbfab55e"/><nex:node id="d9cc204f-243e-47ac-9e23-c3ec399a86c9" label="A" otu="otu2"/><nex:node id="25a39113-9d83-4620-a698-b05f8124c2c8" label="H" otu="otu3"/><nex:node id="06191e3e-6c97-420a-a2eb-52e15bc9ebbc"/><nex:node id="8b99b09e-a394-4555-b8d6-59d155e1c030" label="K" otu="otu5"/><nex:node id="96fdb5f7-86d0-4635-b015-88a370737af3" label="NE" otu="otu6"/><nex:edge source="9be27ac1-56b2-4f60-aadf-58bf81d15c97" target="68888d0e-27ef-4f43-a359-426dbbfab55e" id="edge0" length="0.2129555319203152"/><nex:edge source="9be27ac1-56b2-4f60-aadf-58bf81d15c97" target="06191e3e-6c97-420a-a2eb-52e15bc9ebbc" id="edge1" length="0.2129555319203152"/><nex:edge source="68888d0e-27ef-4f43-a359-426dbbfab55e" target="d9cc204f-243e-47ac-9e23-c3ec399a86c9" id="edge2" length="0.54866210869506"/><nex:edge source="68888d0e-27ef-4f43-a359-426dbbfab55e" target="25a39113-9d83-4620-a698-b05f8124c2c8" id="edge3" length="0.45133789130493995"/><nex:edge source="06191e3e-6c97-420a-a2eb-52e15bc9ebbc" target="8b99b09e-a394-4555-b8d6-59d155e1c030" id="edge4" length="0"/><nex:edge source="06191e3e-6c97-420a-a2eb-52e15bc9ebbc" target="96fdb5f7-86d0-4635-b015-88a370737af3" id="edge5" length="0"/></nex:tree></nex:trees></nex:nexml></stemma>
    </xenoData>
  </teiHeader>
<TEI n="A"><text><cl><w n="0" lemma="saṃ"> saṃ</w><w n="1">śu</w><w n="2" lemma="dha">ddha</w><w n="3">de</w><w n="4">ha</w><w n="5">śi</w><w n="6">ra</w><w n="7" lemma="saḥ">so </w></cl><cl><w n="8">jī</w><w n="9" lemma="rṇāṃ">rṇān</w><w n="10">na</w><w n="11" lemma="sya">sya </w><w n="12"/><w n="13"/></cl><cl><w n="14">śu</w><w n="15" lemma="bhe">bhe </w></cl><cl><w n="16">di</w><w n="17" lemma="ne">ne | </w><w n="18">pū</w><w n="19">rvā</w><w n="20" lemma="hṇe">hṇe </w></cl><cl><w n="21">vā</w><w n="22">pa</w><w n="23">rā</w><w n="24" lemma="hṇe">hṇe </w><w n="25" lemma="vā">vā </w></cl><cl><w n="26">kā</w><w n="27" lemma="ryaṃ">ryam </w></cl><cl><w n="28">a</w><w n="29" lemma="kṣṇoḥ">kṣṇos </w><w n="30" lemma="tu">tu </w></cl><cl><w n="31">ta</w><w n="32">rpa</w><w n="33" lemma="ṇaṃ">ṇam || </w></cl></text></TEI><TEI n="H"><text><cl><w n="0" lemma="saṃ"> saṃ</w><w n="1">śu</w><w n="2" lemma="dha">ddha</w><w n="3">de</w><w n="4">ha</w><w n="5">śi</w><w n="6">ra</w><w n="7" lemma="saḥ">so , </w></cl><cl><w n="8">jī</w><w n="9" lemma="rṇāṃ">rṇṇān</w><w n="10">na</w><w n="11">sye</w><w n="12">psa</w><w n="13" lemma="taḥ">taḥ </w></cl><cl><w n="14">śu</w><w n="15" lemma="bhaṃ">bhaṃ | </w></cl><cl><w n="16"/><w n="17"/><w n="18">pū</w><w n="19" lemma="rvā">rvvā</w><w n="20" lemma="hṇe">hṇe </w></cl><cl><w n="21">cā</w><w n="22">pa</w><w n="23">rā</w><w n="24" lemma="hṇe">hṇe </w><w n="25" lemma="vā">vā , </w></cl><cl><w n="26">kā</w><w n="27" lemma="ryaṃ">ryam </w></cl><cl><w n="28">a</w><w n="29" lemma="kṣṇoḥ">kṣṇoś </w><w n="30" lemma="ca">ca </w></cl><cl><w n="31">ta</w><w n="32" lemma="rpa">rppa</w><w n="33" lemma="ṇaṃ">ṇaṃ || </w></cl></text></TEI><TEI n="K"><text><cl><w n="0" lemma="saṃ"> saṃ</w><w n="1">śu</w><w n="2" lemma="dha">ddha</w><w n="3">de</w><w n="4">ha</w><w n="5">śi</w><w n="6">ra</w><w n="7" lemma="saḥ">so </w></cl><cl><w n="8">jī</w><w n="9" lemma="rṇāṃ">rṇṇān</w><w n="10">na</w><w n="11">sye</w><w n="12">ccha</w><w n="13" lemma="taḥ">taḥ </w></cl><cl><w n="14">śu</w><w n="15" lemma="bhaṃ">bhaṃ | </w></cl><cl><w n="16"/><w n="17"/><w n="18">pū</w><w n="19">rvā</w><w n="20" lemma="hṇe">hṇe </w></cl><cl><w n="21">cā</w><w n="22">pa</w><w n="23">rā</w><w n="24" lemma="hṇe">hṇe </w><w n="25" lemma="vā">vā </w></cl><cl><w n="26">kā</w><w n="27" lemma="ryaṃ">ryam </w></cl><cl><w n="28">a</w><w n="29" lemma="kṣṇoḥ">kṣṇos </w><w n="30" lemma="tu">tu </w></cl><cl><w n="31">ta</w><w n="32">rpa</w><w n="33" lemma="naṃ">naṃ | </w></cl></text></TEI><TEI n="NE"><text><cl><w n="0" lemma="saṃ"> saṃ</w><w n="1">śu</w><w n="2" lemma="dha">ddha</w><w n="3">de</w><w n="4">ha</w><w n="5">śi</w><w n="6">ra</w><w n="7" lemma="saḥ">so </w></cl><cl><w n="8">jī</w><w n="9" lemma="rṇāṃ">rṇṇān</w><w n="10">na</w><w n="11">sye</w><w n="12">ccha</w><w n="13" lemma="taḥ">taḥ </w></cl><cl><w n="14">śu</w><w n="15" lemma="bhaṃ">bhaṃ | </w></cl><cl><w n="16"/><w n="17"/><w n="18">pū</w><w n="19">rvā</w><w n="20" lemma="hṇe">hṇe </w></cl><cl><w n="21">cā</w><w n="22">pa</w><w n="23">rā</w><w n="24" lemma="hṇe">hṇe </w><w n="25" lemma="vā">vā </w></cl><cl><w n="26">kā</w><w n="27" lemma="ryaṃ">ryam </w></cl><cl><w n="28">a</w><w n="29" lemma="kṣṇoḥ">kṣṇos </w><w n="30" lemma="tu">tu </w></cl><cl><w n="31">ta</w><w n="32">rpa</w><w n="33" lemma="naṃ">naṃ | </w></cl></text></TEI></teiCorpus>