<?xml version="1.0" encoding="UTF-8"?>
<teiCorpus xmlns="http://www.tei-c.org/ns/1.0" xml:lang="sa-Latn">
  <teiHeader>
<listWit>
<witness xml:id="A" source="06-ut-vulgate-1938-1-30.xml">
<abbr>A</abbr>
<expan>Printed edition: Ācārya 1938: Uttaratantra 1-30</expan>
</witness>
<witness xml:id="K" source="kl_699_uttaratantra-1-30.xml">
<abbr>K</abbr>
<expan>MSS Kathmandu KL 699: Uttaratantra</expan>
<listWit>
<witness xml:id="Kac" n="ac">
<abbr>Kac</abbr>
<expan>MSS Kathmandu KL 699: Uttaratantra [ante correctionem]</expan>
</witness>
<witness xml:id="Kpc" n="pc">
<abbr type="siglum">Kpc</abbr>
<expan>MSS Kathmandu KL 699: Uttaratantra [post correctionem]</expan>
</witness>
</listWit>
</witness>
<witness xml:id="H" source="nak_5-333_uttaratantra-1-30.xml">
<abbr>H</abbr>
<expan>MS Kathmandu NAK 5-333, Uttaratantra</expan>
<listWit>
<witness xml:id="Hac" n="ac">
<abbr>Hac</abbr>
<expan>MS Kathmandu NAK 5-333, Uttaratantra [ante correctionem]</expan>
</witness>
<witness xml:id="Hpc" n="pc">
<abbr type="siglum">Hpc</abbr>
<expan>MS Kathmandu NAK 5-333, Uttaratantra [post correctionem]</expan>
</witness>
</listWit>
</witness>
<witness xml:id="NE" source="provisional-edition_uttaratantra-1-30.xml">
<abbr>NE</abbr>
<expan>The Nepalese Version of the Suśrutasaṃhitā, uttaratantra 1-30, based on the
                    Nepalese MSS</expan>
</witness>
</listWit>
    <encodingDesc>
      <editorialDecl>
        <segmentation>
          <ab type="tokenization">aksara</ab>
          <ab type="blockid">SS.6.10.12</ab>
          <ab type="targetedition">NE</ab>
          <ab type="scoring">
            <ab type="match">1</ab>
            <ab type="mismatch">-1</ab>
            <ab type="gapopen">-2</ab>
            <ab type="gapextend">-0.25</ab>
            <ab type="recursive">true</ab>
            <ab type="realigndepth">20</ab>
            <ab type="distancefunction">ngrams</ab>
            
          </ab>
        </segmentation>
        <normalization method="markup">
<ab>ignore punctuation</ab>
<ab>candrabindu as anusvāra</ab>
<ab>geminated aspirated consonants</ab>
<ab>geminated m after h</ab>
<ab>geminated t</ab>
<ab>geminated consonants after r</ab>
<ab>final nasal variants</ab>
<ab>internal nasal variants</ab>
<ab>final anusvāra variants</ab>
<ab>visarga aḥ before voiced consonants</ab>
<ab>visarga aḥ before vowels</ab>
<ab>visarga aḥ before unvoiced consonants and space + anusvāra</ab>
<ab>visarga āḥ variants</ab>
<ab>other visarga variants</ab>
<ab>superfluous avagrahas</ab>
<ab>double avagrahas</ab>
<ab>avagrahas to short a</ab>
<ab>internal visarga variants</ab>
<ab>final au/āv</ab>
<ab>final su</ab>
<ab>final i</ab>
<ab>kcch/kś</ab>
<ab>cś/tś</ab>
<ab>cch/ch</ab>
<ab>final t + hi</ab>
<ab>final t + voiced syllable</ab>
<ab>final t + n/m</ab>
<ab>final t + c/j</ab>
<ab>i/y + vowel</ab>
<ab>bhd for bdh</ab>
<ab>remove spaces</ab>
        </normalization>
        <ab type="tagfilters">
<tag subtype="ignore">pc</tag>
<tag subtype="ignore">head</tag>
<tag subtype="ignore">label</tag>
<tag subtype="ignore">note</tag>
<tag subtype="ignore">num</tag>
<tag subtype="ignore">locus</tag>
<tag subtype="ignore">supplied</tag>
<tag subtype="ignore">surplus</tag>
        </ab>
      </editorialDecl>
    </encodingDesc>
    <xenoData>
      <stemma format="nexml" id="stemma0"><nex:nexml xmlns:nex="http://www.nexml.org/2009" version="0.9"><nex:otus id="otus1"><nex:otu id="otu0" label="A"/><nex:otu id="otu1" label="H"/><nex:otu id="otu2" label="K"/><nex:otu id="otu3" label="NE"/></nex:otus><nex:trees otus="otus1" id="trees1"><nex:tree id="guidetree" label="guidetree" xsi:type="nex:FloatTree" xmlns:xsi="http://www.w3.org/2001/XMLSchema-instance"><nex:node id="ff823ac2-86eb-4877-b1d2-3add9c45da22" root="true"/><nex:node id="a5fb4dc6-1a76-4654-9be4-a893269daabf"/><nex:node id="1930c568-be78-4ecd-808c-391eda4fbebc" label="A" otu="otu2"/><nex:node id="92dfd712-3f0b-408e-a920-73439bd9ac73" label="H" otu="otu3"/><nex:node id="f6dbfab3-7ce8-442f-a6d4-03c456c7e6d6"/><nex:node id="a2c2f419-f032-46fd-948b-140ee32d586c" label="K" otu="otu5"/><nex:node id="f84b6b37-8d78-4a9b-bcef-967ddd65375d" label="NE" otu="otu6"/><nex:edge source="ff823ac2-86eb-4877-b1d2-3add9c45da22" target="a5fb4dc6-1a76-4654-9be4-a893269daabf" id="edge0" length="0.21421347674517155"/><nex:edge source="ff823ac2-86eb-4877-b1d2-3add9c45da22" target="f6dbfab3-7ce8-442f-a6d4-03c456c7e6d6" id="edge1" length="0.21421347674517155"/><nex:edge source="a5fb4dc6-1a76-4654-9be4-a893269daabf" target="1930c568-be78-4ecd-808c-391eda4fbebc" id="edge2" length="0.5631160696231332"/><nex:edge source="a5fb4dc6-1a76-4654-9be4-a893269daabf" target="92dfd712-3f0b-408e-a920-73439bd9ac73" id="edge3" length="0.4368839303768668"/><nex:edge source="f6dbfab3-7ce8-442f-a6d4-03c456c7e6d6" target="a2c2f419-f032-46fd-948b-140ee32d586c" id="edge4" length="2.220446049250313e-16"/><nex:edge source="f6dbfab3-7ce8-442f-a6d4-03c456c7e6d6" target="f84b6b37-8d78-4a9b-bcef-967ddd65375d" id="edge5" length="0"/></nex:tree></nex:trees></nex:nexml></stemma>
    </xenoData>
  </teiHeader>
<TEI n="A"><text><cl><w n="0" lemma="kṣau"> kṣau</w><w n="1">mā</w><w n="2">ba</w><w n="3" lemma="dhaṃ">ddhaṃ </w></cl><cl><w n="4">pa</w><w n="5">thya</w><w n="6" lemma="māḥ">māś </w><w n="7">cyo</w><w n="8">ta</w><w n="9" lemma="ne">ne </w><w n="10" lemma="vā">vā </w></cl><cl><w n="11">sa</w><w n="12">rpi</w><w n="13">rghṛ</w><w n="14" lemma="ṣṭaṃ">ṣṭaṃ </w></cl><cl><w n="15">ya</w><w n="16">ṣṭi</w><w n="17">kā</w><w n="18" lemma="hvaṃ">hvaṃ </w></cl><cl><w n="19">sa</w><w n="20">ro</w><w n="21" lemma="dhraṃ">dhram | </w></cl><cl><w n="22">to</w><w n="23" lemma="yoṃ">yon</w><w n="24">mi</w><w n="25" lemma="śrāḥ">śrāḥ </w></cl><cl><w n="26">kā</w><w n="27"/><w n="28">śma</w><w n="29">rī</w><w n="30">dhā</w><w n="31">tri</w><w n="32">pa</w><w n="33">thyā</w><w n="34">sta</w><w n="35">dva</w><w n="36">ccā</w><w n="37" lemma="huḥ">huḥ </w></cl><cl><w n="38">ka</w><w n="39">ṭpha</w><w n="40" lemma="laṃ">laṃ </w></cl><cl><w n="41" lemma="cāṃ">cām</w><w n="42">bu</w><w n="43">nai</w><w n="44" lemma="va">va || </w></cl></text></TEI><TEI n="H"><text><cl><w n="0" lemma="kṣau"> kṣau</w><w n="1">mā</w><w n="2">va</w><w n="3" lemma="rdhaṃ">rddham </w></cl><cl><w n="4">pa</w><w n="5" lemma="thyaṃ">thyam </w><w n="6">ā</w><w n="7">ścyo</w><w n="8">ta</w><w n="9" lemma="ne">ne </w><w n="10" lemma="vā">vā </w></cl><cl><w n="11">ghṛ</w><w n="12">ta</w><w n="13">bhṛ</w><w n="14" lemma="ṣṭaṃ">ṣṭaṃ </w></cl><cl><w n="15">ya</w><w n="16">ṣṭi</w><w n="17">sā</w><w n="18" lemma="hvaṃ">hvaṃ </w></cl><cl><w n="19">sa</w><w n="20">lo</w><w n="21" lemma="dhraṃ">dhraṃ | </w></cl><cl><w n="22">to</w><w n="23">yo</w><w n="24">mi</w><w n="25" lemma="śraṃ">śraṃ </w></cl><cl><w n="26"/><w n="27">śa</w><w n="28" lemma="rka">rkka</w><w n="29">rī</w><w n="30">dhā</w><w n="31">tri</w><w n="32">pa</w><w n="33">thyā</w><w n="34">sta</w><w n="35"/><w n="36">thai</w><w n="37" lemma="vāḥ">vāḥ </w></cl><cl><w n="38">ka</w><w n="39">ṭpha</w><w n="40" lemma="laṃ">lañ </w></cl><cl><w n="41" lemma="cāṃ">cām</w><w n="42">vu</w><w n="43">nai</w><w n="44" lemma="va">va || </w></cl></text></TEI><TEI n="K"><text><cl><w n="0" lemma="kṣau"> kṣau</w><w n="1">mā</w><w n="2">va</w><w n="3" lemma="rdhaṃ">rdham </w></cl><cl><w n="4">pa</w><w n="5">thya</w><w n="6">mā</w><w n="7">ścyo</w><w n="8">ta</w><w n="9" lemma="ne">ne </w><w n="10" lemma="vā">vā | </w></cl><cl><w n="11">ghṛ</w><w n="12">ta</w><w n="13">bhṛ</w><w n="14" lemma="ṣṭaṃ">ṣṭaṃ </w></cl><cl><w n="15">ya</w><w n="16">ṣṭi</w><w n="17">sā</w><w n="18" lemma="hvaṃ">hvaṃ </w></cl><cl><w n="19">sa</w><w n="20">lo</w><w n="21" lemma="dhraṃ">dhraṃ | </w></cl><cl><w n="22">to</w><w n="23" lemma="yoṃ">yon</w><w n="24">mi</w><w n="25" lemma="śraṃ">śraṃ </w></cl><cl><w n="26">kā</w><w n="27">rśa</w><w n="28">ma</w><w n="29">rī</w><w n="30">dhā</w><w n="31">tri</w><w n="32">pa</w><w n="33">thyā</w><w n="34">sta</w><w n="35"/><w n="36">thai</w><w n="37" lemma="vāḥ">vāḥ </w></cl><cl><w n="38">ka</w><w n="39">ṭpha</w><w n="40" lemma="laṃ">lañ </w></cl><cl><w n="41" lemma="cāṃ">cām</w><w n="42">vu</w><w n="43">nai</w><w n="44" lemma="va">va | </w></cl></text></TEI><TEI n="NE"><text><cl><w n="0" lemma="kṣau"> kṣau</w><w n="1">mā</w><w n="2">va</w><w n="3" lemma="rdhaṃ">rdham </w></cl><cl><w n="4">pa</w><w n="5">thya</w><w n="6">mā</w><w n="7">ścyo</w><w n="8">ta</w><w n="9" lemma="ne">ne </w><w n="10" lemma="vā">vā | </w></cl><cl><w n="11">ghṛ</w><w n="12">ta</w><w n="13">bhṛ</w><w n="14" lemma="ṣṭaṃ">ṣṭaṃ </w></cl><cl><w n="15">ya</w><w n="16">ṣṭi</w><w n="17">sā</w><w n="18" lemma="hvaṃ">hvaṃ </w></cl><cl><w n="19">sa</w><w n="20">lo</w><w n="21" lemma="dhraṃ">dhraṃ | </w></cl><cl><w n="22">to</w><w n="23" lemma="yoṃ">yon</w><w n="24">mi</w><w n="25" lemma="śraṃ">śraṃ </w></cl><cl><w n="26">kā</w><w n="27">rśa</w><w n="28">ma</w><w n="29">rī</w><w n="30">dhā</w><w n="31">tri</w><w n="32">pa</w><w n="33">thyā</w><w n="34">sta</w><w n="35"/><w n="36">thai</w><w n="37" lemma="vāḥ">vāḥ </w></cl><cl><w n="38">ka</w><w n="39">ṭpha</w><w n="40" lemma="laṃ">lañ </w></cl><cl><w n="41" lemma="cāṃ">cām</w><w n="42">vu</w><w n="43">nai</w><w n="44" lemma="va">va | </w></cl></text></TEI></teiCorpus>