<?xml version="1.0" encoding="UTF-8"?>
<teiCorpus xmlns="http://www.tei-c.org/ns/1.0" xml:lang="sa-Latn">
  <teiHeader>
<listWit>
<witness xml:id="A" source="06-ut-vulgate-1938-1-30.xml">
<abbr>A</abbr>
<expan>Printed edition: Ācārya 1938: Uttaratantra 1-30</expan>
</witness>
<witness xml:id="K" source="kl_699_uttaratantra-1-30.xml">
<abbr>K</abbr>
<expan>MSS Kathmandu KL 699: Uttaratantra</expan>
<listWit>
<witness xml:id="Kac" n="ac">
<abbr>Kac</abbr>
<expan>MSS Kathmandu KL 699: Uttaratantra [ante correctionem]</expan>
</witness>
<witness xml:id="Kpc" n="pc">
<abbr type="siglum">Kpc</abbr>
<expan>MSS Kathmandu KL 699: Uttaratantra [post correctionem]</expan>
</witness>
</listWit>
</witness>
<witness xml:id="H" source="nak_5-333_uttaratantra-1-30.xml">
<abbr>H</abbr>
<expan>MS Kathmandu NAK 5-333, Uttaratantra</expan>
<listWit>
<witness xml:id="Hac" n="ac">
<abbr>Hac</abbr>
<expan>MS Kathmandu NAK 5-333, Uttaratantra [ante correctionem]</expan>
</witness>
<witness xml:id="Hpc" n="pc">
<abbr type="siglum">Hpc</abbr>
<expan>MS Kathmandu NAK 5-333, Uttaratantra [post correctionem]</expan>
</witness>
</listWit>
</witness>
<witness xml:id="NE" source="provisional-edition_uttaratantra-1-30.xml">
<abbr>NE</abbr>
<expan>The Nepalese Version of the Suśrutasaṃhitā, uttaratantra 1-30, based on the
                    Nepalese MSS</expan>
</witness>
</listWit>
    <encodingDesc>
      <editorialDecl>
        <segmentation>
          <ab type="tokenization">aksara</ab>
          <ab type="blockid">SS.6.20.11</ab>
          <ab type="targetedition">NE</ab>
          <ab type="scoring">
            <ab type="match">1</ab>
            <ab type="mismatch">-1</ab>
            <ab type="gapopen">-2</ab>
            <ab type="gapextend">-0.25</ab>
            <ab type="recursive">true</ab>
            <ab type="realigndepth">20</ab>
            <ab type="distancefunction">ngrams</ab>
            
          </ab>
        </segmentation>
        <normalization method="markup">
<ab>ignore punctuation</ab>
<ab>candrabindu as anusvāra</ab>
<ab>geminated aspirated consonants</ab>
<ab>geminated m after h</ab>
<ab>geminated t</ab>
<ab>geminated consonants after r</ab>
<ab>final nasal variants</ab>
<ab>internal nasal variants</ab>
<ab>final anusvāra variants</ab>
<ab>visarga aḥ before voiced consonants</ab>
<ab>visarga aḥ before vowels</ab>
<ab>visarga aḥ before unvoiced consonants and space + anusvāra</ab>
<ab>visarga āḥ variants</ab>
<ab>other visarga variants</ab>
<ab>superfluous avagrahas</ab>
<ab>double avagrahas</ab>
<ab>avagrahas to short a</ab>
<ab>internal visarga variants</ab>
<ab>final au/āv</ab>
<ab>final su</ab>
<ab>final i</ab>
<ab>kcch/kś</ab>
<ab>cś/tś</ab>
<ab>cch/ch</ab>
<ab>final t + hi</ab>
<ab>final t + voiced syllable</ab>
<ab>final t + n/m</ab>
<ab>final t + c/j</ab>
<ab>i/y + vowel</ab>
<ab>bhd for bdh</ab>
<ab>remove spaces</ab>
        </normalization>
        <ab type="tagfilters">
<tag subtype="ignore">pc</tag>
<tag subtype="ignore">head</tag>
<tag subtype="ignore">label</tag>
<tag subtype="ignore">note</tag>
<tag subtype="ignore">num</tag>
<tag subtype="ignore">locus</tag>
<tag subtype="ignore">supplied</tag>
<tag subtype="ignore">surplus</tag>
        </ab>
      </editorialDecl>
    </encodingDesc>
    <xenoData>
      <stemma format="nexml" id="stemma0"><nex:nexml xmlns:nex="http://www.nexml.org/2009" version="0.9"><nex:otus id="otus1"><nex:otu id="otu0" label="A"/><nex:otu id="otu1" label="Hac"/><nex:otu id="otu2" label="Hpc"/><nex:otu id="otu3" label="K"/><nex:otu id="otu4" label="NE"/></nex:otus><nex:trees otus="otus1" id="trees1"><nex:tree id="guidetree" label="guidetree" xsi:type="nex:FloatTree" xmlns:xsi="http://www.w3.org/2001/XMLSchema-instance"><nex:node id="08c680a3-fbdd-4533-ba47-39e92444be31" root="true"/><nex:node id="5029a9a0-2e51-43f1-85ed-66dfa3267811"/><nex:node id="36d6f6a7-d1f0-43c5-a389-047cf36f516d" label="A" otu="otu2"/><nex:node id="a86e4243-b36d-4d76-b360-16cf023a2d92"/><nex:node id="2661d6cd-3992-427b-8b7b-33c1eda6e3b7" label="Hac" otu="otu4"/><nex:node id="be5de742-1b70-4044-8348-30c60de9caab" label="Hpc" otu="otu5"/><nex:node id="0cf1fc2b-6424-47e4-8d7b-a0112ee974e0"/><nex:node id="2c953713-cc92-4519-a7e0-45ac38316b61" label="K" otu="otu7"/><nex:node id="d6670e37-be25-45f5-a26c-42dfae0937c7" label="NE" otu="otu8"/><nex:edge source="08c680a3-fbdd-4533-ba47-39e92444be31" target="5029a9a0-2e51-43f1-85ed-66dfa3267811" id="edge0" length="0.19781699201980174"/><nex:edge source="08c680a3-fbdd-4533-ba47-39e92444be31" target="0cf1fc2b-6424-47e4-8d7b-a0112ee974e0" id="edge1" length="0.19781699201980174"/><nex:edge source="5029a9a0-2e51-43f1-85ed-66dfa3267811" target="36d6f6a7-d1f0-43c5-a389-047cf36f516d" id="edge2" length="0.8543660159603965"/><nex:edge source="5029a9a0-2e51-43f1-85ed-66dfa3267811" target="a86e4243-b36d-4d76-b360-16cf023a2d92" id="edge3" length="0.08343170611832584"/><nex:edge source="0cf1fc2b-6424-47e4-8d7b-a0112ee974e0" target="2c953713-cc92-4519-a7e0-45ac38316b61" id="edge4" length="5.551115123125783e-17"/><nex:edge source="0cf1fc2b-6424-47e4-8d7b-a0112ee974e0" target="d6670e37-be25-45f5-a26c-42dfae0937c7" id="edge5" length="5.551115123125783e-17"/><nex:edge source="a86e4243-b36d-4d76-b360-16cf023a2d92" target="2661d6cd-3992-427b-8b7b-33c1eda6e3b7" id="edge6" length="0"/><nex:edge source="a86e4243-b36d-4d76-b360-16cf023a2d92" target="be5de742-1b70-4044-8348-30c60de9caab" id="edge7" length="0"/></nex:tree></nex:trees></nex:nexml></stemma>
    </xenoData>
  </teiHeader>
<TEI n="A"><text><cl><w n="0" lemma="ka"> ka</w><w n="1">phe</w><w n="2" lemma="na">na </w></cl><cl><w n="3" lemma="kaṃ">kaṇ</w><w n="4" lemma="ḍūḥ">ḍūḥ </w><w n="5">pra</w><w n="6">ci</w><w n="7">te</w><w n="8" lemma="na">na </w></cl><cl><w n="9">ka</w><w n="10">rṇa</w><w n="11" lemma="yoḥ">yor </w></cl><cl><w n="12">bhṛ</w><w n="13" lemma="śaṃ">śaṃ </w></cl><cl><w n="14">bha</w><w n="15">ve</w><w n="16" lemma="tsro">t sro</w><w n="17">ta</w><w n="18" lemma="si">si </w></cl><cl><w n="19">ka</w><w n="20">rṇa</w><w n="21">saṃ</w><w n="22">jñi</w><w n="23" lemma="te">te | </w></cl><cl><w n="24">vi</w><w n="25">śo</w><w n="26">ṣi</w><w n="27" lemma="te">te </w></cl><cl><w n="28">śle</w><w n="29">ṣma</w><w n="30" lemma="ṇi">ṇi </w></cl><cl><w n="31">pi</w><w n="32" lemma="ta">tta</w><w n="33">te</w><w n="34">ja</w><w n="35" lemma="sā">sā </w></cl><cl><w n="36">nṛ</w><w n="37" lemma="ṇāṃ">ṇāṃ </w></cl><cl><w n="38">bha</w><w n="39">ve</w><w n="40" lemma="tsro">t sro</w><w n="41">ta</w><w n="42" lemma="si">si </w></cl><cl><w n="43">ka</w><w n="44">rṇa</w><w n="45">gū</w><w n="46">tha</w><w n="47" lemma="kaḥ">kaḥ || </w></cl></text></TEI><TEI n="Hac"><text><cl><w n="0" lemma="ka"> ka</w><w n="1">phe</w><w n="2" lemma="na">na </w></cl><cl><w n="3" lemma="kaṃ">kaṇ</w><w n="4">ḍū</w><w n="5">pa</w><w n="6">ci</w><w n="7">te</w><w n="8" lemma="na">na </w></cl><cl><w n="9">ka</w><w n="10" lemma="rṇa">rṇṇa</w><w n="11" lemma="yoḥ">yoḥr </w></cl><cl><w n="12" lemma="bhṛ">bbhṛ</w><w n="13" lemma="śaṃ">śam </w></cl><cl><w n="14">bha</w><w n="15">ve</w><w n="16" lemma="tsro">t sro</w><w n="17">ta</w><w n="18" lemma="si">si </w></cl><cl><w n="19" lemma="kaṃ">kaṇ</w><w n="20">ḍu</w><w n="21">saṃ</w><w n="22">jñi</w><w n="23" lemma="taḥ">taḥ | </w></cl><cl><w n="24">vi</w><w n="25">śo</w><w n="26">ṣi</w><w n="27" lemma="te">te </w></cl><cl><w n="28">śle</w><w n="29">ṣma</w><w n="30" lemma="ṇi">ṇi </w></cl><cl><w n="31">pi</w><w n="32" lemma="ta">tta</w><w n="33">te</w><w n="34">ja</w><w n="35" lemma="sā">sā </w></cl><cl><w n="36">dhru</w><w n="37" lemma="vaṃ">vam </w></cl><cl><w n="38">bha</w><w n="39">ve</w><w n="40" lemma="tsro">t sro</w><w n="41">ta</w><w n="42" lemma="si">si </w></cl><cl><w n="43">ka</w><w n="44" lemma="rṇa">rṇṇa</w><w n="45">gū</w><w n="46">tha</w><w n="47" lemma="kaḥ">kaḥ || </w></cl></text></TEI><TEI n="Hpc"><text><cl><w n="0" lemma="ka"> ka</w><w n="1">phe</w><w n="2" lemma="na">na </w></cl><cl><w n="3" lemma="kaṃ">kaṇ</w><w n="4">ḍū</w><w n="5">pa</w><w n="6">ci</w><w n="7">te</w><w n="8" lemma="na">na </w></cl><cl><w n="9">ka</w><w n="10" lemma="rṇa">rṇṇa</w><w n="11" lemma="yoḥ">yor </w></cl><cl><w n="12" lemma="bhṛ">bbhṛ</w><w n="13" lemma="śaṃ">śam </w></cl><cl><w n="14">bha</w><w n="15">ve</w><w n="16" lemma="tsro">t sro</w><w n="17">ta</w><w n="18" lemma="si">si </w></cl><cl><w n="19" lemma="kaṃ">kaṇ</w><w n="20">ḍu</w><w n="21">saṃ</w><w n="22">jñi</w><w n="23" lemma="taḥ">taḥ | </w></cl><cl><w n="24">vi</w><w n="25">śo</w><w n="26">ṣi</w><w n="27" lemma="te">te </w></cl><cl><w n="28">śle</w><w n="29">ṣma</w><w n="30" lemma="ṇi">ṇi </w></cl><cl><w n="31">pi</w><w n="32" lemma="ta">tta</w><w n="33">te</w><w n="34">ja</w><w n="35" lemma="sā">sā </w></cl><cl><w n="36">dhru</w><w n="37" lemma="vaṃ">vam </w></cl><cl><w n="38">bha</w><w n="39">ve</w><w n="40" lemma="tsro">t sro</w><w n="41">ta</w><w n="42" lemma="si">si </w></cl><cl><w n="43">ka</w><w n="44" lemma="rṇa">rṇṇa</w><w n="45">gū</w><w n="46">tha</w><w n="47" lemma="kaḥ">kaḥ || </w></cl></text></TEI><TEI n="K"><text><cl><w n="0" lemma="ka"> ka</w><w n="1">phe</w><w n="2" lemma="na">na </w></cl><cl><w n="3" lemma="kaṃ">kaṇ</w><w n="4">ḍū</w><w n="5">pa</w><w n="6">ci</w><w n="7">te</w><w n="8" lemma="na">na </w></cl><cl><w n="9">ka</w><w n="10" lemma="rṇa">rṇṇa</w><w n="11" lemma="yoḥ">yor </w></cl><cl><w n="12">bhṛ</w><w n="13" lemma="śaṃ">śam </w></cl><cl><w n="14">bha</w><w n="15">ve</w><w n="16" lemma="tsro">t sro</w><w n="17">ta</w><w n="18" lemma="si">si </w></cl><cl><w n="19" lemma="kaṃ">kaṇ</w><w n="20">ḍu</w><w n="21">saṃ</w><w n="22">jñi</w><w n="23" lemma="taḥ">taḥ | </w></cl><cl><w n="24">vi</w><w n="25">śe</w><w n="26">ṣi</w><w n="27" lemma="te">te </w></cl><cl><w n="28">śle</w><w n="29">ṣma</w><w n="30" lemma="ṇi">ṇi </w></cl><cl><w n="31">pi</w><w n="32" lemma="ta">tta</w><w n="33">te</w><w n="34">ja</w><w n="35" lemma="sā">sā </w></cl><cl><w n="36">dhru</w><w n="37" lemma="vaṃ">vaṃ </w></cl><cl><w n="38">bha</w><w n="39">ve</w><w n="40" lemma="tsro">t sro</w><w n="41">ta</w><w n="42" lemma="si">si </w></cl><cl><w n="43">ka</w><w n="44" lemma="rṇa">rṇṇa</w><w n="45">gū</w><w n="46">tha</w><w n="47" lemma="kaḥ">kaḥ | </w></cl></text></TEI><TEI n="NE"><text><cl><w n="0" lemma="ka"> ka</w><w n="1">phe</w><w n="2" lemma="na">na </w></cl><cl><w n="3" lemma="kaṃ">kaṇ</w><w n="4">ḍū</w><w n="5">pa</w><w n="6">ci</w><w n="7">te</w><w n="8" lemma="na">na </w></cl><cl><w n="9">ka</w><w n="10" lemma="rṇa">rṇṇa</w><w n="11" lemma="yoḥ">yor </w></cl><cl><w n="12">bhṛ</w><w n="13" lemma="śaṃ">śam </w></cl><cl><w n="14">bha</w><w n="15">ve</w><w n="16" lemma="tsro">t sro</w><w n="17">ta</w><w n="18" lemma="si">si </w></cl><cl><w n="19" lemma="kaṃ">kaṇ</w><w n="20">ḍu</w><w n="21">saṃ</w><w n="22">jñi</w><w n="23" lemma="taḥ">taḥ | </w></cl><cl><w n="24">vi</w><w n="25">śe</w><w n="26">ṣi</w><w n="27" lemma="te">te </w></cl><cl><w n="28">śle</w><w n="29">ṣma</w><w n="30" lemma="ṇi">ṇi </w></cl><cl><w n="31">pi</w><w n="32" lemma="ta">tta</w><w n="33">te</w><w n="34">ja</w><w n="35" lemma="sā">sā </w></cl><cl><w n="36">dhru</w><w n="37" lemma="vaṃ">vaṃ </w></cl><cl><w n="38">bha</w><w n="39">ve</w><w n="40" lemma="tsro">t sro</w><w n="41">ta</w><w n="42" lemma="si">si </w></cl><cl><w n="43">ka</w><w n="44" lemma="rṇa">rṇṇa</w><w n="45">gū</w><w n="46">tha</w><w n="47" lemma="kaḥ">kaḥ | </w></cl></text></TEI></teiCorpus>