<?xml version="1.0" encoding="UTF-8"?>
<teiCorpus xmlns="http://www.tei-c.org/ns/1.0" xml:lang="sa-Latn">
  <teiHeader>
<listWit>
<witness xml:id="A" source="06-ut-vulgate-1938-1-30.xml">
<abbr>A</abbr>
<expan>Printed edition: Ācārya 1938: Uttaratantra 1-30</expan>
</witness>
<witness xml:id="K" source="kl_699_uttaratantra-1-30.xml">
<abbr>K</abbr>
<expan>MSS Kathmandu KL 699: Uttaratantra</expan>
<listWit>
<witness xml:id="Kac" n="ac">
<abbr>Kac</abbr>
<expan>MSS Kathmandu KL 699: Uttaratantra [ante correctionem]</expan>
</witness>
<witness xml:id="Kpc" n="pc">
<abbr type="siglum">Kpc</abbr>
<expan>MSS Kathmandu KL 699: Uttaratantra [post correctionem]</expan>
</witness>
</listWit>
</witness>
<witness xml:id="H" source="nak_5-333_uttaratantra-1-30.xml">
<abbr>H</abbr>
<expan>MS Kathmandu NAK 5-333, Uttaratantra</expan>
<listWit>
<witness xml:id="Hac" n="ac">
<abbr>Hac</abbr>
<expan>MS Kathmandu NAK 5-333, Uttaratantra [ante correctionem]</expan>
</witness>
<witness xml:id="Hpc" n="pc">
<abbr type="siglum">Hpc</abbr>
<expan>MS Kathmandu NAK 5-333, Uttaratantra [post correctionem]</expan>
</witness>
</listWit>
</witness>
<witness xml:id="NE" source="provisional-edition_uttaratantra-1-30.xml">
<abbr>NE</abbr>
<expan>The Nepalese Version of the Suśrutasaṃhitā, uttaratantra 1-30, based on the
                    Nepalese MSS</expan>
</witness>
</listWit>
    <encodingDesc>
      <editorialDecl>
        <segmentation>
          <ab type="tokenization">aksara</ab>
          <ab type="blockid">SS.6.19.10cd</ab>
          <ab type="targetedition">NE</ab>
          <ab type="scoring">
            <ab type="match">1</ab>
            <ab type="mismatch">-1</ab>
            <ab type="gapopen">-2</ab>
            <ab type="gapextend">-0.25</ab>
            <ab type="recursive">true</ab>
            <ab type="realigndepth">20</ab>
            <ab type="distancefunction">ngrams</ab>
            
          </ab>
        </segmentation>
        <normalization method="markup">
<ab>ignore punctuation</ab>
<ab>candrabindu as anusvāra</ab>
<ab>geminated aspirated consonants</ab>
<ab>geminated m after h</ab>
<ab>geminated t</ab>
<ab>geminated consonants after r</ab>
<ab>final nasal variants</ab>
<ab>internal nasal variants</ab>
<ab>final anusvāra variants</ab>
<ab>visarga aḥ before voiced consonants</ab>
<ab>visarga aḥ before vowels</ab>
<ab>visarga aḥ before unvoiced consonants and space + anusvāra</ab>
<ab>visarga āḥ variants</ab>
<ab>other visarga variants</ab>
<ab>superfluous avagrahas</ab>
<ab>double avagrahas</ab>
<ab>avagrahas to short a</ab>
<ab>internal visarga variants</ab>
<ab>final au/āv</ab>
<ab>final su</ab>
<ab>final i</ab>
<ab>kcch/kś</ab>
<ab>cś/tś</ab>
<ab>cch/ch</ab>
<ab>final t + hi</ab>
<ab>final t + voiced syllable</ab>
<ab>final t + n/m</ab>
<ab>final t + c/j</ab>
<ab>i/y + vowel</ab>
<ab>bhd for bdh</ab>
<ab>remove spaces</ab>
        </normalization>
        <ab type="tagfilters">
<tag subtype="ignore">pc</tag>
<tag subtype="ignore">head</tag>
<tag subtype="ignore">label</tag>
<tag subtype="ignore">note</tag>
<tag subtype="ignore">num</tag>
<tag subtype="ignore">locus</tag>
<tag subtype="ignore">supplied</tag>
<tag subtype="ignore">surplus</tag>
        </ab>
      </editorialDecl>
    </encodingDesc>
    <xenoData>
      <stemma format="nexml" id="stemma0"><nex:nexml xmlns:nex="http://www.nexml.org/2009" version="0.9"><nex:otus id="otus1"><nex:otu id="otu0" label="A"/><nex:otu id="otu1" label="H"/><nex:otu id="otu2" label="K"/><nex:otu id="otu3" label="NE"/></nex:otus><nex:trees otus="otus1" id="trees1"><nex:tree id="guidetree" label="guidetree" xsi:type="nex:FloatTree" xmlns:xsi="http://www.w3.org/2001/XMLSchema-instance"><nex:node id="c2516202-1bb9-48c6-9d08-c21344f0539b" root="true"/><nex:node id="b9546b1a-333b-4861-9805-938c77de6cd0"/><nex:node id="ee74d561-18fc-49f1-b163-6a3ece0f9a8c" label="A" otu="otu2"/><nex:node id="369338a1-724c-45d0-a9d9-6eaddfa63d1c" label="H" otu="otu3"/><nex:node id="d413beb3-f1f6-418b-8c20-2df3842501ef"/><nex:node id="e66810a3-d25b-41ad-b1c5-7c645f2fa1ac" label="K" otu="otu5"/><nex:node id="e1ff0f84-7102-4924-a19d-dbe8ee0ddc5b" label="NE" otu="otu6"/><nex:edge source="c2516202-1bb9-48c6-9d08-c21344f0539b" target="b9546b1a-333b-4861-9805-938c77de6cd0" id="edge0" length="0.20498388926999106"/><nex:edge source="c2516202-1bb9-48c6-9d08-c21344f0539b" target="d413beb3-f1f6-418b-8c20-2df3842501ef" id="edge1" length="0.20498388926999106"/><nex:edge source="b9546b1a-333b-4861-9805-938c77de6cd0" target="ee74d561-18fc-49f1-b163-6a3ece0f9a8c" id="edge2" length="0.5900322214600178"/><nex:edge source="b9546b1a-333b-4861-9805-938c77de6cd0" target="369338a1-724c-45d0-a9d9-6eaddfa63d1c" id="edge3" length="0.40996777853998223"/><nex:edge source="d413beb3-f1f6-418b-8c20-2df3842501ef" target="e66810a3-d25b-41ad-b1c5-7c645f2fa1ac" id="edge4" length="0"/><nex:edge source="d413beb3-f1f6-418b-8c20-2df3842501ef" target="e1ff0f84-7102-4924-a19d-dbe8ee0ddc5b" id="edge5" length="0"/></nex:tree></nex:trees></nex:nexml></stemma>
    </xenoData>
  </teiHeader>
<TEI n="A"><text><cl><w n="0" lemma="kṣau"> kṣau</w><w n="1">drā</w><w n="2">yu</w><w n="3" lemma="taiḥ">taiś </w><w n="4" lemma="ca">ca </w></cl><cl><w n="5">ka</w><w n="6">ṭu</w><w n="7" lemma="bhiḥ">bhiḥ </w></cl><cl><w n="8">pra</w><w n="9">ti</w><w n="10">sā</w><w n="11">ra</w><w n="12">ye</w><w n="13" lemma="ttu">t tu </w></cl><cl><w n="14">mā</w><w n="15" lemma="tuḥ">tuḥ </w></cl><cl><w n="16">śi</w><w n="17" lemma="śoḥ">śor </w></cl><cl><w n="18">a</w><w n="19">bhi</w><w n="20">hi</w><w n="21" lemma="taṃ">taṃ </w><w n="22" lemma="ca">ca </w></cl><cl><w n="23">vi</w><w n="24" lemma="dhiṃ">dhiṃ </w></cl><cl><w n="25">vi</w><w n="26">da</w><w n="27">dhyā</w><w n="28" lemma="t">t || </w></cl></text></TEI><TEI n="H"><text><cl><w n="0" lemma="kṣau"> kṣau</w><w n="1">drā</w><w n="2">yu</w><w n="3" lemma="taiḥ">taiś </w><w n="4" lemma="ca">ca </w></cl><cl><w n="5">ka</w><w n="6">ṭa</w><w n="7" lemma="kaiḥ">kaiḥ </w></cl><cl><w n="8">pra</w><w n="9">ti</w><w n="10">sā</w><w n="11">ra</w><w n="12">yī</w><w n="13" lemma="ta">ta </w></cl><cl><w n="14">mā</w><w n="15" lemma="tuḥ">tuḥ </w></cl><cl><w n="16">śi</w><w n="17" lemma="śoḥ">śor </w></cl><cl><w n="18">a</w><w n="19">bhi</w><w n="20">ha</w><w n="21" lemma="taṃ">tañ </w><w n="22" lemma="ca">ca </w></cl><cl><w n="23">vi</w><w n="24" lemma="dhiṃ">dhim </w></cl><cl><w n="25">vi</w><w n="26">da</w><w n="27">dhyā</w><w n="28" lemma="t">t | </w></cl></text></TEI><TEI n="K"><text><cl><w n="0" lemma="kṣau"> kṣau</w><w n="1">drā</w><w n="2">yu</w><w n="3" lemma="taiḥ">taiś </w><w n="4" lemma="ca">ca </w></cl><cl><w n="5">ka</w><w n="6">ṭa</w><w n="7" lemma="kaiḥ">kaiḥ </w></cl><cl><w n="8">pra</w><w n="9">ti</w><w n="10">sā</w><w n="11">ra</w><w n="12">yī</w><w n="13" lemma="taḥ">taḥ | </w></cl><cl><w n="14">mā</w><w n="15" lemma="tuḥ">tuḥ </w></cl><cl><w n="16">śi</w><w n="17" lemma="śoḥ">śor </w></cl><cl><w n="18">a</w><w n="19">bhi</w><w n="20">ha</w><w n="21" lemma="taṃ">tañ </w><w n="22" lemma="ca">ca </w></cl><cl><w n="23">vi</w><w n="24" lemma="dhiṃ">dhim </w></cl><cl><w n="25">vi</w><w n="26">da</w><w n="27">dhyā</w><w n="28" lemma="t">t | </w></cl></text></TEI><TEI n="NE"><text><cl><w n="0" lemma="kṣau"> kṣau</w><w n="1">drā</w><w n="2">yu</w><w n="3" lemma="taiḥ">taiś </w><w n="4" lemma="ca">ca </w></cl><cl><w n="5">ka</w><w n="6">ṭa</w><w n="7" lemma="kaiḥ">kaiḥ </w></cl><cl><w n="8">pra</w><w n="9">ti</w><w n="10">sā</w><w n="11">ra</w><w n="12">yī</w><w n="13" lemma="taḥ">taḥ | </w></cl><cl><w n="14">mā</w><w n="15" lemma="tuḥ">tuḥ </w></cl><cl><w n="16">śi</w><w n="17" lemma="śoḥ">śor </w></cl><cl><w n="18">a</w><w n="19">bhi</w><w n="20">ha</w><w n="21" lemma="taṃ">tañ </w><w n="22" lemma="ca">ca </w></cl><cl><w n="23">vi</w><w n="24" lemma="dhiṃ">dhim </w></cl><cl><w n="25">vi</w><w n="26">da</w><w n="27">dhyā</w><w n="28" lemma="t">t | </w></cl></text></TEI></teiCorpus>