<?xml version="1.0" encoding="UTF-8"?>
<teiCorpus xmlns="http://www.tei-c.org/ns/1.0" xml:lang="sa-Latn">
  <teiHeader>
<listWit>
<witness xml:id="A" source="06-ut-vulgate-1938-1-30.xml">
<abbr>A</abbr>
<expan>Printed edition: Ācārya 1938: Uttaratantra 1-30</expan>
</witness>
<witness xml:id="K" source="kl_699_uttaratantra-1-30.xml">
<abbr>K</abbr>
<expan>MSS Kathmandu KL 699: Uttaratantra</expan>
<listWit>
<witness xml:id="Kac" n="ac">
<abbr>Kac</abbr>
<expan>MSS Kathmandu KL 699: Uttaratantra [ante correctionem]</expan>
</witness>
<witness xml:id="Kpc" n="pc">
<abbr type="siglum">Kpc</abbr>
<expan>MSS Kathmandu KL 699: Uttaratantra [post correctionem]</expan>
</witness>
</listWit>
</witness>
<witness xml:id="H" source="nak_5-333_uttaratantra-1-30.xml">
<abbr>H</abbr>
<expan>MS Kathmandu NAK 5-333, Uttaratantra</expan>
<listWit>
<witness xml:id="Hac" n="ac">
<abbr>Hac</abbr>
<expan>MS Kathmandu NAK 5-333, Uttaratantra [ante correctionem]</expan>
</witness>
<witness xml:id="Hpc" n="pc">
<abbr type="siglum">Hpc</abbr>
<expan>MS Kathmandu NAK 5-333, Uttaratantra [post correctionem]</expan>
</witness>
</listWit>
</witness>
<witness xml:id="NE" source="provisional-edition_uttaratantra-1-30.xml">
<abbr>NE</abbr>
<expan>The Nepalese Version of the Suśrutasaṃhitā, uttaratantra 1-30, based on the
                    Nepalese MSS</expan>
</witness>
</listWit>
    <encodingDesc>
      <editorialDecl>
        <segmentation>
          <ab type="tokenization">aksara</ab>
          <ab type="blockid">SS.6.17.57</ab>
          <ab type="targetedition">NE</ab>
          <ab type="scoring">
            <ab type="match">1</ab>
            <ab type="mismatch">-1</ab>
            <ab type="gapopen">-2</ab>
            <ab type="gapextend">-0.25</ab>
            <ab type="recursive">true</ab>
            <ab type="realigndepth">20</ab>
            <ab type="distancefunction">ngrams</ab>
            
          </ab>
        </segmentation>
        <normalization method="markup">
<ab>ignore punctuation</ab>
<ab>candrabindu as anusvāra</ab>
<ab>geminated aspirated consonants</ab>
<ab>geminated m after h</ab>
<ab>geminated t</ab>
<ab>geminated consonants after r</ab>
<ab>final nasal variants</ab>
<ab>internal nasal variants</ab>
<ab>final anusvāra variants</ab>
<ab>visarga aḥ before voiced consonants</ab>
<ab>visarga aḥ before vowels</ab>
<ab>visarga aḥ before unvoiced consonants and space + anusvāra</ab>
<ab>visarga āḥ variants</ab>
<ab>other visarga variants</ab>
<ab>superfluous avagrahas</ab>
<ab>double avagrahas</ab>
<ab>avagrahas to short a</ab>
<ab>internal visarga variants</ab>
<ab>final au/āv</ab>
<ab>final su</ab>
<ab>final i</ab>
<ab>kcch/kś</ab>
<ab>cś/tś</ab>
<ab>cch/ch</ab>
<ab>final t + hi</ab>
<ab>final t + voiced syllable</ab>
<ab>final t + n/m</ab>
<ab>final t + c/j</ab>
<ab>i/y + vowel</ab>
<ab>bhd for bdh</ab>
<ab>remove spaces</ab>
        </normalization>
        <ab type="tagfilters">
<tag subtype="ignore">pc</tag>
<tag subtype="ignore">head</tag>
<tag subtype="ignore">label</tag>
<tag subtype="ignore">note</tag>
<tag subtype="ignore">num</tag>
<tag subtype="ignore">locus</tag>
<tag subtype="ignore">supplied</tag>
<tag subtype="ignore">surplus</tag>
        </ab>
      </editorialDecl>
    </encodingDesc>
    <xenoData>
      <stemma format="nexml" id="stemma0"><nex:nexml xmlns:nex="http://www.nexml.org/2009" version="0.9"><nex:otus id="otus1"><nex:otu id="otu0" label="A"/><nex:otu id="otu1" label="H"/><nex:otu id="otu2" label="K"/><nex:otu id="otu3" label="NE"/></nex:otus><nex:trees otus="otus1" id="trees1"><nex:tree id="guidetree" label="guidetree" xsi:type="nex:FloatTree" xmlns:xsi="http://www.w3.org/2001/XMLSchema-instance"><nex:node id="590de443-5e3c-4a16-9c23-52d6570c1e60" root="true"/><nex:node id="9c50e400-882e-4d2c-8b5a-6b1c9586d9c9"/><nex:node id="288649a9-d818-4926-91c4-d9cfde7a9dc0" label="A" otu="otu2"/><nex:node id="09504588-b383-47f4-b814-558a6b0ff672" label="H" otu="otu3"/><nex:node id="a92a8a49-dfff-4c86-8646-5703318e3383"/><nex:node id="591eedca-f210-43cb-a093-866b61bf3b56" label="K" otu="otu5"/><nex:node id="26f5dec1-89e6-46b6-abb6-0830c4e78260" label="NE" otu="otu6"/><nex:edge source="590de443-5e3c-4a16-9c23-52d6570c1e60" target="9c50e400-882e-4d2c-8b5a-6b1c9586d9c9" id="edge0" length="0"/><nex:edge source="590de443-5e3c-4a16-9c23-52d6570c1e60" target="a92a8a49-dfff-4c86-8646-5703318e3383" id="edge1" length="0"/><nex:edge source="9c50e400-882e-4d2c-8b5a-6b1c9586d9c9" target="288649a9-d818-4926-91c4-d9cfde7a9dc0" id="edge2" length="0.5"/><nex:edge source="9c50e400-882e-4d2c-8b5a-6b1c9586d9c9" target="09504588-b383-47f4-b814-558a6b0ff672" id="edge3" length="0.5"/><nex:edge source="a92a8a49-dfff-4c86-8646-5703318e3383" target="591eedca-f210-43cb-a093-866b61bf3b56" id="edge4" length="0.5"/><nex:edge source="a92a8a49-dfff-4c86-8646-5703318e3383" target="26f5dec1-89e6-46b6-abb6-0830c4e78260" id="edge5" length="0.5"/></nex:tree></nex:trees></nex:nexml></stemma>
    </xenoData>
  </teiHeader>
<TEI n="A"><text><cl><w n="0" lemma="sni"> sni</w><w n="1">gdha</w><w n="2" lemma="sviṃ">svin</w><w n="3">na</w><w n="4" lemma="sya">sya </w></cl><cl><w n="5">ta</w><w n="6">syā</w><w n="7" lemma="tha">tha </w></cl><cl><w n="8">kā</w><w n="9" lemma="le">le </w></cl><cl><w n="10">nā</w><w n="11">tyu</w><w n="12">ṣṇa</w><w n="13">śī</w><w n="14">ta</w><w n="15" lemma="le">le | </w></cl><cl><w n="16" lemma="yaṃ">yan</w><w n="17">tri</w><w n="18">ta</w><w n="19">syo</w><w n="20">pa</w><w n="21">vi</w><w n="22">ṣṭa</w><w n="23" lemma="sya">sya </w><w n="24" lemma="svāṃ">svāṃ </w></cl><cl><w n="25">nā</w><w n="26" lemma="sāṃ">sāṃ </w></cl><cl><w n="27">pa</w><w n="28">śya</w><w n="29" lemma="taḥ">taḥ </w></cl><cl><w n="30">sa</w><w n="31" lemma="maṃ">mam || </w></cl></text></TEI><TEI n="H"><text><cl><w n="0" lemma="sni"> sni</w><w n="1">gdha</w><w n="2" lemma="sviṃ">svin</w><w n="3">na</w><w n="4" lemma="sya">sya </w></cl><cl><w n="5">ta</w><w n="6">syā</w><w n="7" lemma="tha">tha </w></cl><cl><w n="8">kā</w><w n="9" lemma="le">le </w></cl><cl><w n="10">nā</w><w n="11">tyu</w><w n="12">ṣṇa</w><w n="13">śī</w><w n="14">ta</w><w n="15" lemma="le">le | </w></cl><cl><w n="16" lemma="yaṃ">yan</w><w n="17">tri</w><w n="18">ta</w><w n="19">syo</w><w n="20">pa</w><w n="21">vi</w><w n="22">ṣṭa</w><w n="23" lemma="sya">sya </w><w n="24" lemma="svāṃ">svāṃ </w></cl><cl><w n="25">nā</w><w n="26" lemma="sāṃ">sām </w></cl><cl><w n="27">pa</w><w n="28">śya</w><w n="29" lemma="taḥ">taḥ </w></cl><cl><w n="30">sa</w><w n="31" lemma="maṃ">maṃ || </w></cl></text></TEI><TEI n="K"><text><cl><w n="0" lemma="sni"> sni</w><w n="1">gdha</w><w n="2" lemma="sviṃ">svin</w><w n="3">na</w><w n="4" lemma="sya">sya </w></cl><cl><w n="5">ta</w><w n="6">syā</w><w n="7" lemma="tha">tha </w></cl><cl><w n="8">kā</w><w n="9" lemma="le">le </w></cl><cl><w n="10">nā</w><w n="11">tyu</w><w n="12">ṣṇa</w><w n="13">śī</w><w n="14">ta</w><w n="15" lemma="le">le | </w></cl><cl><w n="16" lemma="yaṃ">yan</w><w n="17">tri</w><w n="18">ta</w><w n="19">syo</w><w n="20">pa</w><w n="21">vi</w><w n="22">ṣṭa</w><w n="23" lemma="sya">sya </w><w n="24" lemma="svāṃ">svān </w></cl><cl><w n="25">nā</w><w n="26" lemma="sāṃ">sāṃ </w></cl><cl><w n="27">pa</w><w n="28">śya</w><w n="29" lemma="taḥ">taḥ </w></cl><cl><w n="30">sa</w><w n="31" lemma="maṃ">maṃ || </w></cl></text></TEI><TEI n="NE"><text><cl><w n="0" lemma="sni"> sni</w><w n="1">gdha</w><w n="2" lemma="sviṃ">svin</w><w n="3">na</w><w n="4" lemma="sya">sya </w></cl><cl><w n="5">ta</w><w n="6">syā</w><w n="7" lemma="tha">tha </w></cl><cl><w n="8">kā</w><w n="9" lemma="le">le </w></cl><cl><w n="10">nā</w><w n="11">tyu</w><w n="12">ṣṇa</w><w n="13">śī</w><w n="14">ta</w><w n="15" lemma="le">le | </w></cl><cl><w n="16" lemma="yaṃ">yan</w><w n="17">tri</w><w n="18">ta</w><w n="19">syo</w><w n="20">pa</w><w n="21">vi</w><w n="22">ṣṭa</w><w n="23" lemma="sya">sya </w><w n="24" lemma="svāṃ">svān </w></cl><cl><w n="25">nā</w><w n="26" lemma="sāṃ">sāṃ </w></cl><cl><w n="27">pa</w><w n="28">śya</w><w n="29" lemma="taḥ">taḥ </w></cl><cl><w n="30">sa</w><w n="31" lemma="maṃ">maṃ || </w></cl></text></TEI></teiCorpus>