<?xml version="1.0" encoding="UTF-8"?>
<teiCorpus xmlns="http://www.tei-c.org/ns/1.0" xml:lang="sa-Latn">
  <teiHeader>
<listWit>
<witness xml:id="A" source="06-ut-vulgate-1938-1-30.xml">
<abbr>A</abbr>
<expan>Printed edition: Ācārya 1938: Uttaratantra 1-30</expan>
</witness>
<witness xml:id="K" source="kl_699_uttaratantra-1-30.xml">
<abbr>K</abbr>
<expan>MSS Kathmandu KL 699: Uttaratantra</expan>
<listWit>
<witness xml:id="Kac" n="ac">
<abbr>Kac</abbr>
<expan>MSS Kathmandu KL 699: Uttaratantra [ante correctionem]</expan>
</witness>
<witness xml:id="Kpc" n="pc">
<abbr type="siglum">Kpc</abbr>
<expan>MSS Kathmandu KL 699: Uttaratantra [post correctionem]</expan>
</witness>
</listWit>
</witness>
<witness xml:id="H" source="nak_5-333_uttaratantra-1-30.xml">
<abbr>H</abbr>
<expan>MS Kathmandu NAK 5-333, Uttaratantra</expan>
<listWit>
<witness xml:id="Hac" n="ac">
<abbr>Hac</abbr>
<expan>MS Kathmandu NAK 5-333, Uttaratantra [ante correctionem]</expan>
</witness>
<witness xml:id="Hpc" n="pc">
<abbr type="siglum">Hpc</abbr>
<expan>MS Kathmandu NAK 5-333, Uttaratantra [post correctionem]</expan>
</witness>
</listWit>
</witness>
<witness xml:id="NE" source="provisional-edition_uttaratantra-1-30.xml">
<abbr>NE</abbr>
<expan>The Nepalese Version of the Suśrutasaṃhitā, uttaratantra 1-30, based on the
                    Nepalese MSS</expan>
</witness>
</listWit>
    <encodingDesc>
      <editorialDecl>
        <segmentation>
          <ab type="tokenization">aksara</ab>
          <ab type="blockid">SS.6.12.8</ab>
          <ab type="targetedition">NE</ab>
          <ab type="scoring">
            <ab type="match">1</ab>
            <ab type="mismatch">-1</ab>
            <ab type="gapopen">-2</ab>
            <ab type="gapextend">-0.25</ab>
            <ab type="recursive">true</ab>
            <ab type="realigndepth">20</ab>
            <ab type="distancefunction">ngrams</ab>
            
          </ab>
        </segmentation>
        <normalization method="markup">
<ab>ignore punctuation</ab>
<ab>candrabindu as anusvāra</ab>
<ab>geminated aspirated consonants</ab>
<ab>geminated m after h</ab>
<ab>geminated t</ab>
<ab>geminated consonants after r</ab>
<ab>final nasal variants</ab>
<ab>internal nasal variants</ab>
<ab>final anusvāra variants</ab>
<ab>visarga aḥ before voiced consonants</ab>
<ab>visarga aḥ before vowels</ab>
<ab>visarga aḥ before unvoiced consonants and space + anusvāra</ab>
<ab>visarga āḥ variants</ab>
<ab>other visarga variants</ab>
<ab>superfluous avagrahas</ab>
<ab>double avagrahas</ab>
<ab>avagrahas to short a</ab>
<ab>internal visarga variants</ab>
<ab>final au/āv</ab>
<ab>final su</ab>
<ab>final i</ab>
<ab>kcch/kś</ab>
<ab>cś/tś</ab>
<ab>cch/ch</ab>
<ab>final t + hi</ab>
<ab>final t + voiced syllable</ab>
<ab>final t + n/m</ab>
<ab>final t + c/j</ab>
<ab>i/y + vowel</ab>
<ab>bhd for bdh</ab>
<ab>remove spaces</ab>
        </normalization>
        <ab type="tagfilters">
<tag subtype="ignore">pc</tag>
<tag subtype="ignore">head</tag>
<tag subtype="ignore">label</tag>
<tag subtype="ignore">note</tag>
<tag subtype="ignore">num</tag>
<tag subtype="ignore">locus</tag>
<tag subtype="ignore">supplied</tag>
<tag subtype="ignore">surplus</tag>
        </ab>
      </editorialDecl>
    </encodingDesc>
    <xenoData>
      <stemma format="nexml" id="stemma0"><nex:nexml xmlns:nex="http://www.nexml.org/2009" version="0.9"><nex:otus id="otus1"><nex:otu id="otu0" label="A"/><nex:otu id="otu1" label="H"/><nex:otu id="otu2" label="K"/><nex:otu id="otu3" label="NE"/></nex:otus><nex:trees otus="otus1" id="trees1"><nex:tree id="guidetree" label="guidetree" xsi:type="nex:FloatTree" xmlns:xsi="http://www.w3.org/2001/XMLSchema-instance"><nex:node id="b8d56966-c22c-42a5-94fe-3b4f969cf40a" root="true"/><nex:node id="194d59a9-20c9-44f2-8d9b-aa024c4b6476"/><nex:node id="8f853d9f-6fb2-4468-b4b6-2d1337c42850" label="A" otu="otu2"/><nex:node id="7c5fc14e-e53f-49ed-87aa-f266ac3fb240" label="H" otu="otu3"/><nex:node id="1747b279-16fd-4138-a080-631ade3388be"/><nex:node id="8279ac37-d13c-4f5f-acfd-dfb23e9f2c23" label="K" otu="otu5"/><nex:node id="d124ff86-efc6-49c0-ba74-29cea320214d" label="NE" otu="otu6"/><nex:edge source="b8d56966-c22c-42a5-94fe-3b4f969cf40a" target="194d59a9-20c9-44f2-8d9b-aa024c4b6476" id="edge0" length="0.19848669112712136"/><nex:edge source="b8d56966-c22c-42a5-94fe-3b4f969cf40a" target="1747b279-16fd-4138-a080-631ade3388be" id="edge1" length="0.19848669112712136"/><nex:edge source="194d59a9-20c9-44f2-8d9b-aa024c4b6476" target="8f853d9f-6fb2-4468-b4b6-2d1337c42850" id="edge2" length="0.5724003259881876"/><nex:edge source="194d59a9-20c9-44f2-8d9b-aa024c4b6476" target="7c5fc14e-e53f-49ed-87aa-f266ac3fb240" id="edge3" length="0.4275996740118124"/><nex:edge source="1747b279-16fd-4138-a080-631ade3388be" target="8279ac37-d13c-4f5f-acfd-dfb23e9f2c23" id="edge4" length="0"/><nex:edge source="1747b279-16fd-4138-a080-631ade3388be" target="d124ff86-efc6-49c0-ba74-29cea320214d" id="edge5" length="0"/></nex:tree></nex:trees></nex:nexml></stemma>
    </xenoData>
  </teiHeader>
<TEI n="A"><text><cl><w n="0" lemma="ru"> ru</w><w n="1">jā</w><w n="2" lemma="yāṃ">yāṃ </w></cl><cl><w n="3">cā</w><w n="4" lemma="pi">py </w><w n="5">a</w><w n="6">ti</w><w n="7">bhṛ</w><w n="8" lemma="śaṃ">śaṃ </w></cl><cl><w n="9">sve</w><w n="10" lemma="dāḥ">dāś </w><w n="11" lemma="ca">ca </w></cl><cl><w n="12">mṛ</w><w n="13">da</w><w n="14" lemma="vaḥ">vo </w></cl><cl><w n="15">hi</w><w n="16" lemma="tā">tāḥ | </w></cl><cl><w n="17">a</w><w n="18" lemma="kṣṇoḥ">kṣṇoḥ </w></cl><cl><w n="19">sa</w><w n="20" lemma="maṃ">man</w></cl><cl><w n="21">ta</w><w n="22" lemma="taḥ">taḥ </w><w n="23">kā</w><w n="24" lemma="ryaṃ">ryaṃ </w></cl><cl><w n="25">pā</w><w n="26">ta</w><w n="27" lemma="naṃ">naṃ </w><w n="28" lemma="ca">ca </w></cl><cl><w n="29">ja</w><w n="30">lau</w><w n="31">ka</w><w n="32" lemma="sāṃ">sām || </w></cl></text></TEI><TEI n="H"><text><cl><w n="0" lemma="ru"> ru</w><w n="1">jā</w><w n="2" lemma="yāṃ">yāñ </w></cl><cl><w n="3">cā</w><w n="4">pya</w><w n="5">tha</w><w n="6">pha</w><w n="7"/><w n="8" lemma="laṃ">laṃ </w></cl><cl><w n="9">sve</w><w n="10" lemma="dāḥ">dās </w><w n="11" lemma="tu">tu </w></cl><cl><w n="12">mṛ</w><w n="13">da</w><w n="14" lemma="vaḥ">vo </w></cl><cl><w n="15">hi</w><w n="16" lemma="taṃ">taṃ | </w></cl><cl><w n="17">a</w><w n="18" lemma="kṣṇoḥ">kṣṇor </w></cl><cl><w n="19">a</w><w n="20" lemma="pi">pi </w></cl><cl><w n="21">sa</w><w n="22" lemma="maṃ">man</w><w n="23">tā</w><w n="24" lemma="tca">c ca </w></cl><cl><w n="25">pā</w><w n="26">ta</w><w n="27" lemma="naṃ">nan </w><w n="28" lemma="tu">tu </w></cl><cl><w n="29">ja</w><w n="30">lau</w><w n="31">ka</w><w n="32" lemma="sāṃ">sāṃ || </w></cl></text></TEI><TEI n="K"><text><cl><w n="0" lemma="ru"> ru</w><w n="1">jā</w><w n="2" lemma="yāṃ">yāñ </w></cl><cl><w n="3">cā</w><w n="4">pya</w><w n="5"/><w n="6"/><w n="7">rbhṛ</w><w n="8" lemma="śaṃ">śaṃ </w></cl><cl><w n="9">sve</w><w n="10" lemma="dāḥ">dās </w><w n="11" lemma="tu">tu </w></cl><cl><w n="12">mṛ</w><w n="13">da</w><w n="14" lemma="vaḥ">vo </w></cl><cl><w n="15">hi</w><w n="16" lemma="tā">tāḥ | </w></cl><cl><w n="17">a</w><w n="18" lemma="kṣṇoḥ">kṣṇor </w></cl><cl><w n="19">a</w><w n="20" lemma="pi">pi </w></cl><cl><w n="21">sa</w><w n="22" lemma="maṃ">man</w><w n="23">tā</w><w n="24" lemma="tca">c ca </w></cl><cl><w n="25">pā</w><w n="26">ta</w><w n="27" lemma="naṃ">nan </w><w n="28" lemma="tu">tu </w></cl><cl><w n="29">ja</w><w n="30">lau</w><w n="31">ka</w><w n="32" lemma="sāṃ">sāṃ | </w></cl></text></TEI><TEI n="NE"><text><cl><w n="0" lemma="ru"> ru</w><w n="1">jā</w><w n="2" lemma="yāṃ">yāñ </w></cl><cl><w n="3">cā</w><w n="4">pya</w><w n="5"/><w n="6"/><w n="7">rbhṛ</w><w n="8" lemma="śaṃ">śaṃ </w></cl><cl><w n="9">sve</w><w n="10" lemma="dāḥ">dās </w><w n="11" lemma="tu">tu </w></cl><cl><w n="12">mṛ</w><w n="13">da</w><w n="14" lemma="vaḥ">vo </w></cl><cl><w n="15">hi</w><w n="16" lemma="tā">tāḥ | </w></cl><cl><w n="17">a</w><w n="18" lemma="kṣṇoḥ">kṣṇor </w></cl><cl><w n="19">a</w><w n="20" lemma="pi">pi </w></cl><cl><w n="21">sa</w><w n="22" lemma="maṃ">man</w><w n="23">tā</w><w n="24" lemma="tca">c ca </w></cl><cl><w n="25">pā</w><w n="26">ta</w><w n="27" lemma="naṃ">nan </w><w n="28" lemma="tu">tu </w></cl><cl><w n="29">ja</w><w n="30">lau</w><w n="31">ka</w><w n="32" lemma="sāṃ">sāṃ | </w></cl></text></TEI></teiCorpus>