<?xml version="1.0" encoding="UTF-8"?>
<teiCorpus xmlns="http://www.tei-c.org/ns/1.0" xml:lang="sa-Latn">
  <teiHeader>
<listWit>
<witness xml:id="A" source="06-ut-vulgate-1938-1-30.xml">
<abbr>A</abbr>
<expan>Printed edition: Ācārya 1938: Uttaratantra 1-30</expan>
</witness>
<witness xml:id="K" source="kl_699_uttaratantra-1-30.xml">
<abbr>K</abbr>
<expan>MSS Kathmandu KL 699: Uttaratantra</expan>
<listWit>
<witness xml:id="Kac" n="ac">
<abbr>Kac</abbr>
<expan>MSS Kathmandu KL 699: Uttaratantra [ante correctionem]</expan>
</witness>
<witness xml:id="Kpc" n="pc">
<abbr type="siglum">Kpc</abbr>
<expan>MSS Kathmandu KL 699: Uttaratantra [post correctionem]</expan>
</witness>
</listWit>
</witness>
<witness xml:id="H" source="nak_5-333_uttaratantra-1-30.xml">
<abbr>H</abbr>
<expan>MS Kathmandu NAK 5-333, Uttaratantra</expan>
<listWit>
<witness xml:id="Hac" n="ac">
<abbr>Hac</abbr>
<expan>MS Kathmandu NAK 5-333, Uttaratantra [ante correctionem]</expan>
</witness>
<witness xml:id="Hpc" n="pc">
<abbr type="siglum">Hpc</abbr>
<expan>MS Kathmandu NAK 5-333, Uttaratantra [post correctionem]</expan>
</witness>
</listWit>
</witness>
<witness xml:id="NE" source="provisional-edition_uttaratantra-1-30.xml">
<abbr>NE</abbr>
<expan>The Nepalese Version of the Suśrutasaṃhitā, uttaratantra 1-30, based on the
                    Nepalese MSS</expan>
</witness>
</listWit>
    <encodingDesc>
      <editorialDecl>
        <segmentation>
          <ab type="tokenization">aksara</ab>
          <ab type="blockid">SS.6.17.49</ab>
          <ab type="targetedition">NE</ab>
          <ab type="scoring">
            <ab type="match">1</ab>
            <ab type="mismatch">-1</ab>
            <ab type="gapopen">-2</ab>
            <ab type="gapextend">-0.25</ab>
            <ab type="recursive">true</ab>
            <ab type="realigndepth">20</ab>
            <ab type="distancefunction">ngrams</ab>
            
          </ab>
        </segmentation>
        <normalization method="markup">
<ab>ignore punctuation</ab>
<ab>candrabindu as anusvāra</ab>
<ab>geminated aspirated consonants</ab>
<ab>geminated m after h</ab>
<ab>geminated t</ab>
<ab>geminated consonants after r</ab>
<ab>final nasal variants</ab>
<ab>internal nasal variants</ab>
<ab>final anusvāra variants</ab>
<ab>visarga aḥ before voiced consonants</ab>
<ab>visarga aḥ before vowels</ab>
<ab>visarga aḥ before unvoiced consonants and space + anusvāra</ab>
<ab>visarga āḥ variants</ab>
<ab>other visarga variants</ab>
<ab>superfluous avagrahas</ab>
<ab>double avagrahas</ab>
<ab>avagrahas to short a</ab>
<ab>internal visarga variants</ab>
<ab>final au/āv</ab>
<ab>final su</ab>
<ab>final i</ab>
<ab>kcch/kś</ab>
<ab>cś/tś</ab>
<ab>cch/ch</ab>
<ab>final t + hi</ab>
<ab>final t + voiced syllable</ab>
<ab>final t + n/m</ab>
<ab>final t + c/j</ab>
<ab>i/y + vowel</ab>
<ab>bhd for bdh</ab>
<ab>remove spaces</ab>
        </normalization>
        <ab type="tagfilters">
<tag subtype="ignore">pc</tag>
<tag subtype="ignore">head</tag>
<tag subtype="ignore">label</tag>
<tag subtype="ignore">note</tag>
<tag subtype="ignore">num</tag>
<tag subtype="ignore">locus</tag>
<tag subtype="ignore">supplied</tag>
<tag subtype="ignore">surplus</tag>
        </ab>
      </editorialDecl>
    </encodingDesc>
    <xenoData>
      <stemma format="nexml" id="stemma0"><nex:nexml xmlns:nex="http://www.nexml.org/2009" version="0.9"><nex:otus id="otus1"><nex:otu id="otu0" label="A"/><nex:otu id="otu1" label="K"/><nex:otu id="otu2" label="H"/><nex:otu id="otu3" label="NE"/></nex:otus><nex:trees otus="otus1" id="trees1"><nex:tree id="guidetree" label="guidetree" xsi:type="nex:FloatTree" xmlns:xsi="http://www.w3.org/2001/XMLSchema-instance"><nex:node id="7be3de08-66a0-4378-a579-01f7b753ad26" root="true"/><nex:node id="321a4686-0b0e-4501-b294-7371dbf52267"/><nex:node id="cf60e31e-e719-4ae4-b567-e925dffab222" label="A" otu="otu2"/><nex:node id="ec2af4ed-ebe1-47df-8f3d-12e9fdf99279" label="K" otu="otu3"/><nex:node id="5d8c8ff3-6a37-4842-ad07-4987f69da6a0"/><nex:node id="aba0e180-460d-48c8-aecb-25f3ad7a4b18" label="H" otu="otu5"/><nex:node id="fc4c19d4-61d0-478e-b3be-9e12c99fee25" label="NE" otu="otu6"/><nex:edge source="7be3de08-66a0-4378-a579-01f7b753ad26" target="321a4686-0b0e-4501-b294-7371dbf52267" id="edge0" length="0.16189733040111565"/><nex:edge source="7be3de08-66a0-4378-a579-01f7b753ad26" target="5d8c8ff3-6a37-4842-ad07-4987f69da6a0" id="edge1" length="0.16189733040111565"/><nex:edge source="321a4686-0b0e-4501-b294-7371dbf52267" target="cf60e31e-e719-4ae4-b567-e925dffab222" id="edge2" length="0.616725224003225"/><nex:edge source="321a4686-0b0e-4501-b294-7371dbf52267" target="ec2af4ed-ebe1-47df-8f3d-12e9fdf99279" id="edge3" length="0.38327477599677495"/><nex:edge source="5d8c8ff3-6a37-4842-ad07-4987f69da6a0" target="aba0e180-460d-48c8-aecb-25f3ad7a4b18" id="edge4" length="2.220446049250313e-16"/><nex:edge source="5d8c8ff3-6a37-4842-ad07-4987f69da6a0" target="fc4c19d4-61d0-478e-b3be-9e12c99fee25" id="edge5" length="0"/></nex:tree></nex:trees></nex:nexml></stemma>
    </xenoData>
  </teiHeader>
<TEI n="A"><text><cl><w n="0" lemma="śa"> śa</w><w n="1">tā</w><w n="2">va</w><w n="3">rī</w><w n="4">pā</w><w n="5">ya</w><w n="6" lemma="sa">sa </w></cl><cl><w n="7">e</w><w n="8" lemma="va">va </w></cl><cl><w n="9">ke</w><w n="10">va</w><w n="11" lemma="laḥ">las </w></cl><cl><w n="12">ta</w><w n="13" lemma="thā">thā </w></cl><cl><w n="14">kṛ</w><w n="15" lemma="taḥ">to </w></cl><cl><w n="16">vā</w><w n="17">ma</w><w n="18">la</w><w n="19">ke</w><w n="20" lemma="ṣu">ṣu </w></cl><cl><w n="21">pā</w><w n="22">ya</w><w n="23" lemma="saḥ">saḥ | </w></cl><cl><w n="24">pra</w><w n="25">bhū</w><w n="26">ta</w><w n="27">sa</w><w n="28">rpi</w><w n="29">stri</w><w n="30">pha</w><w n="31">lo</w><w n="32">da</w><w n="33">ko</w><w n="34">tta</w><w n="35" lemma="raḥ">ro </w></cl><cl><w n="36">ya</w><w n="37">vau</w><w n="38">da</w><w n="39" lemma="naḥ">no </w><w n="40" lemma="vā">vā </w></cl><cl><w n="41">ti</w><w n="42">mi</w><w n="43" lemma="raṃ">raṃ </w></cl><cl><w n="44">vya</w><w n="45">po</w><w n="46">ha</w><w n="47" lemma="ti">ti || </w></cl></text></TEI><TEI n="K"><text><cl><w n="0">sa</w><w n="1">tā</w><w n="2">va</w><w n="3">rī</w><w n="4">pā</w><w n="5">ya</w><w n="6" lemma="sa">sa </w></cl><cl><w n="7">e</w><w n="8" lemma="va">va </w></cl><cl><w n="9">ke</w><w n="10">va</w><w n="11" lemma="laṃ">lam </w></cl><cl><w n="12">ta</w><w n="13" lemma="thā">thā </w></cl><cl><w n="14">kṛ</w><w n="15" lemma="taḥ">to </w></cl><cl><w n="16">vā</w><w n="17">ma</w><w n="18">la</w><w n="19">ke</w><w n="20" lemma="ṣu">ṣu </w></cl><cl><w n="21">pā</w><w n="22">ya</w><w n="23" lemma="saḥ">saḥ | </w></cl><cl><w n="24">pra</w><w n="25">bhū</w><w n="26">ta</w><w n="27">sa</w><w n="28">rpi</w><w n="29">stri</w><w n="30">pha</w><w n="31">lo</w><w n="32">da</w><w n="33">ko</w><w n="34">tta</w><w n="35" lemma="raḥ">ro </w></cl><cl><w n="36">ya</w><w n="37">vau</w><w n="38">da</w><w n="39" lemma="naḥ">no </w><w n="40" lemma="vā">vā </w></cl><cl><w n="41">ti</w><w n="42">mi</w><w n="43" lemma="raṃ">ram </w></cl><cl><w n="44">vya</w><w n="45">po</w><w n="46">ha</w><w n="47" lemma="ti">ti || </w></cl></text></TEI><TEI n="H"><text><cl><w n="0">śa</w><w n="1">tā</w><w n="2">va</w><w n="3">rī</w><w n="4">pā</w><w n="5">ya</w><w n="6" lemma="sa">sa </w></cl><cl><w n="7">e</w><w n="8" lemma="va">va </w></cl><cl><w n="9">ke</w><w n="10">va</w><w n="11" lemma="laṃ">laṃ </w></cl><cl><w n="12">ta</w><w n="13" lemma="thā">thā </w></cl><cl><w n="14">kṛ</w><w n="15" lemma="taḥ">to </w></cl><cl><w n="16">vā</w><w n="17">ma</w><w n="18">la</w><w n="19">ke</w><w n="20" lemma="ṣu">ṣu </w></cl><cl><w n="21">pā</w><w n="22">ya</w><w n="23" lemma="saḥ">saḥ | </w></cl><cl><w n="24">pra</w><w n="25">bhū</w><w n="26">ta</w><w n="27">sa</w><w n="28" lemma="rpi">rppi</w><w n="29">stri</w><w n="30">pha</w><w n="31">lo</w><w n="32">da</w><w n="33">ko</w><w n="34">tta</w><w n="35" lemma="raḥ">ro </w></cl><cl><w n="36">ya</w><w n="37">vau</w><w n="38">da</w><w n="39" lemma="naḥ">no </w><w n="40" lemma="vā">vā </w></cl><cl><w n="41">ti</w><w n="42">mi</w><w n="43" lemma="raṃ">ram </w></cl><cl><w n="44">vya</w><w n="45">po</w><w n="46">ha</w><w n="47" lemma="ti">ti || </w></cl></text></TEI><TEI n="NE"><text><cl><w n="0" lemma="śa"> śa</w><w n="1">tā</w><w n="2">va</w><w n="3">rī</w><w n="4">pā</w><w n="5">ya</w><w n="6" lemma="sa">sa </w></cl><cl><w n="7">e</w><w n="8" lemma="va">va </w></cl><cl><w n="9">ke</w><w n="10">va</w><w n="11" lemma="laṃ">lam </w></cl><cl><w n="12">ta</w><w n="13" lemma="thā">thā </w></cl><cl><w n="14">kṛ</w><w n="15" lemma="taḥ">to </w></cl><cl><w n="16">vā</w><w n="17">ma</w><w n="18">la</w><w n="19">ke</w><w n="20" lemma="ṣu">ṣu </w></cl><cl><w n="21">pā</w><w n="22">ya</w><w n="23" lemma="saḥ">saḥ | </w></cl><cl><w n="24">pra</w><w n="25">bhū</w><w n="26">ta</w><w n="27">sa</w><w n="28">rpi</w><w n="29">stri</w><w n="30">pha</w><w n="31">lo</w><w n="32">da</w><w n="33">ko</w><w n="34">tta</w><w n="35" lemma="raḥ">ro </w></cl><cl><w n="36">ya</w><w n="37">vau</w><w n="38">da</w><w n="39" lemma="naḥ">no </w><w n="40" lemma="vā">vā </w></cl><cl><w n="41">ti</w><w n="42">mi</w><w n="43" lemma="raṃ">ram </w></cl><cl><w n="44">vya</w><w n="45">po</w><w n="46">ha</w><w n="47" lemma="ti">ti || </w></cl></text></TEI></teiCorpus>