<?xml version="1.0" encoding="UTF-8"?>
<teiCorpus xmlns="http://www.tei-c.org/ns/1.0" xml:lang="sa-Latn">
  <teiHeader>
<listWit>
<witness xml:id="A" source="06-ut-vulgate-1938-1-30.xml">
<abbr>A</abbr>
<expan>Printed edition: Ācārya 1938: Uttaratantra 1-30</expan>
</witness>
<witness xml:id="K" source="kl_699_uttaratantra-1-30.xml">
<abbr>K</abbr>
<expan>MSS Kathmandu KL 699: Uttaratantra</expan>
<listWit>
<witness xml:id="Kac" n="ac">
<abbr>Kac</abbr>
<expan>MSS Kathmandu KL 699: Uttaratantra [ante correctionem]</expan>
</witness>
<witness xml:id="Kpc" n="pc">
<abbr type="siglum">Kpc</abbr>
<expan>MSS Kathmandu KL 699: Uttaratantra [post correctionem]</expan>
</witness>
</listWit>
</witness>
<witness xml:id="H" source="nak_5-333_uttaratantra-1-30.xml">
<abbr>H</abbr>
<expan>MS Kathmandu NAK 5-333, Uttaratantra</expan>
<listWit>
<witness xml:id="Hac" n="ac">
<abbr>Hac</abbr>
<expan>MS Kathmandu NAK 5-333, Uttaratantra [ante correctionem]</expan>
</witness>
<witness xml:id="Hpc" n="pc">
<abbr type="siglum">Hpc</abbr>
<expan>MS Kathmandu NAK 5-333, Uttaratantra [post correctionem]</expan>
</witness>
</listWit>
</witness>
<witness xml:id="NE" source="provisional-edition_uttaratantra-1-30.xml">
<abbr>NE</abbr>
<expan>The Nepalese Version of the Suśrutasaṃhitā, uttaratantra 1-30, based on the
                    Nepalese MSS</expan>
</witness>
</listWit>
    <encodingDesc>
      <editorialDecl>
        <segmentation>
          <ab type="tokenization">aksara</ab>
          <ab type="blockid">SS.6.18.1</ab>
          <ab type="targetedition">NE</ab>
          <ab type="scoring">
            <ab type="match">1</ab>
            <ab type="mismatch">-1</ab>
            <ab type="gapopen">-2</ab>
            <ab type="gapextend">-0.25</ab>
            <ab type="recursive">true</ab>
            <ab type="realigndepth">20</ab>
            <ab type="distancefunction">ngrams</ab>
            
          </ab>
        </segmentation>
        <normalization method="markup">
<ab>ignore punctuation</ab>
<ab>candrabindu as anusvāra</ab>
<ab>geminated aspirated consonants</ab>
<ab>geminated m after h</ab>
<ab>geminated t</ab>
<ab>geminated consonants after r</ab>
<ab>final nasal variants</ab>
<ab>internal nasal variants</ab>
<ab>final anusvāra variants</ab>
<ab>visarga aḥ before voiced consonants</ab>
<ab>visarga aḥ before vowels</ab>
<ab>visarga aḥ before unvoiced consonants and space + anusvāra</ab>
<ab>visarga āḥ variants</ab>
<ab>other visarga variants</ab>
<ab>superfluous avagrahas</ab>
<ab>double avagrahas</ab>
<ab>avagrahas to short a</ab>
<ab>internal visarga variants</ab>
<ab>final au/āv</ab>
<ab>final su</ab>
<ab>final i</ab>
<ab>kcch/kś</ab>
<ab>cś/tś</ab>
<ab>cch/ch</ab>
<ab>final t + hi</ab>
<ab>final t + voiced syllable</ab>
<ab>final t + n/m</ab>
<ab>final t + c/j</ab>
<ab>i/y + vowel</ab>
<ab>bhd for bdh</ab>
<ab>remove spaces</ab>
        </normalization>
        <ab type="tagfilters">
<tag subtype="ignore">pc</tag>
<tag subtype="ignore">head</tag>
<tag subtype="ignore">label</tag>
<tag subtype="ignore">note</tag>
<tag subtype="ignore">num</tag>
<tag subtype="ignore">locus</tag>
<tag subtype="ignore">supplied</tag>
<tag subtype="ignore">surplus</tag>
        </ab>
      </editorialDecl>
    </encodingDesc>
    <xenoData>
      <stemma format="nexml" id="stemma0"><nex:nexml xmlns:nex="http://www.nexml.org/2009" version="0.9"><nex:otus id="otus1"><nex:otu id="otu0" label="A"/><nex:otu id="otu1" label="H"/><nex:otu id="otu2" label="K"/><nex:otu id="otu3" label="NE"/></nex:otus><nex:trees otus="otus1" id="trees1"><nex:tree id="guidetree" label="guidetree" xsi:type="nex:FloatTree" xmlns:xsi="http://www.w3.org/2001/XMLSchema-instance"><nex:node id="ac4fb248-2a6d-4766-b4b1-5f82c848d0ec" root="true"/><nex:node id="ed2cf8fe-7b48-4691-980f-3534295ecba8"/><nex:node id="b9ad50b6-995b-46d7-8000-76fd11df10dd" label="A" otu="otu2"/><nex:node id="34c4f693-e111-4b38-a934-8033623fbc94" label="H" otu="otu3"/><nex:node id="3122e4dc-2855-467e-a7c1-1efaa00bb86d"/><nex:node id="06dab52f-0a96-4de7-85f6-45ac98382566" label="K" otu="otu5"/><nex:node id="0a83fb24-54e6-470f-b534-ce23146366e0" label="NE" otu="otu6"/><nex:edge source="ac4fb248-2a6d-4766-b4b1-5f82c848d0ec" target="ed2cf8fe-7b48-4691-980f-3534295ecba8" id="edge0" length="0"/><nex:edge source="ac4fb248-2a6d-4766-b4b1-5f82c848d0ec" target="3122e4dc-2855-467e-a7c1-1efaa00bb86d" id="edge1" length="0"/><nex:edge source="ed2cf8fe-7b48-4691-980f-3534295ecba8" target="b9ad50b6-995b-46d7-8000-76fd11df10dd" id="edge2" length="0"/><nex:edge source="ed2cf8fe-7b48-4691-980f-3534295ecba8" target="34c4f693-e111-4b38-a934-8033623fbc94" id="edge3" length="0"/><nex:edge source="3122e4dc-2855-467e-a7c1-1efaa00bb86d" target="06dab52f-0a96-4de7-85f6-45ac98382566" id="edge4" length="1"/><nex:edge source="3122e4dc-2855-467e-a7c1-1efaa00bb86d" target="0a83fb24-54e6-470f-b534-ce23146366e0" id="edge5" length="0"/></nex:tree></nex:trees></nex:nexml></stemma>
    </xenoData>
  </teiHeader>
<TEI n="A"><text><cl><w n="0" lemma="a"> a</w><w n="1">thā</w><w n="2" lemma="taḥ">taḥ </w></cl><cl><w n="3">kri</w><w n="4">yā</w><w n="5">ka</w><w n="6" lemma="lpaṃ">lpaṃ </w></cl><cl><w n="7"/><w n="8">vyā</w><w n="9">khyā</w><w n="10">syā</w><w n="11" lemma="maḥ">maḥ ||</w></cl></text></TEI><TEI n="H"><text><cl><w n="0" lemma="a"> a</w><w n="1">thā</w><w n="2" lemma="taḥ">taḥ </w></cl><cl><w n="3">kri</w><w n="4">yā</w><w n="5">ka</w><w n="6" lemma="lpaṃ">lpaṃ </w></cl><cl><w n="7"/><w n="8">vyā</w><w n="9">khyā</w><w n="10">syā</w><w n="11" lemma="maḥ">maḥ ||</w></cl></text></TEI><TEI n="K"><text><cl><w n="0" lemma="a"> a</w><w n="1">thā</w><w n="2" lemma="taḥ">taḥ </w></cl><cl><w n="3">kri</w><w n="4">yā</w><w n="5">ka</w><w n="6" lemma="lpaṃ">lpaṃ </w></cl><cl><w n="7">vyā</w><w n="8">vyā</w><w n="9">khyā</w><w n="10">syā</w><w n="11" lemma="maḥ">maḥ ||</w></cl></text></TEI><TEI n="NE"><text><cl><w n="0" lemma="a"> a</w><w n="1">thā</w><w n="2" lemma="taḥ">taḥ </w></cl><cl><w n="3">kri</w><w n="4">yā</w><w n="5">ka</w><w n="6" lemma="lpaṃ">lpaṃ </w></cl><cl><w n="7"/><w n="8">vyā</w><w n="9">khyā</w><w n="10">syā</w><w n="11" lemma="maḥ">maḥ ||</w></cl></text></TEI></teiCorpus>