<?xml version="1.0" encoding="UTF-8"?>
<teiCorpus xmlns="http://www.tei-c.org/ns/1.0" xml:lang="sa-Latn">
  <teiHeader>
<listWit>
<witness xml:id="A" source="06-ut-vulgate-1938-1-30.xml">
<abbr>A</abbr>
<expan>Printed edition: Ācārya 1938: Uttaratantra 1-30</expan>
</witness>
<witness xml:id="K" source="kl_699_uttaratantra-1-30.xml">
<abbr>K</abbr>
<expan>MSS Kathmandu KL 699: Uttaratantra</expan>
<listWit>
<witness xml:id="Kac" n="ac">
<abbr>Kac</abbr>
<expan>MSS Kathmandu KL 699: Uttaratantra [ante correctionem]</expan>
</witness>
<witness xml:id="Kpc" n="pc">
<abbr type="siglum">Kpc</abbr>
<expan>MSS Kathmandu KL 699: Uttaratantra [post correctionem]</expan>
</witness>
</listWit>
</witness>
<witness xml:id="H" source="nak_5-333_uttaratantra-1-30.xml">
<abbr>H</abbr>
<expan>MS Kathmandu NAK 5-333, Uttaratantra</expan>
<listWit>
<witness xml:id="Hac" n="ac">
<abbr>Hac</abbr>
<expan>MS Kathmandu NAK 5-333, Uttaratantra [ante correctionem]</expan>
</witness>
<witness xml:id="Hpc" n="pc">
<abbr type="siglum">Hpc</abbr>
<expan>MS Kathmandu NAK 5-333, Uttaratantra [post correctionem]</expan>
</witness>
</listWit>
</witness>
<witness xml:id="NE" source="provisional-edition_uttaratantra-1-30.xml">
<abbr>NE</abbr>
<expan>The Nepalese Version of the Suśrutasaṃhitā, uttaratantra 1-30, based on the
                    Nepalese MSS</expan>
</witness>
</listWit>
    <encodingDesc>
      <editorialDecl>
        <segmentation>
          <ab type="tokenization">aksara</ab>
          <ab type="blockid">SS.6.11.4</ab>
          <ab type="targetedition">NE</ab>
          <ab type="scoring">
            <ab type="match">1</ab>
            <ab type="mismatch">-1</ab>
            <ab type="gapopen">-2</ab>
            <ab type="gapextend">-0.25</ab>
            <ab type="recursive">true</ab>
            <ab type="realigndepth">20</ab>
            <ab type="distancefunction">ngrams</ab>
            
          </ab>
        </segmentation>
        <normalization method="markup">
<ab>ignore punctuation</ab>
<ab>candrabindu as anusvāra</ab>
<ab>geminated aspirated consonants</ab>
<ab>geminated m after h</ab>
<ab>geminated t</ab>
<ab>geminated consonants after r</ab>
<ab>final nasal variants</ab>
<ab>internal nasal variants</ab>
<ab>final anusvāra variants</ab>
<ab>visarga aḥ before voiced consonants</ab>
<ab>visarga aḥ before vowels</ab>
<ab>visarga aḥ before unvoiced consonants and space + anusvāra</ab>
<ab>visarga āḥ variants</ab>
<ab>other visarga variants</ab>
<ab>superfluous avagrahas</ab>
<ab>double avagrahas</ab>
<ab>avagrahas to short a</ab>
<ab>internal visarga variants</ab>
<ab>final au/āv</ab>
<ab>final su</ab>
<ab>final i</ab>
<ab>kcch/kś</ab>
<ab>cś/tś</ab>
<ab>cch/ch</ab>
<ab>final t + hi</ab>
<ab>final t + voiced syllable</ab>
<ab>final t + n/m</ab>
<ab>final t + c/j</ab>
<ab>i/y + vowel</ab>
<ab>bhd for bdh</ab>
<ab>remove spaces</ab>
        </normalization>
        <ab type="tagfilters">
<tag subtype="ignore">pc</tag>
<tag subtype="ignore">head</tag>
<tag subtype="ignore">label</tag>
<tag subtype="ignore">note</tag>
<tag subtype="ignore">num</tag>
<tag subtype="ignore">locus</tag>
<tag subtype="ignore">supplied</tag>
<tag subtype="ignore">surplus</tag>
        </ab>
      </editorialDecl>
    </encodingDesc>
    <xenoData>
      <stemma format="nexml" id="stemma0"><nex:nexml xmlns:nex="http://www.nexml.org/2009" version="0.9"><nex:otus id="otus1"><nex:otu id="otu0" label="A"/><nex:otu id="otu1" label="H"/><nex:otu id="otu2" label="K"/><nex:otu id="otu3" label="NE"/></nex:otus><nex:trees otus="otus1" id="trees1"><nex:tree id="guidetree" label="guidetree" xsi:type="nex:FloatTree" xmlns:xsi="http://www.w3.org/2001/XMLSchema-instance"><nex:node id="87e0faf6-4535-4f35-8111-e546b5d9ea80" root="true"/><nex:node id="80a44e82-849d-45ab-8aa2-27a09e7a2d8a"/><nex:node id="12e35b8f-9b34-46d4-a169-665646b71cd2" label="A" otu="otu2"/><nex:node id="50e1cc49-ed5a-46d6-8db3-1143c3a94f80" label="H" otu="otu3"/><nex:node id="9ef8dae6-91c6-41de-b338-5d0c05ed4e81"/><nex:node id="fa3bf399-a5b9-42ed-a5db-9f9cdd84f2fe" label="K" otu="otu5"/><nex:node id="93385f12-4791-4a69-80b7-470314900a3f" label="NE" otu="otu6"/><nex:edge source="87e0faf6-4535-4f35-8111-e546b5d9ea80" target="80a44e82-849d-45ab-8aa2-27a09e7a2d8a" id="edge0" length="0.23766083811699848"/><nex:edge source="87e0faf6-4535-4f35-8111-e546b5d9ea80" target="9ef8dae6-91c6-41de-b338-5d0c05ed4e81" id="edge1" length="0.23766083811699848"/><nex:edge source="80a44e82-849d-45ab-8aa2-27a09e7a2d8a" target="12e35b8f-9b34-46d4-a169-665646b71cd2" id="edge2" length="0.48658195486330463"/><nex:edge source="80a44e82-849d-45ab-8aa2-27a09e7a2d8a" target="50e1cc49-ed5a-46d6-8db3-1143c3a94f80" id="edge3" length="0.499417822370023"/><nex:edge source="9ef8dae6-91c6-41de-b338-5d0c05ed4e81" target="fa3bf399-a5b9-42ed-a5db-9f9cdd84f2fe" id="edge4" length="0"/><nex:edge source="9ef8dae6-91c6-41de-b338-5d0c05ed4e81" target="93385f12-4791-4a69-80b7-470314900a3f" id="edge5" length="0"/></nex:tree></nex:trees></nex:nexml></stemma>
    </xenoData>
  </teiHeader>
<TEI n="A"><text><cl><w n="0" lemma="rū"> rū</w><w n="1" lemma="kṣaiḥ">kṣais </w></cl><cl><w n="2">ta</w><w n="3" lemma="thāḥ">thāś </w><w n="4">cyo</w><w n="5">ta</w><w n="6">na</w><w n="7">saṃ</w><w n="8">vi</w><w n="9">dhā</w><w n="10" lemma="naiḥ">nais </w></cl><cl><w n="11">ta</w><w n="12">thai</w><w n="13" lemma="va">va </w></cl><cl><w n="14">rū</w><w n="15" lemma="ksaiḥ">ksaiḥ </w></cl><cl><w n="16">pu</w><w n="17">ṭa</w><w n="18">pā</w><w n="19">ka</w><w n="20">yo</w><w n="21" lemma="gaiḥ">gaiḥ | </w></cl><cl><w n="22">trya</w><w n="23">hā</w></cl><cl><w n="24" lemma="ttrya">t trya</w><w n="25">hā</w></cl><cl><w n="26" lemma="tcā">c cā</w><w n="27" lemma="pi">py </w></cl><cl><w n="28">a</w><w n="29">pa</w><w n="30">ta</w><w n="31">rpa</w><w n="32" lemma="ṇāṃ">ṇān</w><w n="33" lemma="te">te </w></cl><cl><w n="34">prā</w><w n="35">ta</w><w n="36">sta</w><w n="37">yo</w><w n="38">sti</w><w n="39">kta</w><w n="40">ghṛ</w><w n="41" lemma="taṃ">taṃ </w></cl><cl><w n="42">pra</w><w n="43">śa</w><w n="44" lemma="staṃ">stam || </w></cl><cl><w n="45"/><w n="46"/></cl><cl><w n="47"/><w n="48"/></cl><cl><w n="49"/><w n="50"/><w n="51"/><w n="52"/></cl></text></TEI><TEI n="H"><text><cl><w n="0" lemma=""> </w><w n="1"/></cl><cl><w n="2"/><w n="3"/><w n="4"/><w n="5"/><w n="6"/><w n="7"/><w n="8"/><w n="9"/><w n="10"/></cl><cl><w n="11"/><w n="12"/><w n="13">va</w></cl><cl><w n="14">rtā</w><w n="15" lemma="kṣaiḥ">kṣaiḥ </w></cl><cl><w n="16">pu</w><w n="17">ṭa</w><w n="18">pā</w><w n="19">ka</w><w n="20">yo</w><w n="21" lemma="gaiḥ">gaiḥ || </w></cl><cl><w n="22">trya</w><w n="23" lemma="hā">hā </w></cl><cl><w n="24">trya</w><w n="25">hvā</w></cl><cl><w n="26"/><w n="27" lemma="pi">py </w></cl><cl><w n="28">a</w><w n="29">va</w><w n="30">ta</w><w n="31" lemma="rpa">rppa</w><w n="32" lemma="ṇāṃ">ṇān</w><w n="33" lemma="te">te </w></cl><cl><w n="34"/><w n="35"/><w n="36"/><w n="37"/><w n="38"/><w n="39"/><w n="40"/><w n="41" lemma="tau">tau </w></cl><cl><w n="42">prā</w><w n="43">ta</w><w n="44"/></cl><cl><w n="45" lemma="raṃ">ran</w><w n="46" lemma="naṃ">naṃ </w></cl><cl><w n="47">hi</w><w n="48" lemma="taṃ">tam </w></cl><cl><w n="49">ā</w><w n="50">pnu</w><w n="51" lemma="yāṃ">yāṃ | </w><w n="52"/></cl></text></TEI><TEI n="K"><text><cl><w n="0" lemma="u"> u</w><w n="1" lemma="ṣṇaiḥ">ṣṇais </w></cl><cl><w n="2">ta</w><w n="3">thā</w><w n="4">ścyo</w><w n="5">ta</w><w n="6">na</w><w n="7" lemma="saṃ">sam</w><w n="8">vi</w><w n="9">dhā</w><w n="10" lemma="naiḥ">nais </w></cl><cl><w n="11">ta</w><w n="12">thai</w><w n="13" lemma="va">va </w></cl><cl><w n="14">ru</w><w n="15" lemma="kṣaiḥ">kṣaiḥ </w></cl><cl><w n="16">pu</w><w n="17">ṭa</w><w n="18">pā</w><w n="19">ka</w><w n="20">yo</w><w n="21" lemma="gaiḥ">gaiḥ | </w></cl><cl><w n="22">trya</w><w n="23" lemma="hāṃ">hāṃ </w></cl><cl><w n="24">trya</w><w n="25" lemma="hā">hā </w></cl><cl><w n="26">ccā</w><w n="27" lemma="pi">py </w></cl><cl><w n="28">a</w><w n="29">pa</w><w n="30">ta</w><w n="31">rpa</w><w n="32" lemma="ṇāṃ">ṇān</w><w n="33" lemma="te">te </w></cl><cl><w n="34"/><w n="35"/><w n="36"/><w n="37"/><w n="38"/><w n="39"/><w n="40"/><w n="41" lemma="tau">tau </w></cl><cl><w n="42">prā</w><w n="43"/><w n="44" lemma="taḥ">tar </w></cl><cl><w n="45" lemma="aṃ">an</w><w n="46" lemma="naṃ">naṃ </w></cl><cl><w n="47">hi</w><w n="48" lemma="taṃ">tam </w></cl><cl><w n="49">ā</w><w n="50">pnu</w><w n="51">yā</w><w n="52" lemma="tāṃ">tāṃ | </w></cl></text></TEI><TEI n="NE"><text><cl><w n="0" lemma="u"> u</w><w n="1" lemma="ṣṇaiḥ">ṣṇais </w></cl><cl><w n="2">ta</w><w n="3">thā</w><w n="4">ścyo</w><w n="5">ta</w><w n="6">na</w><w n="7" lemma="saṃ">sam</w><w n="8">vi</w><w n="9">dhā</w><w n="10" lemma="naiḥ">nais </w></cl><cl><w n="11">ta</w><w n="12">thai</w><w n="13" lemma="va">va </w></cl><cl><w n="14">ru</w><w n="15" lemma="kṣaiḥ">kṣaiḥ </w></cl><cl><w n="16">pu</w><w n="17">ṭa</w><w n="18">pā</w><w n="19">ka</w><w n="20">yo</w><w n="21" lemma="gaiḥ">gaiḥ | </w></cl><cl><w n="22">trya</w><w n="23" lemma="hāṃ">hāṃ </w></cl><cl><w n="24">trya</w><w n="25" lemma="hā">hā </w></cl><cl><w n="26">ccā</w><w n="27" lemma="pi">py </w></cl><cl><w n="28">a</w><w n="29">pa</w><w n="30">ta</w><w n="31">rpa</w><w n="32" lemma="ṇāṃ">ṇān</w><w n="33" lemma="te">te </w></cl><cl><w n="34"/><w n="35"/><w n="36"/><w n="37"/><w n="38"/><w n="39"/><w n="40"/><w n="41" lemma="tau">tau </w></cl><cl><w n="42">prā</w><w n="43"/><w n="44" lemma="taḥ">tar </w></cl><cl><w n="45" lemma="aṃ">an</w><w n="46" lemma="naṃ">naṃ </w></cl><cl><w n="47">hi</w><w n="48" lemma="taṃ">tam </w></cl><cl><w n="49">ā</w><w n="50">pnu</w><w n="51">yā</w><w n="52" lemma="tāṃ">tāṃ | </w></cl></text></TEI></teiCorpus>