<?xml version="1.0" encoding="UTF-8"?>
<teiCorpus xmlns="http://www.tei-c.org/ns/1.0" xml:lang="sa-Latn">
  <teiHeader>
<listWit>
<witness xml:id="A" source="06-ut-vulgate-1938-1-30.xml">
<abbr>A</abbr>
<expan>Printed edition: Ācārya 1938: Uttaratantra 1-30</expan>
</witness>
<witness xml:id="K" source="kl_699_uttaratantra-1-30.xml">
<abbr>K</abbr>
<expan>MSS Kathmandu KL 699: Uttaratantra</expan>
<listWit>
<witness xml:id="Kac" n="ac">
<abbr>Kac</abbr>
<expan>MSS Kathmandu KL 699: Uttaratantra [ante correctionem]</expan>
</witness>
<witness xml:id="Kpc" n="pc">
<abbr type="siglum">Kpc</abbr>
<expan>MSS Kathmandu KL 699: Uttaratantra [post correctionem]</expan>
</witness>
</listWit>
</witness>
<witness xml:id="H" source="nak_5-333_uttaratantra-1-30.xml">
<abbr>H</abbr>
<expan>MS Kathmandu NAK 5-333, Uttaratantra</expan>
<listWit>
<witness xml:id="Hac" n="ac">
<abbr>Hac</abbr>
<expan>MS Kathmandu NAK 5-333, Uttaratantra [ante correctionem]</expan>
</witness>
<witness xml:id="Hpc" n="pc">
<abbr type="siglum">Hpc</abbr>
<expan>MS Kathmandu NAK 5-333, Uttaratantra [post correctionem]</expan>
</witness>
</listWit>
</witness>
<witness xml:id="NE" source="provisional-edition_uttaratantra-1-30.xml">
<abbr>NE</abbr>
<expan>The Nepalese Version of the Suśrutasaṃhitā, uttaratantra 1-30, based on the
                    Nepalese MSS</expan>
</witness>
</listWit>
    <encodingDesc>
      <editorialDecl>
        <segmentation>
          <ab type="tokenization">aksara</ab>
          <ab type="blockid">SS.6.15.1</ab>
          <ab type="targetedition">NE</ab>
          <ab type="scoring">
            <ab type="match">1</ab>
            <ab type="mismatch">-1</ab>
            <ab type="gapopen">-2</ab>
            <ab type="gapextend">-0.25</ab>
            <ab type="recursive">true</ab>
            <ab type="realigndepth">20</ab>
            <ab type="distancefunction">ngrams</ab>
            
          </ab>
        </segmentation>
        <normalization method="markup">
<ab>ignore punctuation</ab>
<ab>candrabindu as anusvāra</ab>
<ab>geminated aspirated consonants</ab>
<ab>geminated m after h</ab>
<ab>geminated t</ab>
<ab>geminated consonants after r</ab>
<ab>final nasal variants</ab>
<ab>internal nasal variants</ab>
<ab>final anusvāra variants</ab>
<ab>visarga aḥ before voiced consonants</ab>
<ab>visarga aḥ before vowels</ab>
<ab>visarga aḥ before unvoiced consonants and space + anusvāra</ab>
<ab>visarga āḥ variants</ab>
<ab>other visarga variants</ab>
<ab>superfluous avagrahas</ab>
<ab>double avagrahas</ab>
<ab>avagrahas to short a</ab>
<ab>internal visarga variants</ab>
<ab>final au/āv</ab>
<ab>final su</ab>
<ab>final i</ab>
<ab>kcch/kś</ab>
<ab>cś/tś</ab>
<ab>cch/ch</ab>
<ab>final t + hi</ab>
<ab>final t + voiced syllable</ab>
<ab>final t + n/m</ab>
<ab>final t + c/j</ab>
<ab>i/y + vowel</ab>
<ab>bhd for bdh</ab>
<ab>remove spaces</ab>
        </normalization>
        <ab type="tagfilters">
<tag subtype="ignore">pc</tag>
<tag subtype="ignore">head</tag>
<tag subtype="ignore">label</tag>
<tag subtype="ignore">note</tag>
<tag subtype="ignore">num</tag>
<tag subtype="ignore">locus</tag>
<tag subtype="ignore">supplied</tag>
<tag subtype="ignore">surplus</tag>
        </ab>
      </editorialDecl>
    </encodingDesc>
    <xenoData>
      <stemma format="nexml" id="stemma0"><nex:nexml xmlns:nex="http://www.nexml.org/2009" version="0.9"><nex:otus id="otus1"><nex:otu id="otu0" label="A"/><nex:otu id="otu1" label="H"/><nex:otu id="otu2" label="K"/><nex:otu id="otu3" label="NE"/></nex:otus><nex:trees otus="otus1" id="trees1"><nex:tree id="guidetree" label="guidetree" xsi:type="nex:FloatTree" xmlns:xsi="http://www.w3.org/2001/XMLSchema-instance"><nex:node id="6451c79b-e07b-47db-97e7-452dc9a0517f" root="true"/><nex:node id="b1387777-21d8-46a3-a6ce-abf55c4eefaf"/><nex:node id="30a14eb2-b503-437e-8f2e-2b6639f03603" label="A" otu="otu2"/><nex:node id="893b7c9d-6947-48ea-94df-50326bf4f62a" label="H" otu="otu3"/><nex:node id="838ce8a3-d26e-4726-a143-9b705380b707"/><nex:node id="3d664c4d-92da-4a8e-b801-9d0f2b3fa6d2" label="K" otu="otu5"/><nex:node id="1b97f977-2ffc-4df1-8b9c-61e268a54bae" label="NE" otu="otu6"/><nex:edge source="6451c79b-e07b-47db-97e7-452dc9a0517f" target="b1387777-21d8-46a3-a6ce-abf55c4eefaf" id="edge0" length="0.308925565098879"/><nex:edge source="6451c79b-e07b-47db-97e7-452dc9a0517f" target="838ce8a3-d26e-4726-a143-9b705380b707" id="edge1" length="0.308925565098879"/><nex:edge source="b1387777-21d8-46a3-a6ce-abf55c4eefaf" target="30a14eb2-b503-437e-8f2e-2b6639f03603" id="edge2" length="0.38214886980224205"/><nex:edge source="b1387777-21d8-46a3-a6ce-abf55c4eefaf" target="893b7c9d-6947-48ea-94df-50326bf4f62a" id="edge3" length="0.38214886980224205"/><nex:edge source="838ce8a3-d26e-4726-a143-9b705380b707" target="3d664c4d-92da-4a8e-b801-9d0f2b3fa6d2" id="edge4" length="0"/><nex:edge source="838ce8a3-d26e-4726-a143-9b705380b707" target="1b97f977-2ffc-4df1-8b9c-61e268a54bae" id="edge5" length="0"/></nex:tree></nex:trees></nex:nexml></stemma>
    </xenoData>
  </teiHeader>
<TEI n="A"><text><cl><w n="0" lemma="a"> a</w><w n="1">thā</w><w n="2" lemma="taḥ">taś </w></cl><cl><w n="3">che</w><w n="4">dya</w><w n="5">ro</w><w n="6">ga</w><w n="7">pra</w><w n="8">ti</w><w n="9">ṣe</w><w n="10" lemma="dhaṃ">dhaṃ </w></cl><cl><w n="11"/><w n="12"/><w n="13"/><w n="14">vyā</w><w n="15">khyā</w><w n="16">syā</w><w n="17" lemma="maḥ">maḥ ||</w></cl></text></TEI><TEI n="H"><text><cl><w n="0">a</w><w n="1">thā</w><w n="2" lemma="taḥ">taś </w></cl><cl><w n="3" lemma="che">cche</w><w n="4">dya</w><w n="5">ro</w><w n="6">ga</w><w n="7">pra</w><w n="8">ti</w><w n="9">ṣe</w><w n="10" lemma="dhaṃ">dham </w></cl><cl><w n="11">ma</w><w n="12">dhyā</w><w n="13" lemma="yaṃ">yam </w><w n="14">vyā</w><w n="15">khyā</w><w n="16">syā</w><w n="17" lemma="maḥ">maḥ ||</w></cl></text></TEI><TEI n="K"><text><cl><w n="0">a</w><w n="1">thā</w><w n="2" lemma="taḥ">taś </w></cl><cl><w n="3">che</w><w n="4">dyo</w><w n="5">ro</w><w n="6">ga</w><w n="7">pra</w><w n="8">ti</w><w n="9">ṣe</w><w n="10" lemma="dhaṃ">dham </w></cl><cl><w n="11" lemma="vyā">vyā ||</w><w n="12"/><w n="13"/><w n="14"/><w n="15"/><w n="16"/><w n="17"/></cl></text></TEI><TEI n="NE"><text><cl><w n="0" lemma="a"> a</w><w n="1">thā</w><w n="2" lemma="taḥ">taś </w></cl><cl><w n="3">che</w><w n="4">dyo</w><w n="5">ro</w><w n="6">ga</w><w n="7">pra</w><w n="8">ti</w><w n="9">ṣe</w><w n="10" lemma="dhaṃ">dham </w></cl><cl><w n="11" lemma="vyā">vyā ||</w><w n="12"/><w n="13"/><w n="14"/><w n="15"/><w n="16"/><w n="17"/></cl></text></TEI></teiCorpus>