<?xml version="1.0" encoding="UTF-8"?>
<teiCorpus xmlns="http://www.tei-c.org/ns/1.0" xml:lang="sa-Latn">
  <teiHeader>
<listWit>
<witness xml:id="A" source="06-ut-vulgate-1938-1-30.xml">
<abbr>A</abbr>
<expan>Printed edition: Ācārya 1938: Uttaratantra 1-30</expan>
</witness>
<witness xml:id="K" source="kl_699_uttaratantra-1-30.xml">
<abbr>K</abbr>
<expan>MSS Kathmandu KL 699: Uttaratantra</expan>
<listWit>
<witness xml:id="Kac" n="ac">
<abbr>Kac</abbr>
<expan>MSS Kathmandu KL 699: Uttaratantra [ante correctionem]</expan>
</witness>
<witness xml:id="Kpc" n="pc">
<abbr type="siglum">Kpc</abbr>
<expan>MSS Kathmandu KL 699: Uttaratantra [post correctionem]</expan>
</witness>
</listWit>
</witness>
<witness xml:id="H" source="nak_5-333_uttaratantra-1-30.xml">
<abbr>H</abbr>
<expan>MS Kathmandu NAK 5-333, Uttaratantra</expan>
<listWit>
<witness xml:id="Hac" n="ac">
<abbr>Hac</abbr>
<expan>MS Kathmandu NAK 5-333, Uttaratantra [ante correctionem]</expan>
</witness>
<witness xml:id="Hpc" n="pc">
<abbr type="siglum">Hpc</abbr>
<expan>MS Kathmandu NAK 5-333, Uttaratantra [post correctionem]</expan>
</witness>
</listWit>
</witness>
<witness xml:id="NE" source="provisional-edition_uttaratantra-1-30.xml">
<abbr>NE</abbr>
<expan>The Nepalese Version of the Suśrutasaṃhitā, uttaratantra 1-30, based on the
                    Nepalese MSS</expan>
</witness>
</listWit>
    <encodingDesc>
      <editorialDecl>
        <segmentation>
          <ab type="tokenization">aksara</ab>
          <ab type="blockid">SS.6.17.99</ab>
          <ab type="targetedition">NE</ab>
          <ab type="scoring">
            <ab type="match">1</ab>
            <ab type="mismatch">-1</ab>
            <ab type="gapopen">-2</ab>
            <ab type="gapextend">-0.25</ab>
            <ab type="recursive">true</ab>
            <ab type="realigndepth">20</ab>
            <ab type="distancefunction">ngrams</ab>
            
          </ab>
        </segmentation>
        <normalization method="markup">
<ab>ignore punctuation</ab>
<ab>candrabindu as anusvāra</ab>
<ab>geminated aspirated consonants</ab>
<ab>geminated m after h</ab>
<ab>geminated t</ab>
<ab>geminated consonants after r</ab>
<ab>final nasal variants</ab>
<ab>internal nasal variants</ab>
<ab>final anusvāra variants</ab>
<ab>visarga aḥ before voiced consonants</ab>
<ab>visarga aḥ before vowels</ab>
<ab>visarga aḥ before unvoiced consonants and space + anusvāra</ab>
<ab>visarga āḥ variants</ab>
<ab>other visarga variants</ab>
<ab>superfluous avagrahas</ab>
<ab>double avagrahas</ab>
<ab>avagrahas to short a</ab>
<ab>internal visarga variants</ab>
<ab>final au/āv</ab>
<ab>final su</ab>
<ab>final i</ab>
<ab>kcch/kś</ab>
<ab>cś/tś</ab>
<ab>cch/ch</ab>
<ab>final t + hi</ab>
<ab>final t + voiced syllable</ab>
<ab>final t + n/m</ab>
<ab>final t + c/j</ab>
<ab>i/y + vowel</ab>
<ab>bhd for bdh</ab>
<ab>remove spaces</ab>
        </normalization>
        <ab type="tagfilters">
<tag subtype="ignore">pc</tag>
<tag subtype="ignore">head</tag>
<tag subtype="ignore">label</tag>
<tag subtype="ignore">note</tag>
<tag subtype="ignore">num</tag>
<tag subtype="ignore">locus</tag>
<tag subtype="ignore">supplied</tag>
<tag subtype="ignore">surplus</tag>
        </ab>
      </editorialDecl>
    </encodingDesc>
    <xenoData>
      <stemma format="nexml" id="stemma0"><nex:nexml xmlns:nex="http://www.nexml.org/2009" version="0.9"><nex:otus id="otus1"><nex:otu id="otu0" label="A"/><nex:otu id="otu1" label="H"/><nex:otu id="otu2" label="K"/><nex:otu id="otu3" label="NE"/></nex:otus><nex:trees otus="otus1" id="trees1"><nex:tree id="guidetree" label="guidetree" xsi:type="nex:FloatTree" xmlns:xsi="http://www.w3.org/2001/XMLSchema-instance"><nex:node id="e3ce770e-47d6-47e7-b82e-b4c0a09e41cb" root="true"/><nex:node id="430b4aa5-b2b1-49e9-bdc6-f6aaa85d2c92"/><nex:node id="15b628b5-c96c-4a82-8d9b-7d5df546965b" label="A" otu="otu2"/><nex:node id="6390ff27-c16b-48b2-be8c-4cd28fa56830" label="H" otu="otu3"/><nex:node id="d3c6f355-34ff-4b3c-bb1d-a5bdefb404de"/><nex:node id="ab0cc182-7ab1-4e30-9e5c-daa5d69bd57b" label="K" otu="otu5"/><nex:node id="631a7930-e313-4b31-96f6-552df984ba94" label="NE" otu="otu6"/><nex:edge source="e3ce770e-47d6-47e7-b82e-b4c0a09e41cb" target="430b4aa5-b2b1-49e9-bdc6-f6aaa85d2c92" id="edge0" length="0.0906487895349733"/><nex:edge source="e3ce770e-47d6-47e7-b82e-b4c0a09e41cb" target="d3c6f355-34ff-4b3c-bb1d-a5bdefb404de" id="edge1" length="0.0906487895349733"/><nex:edge source="430b4aa5-b2b1-49e9-bdc6-f6aaa85d2c92" target="15b628b5-c96c-4a82-8d9b-7d5df546965b" id="edge2" length="0.5306163993246087"/><nex:edge source="430b4aa5-b2b1-49e9-bdc6-f6aaa85d2c92" target="6390ff27-c16b-48b2-be8c-4cd28fa56830" id="edge3" length="0.4693836006753913"/><nex:edge source="d3c6f355-34ff-4b3c-bb1d-a5bdefb404de" target="ab0cc182-7ab1-4e30-9e5c-daa5d69bd57b" id="edge4" length="0.2952019125165842"/><nex:edge source="d3c6f355-34ff-4b3c-bb1d-a5bdefb404de" target="631a7930-e313-4b31-96f6-552df984ba94" id="edge5" length="0.2465611230263945"/></nex:tree></nex:trees></nex:nexml></stemma>
    </xenoData>
  </teiHeader>
<TEI n="A"><text><cl><w n="0" lemma="ma"> ma</w><w n="1">ri</w><w n="2">cā</w><w n="3" lemma="ni">ni </w><w n="4" lemma="ca">ca </w></cl><w n="5">ta</w><cl><w n="6" lemma="tva">d va</w><w n="7" lemma="rtīḥ">rtīḥ </w></cl><cl><w n="8">kā</w><w n="9">ra</w><w n="10">ye</w><w n="11" lemma="tcā">c cā</w><w n="12" lemma="pi">pi </w></cl><cl><w n="13">pū</w><w n="14">rva</w><w n="15">va</w><w n="16" lemma="tdṛ">t | dṛ</w><w n="17">ṣṭi</w></cl><cl><w n="18">sthai</w><w n="19">ryā</w><w n="20" lemma="rthaṃ">rtham </w></cl><cl><w n="21">e</w><w n="22">ta</w><w n="23" lemma="ttu">t tu </w></cl><cl><w n="24">vi</w><w n="25">da</w><w n="26">dhyā</w><w n="27" lemma="taṃ">d añ</w><w n="28">ja</w><w n="29" lemma="ne">ne </w></cl><cl><w n="30">hi</w><w n="31" lemma="taṃ">tam || </w></cl></text></TEI><TEI n="H"><text><cl><w n="0" lemma="ma"> ma</w><w n="1">ri</w><w n="2">cā</w><w n="3" lemma="ni">ni </w><w n="4" lemma="ca">ca </w></cl><w n="5" lemma="tā">tā </w><cl><w n="6">va</w><w n="7" lemma="rtī">rtī </w></cl><cl><w n="8">kā</w><w n="9">ra</w><w n="10">ye</w><w n="11" lemma="tvā">d vā</w><w n="12" lemma="pi">pi </w></cl><cl><w n="13">pū</w><w n="14" lemma="rva">rvva</w><w n="15">va</w><w n="16" lemma="tdṛ">t | dṛ</w><w n="17" lemma="ṣṭeḥ">ṣṭeḥ </w></cl><cl><w n="18">sthai</w><w n="19"/><w n="20" lemma="ryaṃ">ryam </w></cl><cl><w n="21">e</w><w n="22">tā</w><w n="23" lemma="stha">stha </w></cl><cl><w n="24">vi</w><w n="25">da</w><w n="26">dhyā</w><w n="27" lemma="taṃ">d añ</w><w n="28">ja</w><w n="29" lemma="ne">ne </w></cl><cl><w n="30">hi</w><w n="31" lemma="tā">tā || </w></cl></text></TEI><TEI n="K"><text><cl><w n="0" lemma="ma"> ma</w><w n="1">ri</w><w n="2">cā</w><w n="3" lemma="ni">ni </w><w n="4" lemma="ca">ca </w></cl><w n="5" lemma="tā">tā </w><cl><w n="6">va</w><w n="7" lemma="rtīḥ">rtīḥ </w></cl><cl><w n="8">kā</w><w n="9">ra</w><w n="10">ye</w><w n="11" lemma="tvā">d vā</w><w n="12" lemma="pi">pi </w></cl><cl><w n="13">pū</w><w n="14">rva</w><w n="15">va</w><w n="16" lemma="tdṛ">t | dṛ</w><w n="17" lemma="ṣṭaiḥ">ṣṭaiḥ </w></cl><cl><w n="18">sthai</w><w n="19">ryā</w><w n="20" lemma="rthaṃ">rtham </w></cl><cl><w n="21">e</w><w n="22" lemma="tāḥ">tās </w><w n="23" lemma="tu">tu </w></cl><cl><w n="24">vi</w><w n="25">da</w><w n="26">dhyā</w><w n="27" lemma="taṃ">d añ</w><w n="28">ja</w><w n="29" lemma="ne">ne </w></cl><cl><w n="30">hi</w><w n="31" lemma="tāḥ">tāḥ || </w></cl></text></TEI><TEI n="NE"><text><cl><w n="0" lemma="ma"> ma</w><w n="1">ri</w><w n="2">cā</w><w n="3" lemma="ni">ni </w><w n="4" lemma="ca">ca </w></cl><w n="5" lemma="tā">tā </w><cl><w n="6">va</w><w n="7" lemma="rtīḥ">rtīḥ </w></cl><cl><w n="8">kā</w><w n="9">ra</w><w n="10">ye</w><w n="11" lemma="tvā">d vā</w><w n="12" lemma="pi">pi </w></cl><cl><w n="13">pū</w><w n="14">rva</w><w n="15">va</w><w n="16" lemma="tdṛ">t | dṛ</w><w n="17" lemma="ṣṭeḥ">ṣṭeḥ </w></cl><cl><w n="18">sthai</w><w n="19">ryā</w><w n="20" lemma="rthaṃ">rtham </w></cl><cl><w n="21">e</w><w n="22" lemma="tāḥ">tās </w><w n="23" lemma="tu">tu </w></cl><cl><w n="24">vi</w><w n="25">da</w><w n="26">dhyā</w><w n="27" lemma="taṃ">d añ</w><w n="28">ja</w><w n="29" lemma="ne">ne </w></cl><cl><w n="30">hi</w><w n="31" lemma="tāḥ">tāḥ ||81|| </w></cl></text></TEI></teiCorpus>