<?xml version="1.0" encoding="UTF-8"?>
<teiCorpus xmlns="http://www.tei-c.org/ns/1.0" xml:lang="sa-Latn">
  <teiHeader>
<listWit>
<witness xml:id="A" source="06-ut-vulgate-1938-1-30.xml">
<abbr>A</abbr>
<expan>Printed edition: Ācārya 1938: Uttaratantra 1-30</expan>
</witness>
<witness xml:id="K" source="kl_699_uttaratantra-1-30.xml">
<abbr>K</abbr>
<expan>MSS Kathmandu KL 699: Uttaratantra</expan>
<listWit>
<witness xml:id="Kac" n="ac">
<abbr>Kac</abbr>
<expan>MSS Kathmandu KL 699: Uttaratantra [ante correctionem]</expan>
</witness>
<witness xml:id="Kpc" n="pc">
<abbr type="siglum">Kpc</abbr>
<expan>MSS Kathmandu KL 699: Uttaratantra [post correctionem]</expan>
</witness>
</listWit>
</witness>
<witness xml:id="H" source="nak_5-333_uttaratantra-1-30.xml">
<abbr>H</abbr>
<expan>MS Kathmandu NAK 5-333, Uttaratantra</expan>
<listWit>
<witness xml:id="Hac" n="ac">
<abbr>Hac</abbr>
<expan>MS Kathmandu NAK 5-333, Uttaratantra [ante correctionem]</expan>
</witness>
<witness xml:id="Hpc" n="pc">
<abbr type="siglum">Hpc</abbr>
<expan>MS Kathmandu NAK 5-333, Uttaratantra [post correctionem]</expan>
</witness>
</listWit>
</witness>
<witness xml:id="NE" source="provisional-edition_uttaratantra-1-30.xml">
<abbr>NE</abbr>
<expan>The Nepalese Version of the Suśrutasaṃhitā, uttaratantra 1-30, based on the
                    Nepalese MSS</expan>
</witness>
</listWit>
    <encodingDesc>
      <editorialDecl>
        <segmentation>
          <ab type="tokenization">aksara</ab>
          <ab type="blockid">SS.6.19.18ab</ab>
          <ab type="targetedition">NE</ab>
          <ab type="scoring">
            <ab type="match">1</ab>
            <ab type="mismatch">-1</ab>
            <ab type="gapopen">-2</ab>
            <ab type="gapextend">-0.25</ab>
            <ab type="recursive">true</ab>
            <ab type="realigndepth">20</ab>
            <ab type="distancefunction">ngrams</ab>
            
          </ab>
        </segmentation>
        <normalization method="markup">
<ab>ignore punctuation</ab>
<ab>candrabindu as anusvāra</ab>
<ab>geminated aspirated consonants</ab>
<ab>geminated m after h</ab>
<ab>geminated t</ab>
<ab>geminated consonants after r</ab>
<ab>final nasal variants</ab>
<ab>internal nasal variants</ab>
<ab>final anusvāra variants</ab>
<ab>visarga aḥ before voiced consonants</ab>
<ab>visarga aḥ before vowels</ab>
<ab>visarga aḥ before unvoiced consonants and space + anusvāra</ab>
<ab>visarga āḥ variants</ab>
<ab>other visarga variants</ab>
<ab>superfluous avagrahas</ab>
<ab>double avagrahas</ab>
<ab>avagrahas to short a</ab>
<ab>internal visarga variants</ab>
<ab>final au/āv</ab>
<ab>final su</ab>
<ab>final i</ab>
<ab>kcch/kś</ab>
<ab>cś/tś</ab>
<ab>cch/ch</ab>
<ab>final t + hi</ab>
<ab>final t + voiced syllable</ab>
<ab>final t + n/m</ab>
<ab>final t + c/j</ab>
<ab>i/y + vowel</ab>
<ab>bhd for bdh</ab>
<ab>remove spaces</ab>
        </normalization>
        <ab type="tagfilters">
<tag subtype="ignore">pc</tag>
<tag subtype="ignore">head</tag>
<tag subtype="ignore">label</tag>
<tag subtype="ignore">note</tag>
<tag subtype="ignore">num</tag>
<tag subtype="ignore">locus</tag>
<tag subtype="ignore">supplied</tag>
<tag subtype="ignore">surplus</tag>
        </ab>
      </editorialDecl>
    </encodingDesc>
    <xenoData>
      <stemma format="nexml" id="stemma0"><nex:nexml xmlns:nex="http://www.nexml.org/2009" version="0.9"><nex:otus id="otus1"><nex:otu id="otu0" label="A"/><nex:otu id="otu1" label="H"/><nex:otu id="otu2" label="K"/><nex:otu id="otu3" label="NE"/></nex:otus><nex:trees otus="otus1" id="trees1"><nex:tree id="guidetree" label="guidetree" xsi:type="nex:FloatTree" xmlns:xsi="http://www.w3.org/2001/XMLSchema-instance"><nex:node id="0e526fc9-8a96-468f-aa85-f3e6304d44a9" root="true"/><nex:node id="f7f23b25-3f42-40a1-835d-47eefcaf232f"/><nex:node id="104dbc75-dc57-4da3-9415-7e45d2e64f93" label="A" otu="otu2"/><nex:node id="38c6b5a1-0efa-4742-8504-b89e176f730e" label="H" otu="otu3"/><nex:node id="a4b4c666-5dbd-4143-b945-eaf4091b50d3"/><nex:node id="a0b6ba45-e1eb-4e60-bf5c-1905794688fd" label="K" otu="otu5"/><nex:node id="82baef85-acf5-4ca4-89a4-39ad2b34c6cd" label="NE" otu="otu6"/><nex:edge source="0e526fc9-8a96-468f-aa85-f3e6304d44a9" target="f7f23b25-3f42-40a1-835d-47eefcaf232f" id="edge0" length="0"/><nex:edge source="0e526fc9-8a96-468f-aa85-f3e6304d44a9" target="a4b4c666-5dbd-4143-b945-eaf4091b50d3" id="edge1" length="0"/><nex:edge source="f7f23b25-3f42-40a1-835d-47eefcaf232f" target="104dbc75-dc57-4da3-9415-7e45d2e64f93" id="edge2" length="1"/><nex:edge source="f7f23b25-3f42-40a1-835d-47eefcaf232f" target="38c6b5a1-0efa-4742-8504-b89e176f730e" id="edge3" length="0"/><nex:edge source="a4b4c666-5dbd-4143-b945-eaf4091b50d3" target="a0b6ba45-e1eb-4e60-bf5c-1905794688fd" id="edge4" length="0"/><nex:edge source="a4b4c666-5dbd-4143-b945-eaf4091b50d3" target="82baef85-acf5-4ca4-89a4-39ad2b34c6cd" id="edge5" length="0"/></nex:tree></nex:trees></nex:nexml></stemma>
    </xenoData>
  </teiHeader>
<TEI n="A"><text><cl><w n="0" lemma="sa"> sa</w><w n="1">ha</w><w n="2" lemma="sraiḥ">srair </w></cl><cl><w n="3">a</w><w n="4" lemma="pi">pi </w><w n="5" lemma="vā">vā </w></cl><w n="6">pro</w><cl><w n="7"/><w n="8" lemma="ktaṃ">ktam </w></cl><cl><w n="9">a</w><w n="10" lemma="rthaṃ">rtham </w></cl><cl><w n="11">a</w><w n="12">lpa</w><w n="13">ma</w><w n="14" lemma="tiḥ">tir </w></cl><cl><w n="15">na</w><w n="16" lemma="raḥ">raḥ | </w></cl></text></TEI><TEI n="H"><text><cl><w n="0" lemma="sa"> sa</w><w n="1">ha</w><w n="2" lemma="sraiḥ">srair </w></cl><cl><w n="3">a</w><w n="4" lemma="pi">pi </w><w n="5" lemma="vā">vā </w></cl><w n="6" lemma="pi">py </w><cl><w n="7">u</w><w n="8" lemma="ktaṃ">ktam </w></cl><cl><w n="9">a</w><w n="10" lemma="rthaṃ">rtham </w></cl><cl><w n="11">a</w><w n="12">lpa</w><w n="13">ma</w><w n="14" lemma="tiḥ">tir </w></cl><cl><w n="15" lemma="na">nna</w><w n="16" lemma="raḥ">raḥ | </w></cl></text></TEI><TEI n="K"><text><cl><w n="0" lemma="sa"> sa</w><w n="1">ha</w><w n="2" lemma="sraiḥ">srair </w></cl><cl><w n="3">a</w><w n="4" lemma="pi">pi </w><w n="5" lemma="vā">vā </w></cl><w n="6" lemma="pi">py </w><cl><w n="7">u</w><w n="8" lemma="ktaṃ">ktam </w></cl><cl><w n="9">a</w><w n="10" lemma="rthaṃ">rtham </w></cl><cl><w n="11">a</w><w n="12">lpa</w><w n="13">ma</w><w n="14" lemma="tiḥ">tir </w></cl><cl><w n="15">na</w><w n="16" lemma="raḥ">raḥ | </w></cl></text></TEI><TEI n="NE"><text><cl><w n="0" lemma="sa"> sa</w><w n="1">ha</w><w n="2" lemma="sraiḥ">srair </w></cl><cl><w n="3">a</w><w n="4" lemma="pi">pi </w><w n="5" lemma="vā">vā </w></cl><w n="6" lemma="pi">py </w><cl><w n="7">u</w><w n="8" lemma="ktaṃ">ktam </w></cl><cl><w n="9">a</w><w n="10" lemma="rthaṃ">rtham </w></cl><cl><w n="11">a</w><w n="12">lpa</w><w n="13">ma</w><w n="14" lemma="tiḥ">tir </w></cl><cl><w n="15">na</w><w n="16" lemma="raḥ">raḥ | </w></cl></text></TEI></teiCorpus>