<?xml version="1.0" encoding="UTF-8"?>
<teiCorpus xmlns="http://www.tei-c.org/ns/1.0" xml:lang="sa-Latn">
  <teiHeader>
<listWit>
<witness xml:id="A" source="06-ut-vulgate-1938-1-30.xml">
<abbr>A</abbr>
<expan>Printed edition: Ācārya 1938: Uttaratantra 1-30</expan>
</witness>
<witness xml:id="K" source="kl_699_uttaratantra-1-30.xml">
<abbr>K</abbr>
<expan>MSS Kathmandu KL 699: Uttaratantra</expan>
<listWit>
<witness xml:id="Kac" n="ac">
<abbr>Kac</abbr>
<expan>MSS Kathmandu KL 699: Uttaratantra [ante correctionem]</expan>
</witness>
<witness xml:id="Kpc" n="pc">
<abbr type="siglum">Kpc</abbr>
<expan>MSS Kathmandu KL 699: Uttaratantra [post correctionem]</expan>
</witness>
</listWit>
</witness>
<witness xml:id="H" source="nak_5-333_uttaratantra-1-30.xml">
<abbr>H</abbr>
<expan>MS Kathmandu NAK 5-333, Uttaratantra</expan>
<listWit>
<witness xml:id="Hac" n="ac">
<abbr>Hac</abbr>
<expan>MS Kathmandu NAK 5-333, Uttaratantra [ante correctionem]</expan>
</witness>
<witness xml:id="Hpc" n="pc">
<abbr type="siglum">Hpc</abbr>
<expan>MS Kathmandu NAK 5-333, Uttaratantra [post correctionem]</expan>
</witness>
</listWit>
</witness>
<witness xml:id="NE" source="provisional-edition_uttaratantra-1-30.xml">
<abbr>NE</abbr>
<expan>The Nepalese Version of the Suśrutasaṃhitā, uttaratantra 1-30, based on the
                    Nepalese MSS</expan>
</witness>
</listWit>
    <encodingDesc>
      <editorialDecl>
        <segmentation>
          <ab type="tokenization">aksara</ab>
          <ab type="blockid">SS.6.18.20</ab>
          <ab type="targetedition">NE</ab>
          <ab type="scoring">
            <ab type="match">1</ab>
            <ab type="mismatch">-1</ab>
            <ab type="gapopen">-2</ab>
            <ab type="gapextend">-0.25</ab>
            <ab type="recursive">true</ab>
            <ab type="realigndepth">20</ab>
            <ab type="distancefunction">ngrams</ab>
            
          </ab>
        </segmentation>
        <normalization method="markup">
<ab>ignore punctuation</ab>
<ab>candrabindu as anusvāra</ab>
<ab>geminated aspirated consonants</ab>
<ab>geminated m after h</ab>
<ab>geminated t</ab>
<ab>geminated consonants after r</ab>
<ab>final nasal variants</ab>
<ab>internal nasal variants</ab>
<ab>final anusvāra variants</ab>
<ab>visarga aḥ before voiced consonants</ab>
<ab>visarga aḥ before vowels</ab>
<ab>visarga aḥ before unvoiced consonants and space + anusvāra</ab>
<ab>visarga āḥ variants</ab>
<ab>other visarga variants</ab>
<ab>superfluous avagrahas</ab>
<ab>double avagrahas</ab>
<ab>avagrahas to short a</ab>
<ab>internal visarga variants</ab>
<ab>final au/āv</ab>
<ab>final su</ab>
<ab>final i</ab>
<ab>kcch/kś</ab>
<ab>cś/tś</ab>
<ab>cch/ch</ab>
<ab>final t + hi</ab>
<ab>final t + voiced syllable</ab>
<ab>final t + n/m</ab>
<ab>final t + c/j</ab>
<ab>i/y + vowel</ab>
<ab>bhd for bdh</ab>
<ab>remove spaces</ab>
        </normalization>
        <ab type="tagfilters">
<tag subtype="ignore">pc</tag>
<tag subtype="ignore">head</tag>
<tag subtype="ignore">label</tag>
<tag subtype="ignore">note</tag>
<tag subtype="ignore">num</tag>
<tag subtype="ignore">locus</tag>
<tag subtype="ignore">supplied</tag>
<tag subtype="ignore">surplus</tag>
        </ab>
      </editorialDecl>
    </encodingDesc>
    <xenoData>
      <stemma format="nexml" id="stemma0"><nex:nexml xmlns:nex="http://www.nexml.org/2009" version="0.9"><nex:otus id="otus1"><nex:otu id="otu0" label="A"/><nex:otu id="otu1" label="H"/><nex:otu id="otu2" label="K"/><nex:otu id="otu3" label="NE"/></nex:otus><nex:trees otus="otus1" id="trees1"><nex:tree id="guidetree" label="guidetree" xsi:type="nex:FloatTree" xmlns:xsi="http://www.w3.org/2001/XMLSchema-instance"><nex:node id="27f94107-195e-4639-952b-812339314440" root="true"/><nex:node id="f0b3cf1f-38bb-4ea3-9d3c-834162888756"/><nex:node id="3300f514-3d10-4fed-aeb6-11c00b65c76a" label="A" otu="otu2"/><nex:node id="cc91685c-916f-4cf8-9fd0-0147c9b49476" label="H" otu="otu3"/><nex:node id="c6345608-2a81-4375-affa-405c12ad494e"/><nex:node id="690cba46-809c-44ef-ae4c-2ef8d7dddf1f" label="K" otu="otu5"/><nex:node id="46ab7586-72ae-403b-a767-71037ff4575f" label="NE" otu="otu6"/><nex:edge source="27f94107-195e-4639-952b-812339314440" target="f0b3cf1f-38bb-4ea3-9d3c-834162888756" id="edge0" length="0"/><nex:edge source="27f94107-195e-4639-952b-812339314440" target="c6345608-2a81-4375-affa-405c12ad494e" id="edge1" length="0"/><nex:edge source="f0b3cf1f-38bb-4ea3-9d3c-834162888756" target="3300f514-3d10-4fed-aeb6-11c00b65c76a" id="edge2" length="1"/><nex:edge source="f0b3cf1f-38bb-4ea3-9d3c-834162888756" target="cc91685c-916f-4cf8-9fd0-0147c9b49476" id="edge3" length="0"/><nex:edge source="c6345608-2a81-4375-affa-405c12ad494e" target="690cba46-809c-44ef-ae4c-2ef8d7dddf1f" id="edge4" length="5.551115123125783e-17"/><nex:edge source="c6345608-2a81-4375-affa-405c12ad494e" target="46ab7586-72ae-403b-a767-71037ff4575f" id="edge5" length="5.551115123125783e-17"/></nex:tree></nex:trees></nex:nexml></stemma>
    </xenoData>
  </teiHeader>
<TEI n="A"><text><w n="0" lemma="ta"> ta</w><cl><w n="1">rpa</w><w n="2">ṇā</w><w n="3" lemma="rhā">rhā </w><w n="4" lemma="na">na </w><w n="5" lemma="ye">ye </w><w n="6">pro</w><w n="7" lemma="ktāḥ">ktāḥ </w><w n="8">sne</w><w n="9">ha</w><w n="10">pā</w><w n="11">nā</w><w n="12">kṣa</w><w n="13" lemma="māḥ">māś </w><w n="14" lemma="ca">ca </w><w n="15" lemma="ye">ye | </w><w n="16">ta</w><w n="17" lemma="taḥ">taḥ </w><w n="18">pra</w><w n="19" lemma="śāṃ">śān</w><w n="20">ta</w><w n="21">do</w><w n="22">ṣe</w><w n="23" lemma="ṣu">ṣu </w></cl><cl><w n="24">pu</w><w n="25">ṭa</w><w n="26">pā</w><w n="27">ka</w><w n="28">kṣa</w><w n="29">me</w><w n="30" lemma="ṣu">ṣu </w></cl><cl><w n="31" lemma="ca">ca || </w></cl></text></TEI><TEI n="H"><text><w n="0" lemma=""> </w><cl><w n="1"/><w n="2"/><w n="3"/><w n="4"/><w n="5"/><w n="6"/><w n="7"/><w n="8"/><w n="9"/><w n="10"/><w n="11"/><w n="12"/><w n="13"/><w n="14"/><w n="15"/><w n="16">ta</w><w n="17">smā</w><w n="18" lemma="tpra">t pra</w><w n="19" lemma="śāṃ">śān</w><w n="20">ta</w><w n="21">do</w><w n="22">ṣe</w><w n="23" lemma="ṣu">ṣu , </w></cl><cl><w n="24">pu</w><w n="25">ṭa</w><w n="26">pā</w><w n="27">ka</w><w n="28">kṣa</w><w n="29">me</w><w n="30" lemma="ṣu">ṣu </w></cl><cl><w n="31" lemma="ca">ca || </w></cl></text></TEI><TEI n="K"><text><w n="0" lemma=""> </w><cl><w n="1"/><w n="2"/><w n="3"/><w n="4"/><w n="5"/><w n="6"/><w n="7"/><w n="8"/><w n="9"/><w n="10"/><w n="11"/><w n="12"/><w n="13"/><w n="14"/><w n="15"/><w n="16">ta</w><w n="17">smā</w><w n="18" lemma="tpra">t pra</w><w n="19" lemma="śāṃ">śān</w><w n="20">ta</w><w n="21">do</w><w n="22">ṣe</w><w n="23" lemma="ṣu">ṣu </w></cl><cl><w n="24">pu</w><w n="25">ṭa</w><w n="26">pā</w><w n="27">ka</w><w n="28">kṣa</w><w n="29">me</w><w n="30" lemma="ṣu">ṣu </w></cl><cl><w n="31" lemma="ca">ca | </w></cl></text></TEI><TEI n="NE"><text><w n="0" lemma=""> </w><cl><w n="1"/><w n="2"/><w n="3"/><w n="4"/><w n="5"/><w n="6"/><w n="7"/><w n="8"/><w n="9"/><w n="10"/><w n="11"/><w n="12"/><w n="13"/><w n="14"/><w n="15"/><w n="16">ta</w><w n="17">smā</w><w n="18" lemma="tpra">t pra</w><w n="19" lemma="śāṃ">śān</w><w n="20">ta</w><w n="21">do</w><w n="22">ṣe</w><w n="23" lemma="ṣu">ṣu </w></cl><cl><w n="24">pu</w><w n="25">ṭa</w><w n="26">pā</w><w n="27">ka</w><w n="28">kṣa</w><w n="29">me</w><w n="30" lemma="ṣu">ṣu </w></cl><cl><w n="31" lemma="ca">ca | </w></cl></text></TEI></teiCorpus>