<?xml version="1.0" encoding="UTF-8"?>
<teiCorpus xmlns="http://www.tei-c.org/ns/1.0" xml:lang="sa-Latn">
  <teiHeader>
<listWit>
<witness xml:id="A" source="06-ut-vulgate-1938-1-30.xml">
<abbr>A</abbr>
<expan>Printed edition: Ācārya 1938: Uttaratantra 1-30</expan>
</witness>
<witness xml:id="K" source="kl_699_uttaratantra-1-30.xml">
<abbr>K</abbr>
<expan>MSS Kathmandu KL 699: Uttaratantra</expan>
<listWit>
<witness xml:id="Kac" n="ac">
<abbr>Kac</abbr>
<expan>MSS Kathmandu KL 699: Uttaratantra [ante correctionem]</expan>
</witness>
<witness xml:id="Kpc" n="pc">
<abbr type="siglum">Kpc</abbr>
<expan>MSS Kathmandu KL 699: Uttaratantra [post correctionem]</expan>
</witness>
</listWit>
</witness>
<witness xml:id="H" source="nak_5-333_uttaratantra-1-30.xml">
<abbr>H</abbr>
<expan>MS Kathmandu NAK 5-333, Uttaratantra</expan>
<listWit>
<witness xml:id="Hac" n="ac">
<abbr>Hac</abbr>
<expan>MS Kathmandu NAK 5-333, Uttaratantra [ante correctionem]</expan>
</witness>
<witness xml:id="Hpc" n="pc">
<abbr type="siglum">Hpc</abbr>
<expan>MS Kathmandu NAK 5-333, Uttaratantra [post correctionem]</expan>
</witness>
</listWit>
</witness>
<witness xml:id="NE" source="provisional-edition_uttaratantra-1-30.xml">
<abbr>NE</abbr>
<expan>The Nepalese Version of the Suśrutasaṃhitā, uttaratantra 1-30, based on the
                    Nepalese MSS</expan>
</witness>
</listWit>
    <encodingDesc>
      <editorialDecl>
        <segmentation>
          <ab type="tokenization">aksara</ab>
          <ab type="blockid">SS.6.11.7</ab>
          <ab type="targetedition">NE</ab>
          <ab type="scoring">
            <ab type="match">1</ab>
            <ab type="mismatch">-1</ab>
            <ab type="gapopen">-2</ab>
            <ab type="gapextend">-0.25</ab>
            <ab type="recursive">true</ab>
            <ab type="realigndepth">20</ab>
            <ab type="distancefunction">ngrams</ab>
            
          </ab>
        </segmentation>
        <normalization method="markup">
<ab>ignore punctuation</ab>
<ab>candrabindu as anusvāra</ab>
<ab>geminated aspirated consonants</ab>
<ab>geminated m after h</ab>
<ab>geminated t</ab>
<ab>geminated consonants after r</ab>
<ab>final nasal variants</ab>
<ab>internal nasal variants</ab>
<ab>final anusvāra variants</ab>
<ab>visarga aḥ before voiced consonants</ab>
<ab>visarga aḥ before vowels</ab>
<ab>visarga aḥ before unvoiced consonants and space + anusvāra</ab>
<ab>visarga āḥ variants</ab>
<ab>other visarga variants</ab>
<ab>superfluous avagrahas</ab>
<ab>double avagrahas</ab>
<ab>avagrahas to short a</ab>
<ab>internal visarga variants</ab>
<ab>final au/āv</ab>
<ab>final su</ab>
<ab>final i</ab>
<ab>kcch/kś</ab>
<ab>cś/tś</ab>
<ab>cch/ch</ab>
<ab>final t + hi</ab>
<ab>final t + voiced syllable</ab>
<ab>final t + n/m</ab>
<ab>final t + c/j</ab>
<ab>i/y + vowel</ab>
<ab>bhd for bdh</ab>
<ab>remove spaces</ab>
        </normalization>
        <ab type="tagfilters">
<tag subtype="ignore">pc</tag>
<tag subtype="ignore">head</tag>
<tag subtype="ignore">label</tag>
<tag subtype="ignore">note</tag>
<tag subtype="ignore">num</tag>
<tag subtype="ignore">locus</tag>
<tag subtype="ignore">supplied</tag>
<tag subtype="ignore">surplus</tag>
        </ab>
      </editorialDecl>
    </encodingDesc>
    <xenoData>
      <stemma format="nexml" id="stemma0"><nex:nexml xmlns:nex="http://www.nexml.org/2009" version="0.9"><nex:otus id="otus1"><nex:otu id="otu0" label="A"/><nex:otu id="otu1" label="H"/><nex:otu id="otu2" label="K"/><nex:otu id="otu3" label="NE"/></nex:otus><nex:trees otus="otus1" id="trees1"><nex:tree id="guidetree" label="guidetree" xsi:type="nex:FloatTree" xmlns:xsi="http://www.w3.org/2001/XMLSchema-instance"><nex:node id="4d2b1a81-98b6-404d-ac55-734b3e6e7a1b" root="true"/><nex:node id="61eef795-bce2-41bd-b997-b5381af33eeb"/><nex:node id="3c644516-2d9f-443c-93f3-c9b8d6fb0b85" label="A" otu="otu2"/><nex:node id="b30c1c9e-0fd2-42d0-8ded-c6f956cbd72a" label="H" otu="otu3"/><nex:node id="07220803-aaec-4046-af35-85091833e96f"/><nex:node id="42b4b925-7b33-43bb-9b15-e70a72bd1dc7" label="K" otu="otu5"/><nex:node id="45e1a2d5-ac53-4f3e-bb27-3b028d268bf4" label="NE" otu="otu6"/><nex:edge source="4d2b1a81-98b6-404d-ac55-734b3e6e7a1b" target="61eef795-bce2-41bd-b997-b5381af33eeb" id="edge0" length="0.15773737218108197"/><nex:edge source="4d2b1a81-98b6-404d-ac55-734b3e6e7a1b" target="07220803-aaec-4046-af35-85091833e96f" id="edge1" length="0.15773737218108197"/><nex:edge source="61eef795-bce2-41bd-b997-b5381af33eeb" target="3c644516-2d9f-443c-93f3-c9b8d6fb0b85" id="edge2" length="0.6638594674419431"/><nex:edge source="61eef795-bce2-41bd-b997-b5381af33eeb" target="b30c1c9e-0fd2-42d0-8ded-c6f956cbd72a" id="edge3" length="0.33614053255805687"/><nex:edge source="07220803-aaec-4046-af35-85091833e96f" target="42b4b925-7b33-43bb-9b15-e70a72bd1dc7" id="edge4" length="2.220446049250313e-16"/><nex:edge source="07220803-aaec-4046-af35-85091833e96f" target="45e1a2d5-ac53-4f3e-bb27-3b028d268bf4" id="edge5" length="0"/></nex:tree></nex:trees></nex:nexml></stemma>
    </xenoData>
  </teiHeader>
<TEI n="A"><text><cl><w n="0" lemma="pi"> pi</w><w n="1">ṣṭai</w><w n="2">rja</w><w n="3">le</w></cl><w n="4" lemma="nāṃ">nāñ</w><cl><w n="5">ja</w><w n="6">na</w><w n="7">va</w><w n="8">rta</w><w n="9" lemma="yaḥ">yaḥ </w><w n="10" lemma="syuḥ">syuḥ </w></cl><cl><w n="11">pa</w><w n="12">thyā</w></cl><cl><w n="13">ha</w><w n="14">ri</w><w n="15">drā</w></cl><cl><w n="16">ma</w><w n="17">dhu</w><w n="18" lemma="kāṃ">kāñ</w></cl><cl><w n="19">ja</w><w n="20" lemma="naiḥ">nair </w><w n="21" lemma="vā">vā | </w></cl><cl><w n="22">trī</w><w n="23">ṇyū</w><w n="24">ṣa</w><w n="25">ṇā</w><w n="26" lemma="ni">ni </w></cl><cl><w n="27">tri</w><w n="28">pha</w><w n="29" lemma="lā">lā </w></cl><cl><w n="30">ha</w><w n="31">ri</w><w n="32" lemma="drā">drā </w></cl><cl><w n="33">vi</w><w n="34" lemma="ḍaṃ">ḍaṅ</w><w n="35">ga</w><w n="36">sā</w><w n="37" lemma="raḥ">raś </w><w n="38" lemma="ca">ca </w></cl><cl><w n="39">sa</w><w n="40">mā</w><w n="41" lemma="ni">ni </w><w n="42" lemma="ca">ca </w></cl><cl><w n="43" lemma="syuḥ">syuḥ || </w></cl></text></TEI><TEI n="H"><text><cl><w n="0"/><w n="1" lemma="ṃ">ñ</w><w n="2">ja</w><w n="3" lemma="ne">ne </w></cl><w n="4" lemma="syuḥ">syur </w><cl><w n="5">ja</w><w n="6">la</w><w n="7" lemma="saṃ">sam</w><w n="8">pra</w><w n="9">pi</w><w n="10" lemma="ṣṭhā">ṣṭhā </w></cl><cl><w n="11">pa</w><w n="12">thyā</w></cl><cl><w n="13">ha</w><w n="14">ri</w><w n="15">drā</w></cl><cl><w n="16">ma</w><w n="17">ri</w><w n="18" lemma="cāṃ">cāñ</w></cl><cl><w n="19">ja</w><w n="20" lemma="naiḥ">nair </w><w n="21" lemma="vā">vvā | </w></cl><cl><w n="22">trī</w><w n="23">ṇyu</w><w n="24">pa</w><w n="25">ṇā</w><w n="26" lemma="ni">ni </w></cl><cl><w n="27">tri</w><w n="28">pha</w><w n="29" lemma="lāṃ">lāṃ </w></cl><cl><w n="30">ha</w><w n="31">ri</w><w n="32" lemma="drāṃ">drām </w></cl><cl><w n="33">vi</w><w n="34" lemma="ḍaṃ">ḍaṅ</w><w n="35">ga</w><w n="36">sā</w><w n="37" lemma="raṃ">rañ </w><w n="38" lemma="ca">ca </w></cl><cl><w n="39">sa</w><w n="40">mā</w><w n="41" lemma="ni">ni </w><w n="42" lemma="ca">ca </w></cl><cl><w n="43" lemma="syuḥ">syuḥ || </w></cl></text></TEI><TEI n="K"><text><cl><w n="0">va</w><w n="1" lemma="rtmyāṃ">rtmyāñ</w><w n="2">ja</w><w n="3" lemma="ne">ne </w></cl><w n="4" lemma="syuḥ">syur </w><cl><w n="5">ja</w><w n="6">la</w><w n="7" lemma="saṃ">sam</w><w n="8">pra</w><w n="9">pi</w><w n="10" lemma="ṣṭhā">ṣṭhā </w></cl><cl><w n="11">pa</w><w n="12" lemma="thyā">thyā </w></cl><cl><w n="13">ha</w><w n="14">ri</w><w n="15" lemma="drā">drā </w></cl><cl><w n="16">ma</w><w n="17">ri</w><w n="18" lemma="cāṃ">cāñ </w></cl><cl><w n="19">ja</w><w n="20" lemma="naiḥ">nair </w><w n="21" lemma="vā">vā </w></cl><cl><w n="22">trī</w><w n="23">ṇyu</w><w n="24">pa</w><w n="25">ṇā</w><w n="26" lemma="ni">ni </w></cl><cl><w n="27">tri</w><w n="28">pha</w><w n="29" lemma="lā">lā </w></cl><cl><w n="30">ha</w><w n="31">ri</w><w n="32" lemma="drāṃ">drām </w></cl><cl><w n="33">vi</w><w n="34">ḍaṃ</w><w n="35">ga</w><w n="36">sā</w><w n="37" lemma="raṃ">rañ </w><w n="38" lemma="ca">ca </w></cl><cl><w n="39">sa</w><w n="40">mā</w><w n="41" lemma="ni">ni </w><w n="42" lemma="ca">ca </w></cl><cl><w n="43" lemma="syuḥ">syuḥ | </w></cl></text></TEI><TEI n="NE"><text><cl><w n="0" lemma="va"> va</w><w n="1" lemma="rtmyāṃ">rtmyāñ</w><w n="2">ja</w><w n="3" lemma="ne">ne </w></cl><w n="4" lemma="syuḥ">syur </w><cl><w n="5">ja</w><w n="6">la</w><w n="7" lemma="saṃ">sam</w><w n="8">pra</w><w n="9">pi</w><w n="10" lemma="ṣṭhā">ṣṭhā </w></cl><cl><w n="11">pa</w><w n="12" lemma="thyā">thyā </w></cl><cl><w n="13">ha</w><w n="14">ri</w><w n="15" lemma="drā">drā </w></cl><cl><w n="16">ma</w><w n="17">ri</w><w n="18" lemma="cāṃ">cāñ </w></cl><cl><w n="19">ja</w><w n="20" lemma="naiḥ">nair </w><w n="21" lemma="vā">vā </w></cl><cl><w n="22">trī</w><w n="23">ṇyu</w><w n="24">pa</w><w n="25">ṇā</w><w n="26" lemma="ni">ni </w></cl><cl><w n="27">tri</w><w n="28">pha</w><w n="29" lemma="lā">lā </w></cl><cl><w n="30">ha</w><w n="31">ri</w><w n="32" lemma="drāṃ">drām </w></cl><cl><w n="33">vi</w><w n="34">ḍaṃ</w><w n="35">ga</w><w n="36">sā</w><w n="37" lemma="raṃ">rañ </w><w n="38" lemma="ca">ca </w></cl><cl><w n="39">sa</w><w n="40">mā</w><w n="41" lemma="ni">ni </w><w n="42" lemma="ca">ca </w></cl><cl><w n="43" lemma="syuḥ">syuḥ | </w></cl></text></TEI></teiCorpus>