<?xml version="1.0" encoding="UTF-8"?>
<teiCorpus xmlns="http://www.tei-c.org/ns/1.0" xml:lang="sa-Latn">
  <teiHeader>
<listWit>
<witness xml:id="A" source="06-ut-vulgate-1938-1-30.xml">
<abbr>A</abbr>
<expan>Printed edition: Ācārya 1938: Uttaratantra 1-30</expan>
</witness>
<witness xml:id="K" source="kl_699_uttaratantra-1-30.xml">
<abbr>K</abbr>
<expan>MSS Kathmandu KL 699: Uttaratantra</expan>
<listWit>
<witness xml:id="Kac" n="ac">
<abbr>Kac</abbr>
<expan>MSS Kathmandu KL 699: Uttaratantra [ante correctionem]</expan>
</witness>
<witness xml:id="Kpc" n="pc">
<abbr type="siglum">Kpc</abbr>
<expan>MSS Kathmandu KL 699: Uttaratantra [post correctionem]</expan>
</witness>
</listWit>
</witness>
<witness xml:id="H" source="nak_5-333_uttaratantra-1-30.xml">
<abbr>H</abbr>
<expan>MS Kathmandu NAK 5-333, Uttaratantra</expan>
<listWit>
<witness xml:id="Hac" n="ac">
<abbr>Hac</abbr>
<expan>MS Kathmandu NAK 5-333, Uttaratantra [ante correctionem]</expan>
</witness>
<witness xml:id="Hpc" n="pc">
<abbr type="siglum">Hpc</abbr>
<expan>MS Kathmandu NAK 5-333, Uttaratantra [post correctionem]</expan>
</witness>
</listWit>
</witness>
<witness xml:id="NE" source="provisional-edition_uttaratantra-1-30.xml">
<abbr>NE</abbr>
<expan>The Nepalese Version of the Suśrutasaṃhitā, uttaratantra 1-30, based on the
                    Nepalese MSS</expan>
</witness>
</listWit>
    <encodingDesc>
      <editorialDecl>
        <segmentation>
          <ab type="tokenization">aksara</ab>
          <ab type="blockid">SS.6.11.8</ab>
          <ab type="targetedition">NE</ab>
          <ab type="scoring">
            <ab type="match">1</ab>
            <ab type="mismatch">-1</ab>
            <ab type="gapopen">-2</ab>
            <ab type="gapextend">-0.25</ab>
            <ab type="recursive">true</ab>
            <ab type="realigndepth">20</ab>
            <ab type="distancefunction">ngrams</ab>
            
          </ab>
        </segmentation>
        <normalization method="markup">
<ab>ignore punctuation</ab>
<ab>candrabindu as anusvāra</ab>
<ab>geminated aspirated consonants</ab>
<ab>geminated m after h</ab>
<ab>geminated t</ab>
<ab>geminated consonants after r</ab>
<ab>final nasal variants</ab>
<ab>internal nasal variants</ab>
<ab>final anusvāra variants</ab>
<ab>visarga aḥ before voiced consonants</ab>
<ab>visarga aḥ before vowels</ab>
<ab>visarga aḥ before unvoiced consonants and space + anusvāra</ab>
<ab>visarga āḥ variants</ab>
<ab>other visarga variants</ab>
<ab>superfluous avagrahas</ab>
<ab>double avagrahas</ab>
<ab>avagrahas to short a</ab>
<ab>internal visarga variants</ab>
<ab>final au/āv</ab>
<ab>final su</ab>
<ab>final i</ab>
<ab>kcch/kś</ab>
<ab>cś/tś</ab>
<ab>cch/ch</ab>
<ab>final t + hi</ab>
<ab>final t + voiced syllable</ab>
<ab>final t + n/m</ab>
<ab>final t + c/j</ab>
<ab>i/y + vowel</ab>
<ab>bhd for bdh</ab>
<ab>remove spaces</ab>
        </normalization>
        <ab type="tagfilters">
<tag subtype="ignore">pc</tag>
<tag subtype="ignore">head</tag>
<tag subtype="ignore">label</tag>
<tag subtype="ignore">note</tag>
<tag subtype="ignore">num</tag>
<tag subtype="ignore">locus</tag>
<tag subtype="ignore">supplied</tag>
<tag subtype="ignore">surplus</tag>
        </ab>
      </editorialDecl>
    </encodingDesc>
    <xenoData>
      <stemma format="nexml" id="stemma0"><nex:nexml xmlns:nex="http://www.nexml.org/2009" version="0.9"><nex:otus id="otus1"><nex:otu id="otu0" label="A"/><nex:otu id="otu1" label="H"/><nex:otu id="otu2" label="K"/><nex:otu id="otu3" label="NE"/></nex:otus><nex:trees otus="otus1" id="trees1"><nex:tree id="guidetree" label="guidetree" xsi:type="nex:FloatTree" xmlns:xsi="http://www.w3.org/2001/XMLSchema-instance"><nex:node id="2eb1a53b-b5c4-43e7-9cab-f62bfce1fecc" root="true"/><nex:node id="c153cbb8-f663-47c1-9952-a48536247b72"/><nex:node id="5e8f77bb-e6a4-4814-824e-70b7065032c4" label="A" otu="otu2"/><nex:node id="83e86db6-dd2a-4212-88a5-e5be278e8bf4" label="H" otu="otu3"/><nex:node id="efd5518d-be0c-4827-8548-7f4c6661c236"/><nex:node id="d46a9e9a-3cd4-4648-8a86-e70a435d232f" label="K" otu="otu5"/><nex:node id="ce7d6f50-7936-4b85-9256-7f9d37367fb9" label="NE" otu="otu6"/><nex:edge source="2eb1a53b-b5c4-43e7-9cab-f62bfce1fecc" target="c153cbb8-f663-47c1-9952-a48536247b72" id="edge0" length="0.22377119408709367"/><nex:edge source="2eb1a53b-b5c4-43e7-9cab-f62bfce1fecc" target="efd5518d-be0c-4827-8548-7f4c6661c236" id="edge1" length="0.22377119408709367"/><nex:edge source="c153cbb8-f663-47c1-9952-a48536247b72" target="5e8f77bb-e6a4-4814-824e-70b7065032c4" id="edge2" length="0.5432336855617041"/><nex:edge source="c153cbb8-f663-47c1-9952-a48536247b72" target="83e86db6-dd2a-4212-88a5-e5be278e8bf4" id="edge3" length="0.45676631443829585"/><nex:edge source="efd5518d-be0c-4827-8548-7f4c6661c236" target="d46a9e9a-3cd4-4648-8a86-e70a435d232f" id="edge4" length="0"/><nex:edge source="efd5518d-be0c-4827-8548-7f4c6661c236" target="ce7d6f50-7936-4b85-9256-7f9d37367fb9" id="edge5" length="0"/></nex:tree></nex:trees></nex:nexml></stemma>
    </xenoData>
  </teiHeader>
<TEI n="A"><text><cl><w n="0" lemma="ba"> ba</w><w n="1">rhi</w><w n="2">ṣṭha</w><w n="3">ku</w><w n="4">ṣṭhā</w><w n="5">ma</w><w n="6">ra</w><w n="7">kā</w><w n="8"/><w n="9">ṣṭha</w><w n="10">śa</w><w n="11">ṅkha</w><w n="12">pā</w><w n="13">ṭhā</w><w n="14">ma</w><w n="15">la</w><w n="16">vyo</w><w n="17">ṣa</w><w n="18">ma</w><w n="19">naḥ</w></cl><cl><w n="20">śi</w><w n="21" lemma="lāḥ">lāś </w><w n="22" lemma="ca">ca | </w></cl><cl><w n="23">pi</w><w n="24" lemma="ṣṭvāṃ">ṣṭvām</w></cl><w n="25">bu</w><cl><w n="26" lemma="nā">nā </w><w n="27" lemma="vā">vā </w></cl><cl><w n="28">ku</w><w n="29">su</w><w n="30">mā</w><w n="31" lemma="ni">ni </w></cl><cl><w n="32">jā</w><w n="33">ti</w></cl><cl><w n="34">ka</w><w n="35" lemma="raṃ">rañ</w><w n="36">ja</w><w n="37">śo</w><w n="38" lemma="bhāṃ">bhāñ</w><w n="39">ja</w><w n="40">na</w><w n="41">jā</w><w n="42" lemma="ni">ni </w></cl><cl><w n="43"/><w n="44"/><w n="45"/><w n="46" lemma="yuṃ">yuñ</w><w n="47">jyā</w><w n="48" lemma="t">t || </w></cl></text></TEI><TEI n="H"><text><cl><w n="0" lemma="va"> va</w><w n="1">rhi</w><w n="2">ṣṭha</w><w n="3">ku</w><w n="4">ṣṭhe</w><w n="5">su</w><w n="6">ra</w><w n="7">dā</w><w n="8">rū</w><w n="9"/><w n="10" lemma="ṇaṃ">ṇaṃ </w><w n="11" lemma="khaṃ">khaṃ </w><w n="12">pā</w><w n="13">ṭhā</w><w n="14">na</w><w n="15">kha</w><w n="16">vyo</w><w n="17" lemma="ṣa">ṣa </w><w n="18"/><w n="19"/></cl><cl><w n="20"/><w n="21" lemma="lā">lā </w><w n="22" lemma="ca">ca | </w></cl><cl><w n="23">mū</w><w n="24" lemma="rvā">rvvā </w></cl><w n="25" lemma="ca">ca </w><cl><w n="26" lemma="jāṃ">jāñ</w><w n="27">ja</w></cl><cl><w n="28">mū</w><w n="29">ku</w><w n="30">lā</w><w n="31" lemma="ni">ni </w></cl><cl><w n="32">cā</w><w n="33" lemma="pi">pi </w></cl><cl><w n="34">pi</w><w n="35"/><w n="36"/><w n="37"/><w n="38">ṣṭhā</w><w n="39">bu</w><w n="40">nai</w><w n="41">tā</w><w n="42" lemma="ni">ni </w></cl><cl><w n="43">bhi</w><w n="44">ṣa</w><w n="45">gvi</w><w n="46">da</w><w n="47">dhyā</w><w n="48" lemma="t">t || </w></cl></text></TEI><TEI n="K"><text><cl><w n="0" lemma="va"> va</w><w n="1">rhi</w><w n="2">ṣṭha</w><w n="3">ku</w><w n="4">ṣṭhe</w><w n="5">su</w><w n="6">ra</w><w n="7">dā</w><w n="8">rū</w><w n="9">ṇa</w><w n="10">śaṃ</w><w n="11">kha</w><w n="12">pā</w><w n="13">ṭhā</w><w n="14">na</w><w n="15">kha</w><w n="16">vyo</w><w n="17">ṣa</w><w n="18">ma</w><w n="19" lemma="naḥ">naḥ </w></cl><cl><w n="20">śi</w><w n="21" lemma="lā">lā </w><w n="22" lemma="ca">ca | </w></cl><cl><w n="23">mū</w><w n="24" lemma="rvāḥ">rvvāś </w></cl><w n="25" lemma="ca">ca </w><cl><w n="26">jā</w><w n="27" lemma="śyā">śyā </w></cl><cl><w n="28">mū</w><w n="29">ku</w><w n="30">lā</w><w n="31" lemma="ni">ni </w></cl><cl><w n="32">cā</w><w n="33" lemma="pi">pi </w></cl><cl><w n="34">pi</w><w n="35" lemma="ṣṭhvāṃ">ṣṭhvām</w><w n="36"/><w n="37">vu</w><w n="38"/><w n="39"/><w n="40">nai</w><w n="41">tā</w><w n="42" lemma="ni">ni </w></cl><cl><w n="43">bhi</w><w n="44">ṣa</w><w n="45">gvi</w><w n="46">da</w><w n="47">dhyā</w><w n="48" lemma="t">t | </w></cl></text></TEI><TEI n="NE"><text><cl><w n="0" lemma="va"> va</w><w n="1">rhi</w><w n="2">ṣṭha</w><w n="3">ku</w><w n="4">ṣṭhe</w><w n="5">su</w><w n="6">ra</w><w n="7">dā</w><w n="8">rū</w><w n="9">ṇa</w><w n="10">śaṃ</w><w n="11">kha</w><w n="12">pā</w><w n="13">ṭhā</w><w n="14">na</w><w n="15">kha</w><w n="16">vyo</w><w n="17">ṣa</w><w n="18">ma</w><w n="19" lemma="naḥ">naḥ </w></cl><cl><w n="20">śi</w><w n="21" lemma="lā">lā </w><w n="22" lemma="ca">ca | </w></cl><cl><w n="23">mū</w><w n="24" lemma="rvāḥ">rvvāś </w></cl><w n="25" lemma="ca">ca </w><cl><w n="26">jā</w><w n="27" lemma="śyā">śyā </w></cl><cl><w n="28">mū</w><w n="29">ku</w><w n="30">lā</w><w n="31" lemma="ni">ni </w></cl><cl><w n="32">cā</w><w n="33" lemma="pi">pi </w></cl><cl><w n="34">pi</w><w n="35" lemma="ṣṭhvāṃ">ṣṭhvām</w><w n="36"/><w n="37">vu</w><w n="38"/><w n="39"/><w n="40">nai</w><w n="41">tā</w><w n="42" lemma="ni">ni </w></cl><cl><w n="43">bhi</w><w n="44">ṣa</w><w n="45">gvi</w><w n="46">da</w><w n="47">dhyā</w><w n="48" lemma="t">t | </w></cl></text></TEI></teiCorpus>