<?xml version="1.0" encoding="UTF-8"?>
<teiCorpus xmlns="http://www.tei-c.org/ns/1.0" xml:lang="sa-Latn">
  <teiHeader>
<listWit>
<witness xml:id="A" source="06-ut-vulgate-1938-1-30.xml">
<abbr>A</abbr>
<expan>Printed edition: Ācārya 1938: Uttaratantra 1-30</expan>
</witness>
<witness xml:id="K" source="kl_699_uttaratantra-1-30.xml">
<abbr>K</abbr>
<expan>MSS Kathmandu KL 699: Uttaratantra</expan>
<listWit>
<witness xml:id="Kac" n="ac">
<abbr>Kac</abbr>
<expan>MSS Kathmandu KL 699: Uttaratantra [ante correctionem]</expan>
</witness>
<witness xml:id="Kpc" n="pc">
<abbr type="siglum">Kpc</abbr>
<expan>MSS Kathmandu KL 699: Uttaratantra [post correctionem]</expan>
</witness>
</listWit>
</witness>
<witness xml:id="H" source="nak_5-333_uttaratantra-1-30.xml">
<abbr>H</abbr>
<expan>MS Kathmandu NAK 5-333, Uttaratantra</expan>
<listWit>
<witness xml:id="Hac" n="ac">
<abbr>Hac</abbr>
<expan>MS Kathmandu NAK 5-333, Uttaratantra [ante correctionem]</expan>
</witness>
<witness xml:id="Hpc" n="pc">
<abbr type="siglum">Hpc</abbr>
<expan>MS Kathmandu NAK 5-333, Uttaratantra [post correctionem]</expan>
</witness>
</listWit>
</witness>
<witness xml:id="NE" source="provisional-edition_uttaratantra-1-30.xml">
<abbr>NE</abbr>
<expan>The Nepalese Version of the Suśrutasaṃhitā, uttaratantra 1-30, based on the
                    Nepalese MSS</expan>
</witness>
</listWit>
    <encodingDesc>
      <editorialDecl>
        <segmentation>
          <ab type="tokenization">aksara</ab>
          <ab type="blockid">SS.6.17.29</ab>
          <ab type="targetedition">NE</ab>
          <ab type="scoring">
            <ab type="match">1</ab>
            <ab type="mismatch">-1</ab>
            <ab type="gapopen">-2</ab>
            <ab type="gapextend">-0.25</ab>
            <ab type="recursive">true</ab>
            <ab type="realigndepth">20</ab>
            <ab type="distancefunction">ngrams</ab>
            
          </ab>
        </segmentation>
        <normalization method="markup">
<ab>ignore punctuation</ab>
<ab>candrabindu as anusvāra</ab>
<ab>geminated aspirated consonants</ab>
<ab>geminated m after h</ab>
<ab>geminated t</ab>
<ab>geminated consonants after r</ab>
<ab>final nasal variants</ab>
<ab>internal nasal variants</ab>
<ab>final anusvāra variants</ab>
<ab>visarga aḥ before voiced consonants</ab>
<ab>visarga aḥ before vowels</ab>
<ab>visarga aḥ before unvoiced consonants and space + anusvāra</ab>
<ab>visarga āḥ variants</ab>
<ab>other visarga variants</ab>
<ab>superfluous avagrahas</ab>
<ab>double avagrahas</ab>
<ab>avagrahas to short a</ab>
<ab>internal visarga variants</ab>
<ab>final au/āv</ab>
<ab>final su</ab>
<ab>final i</ab>
<ab>kcch/kś</ab>
<ab>cś/tś</ab>
<ab>cch/ch</ab>
<ab>final t + hi</ab>
<ab>final t + voiced syllable</ab>
<ab>final t + n/m</ab>
<ab>final t + c/j</ab>
<ab>i/y + vowel</ab>
<ab>bhd for bdh</ab>
<ab>remove spaces</ab>
        </normalization>
        <ab type="tagfilters">
<tag subtype="ignore">pc</tag>
<tag subtype="ignore">head</tag>
<tag subtype="ignore">label</tag>
<tag subtype="ignore">note</tag>
<tag subtype="ignore">num</tag>
<tag subtype="ignore">locus</tag>
<tag subtype="ignore">supplied</tag>
<tag subtype="ignore">surplus</tag>
        </ab>
      </editorialDecl>
    </encodingDesc>
    <xenoData>
      <stemma format="nexml" id="stemma0"><nex:nexml xmlns:nex="http://www.nexml.org/2009" version="0.9"><nex:otus id="otus1"><nex:otu id="otu0" label="A"/><nex:otu id="otu1" label="K"/><nex:otu id="otu2" label="H"/><nex:otu id="otu3" label="NE"/></nex:otus><nex:trees otus="otus1" id="trees1"><nex:tree id="guidetree" label="guidetree" xsi:type="nex:FloatTree" xmlns:xsi="http://www.w3.org/2001/XMLSchema-instance"><nex:node id="1b3600a2-a12f-455d-a457-91386a6ca038" root="true"/><nex:node id="46ba046e-946d-4f21-b8c8-6b5bf576cb5f"/><nex:node id="bbe5078a-8d82-453a-8d9b-05a6d1e4f68e" label="A" otu="otu2"/><nex:node id="44f527c1-0ebc-41f2-9ab8-5cb9d89f7438" label="K" otu="otu3"/><nex:node id="8feac356-129a-4a0e-aace-4bc99cdd78ef"/><nex:node id="4ad7a6e1-5a10-411b-9c96-376b3be45bf9" label="H" otu="otu5"/><nex:node id="17771852-5a98-417f-8f73-821ee3558804" label="NE" otu="otu6"/><nex:edge source="1b3600a2-a12f-455d-a457-91386a6ca038" target="46ba046e-946d-4f21-b8c8-6b5bf576cb5f" id="edge0" length="0.16189733040111565"/><nex:edge source="1b3600a2-a12f-455d-a457-91386a6ca038" target="8feac356-129a-4a0e-aace-4bc99cdd78ef" id="edge1" length="0.16189733040111565"/><nex:edge source="46ba046e-946d-4f21-b8c8-6b5bf576cb5f" target="bbe5078a-8d82-453a-8d9b-05a6d1e4f68e" id="edge2" length="0.38327477599677495"/><nex:edge source="46ba046e-946d-4f21-b8c8-6b5bf576cb5f" target="44f527c1-0ebc-41f2-9ab8-5cb9d89f7438" id="edge3" length="0.616725224003225"/><nex:edge source="8feac356-129a-4a0e-aace-4bc99cdd78ef" target="4ad7a6e1-5a10-411b-9c96-376b3be45bf9" id="edge4" length="0"/><nex:edge source="8feac356-129a-4a0e-aace-4bc99cdd78ef" target="17771852-5a98-417f-8f73-821ee3558804" id="edge5" length="0"/></nex:tree></nex:trees></nex:nexml></stemma>
    </xenoData>
  </teiHeader>
<TEI n="A"><text><cl><w n="0" lemma="pa"> pa</w><w n="1">yo</w><w n="2">vi</w><w n="3">mi</w><w n="4" lemma="śraṃ">śraṃ </w></cl><cl><w n="5">pa</w><w n="6">va</w><w n="7">no</w><w n="8">dbha</w><w n="9" lemma="ve">ve </w></cl><cl><w n="10">hi</w><w n="11" lemma="taṃ">taṃ </w></cl><cl><w n="12">va</w><w n="13" lemma="daṃ">dan</w><w n="14" lemma="ti">ti </w></cl><cl><w n="15" lemma="paṃ">pañ</w><w n="16" lemma="cāṃ">cāṅ</w><w n="17">gu</w><w n="18">la</w><w n="19">tai</w><w n="20" lemma="laṃ">lam </w></cl><cl><w n="21">e</w><w n="22" lemma="va">va </w><w n="23" lemma="tu">tu | </w></cl><cl><w n="24">bha</w><w n="25">ve</w><w n="26" lemma="tghṛ">d ghṛ</w><w n="27" lemma="taṃ">taṃ </w></cl><cl><w n="28">trai</w><w n="29">pha</w><w n="30" lemma="laṃ">lam </w></cl><cl><w n="31">e</w><w n="32" lemma="va">va </w></cl><cl><w n="33">śo</w><w n="34">dha</w><w n="35" lemma="naṃ">naṃ </w></cl><cl><w n="36">vi</w><w n="37">śe</w><w n="38">ṣa</w><w n="39" lemma="taḥ">taḥ </w></cl><cl><w n="40">śo</w><w n="41">ṇi</w><w n="42">ta</w><w n="43">pi</w><w n="44" lemma="ta">tta</w><w n="45">ro</w><w n="46">ga</w><w n="47" lemma="yoḥ">yoḥ || </w></cl></text></TEI><TEI n="K"><text><cl><w n="0" lemma="pa"> pa</w><w n="1">yo</w><w n="2">vi</w><w n="3">mi</w><w n="4" lemma="sraṃ">sraṃ </w></cl><cl><w n="5">pa</w><w n="6">va</w><w n="7">no</w><w n="8">dbha</w><w n="9" lemma="ve">ve </w></cl><cl><w n="10">hi</w><w n="11" lemma="taṃ">taṃ </w></cl><cl><w n="12">va</w><w n="13" lemma="daṃ">dan</w><w n="14" lemma="ti">ti </w></cl><cl><w n="15" lemma="paṃ">pañ</w><w n="16" lemma="cāṃ">cāṅ</w><w n="17">gu</w><w n="18">la</w><w n="19">tai</w><w n="20" lemma="laṃ">lam </w></cl><cl><w n="21">e</w><w n="22" lemma="va">va </w><w n="23" lemma="tu">tu | </w></cl><cl><w n="24">pi</w><w n="25">be</w><w n="26" lemma="tghṛ">d ghṛ</w><w n="27" lemma="taṃ">taṃ </w></cl><cl><w n="28">trai</w><w n="29">pha</w><w n="30" lemma="laṃ">lam </w></cl><cl><w n="31">e</w><w n="32" lemma="va">va </w></cl><cl><w n="33">so</w><w n="34">dha</w><w n="35" lemma="naṃ">naṃ </w></cl><cl><w n="36">vi</w><w n="37">se</w><w n="38">ṣa</w><w n="39" lemma="taḥ">taḥ </w></cl><cl><w n="40">so</w><w n="41">ṇi</w><w n="42">ta</w><w n="43">pi</w><w n="44" lemma="ta">tta</w><w n="45">ro</w><w n="46">ga</w><w n="47" lemma="yoḥ">yoḥ || </w></cl></text></TEI><TEI n="H"><text><cl><w n="0" lemma="pa"> pa</w><w n="1">yo</w><w n="2">vi</w><w n="3">mi</w><w n="4" lemma="śraṃ">śraṃ </w></cl><cl><w n="5">pa</w><w n="6">va</w><w n="7">no</w><w n="8">dbha</w><w n="9" lemma="ve">ve </w></cl><cl><w n="10">hi</w><w n="11" lemma="taṃ">taṃ </w></cl><cl><w n="12">va</w><w n="13" lemma="daṃ">dan</w><w n="14" lemma="ti">ti </w></cl><cl><w n="15" lemma="paṃ">pañ</w><w n="16" lemma="cāṃ">cāṅ</w><w n="17">gu</w><w n="18">la</w><w n="19">tai</w><w n="20" lemma="laṃ">lam </w></cl><cl><w n="21">e</w><w n="22" lemma="va">va </w><w n="23" lemma="tu">tu | </w></cl><cl><w n="24">pi</w><w n="25">be</w><w n="26" lemma="tghṛ">d ghṛ</w><w n="27" lemma="taṃ">taṃ </w></cl><cl><w n="28">trai</w><w n="29">pha</w><w n="30" lemma="laṃ">lam </w></cl><cl><w n="31">e</w><w n="32" lemma="va">va </w></cl><cl><w n="33">śo</w><w n="34">dha</w><w n="35" lemma="naṃ">naṃ </w></cl><cl><w n="36">vi</w><w n="37">śe</w><w n="38">ṣa</w><w n="39" lemma="taḥ">taḥ </w></cl><cl><w n="40">śo</w><w n="41">ṇi</w><w n="42">ta</w><w n="43">pi</w><w n="44" lemma="ta">tta</w><w n="45">ro</w><w n="46">ga</w><w n="47" lemma="yoḥ">yoḥ || </w></cl></text></TEI><TEI n="NE"><text><cl><w n="0" lemma="pa"> pa</w><w n="1">yo</w><w n="2">vi</w><w n="3">mi</w><w n="4" lemma="śraṃ">śraṃ </w></cl><cl><w n="5">pa</w><w n="6">va</w><w n="7">no</w><w n="8">dbha</w><w n="9" lemma="ve">ve </w></cl><cl><w n="10">hi</w><w n="11" lemma="taṃ">taṃ </w></cl><cl><w n="12">va</w><w n="13" lemma="daṃ">dan</w><w n="14" lemma="ti">ti </w></cl><cl><w n="15" lemma="paṃ">pañ</w><w n="16" lemma="cāṃ">cāṅ</w><w n="17">gu</w><w n="18">la</w><w n="19">tai</w><w n="20" lemma="laṃ">lam </w></cl><cl><w n="21">e</w><w n="22" lemma="va">va </w><w n="23" lemma="tu">tu | </w></cl><cl><w n="24">pi</w><w n="25">be</w><w n="26" lemma="tghṛ">d ghṛ</w><w n="27" lemma="taṃ">taṃ </w></cl><cl><w n="28">trai</w><w n="29">pha</w><w n="30" lemma="laṃ">lam </w></cl><cl><w n="31">e</w><w n="32" lemma="va">va </w></cl><cl><w n="33">śo</w><w n="34">dha</w><w n="35" lemma="naṃ">naṃ </w></cl><cl><w n="36">vi</w><w n="37">śe</w><w n="38">ṣa</w><w n="39" lemma="taḥ">taḥ </w></cl><cl><w n="40">śo</w><w n="41">ṇi</w><w n="42">ta</w><w n="43">pi</w><w n="44" lemma="ta">tta</w><w n="45">ro</w><w n="46">ga</w><w n="47" lemma="yoḥ">yoḥ || </w></cl></text></TEI></teiCorpus>