<?xml version="1.0" encoding="UTF-8"?>
<teiCorpus xmlns="http://www.tei-c.org/ns/1.0" xml:lang="sa-Latn">
  <teiHeader>
<listWit>
<witness xml:id="A" source="06-ut-vulgate-1938-1-30.xml">
<abbr>A</abbr>
<expan>Printed edition: Ācārya 1938: Uttaratantra 1-30</expan>
</witness>
<witness xml:id="K" source="kl_699_uttaratantra-1-30.xml">
<abbr>K</abbr>
<expan>MSS Kathmandu KL 699: Uttaratantra</expan>
<listWit>
<witness xml:id="Kac" n="ac">
<abbr>Kac</abbr>
<expan>MSS Kathmandu KL 699: Uttaratantra [ante correctionem]</expan>
</witness>
<witness xml:id="Kpc" n="pc">
<abbr type="siglum">Kpc</abbr>
<expan>MSS Kathmandu KL 699: Uttaratantra [post correctionem]</expan>
</witness>
</listWit>
</witness>
<witness xml:id="H" source="nak_5-333_uttaratantra-1-30.xml">
<abbr>H</abbr>
<expan>MS Kathmandu NAK 5-333, Uttaratantra</expan>
<listWit>
<witness xml:id="Hac" n="ac">
<abbr>Hac</abbr>
<expan>MS Kathmandu NAK 5-333, Uttaratantra [ante correctionem]</expan>
</witness>
<witness xml:id="Hpc" n="pc">
<abbr type="siglum">Hpc</abbr>
<expan>MS Kathmandu NAK 5-333, Uttaratantra [post correctionem]</expan>
</witness>
</listWit>
</witness>
<witness xml:id="NE" source="provisional-edition_uttaratantra-1-30.xml">
<abbr>NE</abbr>
<expan>The Nepalese Version of the Suśrutasaṃhitā, uttaratantra 1-30, based on the
                    Nepalese MSS</expan>
</witness>
</listWit>
    <encodingDesc>
      <editorialDecl>
        <segmentation>
          <ab type="tokenization">aksara</ab>
          <ab type="blockid">SS.6.19.1</ab>
          <ab type="targetedition">NE</ab>
          <ab type="scoring">
            <ab type="match">1</ab>
            <ab type="mismatch">-1</ab>
            <ab type="gapopen">-2</ab>
            <ab type="gapextend">-0.25</ab>
            <ab type="recursive">true</ab>
            <ab type="realigndepth">20</ab>
            <ab type="distancefunction">ngrams</ab>
            
          </ab>
        </segmentation>
        <normalization method="markup">
<ab>ignore punctuation</ab>
<ab>candrabindu as anusvāra</ab>
<ab>geminated aspirated consonants</ab>
<ab>geminated m after h</ab>
<ab>geminated t</ab>
<ab>geminated consonants after r</ab>
<ab>final nasal variants</ab>
<ab>internal nasal variants</ab>
<ab>final anusvāra variants</ab>
<ab>visarga aḥ before voiced consonants</ab>
<ab>visarga aḥ before vowels</ab>
<ab>visarga aḥ before unvoiced consonants and space + anusvāra</ab>
<ab>visarga āḥ variants</ab>
<ab>other visarga variants</ab>
<ab>superfluous avagrahas</ab>
<ab>double avagrahas</ab>
<ab>avagrahas to short a</ab>
<ab>internal visarga variants</ab>
<ab>final au/āv</ab>
<ab>final su</ab>
<ab>final i</ab>
<ab>kcch/kś</ab>
<ab>cś/tś</ab>
<ab>cch/ch</ab>
<ab>final t + hi</ab>
<ab>final t + voiced syllable</ab>
<ab>final t + n/m</ab>
<ab>final t + c/j</ab>
<ab>i/y + vowel</ab>
<ab>bhd for bdh</ab>
<ab>remove spaces</ab>
        </normalization>
        <ab type="tagfilters">
<tag subtype="ignore">pc</tag>
<tag subtype="ignore">head</tag>
<tag subtype="ignore">label</tag>
<tag subtype="ignore">note</tag>
<tag subtype="ignore">num</tag>
<tag subtype="ignore">locus</tag>
<tag subtype="ignore">supplied</tag>
<tag subtype="ignore">surplus</tag>
        </ab>
      </editorialDecl>
    </encodingDesc>
    <xenoData>
      <stemma format="nexml" id="stemma0"><nex:nexml xmlns:nex="http://www.nexml.org/2009" version="0.9"><nex:otus id="otus1"><nex:otu id="otu0" label="A"/><nex:otu id="otu1" label="K"/><nex:otu id="otu2" label="H"/><nex:otu id="otu3" label="NE"/></nex:otus><nex:trees otus="otus1" id="trees1"><nex:tree id="guidetree" label="guidetree" xsi:type="nex:FloatTree" xmlns:xsi="http://www.w3.org/2001/XMLSchema-instance"><nex:node id="a8eeac5e-8d51-410a-91ee-575441a42bf4" root="true"/><nex:node id="e53a4e79-a27c-4d76-81b6-d19f59e987fd"/><nex:node id="b8f04b98-b994-41d2-830c-948dafb72749" label="A" otu="otu2"/><nex:node id="2cce4386-e463-4b7c-a348-62c5a2aea098" label="K" otu="otu3"/><nex:node id="a6ef7bfa-8e70-415a-a552-00b1ea315a85"/><nex:node id="81fdd28b-ed5c-470d-a107-eb8595b82228" label="H" otu="otu5"/><nex:node id="4779b7a9-e50f-4fa7-8efb-92d15fed1a50" label="NE" otu="otu6"/><nex:edge source="a8eeac5e-8d51-410a-91ee-575441a42bf4" target="e53a4e79-a27c-4d76-81b6-d19f59e987fd" id="edge0" length="0.20503535289316796"/><nex:edge source="a8eeac5e-8d51-410a-91ee-575441a42bf4" target="a6ef7bfa-8e70-415a-a552-00b1ea315a85" id="edge1" length="0.20503535289316796"/><nex:edge source="e53a4e79-a27c-4d76-81b6-d19f59e987fd" target="b8f04b98-b994-41d2-830c-948dafb72749" id="edge2" length="0.589929294213664"/><nex:edge source="e53a4e79-a27c-4d76-81b6-d19f59e987fd" target="2cce4386-e463-4b7c-a348-62c5a2aea098" id="edge3" length="0.410070705786336"/><nex:edge source="a6ef7bfa-8e70-415a-a552-00b1ea315a85" target="81fdd28b-ed5c-470d-a107-eb8595b82228" id="edge4" length="5.551115123125783e-17"/><nex:edge source="a6ef7bfa-8e70-415a-a552-00b1ea315a85" target="4779b7a9-e50f-4fa7-8efb-92d15fed1a50" id="edge5" length="5.551115123125783e-17"/></nex:tree></nex:trees></nex:nexml></stemma>
    </xenoData>
  </teiHeader>
<TEI n="A"><text><cl><w n="0" lemma="a"> a</w><w n="1">thā</w><w n="2" lemma="taḥ">to </w></cl><cl><w n="3">na</w><w n="4">ya</w><w n="5">nā</w><w n="6">bhi</w><w n="7">ghā</w><w n="8">ta</w><w n="9">pra</w><w n="10">ti</w><w n="11">ṣe</w><w n="12" lemma="dhaṃ">dhaṃ </w></cl><cl><w n="13"/><w n="14"/><w n="15"/></cl><cl><w n="16"/><w n="17">vyā</w><w n="18">khyā</w><w n="19">syā</w><w n="20" lemma="maḥ">maḥ ||</w></cl></text></TEI><TEI n="K"><text><cl><w n="0" lemma="a"> a</w><w n="1">thā</w><w n="2" lemma="taḥ">to </w></cl><cl><w n="3">na</w><w n="4">ya</w><w n="5">nā</w><w n="6">bhi</w><w n="7">ghā</w><w n="8">ta</w><w n="9">pra</w><w n="10">ti</w><w n="11">ṣe</w><w n="12" lemma="dhaṃ">dham </w></cl><cl><w n="13">a</w><w n="14">dhyā</w><w n="15" lemma="yaṃ">yam </w></cl><cl><w n="16">vyā</w><w n="17">vyā</w><w n="18">khyā</w><w n="19">syā</w><w n="20" lemma="maḥ">maḥ ||</w></cl></text></TEI><TEI n="H"><text><cl><w n="0" lemma="a"> a</w><w n="1">thā</w><w n="2" lemma="taḥ">to </w></cl><cl><w n="3">na</w><w n="4">ya</w><w n="5">nā</w><w n="6">bhi</w><w n="7">ghā</w><w n="8">ta</w><w n="9">pra</w><w n="10">ti</w><w n="11">ṣe</w><w n="12" lemma="dhaṃ">dham </w></cl><cl><w n="13">a</w><w n="14">dhyā</w><w n="15" lemma="yaṃ">yam </w></cl><cl><w n="16"/><w n="17">vyā</w><w n="18">khyā</w><w n="19">syā</w><w n="20" lemma="maḥ">maḥ ||</w></cl></text></TEI><TEI n="NE"><text><cl><w n="0" lemma="a"> a</w><w n="1">thā</w><w n="2" lemma="taḥ">to </w></cl><cl><w n="3">na</w><w n="4">ya</w><w n="5">nā</w><w n="6">bhi</w><w n="7">ghā</w><w n="8">ta</w><w n="9">pra</w><w n="10">ti</w><w n="11">ṣe</w><w n="12" lemma="dhaṃ">dham </w></cl><cl><w n="13">a</w><w n="14">dhyā</w><w n="15" lemma="yaṃ">yam </w></cl><cl><w n="16"/><w n="17">vyā</w><w n="18">khyā</w><w n="19">syā</w><w n="20" lemma="maḥ">maḥ ||</w></cl></text></TEI></teiCorpus>