<?xml version="1.0" encoding="UTF-8"?>
<teiCorpus xmlns="http://www.tei-c.org/ns/1.0" xml:lang="sa-Latn">
  <teiHeader>
<listWit>
<witness xml:id="A" source="06-ut-vulgate-1938-1-30.xml">
<abbr>A</abbr>
<expan>Printed edition: Ācārya 1938: Uttaratantra 1-30</expan>
</witness>
<witness xml:id="K" source="kl_699_uttaratantra-1-30.xml">
<abbr>K</abbr>
<expan>MSS Kathmandu KL 699: Uttaratantra</expan>
<listWit>
<witness xml:id="Kac" n="ac">
<abbr>Kac</abbr>
<expan>MSS Kathmandu KL 699: Uttaratantra [ante correctionem]</expan>
</witness>
<witness xml:id="Kpc" n="pc">
<abbr type="siglum">Kpc</abbr>
<expan>MSS Kathmandu KL 699: Uttaratantra [post correctionem]</expan>
</witness>
</listWit>
</witness>
<witness xml:id="H" source="nak_5-333_uttaratantra-1-30.xml">
<abbr>H</abbr>
<expan>MS Kathmandu NAK 5-333, Uttaratantra</expan>
<listWit>
<witness xml:id="Hac" n="ac">
<abbr>Hac</abbr>
<expan>MS Kathmandu NAK 5-333, Uttaratantra [ante correctionem]</expan>
</witness>
<witness xml:id="Hpc" n="pc">
<abbr type="siglum">Hpc</abbr>
<expan>MS Kathmandu NAK 5-333, Uttaratantra [post correctionem]</expan>
</witness>
</listWit>
</witness>
<witness xml:id="NE" source="provisional-edition_uttaratantra-1-30.xml">
<abbr>NE</abbr>
<expan>The Nepalese Version of the Suśrutasaṃhitā, uttaratantra 1-30, based on the
                    Nepalese MSS</expan>
</witness>
</listWit>
    <encodingDesc>
      <editorialDecl>
        <segmentation>
          <ab type="tokenization">aksara</ab>
          <ab type="blockid">SS.6.15.23</ab>
          <ab type="targetedition">NE</ab>
          <ab type="scoring">
            <ab type="match">1</ab>
            <ab type="mismatch">-1</ab>
            <ab type="gapopen">-2</ab>
            <ab type="gapextend">-0.25</ab>
            <ab type="recursive">true</ab>
            <ab type="realigndepth">20</ab>
            <ab type="distancefunction">ngrams</ab>
            
          </ab>
        </segmentation>
        <normalization method="markup">
<ab>ignore punctuation</ab>
<ab>candrabindu as anusvāra</ab>
<ab>geminated aspirated consonants</ab>
<ab>geminated m after h</ab>
<ab>geminated t</ab>
<ab>geminated consonants after r</ab>
<ab>final nasal variants</ab>
<ab>internal nasal variants</ab>
<ab>final anusvāra variants</ab>
<ab>visarga aḥ before voiced consonants</ab>
<ab>visarga aḥ before vowels</ab>
<ab>visarga aḥ before unvoiced consonants and space + anusvāra</ab>
<ab>visarga āḥ variants</ab>
<ab>other visarga variants</ab>
<ab>superfluous avagrahas</ab>
<ab>double avagrahas</ab>
<ab>avagrahas to short a</ab>
<ab>internal visarga variants</ab>
<ab>final au/āv</ab>
<ab>final su</ab>
<ab>final i</ab>
<ab>kcch/kś</ab>
<ab>cś/tś</ab>
<ab>cch/ch</ab>
<ab>final t + hi</ab>
<ab>final t + voiced syllable</ab>
<ab>final t + n/m</ab>
<ab>final t + c/j</ab>
<ab>i/y + vowel</ab>
<ab>bhd for bdh</ab>
<ab>remove spaces</ab>
        </normalization>
        <ab type="tagfilters">
<tag subtype="ignore">pc</tag>
<tag subtype="ignore">head</tag>
<tag subtype="ignore">label</tag>
<tag subtype="ignore">note</tag>
<tag subtype="ignore">num</tag>
<tag subtype="ignore">locus</tag>
<tag subtype="ignore">supplied</tag>
<tag subtype="ignore">surplus</tag>
        </ab>
      </editorialDecl>
    </encodingDesc>
    <xenoData>
      <stemma format="nexml" id="stemma0"><nex:nexml xmlns:nex="http://www.nexml.org/2009" version="0.9"><nex:otus id="otus1"><nex:otu id="otu0" label="A"/><nex:otu id="otu1" label="H"/><nex:otu id="otu2" label="K"/><nex:otu id="otu3" label="NE"/></nex:otus><nex:trees otus="otus1" id="trees1"><nex:tree id="guidetree" label="guidetree" xsi:type="nex:FloatTree" xmlns:xsi="http://www.w3.org/2001/XMLSchema-instance"><nex:node id="355aaaa8-62d9-424a-8e4a-4c440e66bc79" root="true"/><nex:node id="3e77c649-cc50-4030-9396-f981c0af4ae1"/><nex:node id="c8b677a9-9bd0-44a8-ac61-0cf3ef003c6e" label="A" otu="otu2"/><nex:node id="300d282a-de04-4298-805c-408c7935c459" label="H" otu="otu3"/><nex:node id="d0c1a042-2c75-4538-b27c-ae745850d6e8"/><nex:node id="985af74f-0273-4e9e-bbce-021a771798cd" label="K" otu="otu5"/><nex:node id="ae94acb3-720c-4947-91eb-21bb9f26798b" label="NE" otu="otu6"/><nex:edge source="355aaaa8-62d9-424a-8e4a-4c440e66bc79" target="3e77c649-cc50-4030-9396-f981c0af4ae1" id="edge0" length="0.23148867206608215"/><nex:edge source="355aaaa8-62d9-424a-8e4a-4c440e66bc79" target="d0c1a042-2c75-4538-b27c-ae745850d6e8" id="edge1" length="0.23148867206608215"/><nex:edge source="3e77c649-cc50-4030-9396-f981c0af4ae1" target="c8b677a9-9bd0-44a8-ac61-0cf3ef003c6e" id="edge2" length="0.5370226558678357"/><nex:edge source="3e77c649-cc50-4030-9396-f981c0af4ae1" target="300d282a-de04-4298-805c-408c7935c459" id="edge3" length="0.4629773441321643"/><nex:edge source="d0c1a042-2c75-4538-b27c-ae745850d6e8" target="985af74f-0273-4e9e-bbce-021a771798cd" id="edge4" length="0"/><nex:edge source="d0c1a042-2c75-4538-b27c-ae745850d6e8" target="ae94acb3-720c-4947-91eb-21bb9f26798b" id="edge5" length="0"/></nex:tree></nex:trees></nex:nexml></stemma>
    </xenoData>
  </teiHeader>
<TEI n="A"><text><cl><w n="0" lemma="sa"> sa</w><w n="1" lemma="ndhau">ndhau </w></cl><cl><w n="2">saṃ</w><w n="3">sve</w><w n="4" lemma="dya">dya </w></cl><cl><w n="5">śa</w><w n="6">stre</w><w n="7" lemma="ṇa">ṇa </w></cl><cl><w n="8"/><w n="9">va</w><w n="10">rṇī</w><w n="11" lemma="kāṃ">kāṃ </w></cl><cl><w n="12">vi</w><w n="13">ca</w><w n="14">kṣa</w><w n="15" lemma="ṇa">ṇaḥ | </w></cl><cl><w n="16">u</w><w n="17">tta</w><w n="18" lemma="re">re </w><w n="19" lemma="ca">ca </w><w n="20"/></cl><cl><w n="21">tri</w><w n="22">bhā</w><w n="23" lemma="ge">ge </w><w n="24" lemma="ca">ca </w></cl><cl><w n="25">ba</w><w n="26">ḍi</w><w n="27">śe</w><w n="28">nā</w><w n="29">va</w><w n="30" lemma="laṃ">lam</w><w n="31">bi</w><w n="32" lemma="tāṃ">tām || </w></cl></text></TEI><TEI n="H"><text><cl><w n="0">sa</w><w n="1" lemma="ndhau">ndhau </w></cl><cl><w n="2">pra</w><w n="3">sve</w><w n="4" lemma="dya">dya </w></cl><cl><w n="5">śa</w><w n="6">stre</w><w n="7" lemma="ṇa">ṇa </w></cl><cl><w n="8">pa</w><w n="9" lemma="rva">rvva</w><w n="10">ṇī</w><w n="11" lemma="kāṃ">kāṃ </w></cl><cl><w n="12">vi</w><w n="13">ca</w><w n="14">kṣa</w><w n="15" lemma="ṇa">ṇaḥ | </w></cl><cl><w n="16">u</w><w n="17">tta</w><w n="18" lemma="re">re </w><w n="19" lemma="a">'</w><w n="20" lemma="tha">tha </w></cl><cl><w n="21">tri</w><w n="22">bhā</w><w n="23" lemma="ge">ge </w><w n="24" lemma="tu">tu </w></cl><cl><w n="25">va</w><w n="26">ḍi</w><w n="27">śe</w><w n="28" lemma="na">na </w><w n="29">vi</w><w n="30" lemma="laṃ">lam</w><w n="31">vi</w><w n="32" lemma="tāṃ">tāṃ ||</w></cl></text></TEI><TEI n="K"><text><cl><w n="0">sa</w><w n="1" lemma="ndhau">ndhau </w></cl><cl><w n="2">pra</w><w n="3">sve</w><w n="4" lemma="dya">dya </w></cl><cl><w n="5">śa</w><w n="6">stre</w><w n="7" lemma="ṇa">ṇa </w></cl><cl><w n="8">pra</w><w n="9">va</w><w n="10">ṇī</w><w n="11" lemma="kāṃ">kām </w></cl><cl><w n="12">vi</w><w n="13">ca</w><w n="14">kṣa</w><w n="15" lemma="ṇa">ṇaḥ | </w></cl><cl><w n="16">u</w><w n="17">tta</w><w n="18">re</w><w n="19"/><w n="20" lemma="tha">tha </w></cl><cl><w n="21">tri</w><w n="22">bhā</w><w n="23" lemma="ge">ge </w><w n="24" lemma="tu">tu </w></cl><cl><w n="25">va</w><w n="26">ḍi</w><w n="27">se</w><w n="28">na</w><w n="29">vi</w><w n="30" lemma="laṃ">lam</w><w n="31">vi</w><w n="32" lemma="āṃ">āṃ | </w></cl></text></TEI><TEI n="NE"><text><cl><w n="0" lemma="sa"> sa</w><w n="1" lemma="ndhau">ndhau </w></cl><cl><w n="2">pra</w><w n="3">sve</w><w n="4" lemma="dya">dya </w></cl><cl><w n="5">śa</w><w n="6">stre</w><w n="7" lemma="ṇa">ṇa </w></cl><cl><w n="8">pra</w><w n="9">va</w><w n="10">ṇī</w><w n="11" lemma="kāṃ">kām </w></cl><cl><w n="12">vi</w><w n="13">ca</w><w n="14">kṣa</w><w n="15" lemma="ṇa">ṇaḥ | </w></cl><cl><w n="16">u</w><w n="17">tta</w><w n="18">re</w><w n="19"/><w n="20" lemma="tha">tha </w></cl><cl><w n="21">tri</w><w n="22">bhā</w><w n="23" lemma="ge">ge </w><w n="24" lemma="tu">tu </w></cl><cl><w n="25">va</w><w n="26">ḍi</w><w n="27">se</w><w n="28">na</w><w n="29">vi</w><w n="30" lemma="laṃ">lam</w><w n="31">vi</w><w n="32" lemma="āṃ">āṃ | </w></cl></text></TEI></teiCorpus>