<?xml version="1.0" encoding="UTF-8"?>
<teiCorpus xmlns="http://www.tei-c.org/ns/1.0" xml:lang="sa-Latn">
  <teiHeader>
<listWit>
<witness xml:id="A" source="06-ut-vulgate-1938-1-30.xml">
<abbr>A</abbr>
<expan>Printed edition: Ācārya 1938: Uttaratantra 1-30</expan>
</witness>
<witness xml:id="K" source="kl_699_uttaratantra-1-30.xml">
<abbr>K</abbr>
<expan>MSS Kathmandu KL 699: Uttaratantra</expan>
<listWit>
<witness xml:id="Kac" n="ac">
<abbr>Kac</abbr>
<expan>MSS Kathmandu KL 699: Uttaratantra [ante correctionem]</expan>
</witness>
<witness xml:id="Kpc" n="pc">
<abbr type="siglum">Kpc</abbr>
<expan>MSS Kathmandu KL 699: Uttaratantra [post correctionem]</expan>
</witness>
</listWit>
</witness>
<witness xml:id="H" source="nak_5-333_uttaratantra-1-30.xml">
<abbr>H</abbr>
<expan>MS Kathmandu NAK 5-333, Uttaratantra</expan>
<listWit>
<witness xml:id="Hac" n="ac">
<abbr>Hac</abbr>
<expan>MS Kathmandu NAK 5-333, Uttaratantra [ante correctionem]</expan>
</witness>
<witness xml:id="Hpc" n="pc">
<abbr type="siglum">Hpc</abbr>
<expan>MS Kathmandu NAK 5-333, Uttaratantra [post correctionem]</expan>
</witness>
</listWit>
</witness>
<witness xml:id="NE" source="provisional-edition_uttaratantra-1-30.xml">
<abbr>NE</abbr>
<expan>The Nepalese Version of the Suśrutasaṃhitā, uttaratantra 1-30, based on the
                    Nepalese MSS</expan>
</witness>
</listWit>
    <encodingDesc>
      <editorialDecl>
        <segmentation>
          <ab type="tokenization">aksara</ab>
          <ab type="blockid">SS.6.1.39</ab>
          <ab type="targetedition">NE</ab>
          <ab type="scoring">
            <ab type="match">1</ab>
            <ab type="mismatch">-1</ab>
            <ab type="gapopen">-2</ab>
            <ab type="gapextend">-0.25</ab>
            <ab type="recursive">true</ab>
            <ab type="realigndepth">20</ab>
            <ab type="distancefunction">ngrams</ab>
            
          </ab>
        </segmentation>
        <normalization method="markup">
<ab>ignore punctuation</ab>
<ab>candrabindu as anusvāra</ab>
<ab>geminated aspirated consonants</ab>
<ab>geminated m after h</ab>
<ab>geminated t</ab>
<ab>geminated consonants after r</ab>
<ab>final nasal variants</ab>
<ab>internal nasal variants</ab>
<ab>final anusvāra variants</ab>
<ab>visarga aḥ before voiced consonants</ab>
<ab>visarga aḥ before vowels</ab>
<ab>visarga aḥ before unvoiced consonants and space + anusvāra</ab>
<ab>visarga āḥ variants</ab>
<ab>other visarga variants</ab>
<ab>superfluous avagrahas</ab>
<ab>double avagrahas</ab>
<ab>avagrahas to short a</ab>
<ab>internal visarga variants</ab>
<ab>final au/āv</ab>
<ab>final su</ab>
<ab>final i</ab>
<ab>kcch/kś</ab>
<ab>cś/tś</ab>
<ab>cch/ch</ab>
<ab>final t + hi</ab>
<ab>final t + voiced syllable</ab>
<ab>final t + n/m</ab>
<ab>final t + c/j</ab>
<ab>i/y + vowel</ab>
<ab>bhd for bdh</ab>
<ab>remove spaces</ab>
        </normalization>
        <ab type="tagfilters">
<tag subtype="ignore">pc</tag>
<tag subtype="ignore">head</tag>
<tag subtype="ignore">label</tag>
<tag subtype="ignore">note</tag>
<tag subtype="ignore">num</tag>
<tag subtype="ignore">locus</tag>
<tag subtype="ignore">supplied</tag>
<tag subtype="ignore">surplus</tag>
        </ab>
      </editorialDecl>
    </encodingDesc>
    <xenoData>
      <stemma format="nexml" id="stemma0"><nex:nexml xmlns:nex="http://www.nexml.org/2009" version="0.9"><nex:otus id="otus1"><nex:otu id="otu0" label="Hac"/><nex:otu id="otu1" label="Hpc"/><nex:otu id="otu2" label="A"/><nex:otu id="otu3" label="K"/><nex:otu id="otu4" label="NE"/></nex:otus><nex:trees otus="otus1" id="trees1"><nex:tree id="guidetree" label="guidetree" xsi:type="nex:FloatTree" xmlns:xsi="http://www.w3.org/2001/XMLSchema-instance"><nex:node id="39f4e5b6-8f54-4e50-ab7b-acb3c20296a1" root="true"/><nex:node id="c9c7ba51-c08b-4fd3-a86b-b5f667d4713b"/><nex:node id="8a3fbf37-b07b-4f7c-8e16-ca1e3afd9409" label="Hac" otu="otu2"/><nex:node id="9da83333-262c-4ac0-9740-2021d51892c5" label="Hpc" otu="otu3"/><nex:node id="3604797e-3a8f-48c1-810c-aa267639297a"/><nex:node id="cf55465f-a0de-4d25-9456-11e2b417f0cd" label="A" otu="otu5"/><nex:node id="2ade0928-7f89-4064-a893-2f15714b53e3"/><nex:node id="22de039e-8ef0-4cfe-b7ef-9f539e5f6455" label="K" otu="otu7"/><nex:node id="c702d795-80a5-45a9-8415-e06416250271" label="NE" otu="otu8"/><nex:edge source="39f4e5b6-8f54-4e50-ab7b-acb3c20296a1" target="c9c7ba51-c08b-4fd3-a86b-b5f667d4713b" id="edge0" length="0.1052204532763105"/><nex:edge source="39f4e5b6-8f54-4e50-ab7b-acb3c20296a1" target="3604797e-3a8f-48c1-810c-aa267639297a" id="edge1" length="0.1052204532763105"/><nex:edge source="c9c7ba51-c08b-4fd3-a86b-b5f667d4713b" target="8a3fbf37-b07b-4f7c-8e16-ca1e3afd9409" id="edge2" length="0.2733765306794823"/><nex:edge source="c9c7ba51-c08b-4fd3-a86b-b5f667d4713b" target="9da83333-262c-4ac0-9740-2021d51892c5" id="edge3" length="0.29285744295853056"/><nex:edge source="3604797e-3a8f-48c1-810c-aa267639297a" target="cf55465f-a0de-4d25-9456-11e2b417f0cd" id="edge4" length="0.7395258966445328"/><nex:edge source="3604797e-3a8f-48c1-810c-aa267639297a" target="2ade0928-7f89-4064-a893-2f15714b53e3" id="edge5" length="0.22403052723782635"/><nex:edge source="2ade0928-7f89-4064-a893-2f15714b53e3" target="22de039e-8ef0-4cfe-b7ef-9f539e5f6455" id="edge6" length="1.1102230246251565e-16"/><nex:edge source="2ade0928-7f89-4064-a893-2f15714b53e3" target="c702d795-80a5-45a9-8415-e06416250271" id="edge7" length="1.1102230246251565e-16"/></nex:tree></nex:trees></nex:nexml></stemma>
    </xenoData>
  </teiHeader>
<TEI n="Hac"><text><cl><w n="0">pū</w><w n="1">yā</w><w n="2">srā</w><w n="3" lemma="vaḥ">vo </w></cl><cl><w n="4">nā</w><w n="5">ku</w><w n="6">lā</w><w n="7" lemma="ndhyaṃ">ndhyaṃ </w><w n="8">ma</w><w n="9">kṣi</w><w n="10">pā</w><w n="11">kā</w><w n="12">tya</w><w n="13">yo</w><w n="14">la</w><w n="15" lemma="jī">jī || </w></cl><cl><w n="16">ro</w><w n="17" lemma="gā">gā </w><w n="18">a</w><w n="19">sā</w><w n="20">dhyā</w><w n="21">śca</w><w n="22">tvā</w><w n="23" lemma="raḥ">raḥ </w></cl><cl><w n="24">sa</w><w n="25" lemma="rva">rvva</w><w n="26">je</w><w n="27" lemma="ṣu">ṣu </w></cl><cl><w n="28">bha</w><w n="29" lemma="vaṃ">van</w><w n="30" lemma="ti">ti </w></cl><cl><w n="31" lemma="hi">hi | </w><w n="32"/><w n="33"/><w n="34"/><w n="35"/><w n="36"/><w n="37"/><w n="38"/><w n="39"/><w n="40"/><w n="41"/><w n="42"/><w n="43"/><w n="44"/><w n="45"/><w n="46"/><w n="47"/><w n="48"/></cl></text></TEI><TEI n="Hpc"><text><cl><w n="0">pū</w><w n="1">yā</w><w n="2">srā</w><w n="3" lemma="vaḥ">vo </w></cl><cl><w n="4">nā</w><w n="5">ku</w><w n="6">lā</w><w n="7" lemma="ndhyaṃ">ndhyaṃ </w><w n="8">ma</w><w n="9">kṣi</w><w n="10">pā</w><w n="11">kā</w><w n="12">tya</w><w n="13">yo</w><w n="14">la</w><w n="15" lemma="jī">jī || </w></cl><cl><w n="16">ro</w><w n="17" lemma="gā">gā </w><w n="18">a</w><w n="19">sā</w><w n="20">dhyā</w><w n="21">śca</w><w n="22">tvā</w><w n="23" lemma="raḥ">raḥ </w></cl><cl><w n="24">sa</w><w n="25" lemma="rva">rvva</w><w n="26">je</w><w n="27" lemma="ṣu">ṣu </w></cl><cl><w n="28">bha</w><w n="29" lemma="vaṃ">van</w><w n="30" lemma="ti">ti </w></cl><cl><w n="31" lemma="hi">hi | </w><w n="32">yā</w><w n="33" lemma="pyaḥ">pyo </w><w n="34">va</w><w n="35" lemma="rtṃ">rtm</w><w n="36">mā</w><w n="37">va</w><w n="38">va</w><w n="39" lemma="ndhaḥ">ndhas </w><w n="40" lemma="tu">tu </w><w n="41">pa</w><w n="42">kṣma</w><w n="43">ko</w><w n="44" lemma="paḥ">paḥ </w><w n="45">sa</w><w n="46">vi</w><w n="47">plu</w><w n="48" lemma="taḥ">taḥ ||</w></cl></text></TEI><TEI n="A"><text><cl><w n="0" lemma="pū"> pū</w><w n="1">yā</w><w n="2">srā</w><w n="3" lemma="vaḥ">vo </w></cl><cl><w n="4">nā</w><w n="5">ku</w><w n="6">lā</w><w n="7">ndhya</w><w n="8">ma</w><w n="9">kṣi</w><w n="10">pā</w><w n="11">kā</w><w n="12">tya</w><w n="13"/><w n="14"/><w n="15"/></cl><cl><w n="16"/><w n="17"/><w n="18"/><w n="19"/><w n="20"/><w n="21"/><w n="22"/><w n="23"/></cl><cl><w n="24" lemma="yaḥ">yo </w><w n="25" lemma="a">'</w><w n="26"/><w n="27"/></cl><cl><w n="28">la</w><w n="29"/><w n="30"/></cl><cl><w n="31"/><w n="32" lemma="jī">jī | </w><w n="33">a</w><w n="34">sā</w><w n="35" lemma="dhyāḥ">dhyāḥ </w><w n="36">sa</w><w n="37">rva</w><w n="38" lemma="jā">jā </w><w n="39">yā</w><w n="40" lemma="pyaḥ">pyaḥ </w><w n="41">kā</w><w n="42" lemma="caḥ">caḥ </w><w n="43">ko</w><w n="44" lemma="paḥ">paś </w><w n="45" lemma="ca">ca </w><w n="46">pa</w><w n="47">kṣma</w><w n="48" lemma="ṇaḥ">ṇaḥ || </w></cl></text></TEI><TEI n="K"><text><cl><w n="0">pū</w><w n="1">yā</w><w n="2">srā</w><w n="3" lemma="vaḥ">vo </w></cl><cl><w n="4">nā</w><w n="5">ku</w><w n="6">lā</w><w n="7">ndhya</w><w n="8">ma</w><w n="9">kṣī</w><w n="10">pā</w><w n="11">kā</w><w n="12">tya</w><w n="13">yo</w><w n="14">ja</w><w n="15" lemma="lī">lī | </w></cl><cl><w n="16">ro</w><w n="17">gā</w><w n="18">a</w><w n="19">sā</w><w n="20" lemma="dhyāḥ">dhyāś </w><w n="21">ca</w><w n="22">tvā</w><w n="23" lemma="raḥ">raḥ </w></cl><cl><w n="24">sa</w><w n="25">rva</w><w n="26">je</w><w n="27" lemma="ṣu">ṣu </w></cl><cl><w n="28">bha</w><w n="29" lemma="vaṃ">van</w><w n="30" lemma="ti">ti </w></cl><cl><w n="31" lemma="hi">hi |</w><w n="32"/><w n="33"/><w n="34"/><w n="35"/><w n="36"/><w n="37"/><w n="38"/><w n="39"/><w n="40"/><w n="41"/><w n="42"/><w n="43"/><w n="44"/><w n="45"/><w n="46"/><w n="47"/><w n="48"/></cl></text></TEI><TEI n="NE"><text><cl><w n="0" lemma="pū"> pū</w><w n="1">yā</w><w n="2">srā</w><w n="3" lemma="vaḥ">vo </w></cl><cl><w n="4">nā</w><w n="5">ku</w><w n="6">lā</w><w n="7">ndhya</w><w n="8">ma</w><w n="9">kṣī</w><w n="10">pā</w><w n="11">kā</w><w n="12">tya</w><w n="13">yo</w><w n="14">ja</w><w n="15" lemma="lī">lī | </w></cl><cl><w n="16">ro</w><w n="17">gā</w><w n="18">a</w><w n="19">sā</w><w n="20" lemma="dhyāḥ">dhyāś </w><w n="21">ca</w><w n="22">tvā</w><w n="23" lemma="raḥ">raḥ </w></cl><cl><w n="24">sa</w><w n="25">rva</w><w n="26">je</w><w n="27" lemma="ṣu">ṣu </w></cl><cl><w n="28">bha</w><w n="29" lemma="vaṃ">van</w><w n="30" lemma="ti">ti </w></cl><cl><w n="31" lemma="hi">hi |</w><w n="32"/><w n="33"/><w n="34"/><w n="35"/><w n="36"/><w n="37"/><w n="38"/><w n="39"/><w n="40"/><w n="41"/><w n="42"/><w n="43"/><w n="44"/><w n="45"/><w n="46"/><w n="47"/><w n="48"/></cl></text></TEI></teiCorpus>