<?xml version="1.0" encoding="UTF-8"?>
<teiCorpus xmlns="http://www.tei-c.org/ns/1.0" xml:lang="sa-Latn">
  <teiHeader>
<listWit>
<witness xml:id="A" source="06-ut-vulgate-1938-1-30.xml">
<abbr>A</abbr>
<expan>Printed edition: Ācārya 1938: Uttaratantra 1-30</expan>
</witness>
<witness xml:id="K" source="kl_699_uttaratantra-1-30.xml">
<abbr>K</abbr>
<expan>MSS Kathmandu KL 699: Uttaratantra</expan>
<listWit>
<witness xml:id="Kac" n="ac">
<abbr>Kac</abbr>
<expan>MSS Kathmandu KL 699: Uttaratantra [ante correctionem]</expan>
</witness>
<witness xml:id="Kpc" n="pc">
<abbr type="siglum">Kpc</abbr>
<expan>MSS Kathmandu KL 699: Uttaratantra [post correctionem]</expan>
</witness>
</listWit>
</witness>
<witness xml:id="H" source="nak_5-333_uttaratantra-1-30.xml">
<abbr>H</abbr>
<expan>MS Kathmandu NAK 5-333, Uttaratantra</expan>
<listWit>
<witness xml:id="Hac" n="ac">
<abbr>Hac</abbr>
<expan>MS Kathmandu NAK 5-333, Uttaratantra [ante correctionem]</expan>
</witness>
<witness xml:id="Hpc" n="pc">
<abbr type="siglum">Hpc</abbr>
<expan>MS Kathmandu NAK 5-333, Uttaratantra [post correctionem]</expan>
</witness>
</listWit>
</witness>
<witness xml:id="NE" source="provisional-edition_uttaratantra-1-30.xml">
<abbr>NE</abbr>
<expan>The Nepalese Version of the Suśrutasaṃhitā, uttaratantra 1-30, based on the
                    Nepalese MSS</expan>
</witness>
</listWit>
    <encodingDesc>
      <editorialDecl>
        <segmentation>
          <ab type="tokenization">aksara</ab>
          <ab type="blockid">SS.6.18.91</ab>
          <ab type="targetedition">NE</ab>
          <ab type="scoring">
            <ab type="match">1</ab>
            <ab type="mismatch">-1</ab>
            <ab type="gapopen">-2</ab>
            <ab type="gapextend">-0.25</ab>
            <ab type="recursive">true</ab>
            <ab type="realigndepth">20</ab>
            <ab type="distancefunction">ngrams</ab>
            
          </ab>
        </segmentation>
        <normalization method="markup">
<ab>ignore punctuation</ab>
<ab>candrabindu as anusvāra</ab>
<ab>geminated aspirated consonants</ab>
<ab>geminated m after h</ab>
<ab>geminated t</ab>
<ab>geminated consonants after r</ab>
<ab>final nasal variants</ab>
<ab>internal nasal variants</ab>
<ab>final anusvāra variants</ab>
<ab>visarga aḥ before voiced consonants</ab>
<ab>visarga aḥ before vowels</ab>
<ab>visarga aḥ before unvoiced consonants and space + anusvāra</ab>
<ab>visarga āḥ variants</ab>
<ab>other visarga variants</ab>
<ab>superfluous avagrahas</ab>
<ab>double avagrahas</ab>
<ab>avagrahas to short a</ab>
<ab>internal visarga variants</ab>
<ab>final au/āv</ab>
<ab>final su</ab>
<ab>final i</ab>
<ab>kcch/kś</ab>
<ab>cś/tś</ab>
<ab>cch/ch</ab>
<ab>final t + hi</ab>
<ab>final t + voiced syllable</ab>
<ab>final t + n/m</ab>
<ab>final t + c/j</ab>
<ab>i/y + vowel</ab>
<ab>bhd for bdh</ab>
<ab>remove spaces</ab>
        </normalization>
        <ab type="tagfilters">
<tag subtype="ignore">pc</tag>
<tag subtype="ignore">head</tag>
<tag subtype="ignore">label</tag>
<tag subtype="ignore">note</tag>
<tag subtype="ignore">num</tag>
<tag subtype="ignore">locus</tag>
<tag subtype="ignore">supplied</tag>
<tag subtype="ignore">surplus</tag>
        </ab>
      </editorialDecl>
    </encodingDesc>
    <xenoData>
      <stemma format="nexml" id="stemma0"><nex:nexml xmlns:nex="http://www.nexml.org/2009" version="0.9"><nex:otus id="otus1"><nex:otu id="otu0" label="A"/><nex:otu id="otu1" label="H"/><nex:otu id="otu2" label="K"/><nex:otu id="otu3" label="NE"/></nex:otus><nex:trees otus="otus1" id="trees1"><nex:tree id="guidetree" label="guidetree" xsi:type="nex:FloatTree" xmlns:xsi="http://www.w3.org/2001/XMLSchema-instance"><nex:node id="e1fa5d10-910e-42c0-a1d9-d21bee35d07f" root="true"/><nex:node id="80685d6f-3bff-47d8-9f06-1059900ee5ef"/><nex:node id="27cd9076-fdbe-45cf-b241-c302dfb54853" label="A" otu="otu2"/><nex:node id="ef951ec9-252f-48a2-995d-1df431bf4f09" label="H" otu="otu3"/><nex:node id="4249ed91-b004-40d5-aac7-a142ae1ab674"/><nex:node id="f9d9259f-d154-46e5-91af-7f30324540e8" label="K" otu="otu5"/><nex:node id="07623a4b-1251-4112-a65b-2a284331c83e" label="NE" otu="otu6"/><nex:edge source="e1fa5d10-910e-42c0-a1d9-d21bee35d07f" target="80685d6f-3bff-47d8-9f06-1059900ee5ef" id="edge0" length="0"/><nex:edge source="e1fa5d10-910e-42c0-a1d9-d21bee35d07f" target="4249ed91-b004-40d5-aac7-a142ae1ab674" id="edge1" length="0"/><nex:edge source="80685d6f-3bff-47d8-9f06-1059900ee5ef" target="27cd9076-fdbe-45cf-b241-c302dfb54853" id="edge2" length="1"/><nex:edge source="80685d6f-3bff-47d8-9f06-1059900ee5ef" target="ef951ec9-252f-48a2-995d-1df431bf4f09" id="edge3" length="0"/><nex:edge source="4249ed91-b004-40d5-aac7-a142ae1ab674" target="f9d9259f-d154-46e5-91af-7f30324540e8" id="edge4" length="0"/><nex:edge source="4249ed91-b004-40d5-aac7-a142ae1ab674" target="07623a4b-1251-4112-a65b-2a284331c83e" id="edge5" length="0"/></nex:tree></nex:trees></nex:nexml></stemma>
    </xenoData>
  </teiHeader>
<TEI n="A"><text><cl><w n="0" lemma="kā"> kā</w><w n="1">lā</w><w n="2">nu</w><w n="3">sā</w><w n="4">ri</w><w n="5" lemma="vāṃ">vāṃ </w></cl><cl><w n="6">cā</w><w n="7" lemma="pi">pi </w></cl><cl><w n="8">śu</w><w n="9">ci</w></cl><cl><w n="10">rā</w><w n="11">vā</w><w n="12" lemma="pya">pya </w></cl><cl><w n="13">yo</w><w n="14">ga</w><w n="15" lemma="ta">taḥ | </w></cl><cl><w n="16">e</w><w n="17">ta</w><w n="18" lemma="tcū">c cū</w><w n="19" lemma="rṇāṃ">rṇāñ</w><w n="20">ja</w><w n="21" lemma="naṃ">naṃ </w></cl><cl><w n="22">śre</w><w n="23" lemma="ṣṭhaṃ">ṣṭhaṃ </w></cl><cl><w n="24">ni</w><w n="25">hi</w><w n="26" lemma="taṃ">taṃ </w></cl><cl><w n="27">bhā</w><w n="28">ja</w><w n="29" lemma="ne">ne </w></cl><cl><w n="30">śu</w><w n="31" lemma="bhe">bhe || </w></cl></text></TEI><TEI n="H"><text><cl><w n="0" lemma="kā"> kā</w><w n="1">lā</w><w n="2">nu</w><w n="3">śā</w><w n="4">ri</w><w n="5" lemma="vāṃ">vāṃ </w></cl><cl><w n="6">cā</w><w n="7" lemma="pi">pi </w></cl><cl><w n="8">śu</w><w n="9" lemma="ciḥ">cir </w></cl><cl><w n="10">ā</w><w n="11">vā</w><w n="12" lemma="pya">pya </w></cl><cl><w n="13">yo</w><w n="14">ga</w><w n="15" lemma="ta">taḥ | </w></cl><cl><w n="16">e</w><w n="17">ta</w><w n="18" lemma="tcū">c cū</w><w n="19" lemma="rṇāṃ">rṇṇāñ</w><w n="20">ja</w><w n="21" lemma="naṃ">naṃ </w></cl><cl><w n="22">śre</w><w n="23" lemma="ṣṭhaṃ">ṣṭhaṃ , </w></cl><cl><w n="24">ni</w><w n="25">hi</w><w n="26" lemma="taṃ">taṃ </w></cl><cl><w n="27">bhā</w><w n="28">ja</w><w n="29" lemma="ne">ne </w></cl><cl><w n="30">śu</w><w n="31" lemma="bhe">bhe || </w></cl></text></TEI><TEI n="K"><text><cl><w n="0" lemma="kā"> kā</w><w n="1">lā</w><w n="2">nu</w><w n="3">śā</w><w n="4">ri</w><w n="5" lemma="vāṃ">vāñ </w></cl><cl><w n="6">cā</w><w n="7" lemma="pi">pi </w></cl><cl><w n="8">śu</w><w n="9" lemma="ciḥ">cir </w></cl><cl><w n="10">ā</w><w n="11">vā</w><w n="12" lemma="pya">pya </w></cl><cl><w n="13">yo</w><w n="14">ga</w><w n="15" lemma="ta">taḥ | </w></cl><cl><w n="16">e</w><w n="17">ta</w><w n="18" lemma="tcū">c cū</w><w n="19" lemma="rṇāṃ">rṇṇāñ</w><w n="20">ja</w><w n="21" lemma="naṃ">naṃ </w></cl><cl><w n="22">śre</w><w n="23" lemma="ṣṭhaṃ">ṣṭhaṃ </w></cl><cl><w n="24">ni</w><w n="25">hi</w><w n="26" lemma="taṃ">taṃ </w></cl><cl><w n="27">bhā</w><w n="28">ja</w><w n="29" lemma="ne">ne </w></cl><cl><w n="30">śu</w><w n="31" lemma="bhe">bhe | </w></cl></text></TEI><TEI n="NE"><text><cl><w n="0" lemma="kā"> kā</w><w n="1">lā</w><w n="2">nu</w><w n="3">śā</w><w n="4">ri</w><w n="5" lemma="vāṃ">vāñ </w></cl><cl><w n="6">cā</w><w n="7" lemma="pi">pi </w></cl><cl><w n="8">śu</w><w n="9" lemma="ciḥ">cir </w></cl><cl><w n="10">ā</w><w n="11">vā</w><w n="12" lemma="pya">pya </w></cl><cl><w n="13">yo</w><w n="14">ga</w><w n="15" lemma="ta">taḥ | </w></cl><cl><w n="16">e</w><w n="17">ta</w><w n="18" lemma="tcū">c cū</w><w n="19" lemma="rṇāṃ">rṇṇāñ</w><w n="20">ja</w><w n="21" lemma="naṃ">naṃ </w></cl><cl><w n="22">śre</w><w n="23" lemma="ṣṭhaṃ">ṣṭhaṃ </w></cl><cl><w n="24">ni</w><w n="25">hi</w><w n="26" lemma="taṃ">taṃ </w></cl><cl><w n="27">bhā</w><w n="28">ja</w><w n="29" lemma="ne">ne </w></cl><cl><w n="30">śu</w><w n="31" lemma="bhe">bhe | </w></cl></text></TEI></teiCorpus>