<?xml version="1.0" encoding="UTF-8"?>
<teiCorpus xmlns="http://www.tei-c.org/ns/1.0" xml:lang="sa-Latn">
  <teiHeader>
<listWit>
<witness xml:id="A" source="06-ut-vulgate-1938-1-30.xml">
<abbr>A</abbr>
<expan>Printed edition: Ācārya 1938: Uttaratantra 1-30</expan>
</witness>
<witness xml:id="K" source="kl_699_uttaratantra-1-30.xml">
<abbr>K</abbr>
<expan>MSS Kathmandu KL 699: Uttaratantra</expan>
<listWit>
<witness xml:id="Kac" n="ac">
<abbr>Kac</abbr>
<expan>MSS Kathmandu KL 699: Uttaratantra [ante correctionem]</expan>
</witness>
<witness xml:id="Kpc" n="pc">
<abbr type="siglum">Kpc</abbr>
<expan>MSS Kathmandu KL 699: Uttaratantra [post correctionem]</expan>
</witness>
</listWit>
</witness>
<witness xml:id="H" source="nak_5-333_uttaratantra-1-30.xml">
<abbr>H</abbr>
<expan>MS Kathmandu NAK 5-333, Uttaratantra</expan>
<listWit>
<witness xml:id="Hac" n="ac">
<abbr>Hac</abbr>
<expan>MS Kathmandu NAK 5-333, Uttaratantra [ante correctionem]</expan>
</witness>
<witness xml:id="Hpc" n="pc">
<abbr type="siglum">Hpc</abbr>
<expan>MS Kathmandu NAK 5-333, Uttaratantra [post correctionem]</expan>
</witness>
</listWit>
</witness>
<witness xml:id="NE" source="provisional-edition_uttaratantra-1-30.xml">
<abbr>NE</abbr>
<expan>The Nepalese Version of the Suśrutasaṃhitā, uttaratantra 1-30, based on the
                    Nepalese MSS</expan>
</witness>
</listWit>
    <encodingDesc>
      <editorialDecl>
        <segmentation>
          <ab type="tokenization">aksara</ab>
          <ab type="blockid">SS.6.13.16</ab>
          <ab type="targetedition">NE</ab>
          <ab type="scoring">
            <ab type="match">1</ab>
            <ab type="mismatch">-1</ab>
            <ab type="gapopen">-2</ab>
            <ab type="gapextend">-0.25</ab>
            <ab type="recursive">true</ab>
            <ab type="realigndepth">20</ab>
            <ab type="distancefunction">ngrams</ab>
            
          </ab>
        </segmentation>
        <normalization method="markup">
<ab>ignore punctuation</ab>
<ab>candrabindu as anusvāra</ab>
<ab>geminated aspirated consonants</ab>
<ab>geminated m after h</ab>
<ab>geminated t</ab>
<ab>geminated consonants after r</ab>
<ab>final nasal variants</ab>
<ab>internal nasal variants</ab>
<ab>final anusvāra variants</ab>
<ab>visarga aḥ before voiced consonants</ab>
<ab>visarga aḥ before vowels</ab>
<ab>visarga aḥ before unvoiced consonants and space + anusvāra</ab>
<ab>visarga āḥ variants</ab>
<ab>other visarga variants</ab>
<ab>superfluous avagrahas</ab>
<ab>double avagrahas</ab>
<ab>avagrahas to short a</ab>
<ab>internal visarga variants</ab>
<ab>final au/āv</ab>
<ab>final su</ab>
<ab>final i</ab>
<ab>kcch/kś</ab>
<ab>cś/tś</ab>
<ab>cch/ch</ab>
<ab>final t + hi</ab>
<ab>final t + voiced syllable</ab>
<ab>final t + n/m</ab>
<ab>final t + c/j</ab>
<ab>i/y + vowel</ab>
<ab>bhd for bdh</ab>
<ab>remove spaces</ab>
        </normalization>
        <ab type="tagfilters">
<tag subtype="ignore">pc</tag>
<tag subtype="ignore">head</tag>
<tag subtype="ignore">label</tag>
<tag subtype="ignore">note</tag>
<tag subtype="ignore">num</tag>
<tag subtype="ignore">locus</tag>
<tag subtype="ignore">supplied</tag>
<tag subtype="ignore">surplus</tag>
        </ab>
      </editorialDecl>
    </encodingDesc>
    <xenoData>
      <stemma format="nexml" id="stemma0"><nex:nexml xmlns:nex="http://www.nexml.org/2009" version="0.9"><nex:otus id="otus1"><nex:otu id="otu0" label="A"/><nex:otu id="otu1" label="H"/><nex:otu id="otu2" label="K"/><nex:otu id="otu3" label="NE"/></nex:otus><nex:trees otus="otus1" id="trees1"><nex:tree id="guidetree" label="guidetree" xsi:type="nex:FloatTree" xmlns:xsi="http://www.w3.org/2001/XMLSchema-instance"><nex:node id="5eaba244-8fe1-4181-8a9a-967ebca858b7" root="true"/><nex:node id="4321166c-3d58-4660-81fa-48e89ba8907c"/><nex:node id="419852f6-214c-43b2-8045-49c7dba759b0" label="A" otu="otu2"/><nex:node id="66cc4ea8-1e9f-43e1-a9dc-48a9afd8db47" label="H" otu="otu3"/><nex:node id="16d8f935-080a-47bd-8b7b-51c73f951460"/><nex:node id="f8eebc8a-947c-4baa-8524-8233f4608f87" label="K" otu="otu5"/><nex:node id="19d0e1dd-bd16-4ccf-b530-5f7ddf2af6f2" label="NE" otu="otu6"/><nex:edge source="5eaba244-8fe1-4181-8a9a-967ebca858b7" target="4321166c-3d58-4660-81fa-48e89ba8907c" id="edge0" length="0.24836623110891323"/><nex:edge source="5eaba244-8fe1-4181-8a9a-967ebca858b7" target="16d8f935-080a-47bd-8b7b-51c73f951460" id="edge1" length="0.24836623110891323"/><nex:edge source="4321166c-3d58-4660-81fa-48e89ba8907c" target="419852f6-214c-43b2-8045-49c7dba759b0" id="edge2" length="0.46807696525565484"/><nex:edge source="4321166c-3d58-4660-81fa-48e89ba8907c" target="66cc4ea8-1e9f-43e1-a9dc-48a9afd8db47" id="edge3" length="0.47609982152939073"/><nex:edge source="16d8f935-080a-47bd-8b7b-51c73f951460" target="f8eebc8a-947c-4baa-8524-8233f4608f87" id="edge4" length="0"/><nex:edge source="16d8f935-080a-47bd-8b7b-51c73f951460" target="19d0e1dd-bd16-4ccf-b530-5f7ddf2af6f2" id="edge5" length="0"/></nex:tree></nex:trees></nex:nexml></stemma>
    </xenoData>
  </teiHeader>
<TEI n="A"><text><cl><w n="0" lemma="ku"> ku</w><w n="1">mbhī</w><w n="2">ki</w><w n="3" lemma="nīṃ">nīṃ </w><w n="4">śa</w><w n="5">rka</w><w n="6" lemma="rāṃ">rāṃ </w><w n="7" lemma="ca">ca </w></cl><cl><w n="8">ta</w><w n="9">thai</w><w n="10">vo</w><w n="11" lemma="tsaṃ">tsaṅ</w><w n="12">gi</w><w n="13" lemma="nīṃ">nīm </w><w n="14">a</w><w n="15" lemma="pi">pi | </w></cl><cl><w n="16"/><w n="17"/></cl><cl><w n="18"/><w n="19">ka</w><w n="20">lpa</w></cl><cl><w n="21">yi</w><w n="22" lemma="tvā">tvā </w><w n="23" lemma="tu">tu </w><w n="24">śa</w><w n="25">stre</w><w n="26" lemma="ṇa">ṇa </w></cl><cl><w n="27">li</w><w n="28">khe</w><w n="29" lemma="tpa">t pa</w><w n="30">ścā</w><w n="31" lemma="ta">d a</w><w n="32" lemma="taṃ">tan</w><w n="33">dri</w><w n="34" lemma="taḥ">taḥ || </w></cl></text></TEI><TEI n="H"><text><cl><w n="0" lemma="ku"> ku</w><w n="1">bhī</w><w n="2">kiṃ</w><w n="3">nī</w><w n="4">śa</w><w n="5" lemma="rka">rkka</w><w n="6" lemma="rāṃ">rāñ </w><w n="7" lemma="ca">ca </w></cl><cl><w n="8">ta</w><w n="9">thai</w><w n="10">vo</w><w n="11" lemma="tsaṃ">tsañ</w><w n="12">gi</w><w n="13" lemma="nīṃ">nīm </w><w n="14">a</w><w n="15" lemma="pi">pi || </w></cl><cl><w n="16">dhī</w><w n="17">ma</w></cl><cl><w n="18" lemma="nvi">n vi</w><w n="19">ka</w><w n="20" lemma="lpya">lpya </w></cl><cl><w n="21"/><w n="22"/><w n="23"/><w n="24">śa</w><w n="25">stre</w><w n="26" lemma="ṇa">ṇa </w></cl><cl><w n="27">ni</w><w n="28">khe</w><w n="29" lemma="tpaḥ">t paś </w><w n="30">cā</w><w n="31">da</w><w n="32" lemma="taṃ">tan</w><w n="33">dri</w><w n="34" lemma="taḥ">taḥ | </w></cl></text></TEI><TEI n="K"><text><cl><w n="0" lemma="ku"> ku</w><w n="1">bhī</w><w n="2">ki</w><w n="3">nīṃ</w><w n="4">śa</w><w n="5">rka</w><w n="6" lemma="rāṃ">rāñ </w><w n="7" lemma="ca">ca </w></cl><cl><w n="8">ta</w><w n="9">thai</w><w n="10">vo</w><w n="11" lemma="tsaṃ">tsañ</w><w n="12">gi</w><w n="13">nī</w><w n="14" lemma="ma">ma </w><w n="15"/></cl><cl><w n="16">dhī</w><w n="17" lemma="maṃ">maṃ </w></cl><cl><w n="18">vi</w><w n="19">ka</w><w n="20" lemma="lpya">lpya </w></cl><cl><w n="21"/><w n="22"/><w n="23"/><w n="24">śa</w><w n="25">stre</w><w n="26" lemma="ṇa">ṇa </w></cl><cl><w n="27">ni</w><w n="28">khe</w><w n="29" lemma="tpa">t pa</w><w n="30">ścā</w><w n="31" lemma="ta">d a</w><w n="32" lemma="taṃ">tan</w><w n="33">dri</w><w n="34" lemma="taḥ">taḥ | </w></cl></text></TEI><TEI n="NE"><text><cl><w n="0" lemma="ku"> ku</w><w n="1">bhī</w><w n="2">ki</w><w n="3">nīṃ</w><w n="4">śa</w><w n="5">rka</w><w n="6" lemma="rāṃ">rāñ </w><w n="7" lemma="ca">ca </w></cl><cl><w n="8">ta</w><w n="9">thai</w><w n="10">vo</w><w n="11" lemma="tsaṃ">tsañ</w><w n="12">gi</w><w n="13">nī</w><w n="14" lemma="ma">ma </w><w n="15"/></cl><cl><w n="16">dhī</w><w n="17" lemma="maṃ">maṃ </w></cl><cl><w n="18">vi</w><w n="19">ka</w><w n="20" lemma="lpya">lpya </w></cl><cl><w n="21"/><w n="22"/><w n="23"/><w n="24">śa</w><w n="25">stre</w><w n="26" lemma="ṇa">ṇa </w></cl><cl><w n="27">ni</w><w n="28">khe</w><w n="29" lemma="tpa">t pa</w><w n="30">ścā</w><w n="31" lemma="ta">d a</w><w n="32" lemma="taṃ">tan</w><w n="33">dri</w><w n="34" lemma="taḥ">taḥ | </w></cl></text></TEI></teiCorpus>