<?xml version="1.0" encoding="UTF-8"?>
<teiCorpus xmlns="http://www.tei-c.org/ns/1.0" xml:lang="sa-Latn">
  <teiHeader>
<listWit>
<witness xml:id="A" source="06-ut-vulgate-1938-1-30.xml">
<abbr>A</abbr>
<expan>Printed edition: Ācārya 1938: Uttaratantra 1-30</expan>
</witness>
<witness xml:id="K" source="kl_699_uttaratantra-1-30.xml">
<abbr>K</abbr>
<expan>MSS Kathmandu KL 699: Uttaratantra</expan>
<listWit>
<witness xml:id="Kac" n="ac">
<abbr>Kac</abbr>
<expan>MSS Kathmandu KL 699: Uttaratantra [ante correctionem]</expan>
</witness>
<witness xml:id="Kpc" n="pc">
<abbr type="siglum">Kpc</abbr>
<expan>MSS Kathmandu KL 699: Uttaratantra [post correctionem]</expan>
</witness>
</listWit>
</witness>
<witness xml:id="H" source="nak_5-333_uttaratantra-1-30.xml">
<abbr>H</abbr>
<expan>MS Kathmandu NAK 5-333, Uttaratantra</expan>
<listWit>
<witness xml:id="Hac" n="ac">
<abbr>Hac</abbr>
<expan>MS Kathmandu NAK 5-333, Uttaratantra [ante correctionem]</expan>
</witness>
<witness xml:id="Hpc" n="pc">
<abbr type="siglum">Hpc</abbr>
<expan>MS Kathmandu NAK 5-333, Uttaratantra [post correctionem]</expan>
</witness>
</listWit>
</witness>
<witness xml:id="NE" source="provisional-edition_uttaratantra-1-30.xml">
<abbr>NE</abbr>
<expan>The Nepalese Version of the Suśrutasaṃhitā, uttaratantra 1-30, based on the
                    Nepalese MSS</expan>
</witness>
</listWit>
    <encodingDesc>
      <editorialDecl>
        <segmentation>
          <ab type="tokenization">aksara</ab>
          <ab type="blockid">SS.6.17.69</ab>
          <ab type="targetedition">NE</ab>
          <ab type="scoring">
            <ab type="match">1</ab>
            <ab type="mismatch">-1</ab>
            <ab type="gapopen">-2</ab>
            <ab type="gapextend">-0.25</ab>
            <ab type="recursive">true</ab>
            <ab type="realigndepth">20</ab>
            <ab type="distancefunction">ngrams</ab>
            
          </ab>
        </segmentation>
        <normalization method="markup">
<ab>ignore punctuation</ab>
<ab>candrabindu as anusvāra</ab>
<ab>geminated aspirated consonants</ab>
<ab>geminated m after h</ab>
<ab>geminated t</ab>
<ab>geminated consonants after r</ab>
<ab>final nasal variants</ab>
<ab>internal nasal variants</ab>
<ab>final anusvāra variants</ab>
<ab>visarga aḥ before voiced consonants</ab>
<ab>visarga aḥ before vowels</ab>
<ab>visarga aḥ before unvoiced consonants and space + anusvāra</ab>
<ab>visarga āḥ variants</ab>
<ab>other visarga variants</ab>
<ab>superfluous avagrahas</ab>
<ab>double avagrahas</ab>
<ab>avagrahas to short a</ab>
<ab>internal visarga variants</ab>
<ab>final au/āv</ab>
<ab>final su</ab>
<ab>final i</ab>
<ab>kcch/kś</ab>
<ab>cś/tś</ab>
<ab>cch/ch</ab>
<ab>final t + hi</ab>
<ab>final t + voiced syllable</ab>
<ab>final t + n/m</ab>
<ab>final t + c/j</ab>
<ab>i/y + vowel</ab>
<ab>bhd for bdh</ab>
<ab>remove spaces</ab>
        </normalization>
        <ab type="tagfilters">
<tag subtype="ignore">pc</tag>
<tag subtype="ignore">head</tag>
<tag subtype="ignore">label</tag>
<tag subtype="ignore">note</tag>
<tag subtype="ignore">num</tag>
<tag subtype="ignore">locus</tag>
<tag subtype="ignore">supplied</tag>
<tag subtype="ignore">surplus</tag>
        </ab>
      </editorialDecl>
    </encodingDesc>
    <xenoData>
      <stemma format="nexml" id="stemma0"><nex:nexml xmlns:nex="http://www.nexml.org/2009" version="0.9"><nex:otus id="otus1"><nex:otu id="otu0" label="NE"/><nex:otu id="otu1" label="A"/><nex:otu id="otu2" label="H"/><nex:otu id="otu3" label="K"/></nex:otus><nex:trees otus="otus1" id="trees1"><nex:tree id="guidetree" label="guidetree" xsi:type="nex:FloatTree" xmlns:xsi="http://www.w3.org/2001/XMLSchema-instance"><nex:node id="4a267251-0d7d-4558-b991-daea994a60ee" root="true"/><nex:node id="754c325e-275a-4280-9c2c-281f15941d50"/><nex:node id="e79e4557-e810-4a8a-9760-0ca97750b5b2" label="NE" otu="otu2"/><nex:node id="70b80942-8dc4-4948-9a51-1ec0121a5792" label="A" otu="otu3"/><nex:node id="2eb50617-c12c-4dd0-a550-a50b5d9418d6"/><nex:node id="0ecad914-ce67-4fac-ba43-aa49379556a6" label="H" otu="otu5"/><nex:node id="18354b56-a7b2-412e-8638-f6fe29485faf" label="K" otu="otu6"/><nex:edge source="4a267251-0d7d-4558-b991-daea994a60ee" target="754c325e-275a-4280-9c2c-281f15941d50" id="edge0" length="0.25"/><nex:edge source="4a267251-0d7d-4558-b991-daea994a60ee" target="2eb50617-c12c-4dd0-a550-a50b5d9418d6" id="edge1" length="0.25"/><nex:edge source="754c325e-275a-4280-9c2c-281f15941d50" target="e79e4557-e810-4a8a-9760-0ca97750b5b2" id="edge2" length="0.5"/><nex:edge source="754c325e-275a-4280-9c2c-281f15941d50" target="70b80942-8dc4-4948-9a51-1ec0121a5792" id="edge3" length="0.5"/><nex:edge source="2eb50617-c12c-4dd0-a550-a50b5d9418d6" target="0ecad914-ce67-4fac-ba43-aa49379556a6" id="edge4" length="0"/><nex:edge source="2eb50617-c12c-4dd0-a550-a50b5d9418d6" target="18354b56-a7b2-412e-8638-f6fe29485faf" id="edge5" length="0"/></nex:tree></nex:trees></nex:nexml></stemma>
    </xenoData>
  </teiHeader>
<TEI n="NE"><text><cl><w n="0" lemma="trya"> trya</w><w n="1">hā</w><w n="2" lemma="ttrya">t trya</w><w n="3">hā</w><w n="4" lemma="tca">c ca </w></cl><cl><w n="5">dhā</w><w n="6">ve</w><w n="7" lemma="ta">ta </w></cl><cl><w n="8">ka</w><w n="9">ṣā</w><w n="10" lemma="yaiḥ">yair </w></cl><cl><w n="11">a</w><w n="12">ni</w><w n="13">lā</w><w n="14">pa</w><w n="15" lemma="haiḥ">haiḥ | </w></cl><cl><w n="16">vā</w><w n="17" lemma="yoḥ">yor </w></cl><cl><w n="18">bha</w><w n="19">yā</w><w n="20" lemma="ttrya">t trya</w><w n="21">hā</w><w n="22" lemma="tū">d ū</w><w n="23" lemma="rdhvaṃ">rdhvaṃ </w></cl><cl><w n="24">sve</w><w n="25">da</w><w n="26">ye</w><w n="27" lemma="ta">d a</w><w n="28" lemma="kṣi">kṣi </w></cl><cl><w n="29">bā</w><w n="30">hya</w><w n="31" lemma="taḥ">taḥ ||62|| </w></cl><cl><w n="32"/></cl></text></TEI><TEI n="A"><text><cl><w n="0" lemma="trya"> trya</w><w n="1">hā</w><w n="2" lemma="ttrya">t trya</w><w n="3">hā</w><w n="4" lemma="tca">c ca </w></cl><cl><w n="5">dhā</w><w n="6">ve</w><w n="7" lemma="ta">ta </w></cl><cl><w n="8">ka</w><w n="9">ṣā</w><w n="10" lemma="yaiḥ">yair </w></cl><cl><w n="11">a</w><w n="12">ni</w><w n="13">lā</w><w n="14">pa</w><w n="15" lemma="haiḥ">haiḥ | </w></cl><cl><w n="16">vā</w><w n="17" lemma="yoḥ">yor </w></cl><cl><w n="18">bha</w><w n="19">yā</w><w n="20" lemma="ttrya">t trya</w><w n="21">hā</w><w n="22" lemma="tū">d ū</w><w n="23" lemma="rdhvaṃ">rdhvaṃ </w></cl><cl><w n="24">sve</w><w n="25">da</w><w n="26">ye</w><w n="27" lemma="ta">d a</w><w n="28" lemma="kṣi">kṣi </w></cl><cl><w n="29">pū</w><w n="30">rva</w><w n="31">va</w></cl><cl><w n="32" lemma="t">t || </w></cl></text></TEI><TEI n="H"><text><cl><w n="0">trya</w><w n="1">hā</w><w n="2" lemma="ttrya">t trya</w><w n="3">hā</w><w n="4" lemma="tca">c ca </w></cl><cl><w n="5">dhā</w><w n="6">ve</w><w n="7" lemma="ta">ta </w></cl><cl><w n="8">ka</w><w n="9">ṣā</w><w n="10" lemma="yaiḥ">yair </w></cl><cl><w n="11">a</w><w n="12">ni</w><w n="13">lā</w><w n="14">pa</w><w n="15" lemma="haiḥ">haiḥ | </w></cl><cl><w n="16">vā</w><w n="17" lemma="yoḥ">yor </w></cl><cl><w n="18" lemma="bha">bbha</w><w n="19">yā</w><w n="20" lemma="ttrya">t trya</w><w n="21">hā</w><w n="22" lemma="tū">d ū</w><w n="23" lemma="rdhvaṃ">rddhvaṃ </w></cl><cl><w n="24">sve</w><w n="25">da</w><w n="26">ye</w><w n="27" lemma="ta">d a</w><w n="28" lemma="kṣi">kṣi </w></cl><cl><w n="29">vā</w><w n="30">hya</w><w n="31" lemma="taḥ">taḥ || </w></cl><cl><w n="32"/></cl></text></TEI><TEI n="K"><text><cl><w n="0">trya</w><w n="1">hā</w><w n="2" lemma="ttrya">t trya</w><w n="3">hā</w><w n="4" lemma="tca">c ca </w></cl><cl><w n="5">dhā</w><w n="6">ve</w><w n="7" lemma="ta">ta </w></cl><cl><w n="8">ka</w><w n="9">ṣā</w><w n="10" lemma="yaiḥ">yair </w></cl><cl><w n="11">a</w><w n="12">ni</w><w n="13">lā</w><w n="14">pa</w><w n="15" lemma="haiḥ">haiḥ | </w></cl><cl><w n="16">vā</w><w n="17" lemma="yoḥ">yor </w></cl><cl><w n="18">bha</w><w n="19">yā</w><w n="20" lemma="ttrya">t trya</w><w n="21">hā</w><w n="22" lemma="tū">d ū</w><w n="23" lemma="rdhvaṃ">rdhvaṃ </w></cl><cl><w n="24">sve</w><w n="25">da</w><w n="26">ye</w><w n="27" lemma="ta">d a</w><w n="28" lemma="kṣi">kṣi </w></cl><cl><w n="29">vā</w><w n="30">hya</w><w n="31" lemma="taḥ">taḥ || </w></cl><cl><w n="32"/></cl></text></TEI></teiCorpus>