<?xml version="1.0" encoding="UTF-8"?>
<teiCorpus xmlns="http://www.tei-c.org/ns/1.0" xml:lang="sa-Latn">
  <teiHeader>
<listWit>
<witness xml:id="A" source="06-ut-vulgate-1938-1-30.xml">
<abbr>A</abbr>
<expan>Printed edition: Ācārya 1938: Uttaratantra 1-30</expan>
</witness>
<witness xml:id="K" source="kl_699_uttaratantra-1-30.xml">
<abbr>K</abbr>
<expan>MSS Kathmandu KL 699: Uttaratantra</expan>
<listWit>
<witness xml:id="Kac" n="ac">
<abbr>Kac</abbr>
<expan>MSS Kathmandu KL 699: Uttaratantra [ante correctionem]</expan>
</witness>
<witness xml:id="Kpc" n="pc">
<abbr type="siglum">Kpc</abbr>
<expan>MSS Kathmandu KL 699: Uttaratantra [post correctionem]</expan>
</witness>
</listWit>
</witness>
<witness xml:id="H" source="nak_5-333_uttaratantra-1-30.xml">
<abbr>H</abbr>
<expan>MS Kathmandu NAK 5-333, Uttaratantra</expan>
<listWit>
<witness xml:id="Hac" n="ac">
<abbr>Hac</abbr>
<expan>MS Kathmandu NAK 5-333, Uttaratantra [ante correctionem]</expan>
</witness>
<witness xml:id="Hpc" n="pc">
<abbr type="siglum">Hpc</abbr>
<expan>MS Kathmandu NAK 5-333, Uttaratantra [post correctionem]</expan>
</witness>
</listWit>
</witness>
<witness xml:id="NE" source="provisional-edition_uttaratantra-1-30.xml">
<abbr>NE</abbr>
<expan>The Nepalese Version of the Suśrutasaṃhitā, uttaratantra 1-30, based on the
                    Nepalese MSS</expan>
</witness>
</listWit>
    <encodingDesc>
      <editorialDecl>
        <segmentation>
          <ab type="tokenization">aksara</ab>
          <ab type="blockid">SS.6.12.21</ab>
          <ab type="targetedition">NE</ab>
          <ab type="scoring">
            <ab type="match">1</ab>
            <ab type="mismatch">-1</ab>
            <ab type="gapopen">-2</ab>
            <ab type="gapextend">-0.25</ab>
            <ab type="recursive">true</ab>
            <ab type="realigndepth">20</ab>
            <ab type="distancefunction">ngrams</ab>
            
          </ab>
        </segmentation>
        <normalization method="markup">
<ab>ignore punctuation</ab>
<ab>candrabindu as anusvāra</ab>
<ab>geminated aspirated consonants</ab>
<ab>geminated m after h</ab>
<ab>geminated t</ab>
<ab>geminated consonants after r</ab>
<ab>final nasal variants</ab>
<ab>internal nasal variants</ab>
<ab>final anusvāra variants</ab>
<ab>visarga aḥ before voiced consonants</ab>
<ab>visarga aḥ before vowels</ab>
<ab>visarga aḥ before unvoiced consonants and space + anusvāra</ab>
<ab>visarga āḥ variants</ab>
<ab>other visarga variants</ab>
<ab>superfluous avagrahas</ab>
<ab>double avagrahas</ab>
<ab>avagrahas to short a</ab>
<ab>internal visarga variants</ab>
<ab>final au/āv</ab>
<ab>final su</ab>
<ab>final i</ab>
<ab>kcch/kś</ab>
<ab>cś/tś</ab>
<ab>cch/ch</ab>
<ab>final t + hi</ab>
<ab>final t + voiced syllable</ab>
<ab>final t + n/m</ab>
<ab>final t + c/j</ab>
<ab>i/y + vowel</ab>
<ab>bhd for bdh</ab>
<ab>remove spaces</ab>
        </normalization>
        <ab type="tagfilters">
<tag subtype="ignore">pc</tag>
<tag subtype="ignore">head</tag>
<tag subtype="ignore">label</tag>
<tag subtype="ignore">note</tag>
<tag subtype="ignore">num</tag>
<tag subtype="ignore">locus</tag>
<tag subtype="ignore">supplied</tag>
<tag subtype="ignore">surplus</tag>
        </ab>
      </editorialDecl>
    </encodingDesc>
    <xenoData>
      <stemma format="nexml" id="stemma0"><nex:nexml xmlns:nex="http://www.nexml.org/2009" version="0.9"><nex:otus id="otus1"><nex:otu id="otu0" label="Hac"/><nex:otu id="otu1" label="A"/><nex:otu id="otu2" label="Hpc"/><nex:otu id="otu3" label="K"/><nex:otu id="otu4" label="NE"/></nex:otus><nex:trees otus="otus1" id="trees1"><nex:tree id="guidetree" label="guidetree" xsi:type="nex:FloatTree" xmlns:xsi="http://www.w3.org/2001/XMLSchema-instance"><nex:node id="288a9ac3-5df0-40d9-8521-f8551caaa941" root="true"/><nex:node id="6d39271b-2a03-45fb-af3d-afb55ed518df"/><nex:node id="5a638eda-479d-43f7-9853-ec692bf1ec4c" label="Hac" otu="otu2"/><nex:node id="63e109e9-8c7e-4ccd-83f7-4efa714968fa"/><nex:node id="05e78ad3-5d1b-4aaa-86d7-0e9899be91d2" label="A" otu="otu4"/><nex:node id="943c7db0-5f82-41b2-9556-26217823c366" label="Hpc" otu="otu5"/><nex:node id="b6ad6808-31a4-497d-91c6-0a51d8107fe5"/><nex:node id="9d725519-e1e5-494c-922e-5cd3b7ee0bc6" label="K" otu="otu7"/><nex:node id="e8c7eae2-34bc-4195-b1ee-1b7bcf8f0b77" label="NE" otu="otu8"/><nex:edge source="288a9ac3-5df0-40d9-8521-f8551caaa941" target="6d39271b-2a03-45fb-af3d-afb55ed518df" id="edge0" length="0.29832776864838817"/><nex:edge source="288a9ac3-5df0-40d9-8521-f8551caaa941" target="b6ad6808-31a4-497d-91c6-0a51d8107fe5" id="edge1" length="0.29832776864838817"/><nex:edge source="6d39271b-2a03-45fb-af3d-afb55ed518df" target="5a638eda-479d-43f7-9853-ec692bf1ec4c" id="edge2" length="0.6527172167156948"/><nex:edge source="6d39271b-2a03-45fb-af3d-afb55ed518df" target="63e109e9-8c7e-4ccd-83f7-4efa714968fa" id="edge3" length="0"/><nex:edge source="b6ad6808-31a4-497d-91c6-0a51d8107fe5" target="9d725519-e1e5-494c-922e-5cd3b7ee0bc6" id="edge4" length="0"/><nex:edge source="b6ad6808-31a4-497d-91c6-0a51d8107fe5" target="e8c7eae2-34bc-4195-b1ee-1b7bcf8f0b77" id="edge5" length="0"/><nex:edge source="63e109e9-8c7e-4ccd-83f7-4efa714968fa" target="05e78ad3-5d1b-4aaa-86d7-0e9899be91d2" id="edge6" length="0.16781650514460156"/><nex:edge source="63e109e9-8c7e-4ccd-83f7-4efa714968fa" target="943c7db0-5f82-41b2-9556-26217823c366" id="edge7" length="0.119519909039152"/></nex:tree></nex:trees></nex:nexml></stemma>
    </xenoData>
  </teiHeader>
<TEI n="Hac"><text><cl><w n="0" lemma="vī"> vī</w><w n="1">ja</w><w n="2">pū</w><w n="3">ra</w><w n="4">ka</w><w n="5">ko</w><w n="6"/><w n="7">mla</w><w n="8">dā</w><w n="9">ḍi</w><w n="10">mā</w><w n="11" lemma="mlaiḥ">mlaiś </w><w n="12" lemma="ca">ca </w></cl><cl><w n="13">yu</w><w n="14">kti</w><w n="15" lemma="ta">taḥ || </w></cl><cl><w n="16">e</w><w n="17">ka</w><w n="18" lemma="śaḥ">śo </w><w n="19" lemma="vā">vā </w></cl><cl><w n="20">dvi</w><w n="21" lemma="śaḥ">śo </w></cl><cl><w n="22">vā</w><w n="23" lemma="pi">pi </w></cl><cl><w n="24">yo</w><w n="25">ji</w><w n="26" lemma="taṃ">tam </w><w n="27" lemma="vā">vā </w></cl><cl><w n="28">tri</w><w n="29" lemma="bhiḥ">bhis </w></cl><cl><w n="30">tri</w><w n="31" lemma="bhiḥ">bhiḥ | </w></cl></text></TEI><TEI n="A"><text><cl><w n="0" lemma="bī"> bī</w><w n="1">ja</w><w n="2">pū</w><w n="3">ra</w><w n="4">ka</w><w n="5">ko</w><w n="6">lā</w><w n="7">mla</w><w n="8">dā</w><w n="9">ḍi</w><w n="10">mā</w><w n="11" lemma="mlaiḥ">mlaiś </w><w n="12" lemma="ca">ca </w></cl><cl><w n="13">yu</w><w n="14">kti</w><w n="15" lemma="ta">taḥ | </w></cl><cl><w n="16">e</w><w n="17">ka</w><w n="18" lemma="śaḥ">śo </w><w n="19" lemma="vā">vā </w></cl><cl><w n="20">dvi</w><w n="21" lemma="śaḥ">śo </w></cl><cl><w n="22">vā</w><w n="23" lemma="pi">pi </w></cl><cl><w n="24">yo</w><w n="25">ji</w><w n="26" lemma="taṃ">taṃ </w><w n="27" lemma="vā">vā </w></cl><cl><w n="28">tri</w><w n="29" lemma="bhiḥ">bhis </w></cl><cl><w n="30">tri</w><w n="31" lemma="bhiḥ">bhiḥ || </w></cl></text></TEI><TEI n="Hpc"><text><cl><w n="0" lemma="vī"> vī</w><w n="1">ja</w><w n="2">pū</w><w n="3">ra</w><w n="4">ka</w><w n="5">ko</w><w n="6">lā</w><w n="7">mla</w><w n="8">dā</w><w n="9">ḍi</w><w n="10">mā</w><w n="11" lemma="mlaiḥ">mlaiś </w><w n="12" lemma="ca">ca </w></cl><cl><w n="13">yu</w><w n="14">kti</w><w n="15" lemma="ta">taḥ || </w></cl><cl><w n="16">e</w><w n="17">ka</w><w n="18" lemma="śaḥ">śo </w><w n="19" lemma="vā">vā </w></cl><cl><w n="20">dvi</w><w n="21" lemma="śaḥ">śo </w></cl><cl><w n="22">vā</w><w n="23" lemma="pi">pi </w></cl><cl><w n="24">yo</w><w n="25">ji</w><w n="26" lemma="taṃ">tam </w><w n="27" lemma="vā">vā </w></cl><cl><w n="28">tri</w><w n="29" lemma="bhiḥ">bhis </w></cl><cl><w n="30">tri</w><w n="31" lemma="bhiḥ">bhiḥ | </w></cl></text></TEI><TEI n="K"><text><cl><w n="0" lemma="vī"> vī</w><w n="1">ja</w><w n="2">pū</w><w n="3">ra</w><w n="4">ka</w><w n="5" lemma="kaḥ">ko </w><w n="6">lā</w><w n="7">mla</w><w n="8">dā</w><w n="9">bhi</w><w n="10">mā</w><w n="11" lemma="mlaiḥ">mlaiś </w><w n="12" lemma="ca">ca </w></cl><cl><w n="13">yu</w><w n="14">kti</w><w n="15" lemma="ta">taḥ | </w></cl><cl><w n="16">e</w><w n="17">ka</w><w n="18" lemma="śaḥ">śo </w><w n="19" lemma="vā">vā </w></cl><cl><w n="20">dvi</w><w n="21" lemma="śaḥ">śo </w></cl><cl><w n="22">vā</w><w n="23" lemma="pi">pi </w></cl><cl><w n="24">yo</w><w n="25">ji</w><w n="26" lemma="taṃ">tam </w><w n="27" lemma="vā">vā </w></cl><cl><w n="28">tri</w><w n="29" lemma="bhiḥ">bhis </w></cl><cl><w n="30">tri</w><w n="31" lemma="bhiḥ">bhiḥ | </w></cl></text></TEI><TEI n="NE"><text><cl><w n="0" lemma="vī"> vī</w><w n="1">ja</w><w n="2">pū</w><w n="3">ra</w><w n="4">ka</w><w n="5" lemma="kaḥ">ko </w><w n="6">lā</w><w n="7">mla</w><w n="8">dā</w><w n="9">bhi</w><w n="10">mā</w><w n="11" lemma="mlaiḥ">mlaiś </w><w n="12" lemma="ca">ca </w></cl><cl><w n="13">yu</w><w n="14">kti</w><w n="15" lemma="ta">taḥ | </w></cl><cl><w n="16">e</w><w n="17">ka</w><w n="18" lemma="śaḥ">śo </w><w n="19" lemma="vā">vā </w></cl><cl><w n="20">dvi</w><w n="21" lemma="śaḥ">śo </w></cl><cl><w n="22">vā</w><w n="23" lemma="pi">pi </w></cl><cl><w n="24">yo</w><w n="25">ji</w><w n="26" lemma="taṃ">tam </w><w n="27" lemma="vā">vā </w></cl><cl><w n="28">tri</w><w n="29" lemma="bhiḥ">bhis </w></cl><cl><w n="30">tri</w><w n="31" lemma="bhiḥ">bhiḥ | </w></cl></text></TEI></teiCorpus>