<?xml version="1.0" encoding="UTF-8"?>
<teiCorpus xmlns="http://www.tei-c.org/ns/1.0" xml:lang="sa-Latn">
  <teiHeader>
<listWit>
<witness xml:id="A" source="06-ut-vulgate-1938-1-30.xml">
<abbr>A</abbr>
<expan>Printed edition: Ācārya 1938: Uttaratantra 1-30</expan>
</witness>
<witness xml:id="K" source="kl_699_uttaratantra-1-30.xml">
<abbr>K</abbr>
<expan>MSS Kathmandu KL 699: Uttaratantra</expan>
<listWit>
<witness xml:id="Kac" n="ac">
<abbr>Kac</abbr>
<expan>MSS Kathmandu KL 699: Uttaratantra [ante correctionem]</expan>
</witness>
<witness xml:id="Kpc" n="pc">
<abbr type="siglum">Kpc</abbr>
<expan>MSS Kathmandu KL 699: Uttaratantra [post correctionem]</expan>
</witness>
</listWit>
</witness>
<witness xml:id="H" source="nak_5-333_uttaratantra-1-30.xml">
<abbr>H</abbr>
<expan>MS Kathmandu NAK 5-333, Uttaratantra</expan>
<listWit>
<witness xml:id="Hac" n="ac">
<abbr>Hac</abbr>
<expan>MS Kathmandu NAK 5-333, Uttaratantra [ante correctionem]</expan>
</witness>
<witness xml:id="Hpc" n="pc">
<abbr type="siglum">Hpc</abbr>
<expan>MS Kathmandu NAK 5-333, Uttaratantra [post correctionem]</expan>
</witness>
</listWit>
</witness>
<witness xml:id="NE" source="provisional-edition_uttaratantra-1-30.xml">
<abbr>NE</abbr>
<expan>The Nepalese Version of the Suśrutasaṃhitā, uttaratantra 1-30, based on the
                    Nepalese MSS</expan>
</witness>
</listWit>
    <encodingDesc>
      <editorialDecl>
        <segmentation>
          <ab type="tokenization">aksara</ab>
          <ab type="blockid">SS.6.17.28cd</ab>
          <ab type="targetedition">NE</ab>
          <ab type="scoring">
            <ab type="match">1</ab>
            <ab type="mismatch">-1</ab>
            <ab type="gapopen">-2</ab>
            <ab type="gapextend">-0.25</ab>
            <ab type="recursive">true</ab>
            <ab type="realigndepth">20</ab>
            <ab type="distancefunction">ngrams</ab>
            
          </ab>
        </segmentation>
        <normalization method="markup">
<ab>ignore punctuation</ab>
<ab>candrabindu as anusvāra</ab>
<ab>geminated aspirated consonants</ab>
<ab>geminated m after h</ab>
<ab>geminated t</ab>
<ab>geminated consonants after r</ab>
<ab>final nasal variants</ab>
<ab>internal nasal variants</ab>
<ab>final anusvāra variants</ab>
<ab>visarga aḥ before voiced consonants</ab>
<ab>visarga aḥ before vowels</ab>
<ab>visarga aḥ before unvoiced consonants and space + anusvāra</ab>
<ab>visarga āḥ variants</ab>
<ab>other visarga variants</ab>
<ab>superfluous avagrahas</ab>
<ab>double avagrahas</ab>
<ab>avagrahas to short a</ab>
<ab>internal visarga variants</ab>
<ab>final au/āv</ab>
<ab>final su</ab>
<ab>final i</ab>
<ab>kcch/kś</ab>
<ab>cś/tś</ab>
<ab>cch/ch</ab>
<ab>final t + hi</ab>
<ab>final t + voiced syllable</ab>
<ab>final t + n/m</ab>
<ab>final t + c/j</ab>
<ab>i/y + vowel</ab>
<ab>bhd for bdh</ab>
<ab>remove spaces</ab>
        </normalization>
        <ab type="tagfilters">
<tag subtype="ignore">pc</tag>
<tag subtype="ignore">head</tag>
<tag subtype="ignore">label</tag>
<tag subtype="ignore">note</tag>
<tag subtype="ignore">num</tag>
<tag subtype="ignore">locus</tag>
<tag subtype="ignore">supplied</tag>
<tag subtype="ignore">surplus</tag>
        </ab>
      </editorialDecl>
    </encodingDesc>
    <xenoData>
      <stemma format="nexml" id="stemma0"><nex:nexml xmlns:nex="http://www.nexml.org/2009" version="0.9"><nex:otus id="otus1"><nex:otu id="otu0" label="A"/><nex:otu id="otu1" label="NE"/></nex:otus><nex:trees otus="otus1" id="trees1"><nex:tree id="guidetree" label="guidetree" xsi:type="nex:FloatTree" xmlns:xsi="http://www.w3.org/2001/XMLSchema-instance"><nex:node id="91786bb4-8ca1-4cd4-b486-842b853f05a2" root="true"/><nex:node id="766c7042-3910-43f8-ba8e-1ce5210d2a85" label="A" otu="otu1"/><nex:node id="6c555bb5-3f00-4411-be91-baf509187666" label="NE" otu="otu2"/><nex:edge source="91786bb4-8ca1-4cd4-b486-842b853f05a2" target="766c7042-3910-43f8-ba8e-1ce5210d2a85" id="edge0" length="0.5"/><nex:edge source="91786bb4-8ca1-4cd4-b486-842b853f05a2" target="6c555bb5-3f00-4411-be91-baf509187666" id="edge1" length="0.5"/></nex:tree></nex:trees></nex:nexml></stemma>
    </xenoData>
  </teiHeader>
<TEI n="A"><text><cl><w n="0" lemma="vi"> vi</w><w n="1">re</w><w n="2">ca</w><w n="3">ye</w><w n="4" lemma="tcā">c cā</w><w n="5" lemma="pi">pi </w></cl><cl><w n="6">pu</w><w n="7">rā</w><w n="8">ṇa</w><w n="9">sa</w><w n="10">rpi</w><w n="11" lemma="ṣā">ṣā </w></cl><cl><w n="12">vi</w><w n="13">re</w><w n="14">ca</w><w n="15" lemma="nāṃ">nāṅ</w><w n="16">go</w><w n="17">pa</w><w n="18">hi</w><w n="19">te</w><w n="20" lemma="na">na </w></cl><cl><w n="21">sa</w><w n="22">rva</w><w n="23" lemma="dā">dā || </w></cl></text></TEI><TEI n="NE"><text><cl><w n="0" lemma="vi"> vi</w><w n="1">re</w><w n="2">ca</w><w n="3">ye</w><w n="4" lemma="tcā">c cā</w><w n="5" lemma="pi">pi </w></cl><cl><w n="6">pu</w><w n="7">rā</w><w n="8">ṇa</w><w n="9">sa</w><w n="10">rpi</w><w n="11" lemma="ṣā">ṣā </w></cl><cl><w n="12">vi</w><w n="13">re</w><w n="14">ca</w><w n="15" lemma="nāṃ">nāṅ</w><w n="16">go</w><w n="17">pa</w><w n="18">hi</w><w n="19">te</w><w n="20" lemma="na">na </w></cl><cl><w n="21">bhū</w><w n="22">ta</w><w n="23" lemma="ye">ye ||</w></cl></text></TEI></teiCorpus>