<?xml version="1.0" encoding="UTF-8"?>
<teiCorpus xmlns="http://www.tei-c.org/ns/1.0" xml:lang="sa-Latn">
  <teiHeader>
<listWit>
<witness xml:id="A" source="06-ut-vulgate-1938-1-30.xml">
<abbr>A</abbr>
<expan>Printed edition: Ācārya 1938: Uttaratantra 1-30</expan>
</witness>
<witness xml:id="K" source="kl_699_uttaratantra-1-30.xml">
<abbr>K</abbr>
<expan>MSS Kathmandu KL 699: Uttaratantra</expan>
<listWit>
<witness xml:id="Kac" n="ac">
<abbr>Kac</abbr>
<expan>MSS Kathmandu KL 699: Uttaratantra [ante correctionem]</expan>
</witness>
<witness xml:id="Kpc" n="pc">
<abbr type="siglum">Kpc</abbr>
<expan>MSS Kathmandu KL 699: Uttaratantra [post correctionem]</expan>
</witness>
</listWit>
</witness>
<witness xml:id="H" source="nak_5-333_uttaratantra-1-30.xml">
<abbr>H</abbr>
<expan>MS Kathmandu NAK 5-333, Uttaratantra</expan>
<listWit>
<witness xml:id="Hac" n="ac">
<abbr>Hac</abbr>
<expan>MS Kathmandu NAK 5-333, Uttaratantra [ante correctionem]</expan>
</witness>
<witness xml:id="Hpc" n="pc">
<abbr type="siglum">Hpc</abbr>
<expan>MS Kathmandu NAK 5-333, Uttaratantra [post correctionem]</expan>
</witness>
</listWit>
</witness>
<witness xml:id="NE" source="provisional-edition_uttaratantra-1-30.xml">
<abbr>NE</abbr>
<expan>The Nepalese Version of the Suśrutasaṃhitā, uttaratantra 1-30, based on the
                    Nepalese MSS</expan>
</witness>
</listWit>
    <encodingDesc>
      <editorialDecl>
        <segmentation>
          <ab type="tokenization">aksara</ab>
          <ab type="blockid">SS.6.18.98</ab>
          <ab type="targetedition">NE</ab>
          <ab type="scoring">
            <ab type="match">1</ab>
            <ab type="mismatch">-1</ab>
            <ab type="gapopen">-2</ab>
            <ab type="gapextend">-0.25</ab>
            <ab type="recursive">true</ab>
            <ab type="realigndepth">20</ab>
            <ab type="distancefunction">ngrams</ab>
            
          </ab>
        </segmentation>
        <normalization method="markup">
<ab>ignore punctuation</ab>
<ab>candrabindu as anusvāra</ab>
<ab>geminated aspirated consonants</ab>
<ab>geminated m after h</ab>
<ab>geminated t</ab>
<ab>geminated consonants after r</ab>
<ab>final nasal variants</ab>
<ab>internal nasal variants</ab>
<ab>final anusvāra variants</ab>
<ab>visarga aḥ before voiced consonants</ab>
<ab>visarga aḥ before vowels</ab>
<ab>visarga aḥ before unvoiced consonants and space + anusvāra</ab>
<ab>visarga āḥ variants</ab>
<ab>other visarga variants</ab>
<ab>superfluous avagrahas</ab>
<ab>double avagrahas</ab>
<ab>avagrahas to short a</ab>
<ab>internal visarga variants</ab>
<ab>final au/āv</ab>
<ab>final su</ab>
<ab>final i</ab>
<ab>kcch/kś</ab>
<ab>cś/tś</ab>
<ab>cch/ch</ab>
<ab>final t + hi</ab>
<ab>final t + voiced syllable</ab>
<ab>final t + n/m</ab>
<ab>final t + c/j</ab>
<ab>i/y + vowel</ab>
<ab>bhd for bdh</ab>
<ab>remove spaces</ab>
        </normalization>
        <ab type="tagfilters">
<tag subtype="ignore">pc</tag>
<tag subtype="ignore">head</tag>
<tag subtype="ignore">label</tag>
<tag subtype="ignore">note</tag>
<tag subtype="ignore">num</tag>
<tag subtype="ignore">locus</tag>
<tag subtype="ignore">supplied</tag>
<tag subtype="ignore">surplus</tag>
        </ab>
      </editorialDecl>
    </encodingDesc>
    <xenoData>
      <stemma format="nexml" id="stemma0"><nex:nexml xmlns:nex="http://www.nexml.org/2009" version="0.9"><nex:otus id="otus1"><nex:otu id="otu0" label="A"/><nex:otu id="otu1" label="H"/><nex:otu id="otu2" label="K"/><nex:otu id="otu3" label="NE"/></nex:otus><nex:trees otus="otus1" id="trees1"><nex:tree id="guidetree" label="guidetree" xsi:type="nex:FloatTree" xmlns:xsi="http://www.w3.org/2001/XMLSchema-instance"><nex:node id="60362f7b-7755-45ed-ba0b-b9f57900babf" root="true"/><nex:node id="32c33dc8-1527-4a78-a5c1-e0ee4fde229c"/><nex:node id="1699ef36-b805-48a3-ad62-38395eeda8b0" label="A" otu="otu2"/><nex:node id="10af10da-6a0e-4661-8e9f-90ccb85209e7" label="H" otu="otu3"/><nex:node id="18988e24-a104-41dc-9178-3357206a3ad4"/><nex:node id="c090dcf4-7ae5-4250-9e1f-4c8b0e8f0e1a" label="K" otu="otu5"/><nex:node id="9d1045d5-e711-4133-95d2-e1f7180ec05a" label="NE" otu="otu6"/><nex:edge source="60362f7b-7755-45ed-ba0b-b9f57900babf" target="32c33dc8-1527-4a78-a5c1-e0ee4fde229c" id="edge0" length="0"/><nex:edge source="60362f7b-7755-45ed-ba0b-b9f57900babf" target="18988e24-a104-41dc-9178-3357206a3ad4" id="edge1" length="0"/><nex:edge source="32c33dc8-1527-4a78-a5c1-e0ee4fde229c" target="1699ef36-b805-48a3-ad62-38395eeda8b0" id="edge2" length="1"/><nex:edge source="32c33dc8-1527-4a78-a5c1-e0ee4fde229c" target="10af10da-6a0e-4661-8e9f-90ccb85209e7" id="edge3" length="0"/><nex:edge source="18988e24-a104-41dc-9178-3357206a3ad4" target="c090dcf4-7ae5-4250-9e1f-4c8b0e8f0e1a" id="edge4" length="0"/><nex:edge source="18988e24-a104-41dc-9178-3357206a3ad4" target="9d1045d5-e711-4133-95d2-e1f7180ec05a" id="edge5" length="0"/></nex:tree></nex:trees></nex:nexml></stemma>
    </xenoData>
  </teiHeader>
<TEI n="A"><text><cl><w n="0" lemma="va"> va</w><w n="1" lemma="kraṃ">kraṃ </w></cl><w n="2">sa</w><cl><w n="3">ma</w><w n="4">ri</w><w n="5" lemma="caṃ">caṃ </w></cl><cl><w n="6">cai</w><w n="7" lemma="va">va </w></cl><cl><w n="8">māṃ</w><w n="9" lemma="sīṃ">sīṃ </w></cl><cl><w n="10">śai</w><w n="11">le</w><w n="12" lemma="yaṃ">yam </w></cl><cl><w n="13">e</w><w n="14" lemma="va">va </w><w n="15" lemma="ca">ca | </w></cl><cl><w n="16">tu</w><w n="17">lyāṃ</w><w n="18">śā</w><w n="19" lemma="ni">ni </w></cl><cl><w n="20">sa</w><w n="21">mā</w><w n="22" lemma="naiḥ">nais </w><w n="23" lemma="taiḥ">taiḥ </w></cl><cl><w n="24">sa</w><w n="25">ma</w></cl><cl><w n="26" lemma="graiḥ">graiś </w><w n="27" lemma="ca">ca </w></cl><cl><w n="28">ma</w><w n="29">naḥ</w><w n="30">śi</w><w n="31" lemma="lā">lā || </w></cl></text></TEI><TEI n="H"><text><cl><w n="0" lemma="va"> va</w><w n="1" lemma="kraṃ">krañ </w></cl><w n="2" lemma="ca">ca </w><cl><w n="3">ma</w><w n="4">ri</w><w n="5" lemma="caṃ">cañ </w></cl><cl><w n="6">cai</w><w n="7" lemma="va">va </w></cl><cl><w n="8">māṃ</w><w n="9" lemma="sī">sī </w></cl><cl><w n="10">śai</w><w n="11">le</w><w n="12" lemma="yaṃ">yam </w></cl><cl><w n="13">e</w><w n="14" lemma="va">va </w><w n="15" lemma="ca">ca || </w></cl><cl><w n="16">tu</w><w n="17">lyāṃ</w><w n="18">śā</w><w n="19" lemma="ni">ni </w></cl><cl><w n="20">sa</w><w n="21">ma</w><w n="22" lemma="graiḥ">grais </w><w n="23" lemma="taiḥ">taiḥ </w></cl><cl><w n="24">sa</w><w n="25" lemma="mā">mā </w></cl><cl><w n="26">cā</w><w n="27" lemma="tra">tra </w></cl><cl><w n="28">ma</w><w n="29">naḥ</w><w n="30">śi</w><w n="31" lemma="lā">lā | </w></cl></text></TEI><TEI n="K"><text><cl><w n="0" lemma="va"> va</w><w n="1" lemma="kraṃ">krañ </w></cl><w n="2" lemma="ca">ca </w><cl><w n="3">ma</w><w n="4">ri</w><w n="5" lemma="caṃ">cañ </w></cl><cl><w n="6">cai</w><w n="7" lemma="va">va </w></cl><cl><w n="8">māṃ</w><w n="9" lemma="sī">sī </w></cl><cl><w n="10">śai</w><w n="11">le</w><w n="12" lemma="yaṃ">yam </w></cl><cl><w n="13">e</w><w n="14" lemma="va">va </w><w n="15" lemma="ca">ca | </w></cl><cl><w n="16">tu</w><w n="17">lyāṃ</w><w n="18">śā</w><w n="19" lemma="ni">ni </w></cl><cl><w n="20">sa</w><w n="21">ma</w><w n="22" lemma="graiḥ">grais </w><w n="23" lemma="taiḥ">taiḥ </w></cl><cl><w n="24">sa</w><w n="25" lemma="mā">mā </w></cl><cl><w n="26">cā</w><w n="27" lemma="tra">tra </w></cl><cl><w n="28">ma</w><w n="29">naḥ</w><w n="30">śi</w><w n="31" lemma="lā">lā | </w></cl></text></TEI><TEI n="NE"><text><cl><w n="0" lemma="va"> va</w><w n="1" lemma="kraṃ">krañ </w></cl><w n="2" lemma="ca">ca </w><cl><w n="3">ma</w><w n="4">ri</w><w n="5" lemma="caṃ">cañ </w></cl><cl><w n="6">cai</w><w n="7" lemma="va">va </w></cl><cl><w n="8">māṃ</w><w n="9" lemma="sī">sī </w></cl><cl><w n="10">śai</w><w n="11">le</w><w n="12" lemma="yaṃ">yam </w></cl><cl><w n="13">e</w><w n="14" lemma="va">va </w><w n="15" lemma="ca">ca | </w></cl><cl><w n="16">tu</w><w n="17">lyāṃ</w><w n="18">śā</w><w n="19" lemma="ni">ni </w></cl><cl><w n="20">sa</w><w n="21">ma</w><w n="22" lemma="graiḥ">grais </w><w n="23" lemma="taiḥ">taiḥ </w></cl><cl><w n="24">sa</w><w n="25" lemma="mā">mā </w></cl><cl><w n="26">cā</w><w n="27" lemma="tra">tra </w></cl><cl><w n="28">ma</w><w n="29">naḥ</w><w n="30">śi</w><w n="31" lemma="lā">lā | </w></cl></text></TEI></teiCorpus>