<?xml version="1.0" encoding="UTF-8"?>
<teiCorpus xmlns="http://www.tei-c.org/ns/1.0" xml:lang="sa-Latn">
  <teiHeader>
<listWit>
<witness xml:id="A" source="06-ut-vulgate-1938-1-30.xml">
<abbr>A</abbr>
<expan>Printed edition: Ācārya 1938: Uttaratantra 1-30</expan>
</witness>
<witness xml:id="K" source="kl_699_uttaratantra-1-30.xml">
<abbr>K</abbr>
<expan>MSS Kathmandu KL 699: Uttaratantra</expan>
<listWit>
<witness xml:id="Kac" n="ac">
<abbr>Kac</abbr>
<expan>MSS Kathmandu KL 699: Uttaratantra [ante correctionem]</expan>
</witness>
<witness xml:id="Kpc" n="pc">
<abbr type="siglum">Kpc</abbr>
<expan>MSS Kathmandu KL 699: Uttaratantra [post correctionem]</expan>
</witness>
</listWit>
</witness>
<witness xml:id="H" source="nak_5-333_uttaratantra-1-30.xml">
<abbr>H</abbr>
<expan>MS Kathmandu NAK 5-333, Uttaratantra</expan>
<listWit>
<witness xml:id="Hac" n="ac">
<abbr>Hac</abbr>
<expan>MS Kathmandu NAK 5-333, Uttaratantra [ante correctionem]</expan>
</witness>
<witness xml:id="Hpc" n="pc">
<abbr type="siglum">Hpc</abbr>
<expan>MS Kathmandu NAK 5-333, Uttaratantra [post correctionem]</expan>
</witness>
</listWit>
</witness>
<witness xml:id="NE" source="provisional-edition_uttaratantra-1-30.xml">
<abbr>NE</abbr>
<expan>The Nepalese Version of the Suśrutasaṃhitā, uttaratantra 1-30, based on the
                    Nepalese MSS</expan>
</witness>
</listWit>
    <encodingDesc>
      <editorialDecl>
        <segmentation>
          <ab type="tokenization">aksara</ab>
          <ab type="blockid">SS.6.12.49</ab>
          <ab type="targetedition">NE</ab>
          <ab type="scoring">
            <ab type="match">1</ab>
            <ab type="mismatch">-1</ab>
            <ab type="gapopen">-2</ab>
            <ab type="gapextend">-0.25</ab>
            <ab type="recursive">true</ab>
            <ab type="realigndepth">20</ab>
            <ab type="distancefunction">ngrams</ab>
            
          </ab>
        </segmentation>
        <normalization method="markup">
<ab>ignore punctuation</ab>
<ab>candrabindu as anusvāra</ab>
<ab>geminated aspirated consonants</ab>
<ab>geminated m after h</ab>
<ab>geminated t</ab>
<ab>geminated consonants after r</ab>
<ab>final nasal variants</ab>
<ab>internal nasal variants</ab>
<ab>final anusvāra variants</ab>
<ab>visarga aḥ before voiced consonants</ab>
<ab>visarga aḥ before vowels</ab>
<ab>visarga aḥ before unvoiced consonants and space + anusvāra</ab>
<ab>visarga āḥ variants</ab>
<ab>other visarga variants</ab>
<ab>superfluous avagrahas</ab>
<ab>double avagrahas</ab>
<ab>avagrahas to short a</ab>
<ab>internal visarga variants</ab>
<ab>final au/āv</ab>
<ab>final su</ab>
<ab>final i</ab>
<ab>kcch/kś</ab>
<ab>cś/tś</ab>
<ab>cch/ch</ab>
<ab>final t + hi</ab>
<ab>final t + voiced syllable</ab>
<ab>final t + n/m</ab>
<ab>final t + c/j</ab>
<ab>i/y + vowel</ab>
<ab>bhd for bdh</ab>
<ab>remove spaces</ab>
        </normalization>
        <ab type="tagfilters">
<tag subtype="ignore">pc</tag>
<tag subtype="ignore">head</tag>
<tag subtype="ignore">label</tag>
<tag subtype="ignore">note</tag>
<tag subtype="ignore">num</tag>
<tag subtype="ignore">locus</tag>
<tag subtype="ignore">supplied</tag>
<tag subtype="ignore">surplus</tag>
        </ab>
      </editorialDecl>
    </encodingDesc>
    <xenoData>
      <stemma format="nexml" id="stemma0"><nex:nexml xmlns:nex="http://www.nexml.org/2009" version="0.9"><nex:otus id="otus1"><nex:otu id="otu0" label="A"/><nex:otu id="otu1" label="H"/><nex:otu id="otu2" label="K"/><nex:otu id="otu3" label="NE"/></nex:otus><nex:trees otus="otus1" id="trees1"><nex:tree id="guidetree" label="guidetree" xsi:type="nex:FloatTree" xmlns:xsi="http://www.w3.org/2001/XMLSchema-instance"><nex:node id="a1e3af65-3705-4a82-918e-ccc71831b0f7" root="true"/><nex:node id="87ab20d9-edde-4457-a95b-3f9e90c5fde0"/><nex:node id="aab41fc4-bcfa-4431-96d8-76050de7f51b" label="A" otu="otu2"/><nex:node id="4a54381f-0c49-4ce9-b11b-88c4e3184075" label="H" otu="otu3"/><nex:node id="e1eff21e-8af4-43c3-b5a0-56ec37a67e29"/><nex:node id="c33da3f5-922c-4edb-9a76-74fdaa09e594" label="K" otu="otu5"/><nex:node id="055a0505-872a-4cd9-8217-8fa1e0688333" label="NE" otu="otu6"/><nex:edge source="a1e3af65-3705-4a82-918e-ccc71831b0f7" target="87ab20d9-edde-4457-a95b-3f9e90c5fde0" id="edge0" length="0.21756947719867845"/><nex:edge source="a1e3af65-3705-4a82-918e-ccc71831b0f7" target="e1eff21e-8af4-43c3-b5a0-56ec37a67e29" id="edge1" length="0.21756947719867845"/><nex:edge source="87ab20d9-edde-4457-a95b-3f9e90c5fde0" target="aab41fc4-bcfa-4431-96d8-76050de7f51b" id="edge2" length="0.5248966671129591"/><nex:edge source="87ab20d9-edde-4457-a95b-3f9e90c5fde0" target="4a54381f-0c49-4ce9-b11b-88c4e3184075" id="edge3" length="0.4101571099649052"/><nex:edge source="e1eff21e-8af4-43c3-b5a0-56ec37a67e29" target="c33da3f5-922c-4edb-9a76-74fdaa09e594" id="edge4" length="0"/><nex:edge source="e1eff21e-8af4-43c3-b5a0-56ec37a67e29" target="055a0505-872a-4cd9-8217-8fa1e0688333" id="edge5" length="0"/></nex:tree></nex:trees></nex:nexml></stemma>
    </xenoData>
  </teiHeader>
<TEI n="A"><text><cl><w n="0" lemma="pa"> pa</w><w n="1" lemma="traṃ">traṃ </w></cl><cl><w n="2">pha</w><w n="3" lemma="laṃ">laṃ </w></cl><cl><w n="4">cā</w><w n="5">ma</w><w n="6">la</w><w n="7">ka</w><w n="8"/><w n="9" lemma="sya">sya </w></cl><cl><w n="10">pa</w><w n="11" lemma="ktvā">ktvā </w></cl><cl><w n="12">kri</w><w n="13" lemma="yāṃ">yāṃ </w></cl><cl><w n="14">vi</w><w n="15">da</w><w n="16">dhyā</w><w n="17">da</w><w n="18">tha</w><w n="19" lemma="vāṃ">vāñ</w><w n="20">ja</w><w n="21">nā</w><w n="22" lemma="rthe">rthe | </w></cl><cl><w n="23">vaṃ</w><w n="24">śa</w><w n="25" lemma="sya">sya </w><w n="26"/></cl><cl><w n="27">bhū</w><w n="28">le</w><w n="29" lemma="na">na </w></cl><cl><w n="30">ra</w><w n="31">sa</w><w n="32">kri</w><w n="33" lemma="yāṃ">yāṃ </w><w n="34" lemma="vā">vā </w></cl><cl><w n="35">va</w><w n="36">rtī</w><w n="37">kṛ</w><w n="38" lemma="tāṃ">tāṃ </w></cl><cl><w n="39">tā</w><w n="40">mra</w><w n="41">ka</w><w n="42">pā</w><w n="43">la</w><w n="44">pa</w><w n="45" lemma="kvāṃ">kvām || </w></cl></text></TEI><TEI n="H"><text><cl><w n="0" lemma="pa"> pa</w><w n="1">tra</w></cl><cl><w n="2">mū</w><w n="3" lemma="laṃ">lañ </w></cl><cl><w n="4">cā</w><w n="5">ma</w><w n="6">la</w><w n="7">ka</w><w n="8">su</w><w n="9" lemma="a">a </w></cl><cl><w n="10">pa</w><w n="11" lemma="kvā">kvā </w></cl><cl><w n="12">kri</w><w n="13" lemma="yāṃ">yām </w></cl><cl><w n="14">vi</w><w n="15">da</w><w n="16">dhyā</w><w n="17">da</w><w n="18">tha</w><w n="19" lemma="vāṃ">vāñ</w><w n="20">ja</w><w n="21">nā</w><w n="22" lemma="rthaṃ">rthaṃ | </w></cl><cl><w n="23">vaṃ</w><w n="24">śa</w><w n="25" lemma="sya">sya </w><w n="26" lemma="cā">cā </w></cl><cl><w n="27">mū</w><w n="28">le</w><w n="29" lemma="na">na </w></cl><cl><w n="30"/><w n="31">sa</w><w n="32">kri</w><w n="33" lemma="yāṃ">yān</w><w n="34" lemma="tu">tu </w></cl><cl><w n="35">va</w><w n="36">rtī</w><w n="37">kṛ</w><w n="38" lemma="tāṃ">tāṃ </w></cl><cl><w n="39">tā</w><w n="40">mra</w><w n="41">ka</w><w n="42">pā</w><w n="43">la</w><w n="44">pa</w><w n="45" lemma="kvāṃ">kvāṃ || </w></cl></text></TEI><TEI n="K"><text><cl><w n="0" lemma="pa"> pa</w><w n="1" lemma="traṃ">traṃ </w></cl><cl><w n="2">pha</w><w n="3" lemma="laṃ">laṃ </w></cl><cl><w n="4">cā</w><w n="5">ma</w><w n="6">la</w><w n="7">ka</w><w n="8"/><w n="9" lemma="sya">sya </w></cl><cl><w n="10">pa</w><w n="11" lemma="kvā">kvā </w></cl><cl><w n="12">kri</w><w n="13" lemma="yāṃ">yām </w></cl><cl><w n="14">vi</w><w n="15">da</w><w n="16">dhyā</w><w n="17" lemma="ta">d a</w><w n="18">tha</w><w n="19" lemma="vāṃ">vāñ</w><w n="20">ja</w><w n="21">nā</w><w n="22" lemma="rthaṃ">rthaṃ | </w></cl><cl><w n="23">vaṃ</w><w n="24">śa</w><w n="25" lemma="sya">sya </w><w n="26" lemma="cā">cā </w></cl><cl><w n="27">mū</w><w n="28">le</w><w n="29" lemma="na">na </w></cl><cl><w n="30"/><w n="31">sa</w><w n="32">kri</w><w n="33" lemma="yāṃ">yāṃ </w><w n="34" lemma="tu">tu </w></cl><cl><w n="35">va</w><w n="36">rtī</w><w n="37">kṛ</w><w n="38" lemma="tāṃ">tāṃ </w></cl><cl><w n="39">tā</w><w n="40">mra</w><w n="41">ka</w><w n="42">pā</w><w n="43">la</w><w n="44">pa</w><w n="45" lemma="kvāṃ">kvāṃ | </w></cl></text></TEI><TEI n="NE"><text><cl><w n="0" lemma="pa"> pa</w><w n="1" lemma="traṃ">traṃ </w></cl><cl><w n="2">pha</w><w n="3" lemma="laṃ">laṃ </w></cl><cl><w n="4">cā</w><w n="5">ma</w><w n="6">la</w><w n="7">ka</w><w n="8"/><w n="9" lemma="sya">sya </w></cl><cl><w n="10">pa</w><w n="11" lemma="kvā">kvā </w></cl><cl><w n="12">kri</w><w n="13" lemma="yāṃ">yām </w></cl><cl><w n="14">vi</w><w n="15">da</w><w n="16">dhyā</w><w n="17" lemma="ta">d a</w><w n="18">tha</w><w n="19" lemma="vāṃ">vāñ</w><w n="20">ja</w><w n="21">nā</w><w n="22" lemma="rthaṃ">rthaṃ | </w></cl><cl><w n="23">vaṃ</w><w n="24">śa</w><w n="25" lemma="sya">sya </w><w n="26" lemma="cā">cā </w></cl><cl><w n="27">mū</w><w n="28">le</w><w n="29" lemma="na">na </w></cl><cl><w n="30"/><w n="31">sa</w><w n="32">kri</w><w n="33" lemma="yāṃ">yāṃ </w><w n="34" lemma="tu">tu </w></cl><cl><w n="35">va</w><w n="36">rtī</w><w n="37">kṛ</w><w n="38" lemma="tāṃ">tāṃ </w></cl><cl><w n="39">tā</w><w n="40">mra</w><w n="41">ka</w><w n="42">pā</w><w n="43">la</w><w n="44">pa</w><w n="45" lemma="kvāṃ">kvāṃ | </w></cl></text></TEI></teiCorpus>