<?xml version="1.0" encoding="UTF-8"?>
<teiCorpus xmlns="http://www.tei-c.org/ns/1.0" xml:lang="sa-Latn">
  <teiHeader>
<listWit>
<witness xml:id="A" source="06-ut-vulgate-1938-1-30.xml">
<abbr>A</abbr>
<expan>Printed edition: Ācārya 1938: Uttaratantra 1-30</expan>
</witness>
<witness xml:id="K" source="kl_699_uttaratantra-1-30.xml">
<abbr>K</abbr>
<expan>MSS Kathmandu KL 699: Uttaratantra</expan>
<listWit>
<witness xml:id="Kac" n="ac">
<abbr>Kac</abbr>
<expan>MSS Kathmandu KL 699: Uttaratantra [ante correctionem]</expan>
</witness>
<witness xml:id="Kpc" n="pc">
<abbr type="siglum">Kpc</abbr>
<expan>MSS Kathmandu KL 699: Uttaratantra [post correctionem]</expan>
</witness>
</listWit>
</witness>
<witness xml:id="H" source="nak_5-333_uttaratantra-1-30.xml">
<abbr>H</abbr>
<expan>MS Kathmandu NAK 5-333, Uttaratantra</expan>
<listWit>
<witness xml:id="Hac" n="ac">
<abbr>Hac</abbr>
<expan>MS Kathmandu NAK 5-333, Uttaratantra [ante correctionem]</expan>
</witness>
<witness xml:id="Hpc" n="pc">
<abbr type="siglum">Hpc</abbr>
<expan>MS Kathmandu NAK 5-333, Uttaratantra [post correctionem]</expan>
</witness>
</listWit>
</witness>
<witness xml:id="NE" source="provisional-edition_uttaratantra-1-30.xml">
<abbr>NE</abbr>
<expan>The Nepalese Version of the Suśrutasaṃhitā, uttaratantra 1-30, based on the
                    Nepalese MSS</expan>
</witness>
</listWit>
    <encodingDesc>
      <editorialDecl>
        <segmentation>
          <ab type="tokenization">aksara</ab>
          <ab type="blockid">SS.6.12.44</ab>
          <ab type="targetedition">NE</ab>
          <ab type="scoring">
            <ab type="match">1</ab>
            <ab type="mismatch">-1</ab>
            <ab type="gapopen">-2</ab>
            <ab type="gapextend">-0.25</ab>
            <ab type="recursive">true</ab>
            <ab type="realigndepth">20</ab>
            <ab type="distancefunction">ngrams</ab>
            
          </ab>
        </segmentation>
        <normalization method="markup">
<ab>ignore punctuation</ab>
<ab>candrabindu as anusvāra</ab>
<ab>geminated aspirated consonants</ab>
<ab>geminated m after h</ab>
<ab>geminated t</ab>
<ab>geminated consonants after r</ab>
<ab>final nasal variants</ab>
<ab>internal nasal variants</ab>
<ab>final anusvāra variants</ab>
<ab>visarga aḥ before voiced consonants</ab>
<ab>visarga aḥ before vowels</ab>
<ab>visarga aḥ before unvoiced consonants and space + anusvāra</ab>
<ab>visarga āḥ variants</ab>
<ab>other visarga variants</ab>
<ab>superfluous avagrahas</ab>
<ab>double avagrahas</ab>
<ab>avagrahas to short a</ab>
<ab>internal visarga variants</ab>
<ab>final au/āv</ab>
<ab>final su</ab>
<ab>final i</ab>
<ab>kcch/kś</ab>
<ab>cś/tś</ab>
<ab>cch/ch</ab>
<ab>final t + hi</ab>
<ab>final t + voiced syllable</ab>
<ab>final t + n/m</ab>
<ab>final t + c/j</ab>
<ab>i/y + vowel</ab>
<ab>bhd for bdh</ab>
<ab>remove spaces</ab>
        </normalization>
        <ab type="tagfilters">
<tag subtype="ignore">pc</tag>
<tag subtype="ignore">head</tag>
<tag subtype="ignore">label</tag>
<tag subtype="ignore">note</tag>
<tag subtype="ignore">num</tag>
<tag subtype="ignore">locus</tag>
<tag subtype="ignore">supplied</tag>
<tag subtype="ignore">surplus</tag>
        </ab>
      </editorialDecl>
    </encodingDesc>
    <xenoData>
      <stemma format="nexml" id="stemma0"><nex:nexml xmlns:nex="http://www.nexml.org/2009" version="0.9"><nex:otus id="otus1"><nex:otu id="otu0" label="A"/><nex:otu id="otu1" label="H"/><nex:otu id="otu2" label="K"/><nex:otu id="otu3" label="NE"/></nex:otus><nex:trees otus="otus1" id="trees1"><nex:tree id="guidetree" label="guidetree" xsi:type="nex:FloatTree" xmlns:xsi="http://www.w3.org/2001/XMLSchema-instance"><nex:node id="0d1d5c8b-9c9b-460c-b9c5-d7abe6022f44" root="true"/><nex:node id="52a2ff88-700c-41aa-8156-b34530776c3b"/><nex:node id="be7fa53b-bc6a-4c62-8e16-de827f1f5ce1" label="A" otu="otu2"/><nex:node id="21c468af-7e71-4d74-a603-cd4faf99d1a0" label="H" otu="otu3"/><nex:node id="877c9b1e-f8cd-44ac-b36c-b8e65872f596"/><nex:node id="74dd2550-5943-49f7-a807-dd625c70e58d" label="K" otu="otu5"/><nex:node id="3f1db125-bd4b-4e7e-9272-906339eb8dff" label="NE" otu="otu6"/><nex:edge source="0d1d5c8b-9c9b-460c-b9c5-d7abe6022f44" target="52a2ff88-700c-41aa-8156-b34530776c3b" id="edge0" length="0.20109568073164555"/><nex:edge source="0d1d5c8b-9c9b-460c-b9c5-d7abe6022f44" target="877c9b1e-f8cd-44ac-b36c-b8e65872f596" id="edge1" length="0.20109568073164555"/><nex:edge source="52a2ff88-700c-41aa-8156-b34530776c3b" target="be7fa53b-bc6a-4c62-8e16-de827f1f5ce1" id="edge2" length="0.597808638536709"/><nex:edge source="52a2ff88-700c-41aa-8156-b34530776c3b" target="21c468af-7e71-4d74-a603-cd4faf99d1a0" id="edge3" length="0.38697463912097196"/><nex:edge source="877c9b1e-f8cd-44ac-b36c-b8e65872f596" target="74dd2550-5943-49f7-a807-dd625c70e58d" id="edge4" length="4.440892098500626e-16"/><nex:edge source="877c9b1e-f8cd-44ac-b36c-b8e65872f596" target="3f1db125-bd4b-4e7e-9272-906339eb8dff" id="edge5" length="0"/></nex:tree></nex:trees></nex:nexml></stemma>
    </xenoData>
  </teiHeader>
<TEI n="A"><text><w n="0" lemma="jā"> jā</w><cl><w n="1" lemma="tyāḥ">tyāḥ </w><w n="2">pu</w><w n="3" lemma="ṣpaṃ">ṣpaṃ </w></cl><cl><w n="4"/><w n="5"/><w n="6"/></cl><cl><w n="7">sai</w><w n="8">ndha</w><w n="9" lemma="vaṃ">vaṃ </w></cl><cl><w n="10" lemma="śṛṃ">śṛṅ</w><w n="11">ga</w><w n="12">ve</w><w n="13" lemma="raṃ">raṃ </w></cl><cl><w n="14">kṛ</w><w n="15">ṣṇā</w></cl><cl><w n="16">bī</w><w n="17" lemma="jaṃ">jaṃ </w><w n="18">kī</w></cl><cl><w n="19">ṭa</w><w n="20">śa</w><w n="21" lemma="troḥ">troś </w><w n="22"/><w n="23"/><w n="24"/><w n="25"/><w n="26"/><w n="27"/><w n="28" lemma="ca">ca </w></cl><cl><w n="29">sā</w><w n="30" lemma="raṃ">ram | </w><w n="31">e</w><w n="32">ta</w><w n="33" lemma="tpi">t pi</w><w n="34" lemma="ṣṭaṃ">ṣṭaṃ </w><w n="35">ne</w><w n="36">tra</w><w n="37">pā</w><w n="38" lemma="ke">ke </w><w n="39" lemma="aṃ">'ñ</w><w n="40">ja</w><w n="41">nā</w><w n="42" lemma="rthaṃ">rthaṃ </w></cl><cl><w n="43">kṣau</w><w n="44">dro</w></cl><cl><w n="45">pe</w><w n="46" lemma="taṃ">taṃ </w></cl><cl><w n="47">ni</w><w n="48">rvi</w><w n="49" lemma="śaṃ">śaṅ</w><w n="50" lemma="kaṃ">kaṃ </w></cl><cl><w n="51">pra</w><w n="52">yo</w><w n="53" lemma="jyaṃ">jyam || </w><w n="54"/></cl></text></TEI><TEI n="H"><text><w n="0" lemma=""> </w><cl><w n="1"/><w n="2">pu</w><w n="3" lemma="ṣpaṃ">ṣpaṃ </w></cl><cl><w n="4">mā</w><w n="5">la</w><w n="6" lemma="tyāḥ">tyāḥ </w></cl><cl><w n="7">sai</w><w n="8">ndha</w><w n="9" lemma="vaṃ">vaṃ </w></cl><cl><w n="10" lemma="śṛṃ">śṛṅ</w><w n="11">ga</w><w n="12">ve</w><w n="13" lemma="raṃ">raṃ </w></cl><cl><w n="14">sā</w><w n="15"/></cl><cl><w n="16"/><w n="17"/><w n="18"/></cl><cl><w n="19">ra</w><w n="20">vai</w><w n="21" lemma="raṃḥ">raṃ ḥ </w><w n="22">pi</w><w n="23">ppa</w><w n="24">lī</w><w n="25" lemma="taṃ">taṇ</w><w n="26">ḍū</w><w n="27" lemma="aḥ">aś </w><w n="28" lemma="ca">ca | </w></cl><cl><w n="29"/><w n="30"/><w n="31">e</w><w n="32">ta</w><w n="33" lemma="tpi">t pi</w><w n="34">ṣṭvā</w><w n="35" lemma="tkṣau">t kṣau</w><w n="36">dra</w><w n="37"/><w n="38">yu</w><w n="39" lemma="ktyāṃ">ktyāñ</w><w n="40">ja</w><w n="41">nā</w><w n="42" lemma="rthaṃ">rthaṃ </w></cl><cl><w n="43">sa</w><w n="44" lemma="mya">mya </w></cl><cl><w n="45">yu</w><w n="46" lemma="ktaṃ">ktaṃ </w></cl><cl><w n="47">ni</w><w n="48" lemma="rvi">rvvi</w><w n="49">śaṃ</w><w n="50" lemma="kaṃ">kaṃ </w></cl><cl><w n="51">vi</w><w n="52">da</w><w n="53">dyā</w><w n="54" lemma="t">t || </w></cl></text></TEI><TEI n="K"><text><w n="0" lemma=""> </w><cl><w n="1"/><w n="2">pu</w><w n="3" lemma="ṣpaṃ">ṣpaṃ </w></cl><cl><w n="4">mā</w><w n="5">la</w><w n="6" lemma="tyāḥ">tyāḥ </w></cl><cl><w n="7">sai</w><w n="8">ndha</w><w n="9" lemma="vaṃ">vaṃ </w></cl><cl><w n="10" lemma="śṛṃ">śṛṅ</w><w n="11">ga</w><w n="12">ve</w><w n="13" lemma="raṃ">raṃ </w></cl><cl><w n="14">sā</w><w n="15" lemma="raḥ">ro </w></cl><cl><w n="16">vai</w><w n="17" lemma="ḍaṃ">ḍaṅ</w><w n="18" lemma="gaḥḥ">gaḥḥ </w></cl><cl><w n="19"/><w n="20"/><w n="21"/><w n="22">pi</w><w n="23">ppa</w><w n="24">lī</w><w n="25" lemma="taṃ">taṇ</w><w n="26">ḍū</w><w n="27" lemma="aḥ">aś </w><w n="28" lemma="ca">ca | </w></cl><cl><w n="29"/><w n="30"/><w n="31">e</w><w n="32">ta</w><w n="33" lemma="tpi">t pi</w><w n="34">ṣṭvā</w><w n="35" lemma="tkṣau">t kṣau</w><w n="36">dra</w><w n="37"/><w n="38">yu</w><w n="39" lemma="ktyāṃ">ktyāñ</w><w n="40">ja</w><w n="41">nā</w><w n="42" lemma="rthaṃ">rthaṃ </w></cl><cl><w n="43">sa</w><w n="44" lemma="mya">mya </w></cl><cl><w n="45">yu</w><w n="46" lemma="ktaṃ">ktaṃ </w></cl><cl><w n="47">ni</w><w n="48">rvi</w><w n="49">śaṃ</w><w n="50" lemma="kaḥ">kaḥ </w></cl><cl><w n="51">pra</w><w n="52">da</w><w n="53">dyā</w><w n="54" lemma="t">t || </w></cl></text></TEI><TEI n="NE"><text><w n="0" lemma=""> </w><cl><w n="1"/><w n="2">pu</w><w n="3" lemma="ṣpaṃ">ṣpaṃ </w></cl><cl><w n="4">mā</w><w n="5">la</w><w n="6" lemma="tyāḥ">tyāḥ </w></cl><cl><w n="7">sai</w><w n="8">ndha</w><w n="9" lemma="vaṃ">vaṃ </w></cl><cl><w n="10" lemma="śṛṃ">śṛṅ</w><w n="11">ga</w><w n="12">ve</w><w n="13" lemma="raṃ">raṃ </w></cl><cl><w n="14">sā</w><w n="15" lemma="raḥ">ro </w></cl><cl><w n="16">vai</w><w n="17" lemma="ḍaṃ">ḍaṅ</w><w n="18" lemma="gaḥḥ">gaḥḥ </w></cl><cl><w n="19"/><w n="20"/><w n="21"/><w n="22">pi</w><w n="23">ppa</w><w n="24">lī</w><w n="25" lemma="taṃ">taṇ</w><w n="26">ḍū</w><w n="27" lemma="aḥ">aś </w><w n="28" lemma="ca">ca | </w></cl><cl><w n="29"/><w n="30"/><w n="31">e</w><w n="32">ta</w><w n="33" lemma="tpi">t pi</w><w n="34">ṣṭvā</w><w n="35" lemma="tkṣau">t kṣau</w><w n="36">dra</w><w n="37"/><w n="38">yu</w><w n="39" lemma="ktyāṃ">ktyāñ</w><w n="40">ja</w><w n="41">nā</w><w n="42" lemma="rthaṃ">rthaṃ </w></cl><cl><w n="43">sa</w><w n="44" lemma="mya">mya </w></cl><cl><w n="45">yu</w><w n="46" lemma="ktaṃ">ktaṃ </w></cl><cl><w n="47">ni</w><w n="48">rvi</w><w n="49">śaṃ</w><w n="50" lemma="kaḥ">kaḥ </w></cl><cl><w n="51">pra</w><w n="52">da</w><w n="53">dyā</w><w n="54" lemma="t">t || </w></cl></text></TEI></teiCorpus>