<?xml version="1.0" encoding="UTF-8"?>
<teiCorpus xmlns="http://www.tei-c.org/ns/1.0" xml:lang="sa-Latn">
  <teiHeader>
<listWit>
<witness xml:id="A" source="06-ut-vulgate-1938-1-30.xml">
<abbr>A</abbr>
<expan>Printed edition: Ācārya 1938: Uttaratantra 1-30</expan>
</witness>
<witness xml:id="K" source="kl_699_uttaratantra-1-30.xml">
<abbr>K</abbr>
<expan>MSS Kathmandu KL 699: Uttaratantra</expan>
<listWit>
<witness xml:id="Kac" n="ac">
<abbr>Kac</abbr>
<expan>MSS Kathmandu KL 699: Uttaratantra [ante correctionem]</expan>
</witness>
<witness xml:id="Kpc" n="pc">
<abbr type="siglum">Kpc</abbr>
<expan>MSS Kathmandu KL 699: Uttaratantra [post correctionem]</expan>
</witness>
</listWit>
</witness>
<witness xml:id="H" source="nak_5-333_uttaratantra-1-30.xml">
<abbr>H</abbr>
<expan>MS Kathmandu NAK 5-333, Uttaratantra</expan>
<listWit>
<witness xml:id="Hac" n="ac">
<abbr>Hac</abbr>
<expan>MS Kathmandu NAK 5-333, Uttaratantra [ante correctionem]</expan>
</witness>
<witness xml:id="Hpc" n="pc">
<abbr type="siglum">Hpc</abbr>
<expan>MS Kathmandu NAK 5-333, Uttaratantra [post correctionem]</expan>
</witness>
</listWit>
</witness>
<witness xml:id="NE" source="provisional-edition_uttaratantra-1-30.xml">
<abbr>NE</abbr>
<expan>The Nepalese Version of the Suśrutasaṃhitā, uttaratantra 1-30, based on the
                    Nepalese MSS</expan>
</witness>
</listWit>
    <encodingDesc>
      <editorialDecl>
        <segmentation>
          <ab type="tokenization">aksara</ab>
          <ab type="blockid">SS.6.12.20</ab>
          <ab type="targetedition">NE</ab>
          <ab type="scoring">
            <ab type="match">1</ab>
            <ab type="mismatch">-1</ab>
            <ab type="gapopen">-2</ab>
            <ab type="gapextend">-0.25</ab>
            <ab type="recursive">true</ab>
            <ab type="realigndepth">20</ab>
            <ab type="distancefunction">ngrams</ab>
            
          </ab>
        </segmentation>
        <normalization method="markup">
<ab>ignore punctuation</ab>
<ab>candrabindu as anusvāra</ab>
<ab>geminated aspirated consonants</ab>
<ab>geminated m after h</ab>
<ab>geminated t</ab>
<ab>geminated consonants after r</ab>
<ab>final nasal variants</ab>
<ab>internal nasal variants</ab>
<ab>final anusvāra variants</ab>
<ab>visarga aḥ before voiced consonants</ab>
<ab>visarga aḥ before vowels</ab>
<ab>visarga aḥ before unvoiced consonants and space + anusvāra</ab>
<ab>visarga āḥ variants</ab>
<ab>other visarga variants</ab>
<ab>superfluous avagrahas</ab>
<ab>double avagrahas</ab>
<ab>avagrahas to short a</ab>
<ab>internal visarga variants</ab>
<ab>final au/āv</ab>
<ab>final su</ab>
<ab>final i</ab>
<ab>kcch/kś</ab>
<ab>cś/tś</ab>
<ab>cch/ch</ab>
<ab>final t + hi</ab>
<ab>final t + voiced syllable</ab>
<ab>final t + n/m</ab>
<ab>final t + c/j</ab>
<ab>i/y + vowel</ab>
<ab>bhd for bdh</ab>
<ab>remove spaces</ab>
        </normalization>
        <ab type="tagfilters">
<tag subtype="ignore">pc</tag>
<tag subtype="ignore">head</tag>
<tag subtype="ignore">label</tag>
<tag subtype="ignore">note</tag>
<tag subtype="ignore">num</tag>
<tag subtype="ignore">locus</tag>
<tag subtype="ignore">supplied</tag>
<tag subtype="ignore">surplus</tag>
        </ab>
      </editorialDecl>
    </encodingDesc>
    <xenoData>
      <stemma format="nexml" id="stemma0"><nex:nexml xmlns:nex="http://www.nexml.org/2009" version="0.9"><nex:otus id="otus1"><nex:otu id="otu0" label="A"/><nex:otu id="otu1" label="H"/><nex:otu id="otu2" label="K"/><nex:otu id="otu3" label="NE"/></nex:otus><nex:trees otus="otus1" id="trees1"><nex:tree id="guidetree" label="guidetree" xsi:type="nex:FloatTree" xmlns:xsi="http://www.w3.org/2001/XMLSchema-instance"><nex:node id="fc384c8d-c6c5-4be8-bb05-186821158356" root="true"/><nex:node id="b60ec9c0-814d-4b2f-8e45-e5159e10222f"/><nex:node id="58619390-c7c0-4c02-a0c4-553df4e522f0" label="A" otu="otu2"/><nex:node id="a597cd22-55e6-43d2-bb3f-27f4cee2ec5f" label="H" otu="otu3"/><nex:node id="8ab376df-0ed6-4a55-b24f-b2f47371ce71"/><nex:node id="57c43e1f-ef6c-4afa-b12e-909f7b514e61" label="K" otu="otu5"/><nex:node id="ccd755da-a4b9-40d4-a30e-e0ed91f3fd41" label="NE" otu="otu6"/><nex:edge source="fc384c8d-c6c5-4be8-bb05-186821158356" target="b60ec9c0-814d-4b2f-8e45-e5159e10222f" id="edge0" length="0.23591038899843866"/><nex:edge source="fc384c8d-c6c5-4be8-bb05-186821158356" target="8ab376df-0ed6-4a55-b24f-b2f47371ce71" id="edge1" length="0.23591038899843866"/><nex:edge source="b60ec9c0-814d-4b2f-8e45-e5159e10222f" target="58619390-c7c0-4c02-a0c4-553df4e522f0" id="edge2" length="0.5281792220031227"/><nex:edge source="b60ec9c0-814d-4b2f-8e45-e5159e10222f" target="a597cd22-55e6-43d2-bb3f-27f4cee2ec5f" id="edge3" length="0.33413709089570454"/><nex:edge source="8ab376df-0ed6-4a55-b24f-b2f47371ce71" target="57c43e1f-ef6c-4afa-b12e-909f7b514e61" id="edge4" length="0"/><nex:edge source="8ab376df-0ed6-4a55-b24f-b2f47371ce71" target="ccd755da-a4b9-40d4-a30e-e0ed91f3fd41" id="edge5" length="0"/></nex:tree></nex:trees></nex:nexml></stemma>
    </xenoData>
  </teiHeader>
<TEI n="A"><text><cl><w n="0" lemma="se"> se</w><w n="1" lemma="kāṃ">kāñ</w><w n="2">ja</w><w n="3" lemma="naṃ">naṃ </w></cl><cl><w n="4">cā</w><w n="5" lemma="tra">tra </w></cl><cl><w n="6">hi</w><w n="7">ta</w><w n="8">ma</w><w n="9">mlai</w><w n="10" lemma="rāḥ">rāś </w><w n="11">cyo</w><w n="12">ta</w><w n="13" lemma="naṃ">naṃ </w></cl><cl><w n="14">ta</w><w n="15" lemma="thā">thā | </w></cl><cl><w n="16">si</w><w n="17">tā</w><w n="18">ma</w><w n="19">dhu</w><w n="20">ka</w><w n="21">ka</w><w n="22" lemma="ṭvaṃ">ṭvaṅ</w><w n="23">ga</w><w n="24">ma</w><w n="25">stu</w><w n="26">kṣau</w><w n="27">drā</w><w n="28">mla</w><w n="29">sai</w><w n="30">ndha</w><w n="31" lemma="vaiḥ">vaiḥ || </w></cl></text></TEI><TEI n="H"><text><cl><w n="0" lemma="se"> se</w><w n="1" lemma="kāṃ">kāñ</w><w n="2">ja</w><w n="3" lemma="naṃ">naṃ </w></cl><cl><w n="4">cā</w><w n="5" lemma="tra">tra </w></cl><cl><w n="6">hi</w><w n="7">ta</w><w n="8">ma</w><w n="9">mlai</w><w n="10">rā</w><w n="11">ścyo</w><w n="12">ta</w><w n="13" lemma="naṃ">naṃ </w></cl><cl><w n="14">ta</w><w n="15" lemma="thā">thā || </w></cl><cl><w n="16">si</w><w n="17">tā</w><w n="18">ma</w><w n="19">dhu</w><w n="20">ka</w><w n="21">ka</w><w n="22">ṭvāṃ</w><w n="23">ga</w><w n="24">ma</w><w n="25">stu</w><w n="26">kṣau</w><w n="27">drā</w><w n="28">mla</w><w n="29">sai</w><w n="30">ndha</w><w n="31" lemma="vaiḥ">vaiḥ | </w></cl></text></TEI><TEI n="K"><text><cl><w n="0" lemma="se"> se</w><w n="1" lemma="kāṃ">kāñ</w><w n="2">ja</w><w n="3" lemma="naṃ">nañ </w></cl><cl><w n="4">cā</w><w n="5" lemma="tra">tra </w></cl><cl><w n="6">hi</w><w n="7">ta</w><w n="8">ma</w><w n="9">mlai</w><w n="10">rā</w><w n="11">ścyo</w><w n="12">ta</w><w n="13" lemma="naiḥ">nais </w></cl><cl><w n="14">ta</w><w n="15" lemma="thā">thā | </w></cl><cl><w n="16">si</w><w n="17">tā</w><w n="18">ma</w><w n="19">dhu</w><w n="20">ka</w><w n="21">ka</w><w n="22" lemma="ṭvāṃ">ṭvāṅ</w><w n="23">ga</w><w n="24">ma</w><w n="25">stu</w><w n="26">kṣau</w><w n="27">drā</w><w n="28">mla</w><w n="29">sai</w><w n="30">ndha</w><w n="31" lemma="vaiḥ">vaiḥ | </w></cl></text></TEI><TEI n="NE"><text><cl><w n="0" lemma="se"> se</w><w n="1" lemma="kāṃ">kāñ</w><w n="2">ja</w><w n="3" lemma="naṃ">nañ </w></cl><cl><w n="4">cā</w><w n="5" lemma="tra">tra </w></cl><cl><w n="6">hi</w><w n="7">ta</w><w n="8">ma</w><w n="9">mlai</w><w n="10">rā</w><w n="11">ścyo</w><w n="12">ta</w><w n="13" lemma="naiḥ">nais </w></cl><cl><w n="14">ta</w><w n="15" lemma="thā">thā | </w></cl><cl><w n="16">si</w><w n="17">tā</w><w n="18">ma</w><w n="19">dhu</w><w n="20">ka</w><w n="21">ka</w><w n="22" lemma="ṭvāṃ">ṭvāṅ</w><w n="23">ga</w><w n="24">ma</w><w n="25">stu</w><w n="26">kṣau</w><w n="27">drā</w><w n="28">mla</w><w n="29">sai</w><w n="30">ndha</w><w n="31" lemma="vaiḥ">vaiḥ | </w></cl></text></TEI></teiCorpus>