<?xml version="1.0" encoding="UTF-8"?>
<teiCorpus xmlns="http://www.tei-c.org/ns/1.0" xml:lang="sa-Latn">
  <teiHeader>
<listWit>
<witness xml:id="A" source="06-ut-vulgate-1938-1-30.xml">
<abbr>A</abbr>
<expan>Printed edition: Ācārya 1938: Uttaratantra 1-30</expan>
</witness>
<witness xml:id="K" source="kl_699_uttaratantra-1-30.xml">
<abbr>K</abbr>
<expan>MSS Kathmandu KL 699: Uttaratantra</expan>
<listWit>
<witness xml:id="Kac" n="ac">
<abbr>Kac</abbr>
<expan>MSS Kathmandu KL 699: Uttaratantra [ante correctionem]</expan>
</witness>
<witness xml:id="Kpc" n="pc">
<abbr type="siglum">Kpc</abbr>
<expan>MSS Kathmandu KL 699: Uttaratantra [post correctionem]</expan>
</witness>
</listWit>
</witness>
<witness xml:id="H" source="nak_5-333_uttaratantra-1-30.xml">
<abbr>H</abbr>
<expan>MS Kathmandu NAK 5-333, Uttaratantra</expan>
<listWit>
<witness xml:id="Hac" n="ac">
<abbr>Hac</abbr>
<expan>MS Kathmandu NAK 5-333, Uttaratantra [ante correctionem]</expan>
</witness>
<witness xml:id="Hpc" n="pc">
<abbr type="siglum">Hpc</abbr>
<expan>MS Kathmandu NAK 5-333, Uttaratantra [post correctionem]</expan>
</witness>
</listWit>
</witness>
<witness xml:id="NE" source="provisional-edition_uttaratantra-1-30.xml">
<abbr>NE</abbr>
<expan>The Nepalese Version of the Suśrutasaṃhitā, uttaratantra 1-30, based on the
                    Nepalese MSS</expan>
</witness>
</listWit>
    <encodingDesc>
      <editorialDecl>
        <segmentation>
          <ab type="tokenization">aksara</ab>
          <ab type="blockid">SS.6.16.6ab</ab>
          <ab type="targetedition">NE</ab>
          <ab type="scoring">
            <ab type="match">1</ab>
            <ab type="mismatch">-1</ab>
            <ab type="gapopen">-2</ab>
            <ab type="gapextend">-0.25</ab>
            <ab type="recursive">true</ab>
            <ab type="realigndepth">20</ab>
            <ab type="distancefunction">ngrams</ab>
            
          </ab>
        </segmentation>
        <normalization method="markup">
<ab>ignore punctuation</ab>
<ab>candrabindu as anusvāra</ab>
<ab>geminated aspirated consonants</ab>
<ab>geminated m after h</ab>
<ab>geminated t</ab>
<ab>geminated consonants after r</ab>
<ab>final nasal variants</ab>
<ab>internal nasal variants</ab>
<ab>final anusvāra variants</ab>
<ab>visarga aḥ before voiced consonants</ab>
<ab>visarga aḥ before vowels</ab>
<ab>visarga aḥ before unvoiced consonants and space + anusvāra</ab>
<ab>visarga āḥ variants</ab>
<ab>other visarga variants</ab>
<ab>superfluous avagrahas</ab>
<ab>double avagrahas</ab>
<ab>avagrahas to short a</ab>
<ab>internal visarga variants</ab>
<ab>final au/āv</ab>
<ab>final su</ab>
<ab>final i</ab>
<ab>kcch/kś</ab>
<ab>cś/tś</ab>
<ab>cch/ch</ab>
<ab>final t + hi</ab>
<ab>final t + voiced syllable</ab>
<ab>final t + n/m</ab>
<ab>final t + c/j</ab>
<ab>i/y + vowel</ab>
<ab>bhd for bdh</ab>
<ab>remove spaces</ab>
        </normalization>
        <ab type="tagfilters">
<tag subtype="ignore">pc</tag>
<tag subtype="ignore">head</tag>
<tag subtype="ignore">label</tag>
<tag subtype="ignore">note</tag>
<tag subtype="ignore">num</tag>
<tag subtype="ignore">locus</tag>
<tag subtype="ignore">supplied</tag>
<tag subtype="ignore">surplus</tag>
        </ab>
      </editorialDecl>
    </encodingDesc>
    <xenoData>
      <stemma format="nexml" id="stemma0"><nex:nexml xmlns:nex="http://www.nexml.org/2009" version="0.9"><nex:otus id="otus1"><nex:otu id="otu0" label="A"/><nex:otu id="otu1" label="K"/><nex:otu id="otu2" label="NE"/></nex:otus><nex:trees otus="otus1" id="trees1"><nex:tree id="guidetree" label="guidetree" xsi:type="nex:FloatTree" xmlns:xsi="http://www.w3.org/2001/XMLSchema-instance"><nex:node id="126c45f8-2f2e-4d26-895e-02fadb92cdee" root="true"/><nex:node id="ffc3489d-c10b-4875-beb5-be2e424a90ab"/><nex:node id="a89cf95a-ca5a-4528-b69b-4ea9ffd8b633" label="A" otu="otu2"/><nex:node id="b0286502-f553-432e-8926-647f1ae6c9cd" label="K" otu="otu3"/><nex:node id="5eae3712-f9b2-4f1b-9815-a430526f1eb3" label="NE" otu="otu4"/><nex:edge source="126c45f8-2f2e-4d26-895e-02fadb92cdee" target="ffc3489d-c10b-4875-beb5-be2e424a90ab" id="edge0" length="0"/><nex:edge source="126c45f8-2f2e-4d26-895e-02fadb92cdee" target="5eae3712-f9b2-4f1b-9815-a430526f1eb3" id="edge1" length="0"/><nex:edge source="ffc3489d-c10b-4875-beb5-be2e424a90ab" target="a89cf95a-ca5a-4528-b69b-4ea9ffd8b633" id="edge2" length="1"/><nex:edge source="ffc3489d-c10b-4875-beb5-be2e424a90ab" target="b0286502-f553-432e-8926-647f1ae6c9cd" id="edge3" length="0"/></nex:tree></nex:trees></nex:nexml></stemma>
    </xenoData>
  </teiHeader>
<TEI n="A"><text><cl><w n="0" lemma="la"> la</w><w n="1">lā</w><w n="2">ṭa</w><w n="3">de</w><w n="4" lemma="śe">śe </w><w n="5" lemma="ca">ca </w></cl><cl><w n="6">ni</w><w n="7">ba</w><w n="8" lemma="dha">ddha</w></cl><cl><w n="9">pa</w><w n="10" lemma="ṭṭaṃ">ṭṭaṃ </w></cl><cl><w n="11">prā</w><w n="12" lemma="ksyū">k syū</w><w n="13"/><w n="14" lemma="taṃ">tam </w></cl><cl><w n="15">a</w><w n="16">trā</w><w n="17" lemma="pi">py </w></cl><cl><w n="18">a</w><w n="19">pa</w><w n="20" lemma="raṃ">raṃ </w><w n="21" lemma="ca">ca </w></cl><cl><w n="22">ba</w><w n="23" lemma="dhvā">ddhvā |</w><w n="24"/></cl></text></TEI><TEI n="K"><text><cl><w n="0" lemma="la"> la</w><w n="1">lā</w><w n="2">ṭa</w><w n="3">de</w><w n="4" lemma="śe">śe </w><w n="5" lemma="ca">ca </w></cl><cl><w n="6">ni</w><w n="7">va</w><w n="8" lemma="dhya">dhya </w></cl><cl><w n="9">pa</w><w n="10" lemma="ṭṭāṃ">ṭṭāṃ </w></cl><cl><w n="11">prā</w><w n="12">ksī</w><w n="13">vi</w><w n="14" lemma="taṃ">tan </w></cl><cl><w n="15">ta</w><w n="16" lemma="tra">tra </w><w n="17"/></cl><cl><w n="18"/><w n="19">pa</w><w n="20" lemma="raṃ">rañ </w><w n="21" lemma="ca">ca </w></cl><cl><w n="22">va</w><w n="23">ndhe</w><w n="24" lemma="t">t | </w></cl></text></TEI><TEI n="NE"><text><cl><w n="0" lemma="la"> la</w><w n="1">lā</w><w n="2">ṭa</w><w n="3">de</w><w n="4" lemma="śe">śe </w><w n="5" lemma="ca">ca </w></cl><cl><w n="6">ni</w><w n="7">va</w><w n="8" lemma="dhya">dhya </w></cl><cl><w n="9">pa</w><w n="10" lemma="ṭṭāṃ">ṭṭāṃ </w></cl><cl><w n="11">prā</w><w n="12">ksī</w><w n="13">vi</w><w n="14" lemma="taṃ">tan </w></cl><cl><w n="15">ta</w><w n="16" lemma="tra">tra </w><w n="17"/></cl><cl><w n="18"/><w n="19">pa</w><w n="20" lemma="raṃ">rañ </w><w n="21" lemma="ca">ca </w></cl><cl><w n="22">va</w><w n="23">ndhe</w><w n="24" lemma="t">t | </w></cl></text></TEI></teiCorpus>