<?xml version="1.0" encoding="UTF-8"?>
<teiCorpus xmlns="http://www.tei-c.org/ns/1.0" xml:lang="sa-Latn">
  <teiHeader>
<listWit>
<witness xml:id="A" source="06-ut-vulgate-1938-1-30.xml">
<abbr>A</abbr>
<expan>Printed edition: Ācārya 1938: Uttaratantra 1-30</expan>
</witness>
<witness xml:id="K" source="kl_699_uttaratantra-1-30.xml">
<abbr>K</abbr>
<expan>MSS Kathmandu KL 699: Uttaratantra</expan>
<listWit>
<witness xml:id="Kac" n="ac">
<abbr>Kac</abbr>
<expan>MSS Kathmandu KL 699: Uttaratantra [ante correctionem]</expan>
</witness>
<witness xml:id="Kpc" n="pc">
<abbr type="siglum">Kpc</abbr>
<expan>MSS Kathmandu KL 699: Uttaratantra [post correctionem]</expan>
</witness>
</listWit>
</witness>
<witness xml:id="H" source="nak_5-333_uttaratantra-1-30.xml">
<abbr>H</abbr>
<expan>MS Kathmandu NAK 5-333, Uttaratantra</expan>
<listWit>
<witness xml:id="Hac" n="ac">
<abbr>Hac</abbr>
<expan>MS Kathmandu NAK 5-333, Uttaratantra [ante correctionem]</expan>
</witness>
<witness xml:id="Hpc" n="pc">
<abbr type="siglum">Hpc</abbr>
<expan>MS Kathmandu NAK 5-333, Uttaratantra [post correctionem]</expan>
</witness>
</listWit>
</witness>
<witness xml:id="NE" source="provisional-edition_uttaratantra-1-30.xml">
<abbr>NE</abbr>
<expan>The Nepalese Version of the Suśrutasaṃhitā, uttaratantra 1-30, based on the
                    Nepalese MSS</expan>
</witness>
</listWit>
    <encodingDesc>
      <editorialDecl>
        <segmentation>
          <ab type="tokenization">aksara</ab>
          <ab type="blockid">SS.6.13.1</ab>
          <ab type="targetedition">NE</ab>
          <ab type="scoring">
            <ab type="match">1</ab>
            <ab type="mismatch">-1</ab>
            <ab type="gapopen">-2</ab>
            <ab type="gapextend">-0.25</ab>
            <ab type="recursive">true</ab>
            <ab type="realigndepth">20</ab>
            <ab type="distancefunction">ngrams</ab>
            
          </ab>
        </segmentation>
        <normalization method="markup">
<ab>ignore punctuation</ab>
<ab>candrabindu as anusvāra</ab>
<ab>geminated aspirated consonants</ab>
<ab>geminated m after h</ab>
<ab>geminated t</ab>
<ab>geminated consonants after r</ab>
<ab>final nasal variants</ab>
<ab>internal nasal variants</ab>
<ab>final anusvāra variants</ab>
<ab>visarga aḥ before voiced consonants</ab>
<ab>visarga aḥ before vowels</ab>
<ab>visarga aḥ before unvoiced consonants and space + anusvāra</ab>
<ab>visarga āḥ variants</ab>
<ab>other visarga variants</ab>
<ab>superfluous avagrahas</ab>
<ab>double avagrahas</ab>
<ab>avagrahas to short a</ab>
<ab>internal visarga variants</ab>
<ab>final au/āv</ab>
<ab>final su</ab>
<ab>final i</ab>
<ab>kcch/kś</ab>
<ab>cś/tś</ab>
<ab>cch/ch</ab>
<ab>final t + hi</ab>
<ab>final t + voiced syllable</ab>
<ab>final t + n/m</ab>
<ab>final t + c/j</ab>
<ab>i/y + vowel</ab>
<ab>bhd for bdh</ab>
<ab>remove spaces</ab>
        </normalization>
        <ab type="tagfilters">
<tag subtype="ignore">pc</tag>
<tag subtype="ignore">head</tag>
<tag subtype="ignore">label</tag>
<tag subtype="ignore">note</tag>
<tag subtype="ignore">num</tag>
<tag subtype="ignore">locus</tag>
<tag subtype="ignore">supplied</tag>
<tag subtype="ignore">surplus</tag>
        </ab>
      </editorialDecl>
    </encodingDesc>
    <xenoData>
      <stemma format="nexml" id="stemma0"><nex:nexml xmlns:nex="http://www.nexml.org/2009" version="0.9"><nex:otus id="otus1"><nex:otu id="otu0" label="A"/><nex:otu id="otu1" label="H"/><nex:otu id="otu2" label="K"/><nex:otu id="otu3" label="NE"/></nex:otus><nex:trees otus="otus1" id="trees1"><nex:tree id="guidetree" label="guidetree" xsi:type="nex:FloatTree" xmlns:xsi="http://www.w3.org/2001/XMLSchema-instance"><nex:node id="d1f1e390-dde2-434e-b3cf-1e34e21fa136" root="true"/><nex:node id="c0e3a471-0e97-462c-a0b6-2449f8afb8e0"/><nex:node id="bbe53408-61e2-4f52-8aa1-97045f409729" label="A" otu="otu2"/><nex:node id="905af65d-08dc-467b-8e14-3215e0078c17" label="H" otu="otu3"/><nex:node id="cb313fee-1bd7-4c2e-840d-b1c9868f9575"/><nex:node id="2a8b5f1d-1d27-445d-a3c8-61937ce6078e" label="K" otu="otu5"/><nex:node id="35faaa9f-f9ea-44c5-ab5c-05c6e3eb09dc" label="NE" otu="otu6"/><nex:edge source="d1f1e390-dde2-434e-b3cf-1e34e21fa136" target="c0e3a471-0e97-462c-a0b6-2449f8afb8e0" id="edge0" length="0.3520620726159658"/><nex:edge source="d1f1e390-dde2-434e-b3cf-1e34e21fa136" target="cb313fee-1bd7-4c2e-840d-b1c9868f9575" id="edge1" length="0.3520620726159658"/><nex:edge source="c0e3a471-0e97-462c-a0b6-2449f8afb8e0" target="bbe53408-61e2-4f52-8aa1-97045f409729" id="edge2" length="0"/><nex:edge source="c0e3a471-0e97-462c-a0b6-2449f8afb8e0" target="905af65d-08dc-467b-8e14-3215e0078c17" id="edge3" length="0"/><nex:edge source="cb313fee-1bd7-4c2e-840d-b1c9868f9575" target="2a8b5f1d-1d27-445d-a3c8-61937ce6078e" id="edge4" length="0.29587585476806844"/><nex:edge source="cb313fee-1bd7-4c2e-840d-b1c9868f9575" target="35faaa9f-f9ea-44c5-ab5c-05c6e3eb09dc" id="edge5" length="0.29587585476806844"/></nex:tree></nex:trees></nex:nexml></stemma>
    </xenoData>
  </teiHeader>
<TEI n="A"><text><cl><w n="0" lemma="a"> a</w><w n="1">thā</w><w n="2" lemma="taḥ">to </w></cl><cl><w n="3">le</w><w n="4">khya</w><w n="5">ro</w><w n="6">ga</w><w n="7">pra</w><w n="8">ti</w><w n="9">ṣe</w><w n="10" lemma="dhaṃ">dhaṃ </w></cl><cl><w n="11"/><w n="12"/><w n="13"/><w n="14"/></cl><cl><w n="15">vyā</w><w n="16">khyā</w><w n="17">syā</w><w n="18" lemma="maḥ">maḥ ||</w></cl></text></TEI><TEI n="H"><text><cl><w n="0" lemma="a"> a</w><w n="1">thā</w><w n="2" lemma="taḥ">to </w></cl><cl><w n="3">le</w><w n="4">khya</w><w n="5">ro</w><w n="6">ga</w><w n="7">pra</w><w n="8">ti</w><w n="9">ṣe</w><w n="10" lemma="dhaṃ">dhaṃ </w></cl><cl><w n="11"/><w n="12"/><w n="13"/><w n="14"/></cl><cl><w n="15">vyā</w><w n="16">khyā</w><w n="17">syā</w><w n="18" lemma="maḥ">maḥ ||</w></cl></text></TEI><TEI n="K"><text><cl><w n="0" lemma="a"> a</w><w n="1">thā</w><w n="2" lemma="taḥ">to </w></cl><cl><w n="3">le</w><w n="4">khya</w><w n="5">ro</w><w n="6">ga</w><w n="7">pra</w><w n="8">ti</w><w n="9">ṣe</w><w n="10" lemma="dhaṃ">dham </w></cl><cl><w n="11">a</w><w n="12">dhyā</w><w n="13" lemma="yaṃ">yaṃ </w><w n="14" lemma="vyā">vyā </w></cl><cl><w n="15">vyā</w><w n="16">khyā</w><w n="17">syā</w><w n="18" lemma="maḥ">maḥ || </w></cl></text></TEI><TEI n="NE"><text><cl><w n="0" lemma="a"> a</w><w n="1">thā</w><w n="2" lemma="taḥ">to </w></cl><cl><w n="3">le</w><w n="4">khya</w><w n="5">ro</w><w n="6">ga</w><w n="7">pra</w><w n="8">ti</w><w n="9">ṣe</w><w n="10" lemma="dhaṃ">dham </w></cl><cl><w n="11">a</w><w n="12">dhyā</w><w n="13" lemma="yaṃ">yaṃ </w><w n="14"/></cl><cl><w n="15">vyā</w><w n="16">khyā</w><w n="17">syā</w><w n="18" lemma="maḥ">maḥ || </w></cl></text></TEI></teiCorpus>