<?xml version="1.0" encoding="UTF-8"?>
<teiCorpus xmlns="http://www.tei-c.org/ns/1.0" xml:lang="sa-Latn">
  <teiHeader>
<listWit>
<witness xml:id="A" source="06-ut-vulgate-1938-1-30.xml">
<abbr>A</abbr>
<expan>Printed edition: Ācārya 1938: Uttaratantra 1-30</expan>
</witness>
<witness xml:id="K" source="kl_699_uttaratantra-1-30.xml">
<abbr>K</abbr>
<expan>MSS Kathmandu KL 699: Uttaratantra</expan>
<listWit>
<witness xml:id="Kac" n="ac">
<abbr>Kac</abbr>
<expan>MSS Kathmandu KL 699: Uttaratantra [ante correctionem]</expan>
</witness>
<witness xml:id="Kpc" n="pc">
<abbr type="siglum">Kpc</abbr>
<expan>MSS Kathmandu KL 699: Uttaratantra [post correctionem]</expan>
</witness>
</listWit>
</witness>
<witness xml:id="H" source="nak_5-333_uttaratantra-1-30.xml">
<abbr>H</abbr>
<expan>MS Kathmandu NAK 5-333, Uttaratantra</expan>
<listWit>
<witness xml:id="Hac" n="ac">
<abbr>Hac</abbr>
<expan>MS Kathmandu NAK 5-333, Uttaratantra [ante correctionem]</expan>
</witness>
<witness xml:id="Hpc" n="pc">
<abbr type="siglum">Hpc</abbr>
<expan>MS Kathmandu NAK 5-333, Uttaratantra [post correctionem]</expan>
</witness>
</listWit>
</witness>
<witness xml:id="NE" source="provisional-edition_uttaratantra-1-30.xml">
<abbr>NE</abbr>
<expan>The Nepalese Version of the Suśrutasaṃhitā, uttaratantra 1-30, based on the
                    Nepalese MSS</expan>
</witness>
</listWit>
    <encodingDesc>
      <editorialDecl>
        <segmentation>
          <ab type="tokenization">aksara</ab>
          <ab type="blockid">SS.6.14.10</ab>
          <ab type="targetedition">NE</ab>
          <ab type="scoring">
            <ab type="match">1</ab>
            <ab type="mismatch">-1</ab>
            <ab type="gapopen">-2</ab>
            <ab type="gapextend">-0.25</ab>
            <ab type="recursive">true</ab>
            <ab type="realigndepth">20</ab>
            <ab type="distancefunction">ngrams</ab>
            
          </ab>
        </segmentation>
        <normalization method="markup">
<ab>ignore punctuation</ab>
<ab>candrabindu as anusvāra</ab>
<ab>geminated aspirated consonants</ab>
<ab>geminated m after h</ab>
<ab>geminated t</ab>
<ab>geminated consonants after r</ab>
<ab>final nasal variants</ab>
<ab>internal nasal variants</ab>
<ab>final anusvāra variants</ab>
<ab>visarga aḥ before voiced consonants</ab>
<ab>visarga aḥ before vowels</ab>
<ab>visarga aḥ before unvoiced consonants and space + anusvāra</ab>
<ab>visarga āḥ variants</ab>
<ab>other visarga variants</ab>
<ab>superfluous avagrahas</ab>
<ab>double avagrahas</ab>
<ab>avagrahas to short a</ab>
<ab>internal visarga variants</ab>
<ab>final au/āv</ab>
<ab>final su</ab>
<ab>final i</ab>
<ab>kcch/kś</ab>
<ab>cś/tś</ab>
<ab>cch/ch</ab>
<ab>final t + hi</ab>
<ab>final t + voiced syllable</ab>
<ab>final t + n/m</ab>
<ab>final t + c/j</ab>
<ab>i/y + vowel</ab>
<ab>bhd for bdh</ab>
<ab>remove spaces</ab>
        </normalization>
        <ab type="tagfilters">
<tag subtype="ignore">pc</tag>
<tag subtype="ignore">head</tag>
<tag subtype="ignore">label</tag>
<tag subtype="ignore">note</tag>
<tag subtype="ignore">num</tag>
<tag subtype="ignore">locus</tag>
<tag subtype="ignore">supplied</tag>
<tag subtype="ignore">surplus</tag>
        </ab>
      </editorialDecl>
    </encodingDesc>
    <xenoData>
      <stemma format="nexml" id="stemma0"><nex:nexml xmlns:nex="http://www.nexml.org/2009" version="0.9"><nex:otus id="otus1"><nex:otu id="otu0" label="A"/><nex:otu id="otu1" label="H"/><nex:otu id="otu2" label="K"/><nex:otu id="otu3" label="NE"/></nex:otus><nex:trees otus="otus1" id="trees1"><nex:tree id="guidetree" label="guidetree" xsi:type="nex:FloatTree" xmlns:xsi="http://www.w3.org/2001/XMLSchema-instance"><nex:node id="f8aaa781-e9ed-4770-9b33-6394efc16b8f" root="true"/><nex:node id="463894fa-9fa7-4bc0-a502-781f86bc824f"/><nex:node id="87f84018-961a-4459-b5a5-bc45f1886745" label="A" otu="otu2"/><nex:node id="e1a14bc8-5bc5-49cf-bd63-06ea8b7ae60b" label="H" otu="otu3"/><nex:node id="ec83dc0e-a643-444a-9daf-b02c29129b54"/><nex:node id="dde5aa7b-7180-4857-a46b-ddbe56f91d6a" label="K" otu="otu5"/><nex:node id="07ae2a4a-5371-44a5-a3c3-e68a4f805ded" label="NE" otu="otu6"/><nex:edge source="f8aaa781-e9ed-4770-9b33-6394efc16b8f" target="463894fa-9fa7-4bc0-a502-781f86bc824f" id="edge0" length="0"/><nex:edge source="f8aaa781-e9ed-4770-9b33-6394efc16b8f" target="ec83dc0e-a643-444a-9daf-b02c29129b54" id="edge1" length="0"/><nex:edge source="463894fa-9fa7-4bc0-a502-781f86bc824f" target="87f84018-961a-4459-b5a5-bc45f1886745" id="edge2" length="1"/><nex:edge source="463894fa-9fa7-4bc0-a502-781f86bc824f" target="e1a14bc8-5bc5-49cf-bd63-06ea8b7ae60b" id="edge3" length="0"/><nex:edge source="ec83dc0e-a643-444a-9daf-b02c29129b54" target="dde5aa7b-7180-4857-a46b-ddbe56f91d6a" id="edge4" length="0"/><nex:edge source="ec83dc0e-a643-444a-9daf-b02c29129b54" target="07ae2a4a-5371-44a5-a3c3-e68a4f805ded" id="edge5" length="0"/></nex:tree></nex:trees></nex:nexml></stemma>
    </xenoData>
  </teiHeader>
<TEI n="A"><text><cl><w n="0" lemma="le"> le</w><w n="1">kha</w><w n="2">ye</w><w n="3" lemma="nmaṃ">n maṇ</w><w n="4">ḍa</w><w n="5">lā</w><w n="6">gre</w><w n="7" lemma="ṇa">ṇa </w></cl><cl><w n="8">sa</w><w n="9" lemma="maṃ">man</w><w n="10">tā</w><w n="11" lemma="tpra">t pra</w><w n="12">ccha</w><w n="13">ye</w><w n="14"/></cl><cl><w n="15"/><w n="16"/><w n="17" lemma="ta">d a</w><w n="18" lemma="pi">pi | </w></cl><cl><w n="19">saṃ</w><w n="20">sne</w><w n="21" lemma="hya">hya </w></cl><cl><w n="22">pa</w><w n="23">tra</w><w n="24" lemma="bhaṃ">bhaṅ</w><w n="25" lemma="gaiḥ">gaiś </w><w n="26" lemma="ca">ca </w></cl><cl><w n="27">sve</w><w n="28">da</w><w n="29">yi</w><w n="30" lemma="tvā">tvā </w></cl><cl><w n="31">ya</w><w n="32">thā</w><w n="33">su</w><w n="34" lemma="khaṃ">kham || </w></cl></text></TEI><TEI n="H"><text><cl><w n="0" lemma="vi"> vi</w><w n="1">li</w><w n="2">khe</w><w n="3" lemma="lmaṃ">lmaṇ</w><w n="4">ḍa</w><w n="5">lā</w><w n="6">gre</w><w n="7" lemma="ṇa">ṇa </w></cl><cl><w n="8"/><w n="9"/><w n="10"/><w n="11">pra</w><w n="12">ccha</w><w n="13">ye</w><w n="14" lemma="tvā">d vā </w></cl><cl><w n="15">sa</w><w n="16" lemma="maṃ">man</w><w n="17">ta</w><w n="18" lemma="taḥ">taḥ || </w></cl><cl><w n="19">saṃ</w><w n="20">sne</w><w n="21" lemma="hya">hya </w></cl><cl><w n="22">pa</w><w n="23">tra</w><w n="24" lemma="bhaṃ">bhaṅ</w><w n="25" lemma="gaiḥ">gaiś </w><w n="26" lemma="ca">ca </w></cl><cl><w n="27">sve</w><w n="28">da</w><w n="29">yi</w><w n="30" lemma="tvā">tvā </w></cl><cl><w n="31">ya</w><w n="32">thā</w><w n="33">va</w><w n="34" lemma="laṃ">laṃ | </w></cl></text></TEI><TEI n="K"><text><cl><w n="0" lemma="vi"> vi</w><w n="1">li</w><w n="2">khe</w><w n="3">lmaṃ</w><w n="4">ḍa</w><w n="5">lā</w><w n="6">gre</w><w n="7" lemma="ṇa">ṇa </w></cl><cl><w n="8"/><w n="9"/><w n="10"/><w n="11">pra</w><w n="12">ccha</w><w n="13">ye</w><w n="14" lemma="tvā">d vā </w></cl><cl><w n="15">sa</w><w n="16" lemma="maṃ">man</w><w n="17">ta</w><w n="18" lemma="taḥ">taḥ | </w></cl><cl><w n="19">saṃ</w><w n="20">sne</w><w n="21" lemma="hya">hya </w></cl><cl><w n="22">pa</w><w n="23">tra</w><w n="24" lemma="bhaṃ">bhaṅ</w><w n="25" lemma="gaiḥ">gaiś </w><w n="26" lemma="ca">ca </w></cl><cl><w n="27">sve</w><w n="28">da</w><w n="29">yi</w><w n="30" lemma="tvā">tvā </w></cl><cl><w n="31">ya</w><w n="32">thā</w><w n="33">va</w><w n="34" lemma="laṃ">laṃ | </w></cl></text></TEI><TEI n="NE"><text><cl><w n="0" lemma="vi"> vi</w><w n="1">li</w><w n="2">khe</w><w n="3">lmaṃ</w><w n="4">ḍa</w><w n="5">lā</w><w n="6">gre</w><w n="7" lemma="ṇa">ṇa </w></cl><cl><w n="8"/><w n="9"/><w n="10"/><w n="11">pra</w><w n="12">ccha</w><w n="13">ye</w><w n="14" lemma="tvā">d vā </w></cl><cl><w n="15">sa</w><w n="16" lemma="maṃ">man</w><w n="17">ta</w><w n="18" lemma="taḥ">taḥ | </w></cl><cl><w n="19">saṃ</w><w n="20">sne</w><w n="21" lemma="hya">hya </w></cl><cl><w n="22">pa</w><w n="23">tra</w><w n="24" lemma="bhaṃ">bhaṅ</w><w n="25" lemma="gaiḥ">gaiś </w><w n="26" lemma="ca">ca </w></cl><cl><w n="27">sve</w><w n="28">da</w><w n="29">yi</w><w n="30" lemma="tvā">tvā </w></cl><cl><w n="31">ya</w><w n="32">thā</w><w n="33">va</w><w n="34" lemma="laṃ">laṃ | </w></cl></text></TEI></teiCorpus>