<?xml version="1.0" encoding="UTF-8"?>
<teiCorpus xmlns="http://www.tei-c.org/ns/1.0" xml:lang="sa-Latn">
  <teiHeader>
<listWit>
<witness xml:id="A" source="06-ut-vulgate-1938-1-30.xml">
<abbr>A</abbr>
<expan>Printed edition: Ācārya 1938: Uttaratantra 1-30</expan>
</witness>
<witness xml:id="K" source="kl_699_uttaratantra-1-30.xml">
<abbr>K</abbr>
<expan>MSS Kathmandu KL 699: Uttaratantra</expan>
<listWit>
<witness xml:id="Kac" n="ac">
<abbr>Kac</abbr>
<expan>MSS Kathmandu KL 699: Uttaratantra [ante correctionem]</expan>
</witness>
<witness xml:id="Kpc" n="pc">
<abbr type="siglum">Kpc</abbr>
<expan>MSS Kathmandu KL 699: Uttaratantra [post correctionem]</expan>
</witness>
</listWit>
</witness>
<witness xml:id="H" source="nak_5-333_uttaratantra-1-30.xml">
<abbr>H</abbr>
<expan>MS Kathmandu NAK 5-333, Uttaratantra</expan>
<listWit>
<witness xml:id="Hac" n="ac">
<abbr>Hac</abbr>
<expan>MS Kathmandu NAK 5-333, Uttaratantra [ante correctionem]</expan>
</witness>
<witness xml:id="Hpc" n="pc">
<abbr type="siglum">Hpc</abbr>
<expan>MS Kathmandu NAK 5-333, Uttaratantra [post correctionem]</expan>
</witness>
</listWit>
</witness>
<witness xml:id="NE" source="provisional-edition_uttaratantra-1-30.xml">
<abbr>NE</abbr>
<expan>The Nepalese Version of the Suśrutasaṃhitā, uttaratantra 1-30, based on the
                    Nepalese MSS</expan>
</witness>
</listWit>
    <encodingDesc>
      <editorialDecl>
        <segmentation>
          <ab type="tokenization">aksara</ab>
          <ab type="blockid">SS.6.17.6</ab>
          <ab type="targetedition">NE</ab>
          <ab type="scoring">
            <ab type="match">1</ab>
            <ab type="mismatch">-1</ab>
            <ab type="gapopen">-2</ab>
            <ab type="gapextend">-0.25</ab>
            <ab type="recursive">true</ab>
            <ab type="realigndepth">20</ab>
            <ab type="distancefunction">ngrams</ab>
            
          </ab>
        </segmentation>
        <normalization method="markup">
<ab>ignore punctuation</ab>
<ab>candrabindu as anusvāra</ab>
<ab>geminated aspirated consonants</ab>
<ab>geminated m after h</ab>
<ab>geminated t</ab>
<ab>geminated consonants after r</ab>
<ab>final nasal variants</ab>
<ab>internal nasal variants</ab>
<ab>final anusvāra variants</ab>
<ab>visarga aḥ before voiced consonants</ab>
<ab>visarga aḥ before vowels</ab>
<ab>visarga aḥ before unvoiced consonants and space + anusvāra</ab>
<ab>visarga āḥ variants</ab>
<ab>other visarga variants</ab>
<ab>superfluous avagrahas</ab>
<ab>double avagrahas</ab>
<ab>avagrahas to short a</ab>
<ab>internal visarga variants</ab>
<ab>final au/āv</ab>
<ab>final su</ab>
<ab>final i</ab>
<ab>kcch/kś</ab>
<ab>cś/tś</ab>
<ab>cch/ch</ab>
<ab>final t + hi</ab>
<ab>final t + voiced syllable</ab>
<ab>final t + n/m</ab>
<ab>final t + c/j</ab>
<ab>i/y + vowel</ab>
<ab>bhd for bdh</ab>
<ab>remove spaces</ab>
        </normalization>
        <ab type="tagfilters">
<tag subtype="ignore">pc</tag>
<tag subtype="ignore">head</tag>
<tag subtype="ignore">label</tag>
<tag subtype="ignore">note</tag>
<tag subtype="ignore">num</tag>
<tag subtype="ignore">locus</tag>
<tag subtype="ignore">supplied</tag>
<tag subtype="ignore">surplus</tag>
        </ab>
      </editorialDecl>
    </encodingDesc>
    <xenoData>
      <stemma format="nexml" id="stemma0"><nex:nexml xmlns:nex="http://www.nexml.org/2009" version="0.9"><nex:otus id="otus1"><nex:otu id="otu0" label="H"/><nex:otu id="otu1" label="K"/><nex:otu id="otu2" label="A"/><nex:otu id="otu3" label="NE"/></nex:otus><nex:trees otus="otus1" id="trees1"><nex:tree id="guidetree" label="guidetree" xsi:type="nex:FloatTree" xmlns:xsi="http://www.w3.org/2001/XMLSchema-instance"><nex:node id="cc2072c6-62c0-4d14-a932-ff23ee90da08" root="true"/><nex:node id="399a420b-5fea-4d38-a524-4275d559ca4b"/><nex:node id="0d994329-66cd-47e8-a17e-e527f70e78fc" label="H" otu="otu2"/><nex:node id="c5d0d7f4-683c-40d9-a451-d297020e61fd" label="K" otu="otu3"/><nex:node id="6c1c9b65-6c38-4793-9d7b-a71add806335"/><nex:node id="fd3a7e22-3b0a-4041-b2eb-c77b39e684f6" label="A" otu="otu5"/><nex:node id="2bb031d6-423c-4b75-a59c-34975de78901" label="NE" otu="otu6"/><nex:edge source="cc2072c6-62c0-4d14-a932-ff23ee90da08" target="399a420b-5fea-4d38-a524-4275d559ca4b" id="edge0" length="0.15800111030864344"/><nex:edge source="cc2072c6-62c0-4d14-a932-ff23ee90da08" target="6c1c9b65-6c38-4793-9d7b-a71add806335" id="edge1" length="0.15800111030864344"/><nex:edge source="399a420b-5fea-4d38-a524-4275d559ca4b" target="0d994329-66cd-47e8-a17e-e527f70e78fc" id="edge2" length="0"/><nex:edge source="399a420b-5fea-4d38-a524-4275d559ca4b" target="c5d0d7f4-683c-40d9-a451-d297020e61fd" id="edge3" length="0"/><nex:edge source="6c1c9b65-6c38-4793-9d7b-a71add806335" target="fd3a7e22-3b0a-4041-b2eb-c77b39e684f6" id="edge4" length="0.6839977793827132"/><nex:edge source="6c1c9b65-6c38-4793-9d7b-a71add806335" target="2bb031d6-423c-4b75-a59c-34975de78901" id="edge5" length="0.17575186133724352"/></nex:tree></nex:trees></nex:nexml></stemma>
    </xenoData>
  </teiHeader>
<TEI n="H"><text><cl><w n="0" lemma="tai"> tai</w><w n="1">lva</w><w n="2" lemma="kaṃ">kaṃ </w></cl><cl><w n="3">co</w><w n="4">bha</w><w n="5" lemma="yoḥ">yoḥ </w></cl><cl><w n="6">pa</w><w n="7" lemma="thyaṃ">thyaṃ </w></cl><cl><w n="8">ke</w><w n="9">va</w><w n="10" lemma="laṃ">lañ </w></cl><cl><w n="11">jī</w><w n="12" lemma="rṇaṃ">rṇṇam </w></cl><cl><w n="13">e</w><w n="14" lemma="va">va </w><w n="15" lemma="vā">vā | </w></cl><cl><w n="16">gai</w><w n="17">ri</w><w n="18" lemma="kaḥ">kaḥ </w></cl><cl><w n="19">sai</w><w n="20">ndha</w><w n="21" lemma="vaḥ">vaḥ </w></cl><cl><w n="22">kṛ</w><w n="23" lemma="ṣṇā">ṣṇā </w></cl><cl><w n="24">go</w><w n="25" lemma="daṃ">dan</w><w n="26">ta</w><w n="27" lemma="sya">sya </w></cl><cl><w n="28">ma</w><w n="29" lemma="sīṃ">sīn </w></cl><cl><w n="30">ta</w><w n="31" lemma="thā">thā || </w></cl></text></TEI><TEI n="K"><text><cl><w n="0" lemma="tai"> tai</w><w n="1">lva</w><w n="2" lemma="kaṃ">kañ </w></cl><cl><w n="3">co</w><w n="4">bha</w><w n="5" lemma="yoḥ">yoḥ </w></cl><cl><w n="6">pa</w><w n="7" lemma="thyaṃ">thyaṃ </w></cl><cl><w n="8">ke</w><w n="9">va</w><w n="10" lemma="laṃ">laṃ </w></cl><cl><w n="11">jī</w><w n="12" lemma="rṇaṃ">rṇṇam </w></cl><cl><w n="13">e</w><w n="14" lemma="va">va </w><w n="15" lemma="vā">vā </w></cl><cl><w n="16">gai</w><w n="17">ri</w><w n="18" lemma="kaḥ">kaḥ </w></cl><cl><w n="19">sai</w><w n="20">ndha</w><w n="21" lemma="vaḥ">vaḥ </w></cl><cl><w n="22">kṛ</w><w n="23" lemma="ṣṇā">ṣṇā </w></cl><cl><w n="24">go</w><w n="25" lemma="daṃ">dan</w><w n="26">ta</w><w n="27" lemma="sya">sya </w></cl><cl><w n="28">ma</w><w n="29" lemma="sīṃ">sīn </w></cl><cl><w n="30">ta</w><w n="31" lemma="thā">thā || </w></cl></text></TEI><TEI n="A"><text><cl><w n="0" lemma="tai"> tai</w><w n="1">lva</w><w n="2" lemma="kaṃ">kaṃ </w></cl><cl><w n="3">co</w><w n="4">bha</w><w n="5" lemma="yoḥ">yoḥ </w></cl><cl><w n="6">pa</w><w n="7" lemma="thyaṃ">thyaṃ </w></cl><cl><w n="8">ke</w><w n="9">va</w><w n="10" lemma="laṃ">laṃ </w></cl><cl><w n="11">jī</w><w n="12" lemma="rṇaṃ">rṇam </w></cl><cl><w n="13">e</w><w n="14" lemma="va">va </w><w n="15" lemma="vā">vā | </w></cl><cl><w n="16">gai</w><w n="17">ri</w><w n="18" lemma="kaṃ">kaṃ </w></cl><cl><w n="19">sai</w><w n="20">ndha</w><w n="21" lemma="vaṃ">vaṃ </w></cl><cl><w n="22">kṛ</w><w n="23" lemma="ṣṇā">ṣṇā </w></cl><cl><w n="24">go</w><w n="25" lemma="daṃ">dan</w><w n="26">ta</w><w n="27" lemma="sya">sya </w></cl><cl><w n="28">ma</w><w n="29" lemma="ṣī">ṣī </w></cl><cl><w n="30">ta</w><w n="31" lemma="thā">thā || </w></cl></text></TEI><TEI n="NE"><text><cl><w n="0" lemma="tai"> tai</w><w n="1">lva</w><w n="2" lemma="kaṃ">kañ </w></cl><cl><w n="3">co</w><w n="4">bha</w><w n="5" lemma="yoḥ">yoḥ </w></cl><cl><w n="6">pa</w><w n="7" lemma="thyaṃ">thyaṃ </w></cl><cl><w n="8">ke</w><w n="9">va</w><w n="10" lemma="laṃ">laṃ </w></cl><cl><w n="11">jī</w><w n="12" lemma="rṇaṃ">rṇam </w></cl><cl><w n="13">e</w><w n="14" lemma="va">va </w><w n="15" lemma="vā">vā | </w></cl><cl><w n="16">gai</w><w n="17">ri</w><w n="18" lemma="kaḥ">kaḥ </w></cl><cl><w n="19">sai</w><w n="20">ndha</w><w n="21" lemma="vaḥ">vaḥ </w></cl><cl><w n="22">kṛ</w><w n="23" lemma="ṣṇā">ṣṇā </w></cl><cl><w n="24">go</w><w n="25" lemma="daṃ">dan</w><w n="26">ta</w><w n="27" lemma="sya">sya </w></cl><cl><w n="28">ma</w><w n="29" lemma="ṣī">ṣī </w></cl><cl><w n="30">ta</w><w n="31" lemma="thā">thā || </w></cl></text></TEI></teiCorpus>